
LM35_ADC.elf:     file format elf32-avr

Sections:
Idx Name          Size      VMA       LMA       File off  Algn
  0 .text         00002514  00000000  00000000  00000094  2**1
                  CONTENTS, ALLOC, LOAD, READONLY, CODE
  1 .data         0000002c  00800060  00002514  000025a8  2**0
                  CONTENTS, ALLOC, LOAD, DATA
  2 .bss          0000000c  0080008c  0080008c  000025d4  2**0
                  ALLOC
  3 .stab         000020e8  00000000  00000000  000025d4  2**2
                  CONTENTS, READONLY, DEBUGGING
  4 .stabstr      00000fb7  00000000  00000000  000046bc  2**0
                  CONTENTS, READONLY, DEBUGGING
  5 .debug_aranges 00000140  00000000  00000000  00005673  2**0
                  CONTENTS, READONLY, DEBUGGING
  6 .debug_pubnames 00000170  00000000  00000000  000057b3  2**0
                  CONTENTS, READONLY, DEBUGGING
  7 .debug_info   00001c49  00000000  00000000  00005923  2**0
                  CONTENTS, READONLY, DEBUGGING
  8 .debug_abbrev 00000eeb  00000000  00000000  0000756c  2**0
                  CONTENTS, READONLY, DEBUGGING
  9 .debug_line   00000dad  00000000  00000000  00008457  2**0
                  CONTENTS, READONLY, DEBUGGING
 10 .debug_frame  00000160  00000000  00000000  00009204  2**2
                  CONTENTS, READONLY, DEBUGGING
 11 .debug_str    0000028d  00000000  00000000  00009364  2**0
                  CONTENTS, READONLY, DEBUGGING
 12 .debug_loc    000007ce  00000000  00000000  000095f1  2**0
                  CONTENTS, READONLY, DEBUGGING
 13 .debug_ranges 00000050  00000000  00000000  00009dbf  2**0
                  CONTENTS, READONLY, DEBUGGING

Disassembly of section .text:

00000000 <__vectors>:
       0:	0c 94 2a 00 	jmp	0x54	; 0x54 <__ctors_end>
       4:	0c 94 47 00 	jmp	0x8e	; 0x8e <__bad_interrupt>
       8:	0c 94 47 00 	jmp	0x8e	; 0x8e <__bad_interrupt>
       c:	0c 94 47 00 	jmp	0x8e	; 0x8e <__bad_interrupt>
      10:	0c 94 47 00 	jmp	0x8e	; 0x8e <__bad_interrupt>
      14:	0c 94 47 00 	jmp	0x8e	; 0x8e <__bad_interrupt>
      18:	0c 94 47 00 	jmp	0x8e	; 0x8e <__bad_interrupt>
      1c:	0c 94 47 00 	jmp	0x8e	; 0x8e <__bad_interrupt>
      20:	0c 94 47 00 	jmp	0x8e	; 0x8e <__bad_interrupt>
      24:	0c 94 47 00 	jmp	0x8e	; 0x8e <__bad_interrupt>
      28:	0c 94 47 00 	jmp	0x8e	; 0x8e <__bad_interrupt>
      2c:	0c 94 47 00 	jmp	0x8e	; 0x8e <__bad_interrupt>
      30:	0c 94 47 00 	jmp	0x8e	; 0x8e <__bad_interrupt>
      34:	0c 94 47 00 	jmp	0x8e	; 0x8e <__bad_interrupt>
      38:	0c 94 47 00 	jmp	0x8e	; 0x8e <__bad_interrupt>
      3c:	0c 94 47 00 	jmp	0x8e	; 0x8e <__bad_interrupt>
      40:	0c 94 16 07 	jmp	0xe2c	; 0xe2c <__vector_16>
      44:	0c 94 47 00 	jmp	0x8e	; 0x8e <__bad_interrupt>
      48:	0c 94 47 00 	jmp	0x8e	; 0x8e <__bad_interrupt>
      4c:	0c 94 47 00 	jmp	0x8e	; 0x8e <__bad_interrupt>
      50:	0c 94 47 00 	jmp	0x8e	; 0x8e <__bad_interrupt>

00000054 <__ctors_end>:
      54:	11 24       	eor	r1, r1
      56:	1f be       	out	0x3f, r1	; 63
      58:	cf e5       	ldi	r28, 0x5F	; 95
      5a:	d8 e0       	ldi	r29, 0x08	; 8
      5c:	de bf       	out	0x3e, r29	; 62
      5e:	cd bf       	out	0x3d, r28	; 61

00000060 <__do_copy_data>:
      60:	10 e0       	ldi	r17, 0x00	; 0
      62:	a0 e6       	ldi	r26, 0x60	; 96
      64:	b0 e0       	ldi	r27, 0x00	; 0
      66:	e4 e1       	ldi	r30, 0x14	; 20
      68:	f5 e2       	ldi	r31, 0x25	; 37
      6a:	02 c0       	rjmp	.+4      	; 0x70 <.do_copy_data_start>

0000006c <.do_copy_data_loop>:
      6c:	05 90       	lpm	r0, Z+
      6e:	0d 92       	st	X+, r0

00000070 <.do_copy_data_start>:
      70:	ac 38       	cpi	r26, 0x8C	; 140
      72:	b1 07       	cpc	r27, r17
      74:	d9 f7       	brne	.-10     	; 0x6c <.do_copy_data_loop>

00000076 <__do_clear_bss>:
      76:	10 e0       	ldi	r17, 0x00	; 0
      78:	ac e8       	ldi	r26, 0x8C	; 140
      7a:	b0 e0       	ldi	r27, 0x00	; 0
      7c:	01 c0       	rjmp	.+2      	; 0x80 <.do_clear_bss_start>

0000007e <.do_clear_bss_loop>:
      7e:	1d 92       	st	X+, r1

00000080 <.do_clear_bss_start>:
      80:	a8 39       	cpi	r26, 0x98	; 152
      82:	b1 07       	cpc	r27, r17
      84:	e1 f7       	brne	.-8      	; 0x7e <.do_clear_bss_loop>
      86:	0e 94 e1 11 	call	0x23c2	; 0x23c2 <main>
      8a:	0c 94 88 12 	jmp	0x2510	; 0x2510 <_exit>

0000008e <__bad_interrupt>:
      8e:	0c 94 00 00 	jmp	0	; 0x0 <__vectors>

00000092 <__fixunssfsi>:
      92:	ef 92       	push	r14
      94:	ff 92       	push	r15
      96:	0f 93       	push	r16
      98:	1f 93       	push	r17
      9a:	7b 01       	movw	r14, r22
      9c:	8c 01       	movw	r16, r24
      9e:	20 e0       	ldi	r18, 0x00	; 0
      a0:	30 e0       	ldi	r19, 0x00	; 0
      a2:	40 e0       	ldi	r20, 0x00	; 0
      a4:	5f e4       	ldi	r21, 0x4F	; 79
      a6:	0e 94 49 03 	call	0x692	; 0x692 <__gesf2>
      aa:	88 23       	and	r24, r24
      ac:	8c f0       	brlt	.+34     	; 0xd0 <__fixunssfsi+0x3e>
      ae:	c8 01       	movw	r24, r16
      b0:	b7 01       	movw	r22, r14
      b2:	20 e0       	ldi	r18, 0x00	; 0
      b4:	30 e0       	ldi	r19, 0x00	; 0
      b6:	40 e0       	ldi	r20, 0x00	; 0
      b8:	5f e4       	ldi	r21, 0x4F	; 79
      ba:	0e 94 c1 01 	call	0x382	; 0x382 <__subsf3>
      be:	0e 94 a9 03 	call	0x752	; 0x752 <__fixsfsi>
      c2:	9b 01       	movw	r18, r22
      c4:	ac 01       	movw	r20, r24
      c6:	20 50       	subi	r18, 0x00	; 0
      c8:	30 40       	sbci	r19, 0x00	; 0
      ca:	40 40       	sbci	r20, 0x00	; 0
      cc:	50 48       	sbci	r21, 0x80	; 128
      ce:	06 c0       	rjmp	.+12     	; 0xdc <__fixunssfsi+0x4a>
      d0:	c8 01       	movw	r24, r16
      d2:	b7 01       	movw	r22, r14
      d4:	0e 94 a9 03 	call	0x752	; 0x752 <__fixsfsi>
      d8:	9b 01       	movw	r18, r22
      da:	ac 01       	movw	r20, r24
      dc:	b9 01       	movw	r22, r18
      de:	ca 01       	movw	r24, r20
      e0:	1f 91       	pop	r17
      e2:	0f 91       	pop	r16
      e4:	ff 90       	pop	r15
      e6:	ef 90       	pop	r14
      e8:	08 95       	ret

000000ea <_fpadd_parts>:
      ea:	a0 e0       	ldi	r26, 0x00	; 0
      ec:	b0 e0       	ldi	r27, 0x00	; 0
      ee:	eb e7       	ldi	r30, 0x7B	; 123
      f0:	f0 e0       	ldi	r31, 0x00	; 0
      f2:	0c 94 51 12 	jmp	0x24a2	; 0x24a2 <__prologue_saves__>
      f6:	dc 01       	movw	r26, r24
      f8:	2b 01       	movw	r4, r22
      fa:	fa 01       	movw	r30, r20
      fc:	9c 91       	ld	r25, X
      fe:	92 30       	cpi	r25, 0x02	; 2
     100:	08 f4       	brcc	.+2      	; 0x104 <_fpadd_parts+0x1a>
     102:	39 c1       	rjmp	.+626    	; 0x376 <_fpadd_parts+0x28c>
     104:	eb 01       	movw	r28, r22
     106:	88 81       	ld	r24, Y
     108:	82 30       	cpi	r24, 0x02	; 2
     10a:	08 f4       	brcc	.+2      	; 0x10e <_fpadd_parts+0x24>
     10c:	33 c1       	rjmp	.+614    	; 0x374 <_fpadd_parts+0x28a>
     10e:	94 30       	cpi	r25, 0x04	; 4
     110:	69 f4       	brne	.+26     	; 0x12c <_fpadd_parts+0x42>
     112:	84 30       	cpi	r24, 0x04	; 4
     114:	09 f0       	breq	.+2      	; 0x118 <_fpadd_parts+0x2e>
     116:	2f c1       	rjmp	.+606    	; 0x376 <_fpadd_parts+0x28c>
     118:	11 96       	adiw	r26, 0x01	; 1
     11a:	9c 91       	ld	r25, X
     11c:	11 97       	sbiw	r26, 0x01	; 1
     11e:	89 81       	ldd	r24, Y+1	; 0x01
     120:	98 17       	cp	r25, r24
     122:	09 f4       	brne	.+2      	; 0x126 <_fpadd_parts+0x3c>
     124:	28 c1       	rjmp	.+592    	; 0x376 <_fpadd_parts+0x28c>
     126:	ac e7       	ldi	r26, 0x7C	; 124
     128:	b0 e0       	ldi	r27, 0x00	; 0
     12a:	25 c1       	rjmp	.+586    	; 0x376 <_fpadd_parts+0x28c>
     12c:	84 30       	cpi	r24, 0x04	; 4
     12e:	09 f4       	brne	.+2      	; 0x132 <_fpadd_parts+0x48>
     130:	21 c1       	rjmp	.+578    	; 0x374 <_fpadd_parts+0x28a>
     132:	82 30       	cpi	r24, 0x02	; 2
     134:	a9 f4       	brne	.+42     	; 0x160 <_fpadd_parts+0x76>
     136:	92 30       	cpi	r25, 0x02	; 2
     138:	09 f0       	breq	.+2      	; 0x13c <_fpadd_parts+0x52>
     13a:	1d c1       	rjmp	.+570    	; 0x376 <_fpadd_parts+0x28c>
     13c:	9a 01       	movw	r18, r20
     13e:	ad 01       	movw	r20, r26
     140:	88 e0       	ldi	r24, 0x08	; 8
     142:	ea 01       	movw	r28, r20
     144:	09 90       	ld	r0, Y+
     146:	ae 01       	movw	r20, r28
     148:	e9 01       	movw	r28, r18
     14a:	09 92       	st	Y+, r0
     14c:	9e 01       	movw	r18, r28
     14e:	81 50       	subi	r24, 0x01	; 1
     150:	c1 f7       	brne	.-16     	; 0x142 <_fpadd_parts+0x58>
     152:	e2 01       	movw	r28, r4
     154:	89 81       	ldd	r24, Y+1	; 0x01
     156:	11 96       	adiw	r26, 0x01	; 1
     158:	9c 91       	ld	r25, X
     15a:	89 23       	and	r24, r25
     15c:	81 83       	std	Z+1, r24	; 0x01
     15e:	08 c1       	rjmp	.+528    	; 0x370 <_fpadd_parts+0x286>
     160:	92 30       	cpi	r25, 0x02	; 2
     162:	09 f4       	brne	.+2      	; 0x166 <_fpadd_parts+0x7c>
     164:	07 c1       	rjmp	.+526    	; 0x374 <_fpadd_parts+0x28a>
     166:	12 96       	adiw	r26, 0x02	; 2
     168:	2d 90       	ld	r2, X+
     16a:	3c 90       	ld	r3, X
     16c:	13 97       	sbiw	r26, 0x03	; 3
     16e:	eb 01       	movw	r28, r22
     170:	8a 81       	ldd	r24, Y+2	; 0x02
     172:	9b 81       	ldd	r25, Y+3	; 0x03
     174:	14 96       	adiw	r26, 0x04	; 4
     176:	ad 90       	ld	r10, X+
     178:	bd 90       	ld	r11, X+
     17a:	cd 90       	ld	r12, X+
     17c:	dc 90       	ld	r13, X
     17e:	17 97       	sbiw	r26, 0x07	; 7
     180:	ec 80       	ldd	r14, Y+4	; 0x04
     182:	fd 80       	ldd	r15, Y+5	; 0x05
     184:	0e 81       	ldd	r16, Y+6	; 0x06
     186:	1f 81       	ldd	r17, Y+7	; 0x07
     188:	91 01       	movw	r18, r2
     18a:	28 1b       	sub	r18, r24
     18c:	39 0b       	sbc	r19, r25
     18e:	b9 01       	movw	r22, r18
     190:	37 ff       	sbrs	r19, 7
     192:	04 c0       	rjmp	.+8      	; 0x19c <_fpadd_parts+0xb2>
     194:	66 27       	eor	r22, r22
     196:	77 27       	eor	r23, r23
     198:	62 1b       	sub	r22, r18
     19a:	73 0b       	sbc	r23, r19
     19c:	60 32       	cpi	r22, 0x20	; 32
     19e:	71 05       	cpc	r23, r1
     1a0:	0c f0       	brlt	.+2      	; 0x1a4 <_fpadd_parts+0xba>
     1a2:	61 c0       	rjmp	.+194    	; 0x266 <_fpadd_parts+0x17c>
     1a4:	12 16       	cp	r1, r18
     1a6:	13 06       	cpc	r1, r19
     1a8:	6c f5       	brge	.+90     	; 0x204 <_fpadd_parts+0x11a>
     1aa:	37 01       	movw	r6, r14
     1ac:	48 01       	movw	r8, r16
     1ae:	06 2e       	mov	r0, r22
     1b0:	04 c0       	rjmp	.+8      	; 0x1ba <_fpadd_parts+0xd0>
     1b2:	96 94       	lsr	r9
     1b4:	87 94       	ror	r8
     1b6:	77 94       	ror	r7
     1b8:	67 94       	ror	r6
     1ba:	0a 94       	dec	r0
     1bc:	d2 f7       	brpl	.-12     	; 0x1b2 <_fpadd_parts+0xc8>
     1be:	21 e0       	ldi	r18, 0x01	; 1
     1c0:	30 e0       	ldi	r19, 0x00	; 0
     1c2:	40 e0       	ldi	r20, 0x00	; 0
     1c4:	50 e0       	ldi	r21, 0x00	; 0
     1c6:	04 c0       	rjmp	.+8      	; 0x1d0 <_fpadd_parts+0xe6>
     1c8:	22 0f       	add	r18, r18
     1ca:	33 1f       	adc	r19, r19
     1cc:	44 1f       	adc	r20, r20
     1ce:	55 1f       	adc	r21, r21
     1d0:	6a 95       	dec	r22
     1d2:	d2 f7       	brpl	.-12     	; 0x1c8 <_fpadd_parts+0xde>
     1d4:	21 50       	subi	r18, 0x01	; 1
     1d6:	30 40       	sbci	r19, 0x00	; 0
     1d8:	40 40       	sbci	r20, 0x00	; 0
     1da:	50 40       	sbci	r21, 0x00	; 0
     1dc:	2e 21       	and	r18, r14
     1de:	3f 21       	and	r19, r15
     1e0:	40 23       	and	r20, r16
     1e2:	51 23       	and	r21, r17
     1e4:	21 15       	cp	r18, r1
     1e6:	31 05       	cpc	r19, r1
     1e8:	41 05       	cpc	r20, r1
     1ea:	51 05       	cpc	r21, r1
     1ec:	21 f0       	breq	.+8      	; 0x1f6 <_fpadd_parts+0x10c>
     1ee:	21 e0       	ldi	r18, 0x01	; 1
     1f0:	30 e0       	ldi	r19, 0x00	; 0
     1f2:	40 e0       	ldi	r20, 0x00	; 0
     1f4:	50 e0       	ldi	r21, 0x00	; 0
     1f6:	79 01       	movw	r14, r18
     1f8:	8a 01       	movw	r16, r20
     1fa:	e6 28       	or	r14, r6
     1fc:	f7 28       	or	r15, r7
     1fe:	08 29       	or	r16, r8
     200:	19 29       	or	r17, r9
     202:	3c c0       	rjmp	.+120    	; 0x27c <_fpadd_parts+0x192>
     204:	23 2b       	or	r18, r19
     206:	d1 f1       	breq	.+116    	; 0x27c <_fpadd_parts+0x192>
     208:	26 0e       	add	r2, r22
     20a:	37 1e       	adc	r3, r23
     20c:	35 01       	movw	r6, r10
     20e:	46 01       	movw	r8, r12
     210:	06 2e       	mov	r0, r22
     212:	04 c0       	rjmp	.+8      	; 0x21c <_fpadd_parts+0x132>
     214:	96 94       	lsr	r9
     216:	87 94       	ror	r8
     218:	77 94       	ror	r7
     21a:	67 94       	ror	r6
     21c:	0a 94       	dec	r0
     21e:	d2 f7       	brpl	.-12     	; 0x214 <_fpadd_parts+0x12a>
     220:	21 e0       	ldi	r18, 0x01	; 1
     222:	30 e0       	ldi	r19, 0x00	; 0
     224:	40 e0       	ldi	r20, 0x00	; 0
     226:	50 e0       	ldi	r21, 0x00	; 0
     228:	04 c0       	rjmp	.+8      	; 0x232 <_fpadd_parts+0x148>
     22a:	22 0f       	add	r18, r18
     22c:	33 1f       	adc	r19, r19
     22e:	44 1f       	adc	r20, r20
     230:	55 1f       	adc	r21, r21
     232:	6a 95       	dec	r22
     234:	d2 f7       	brpl	.-12     	; 0x22a <_fpadd_parts+0x140>
     236:	21 50       	subi	r18, 0x01	; 1
     238:	30 40       	sbci	r19, 0x00	; 0
     23a:	40 40       	sbci	r20, 0x00	; 0
     23c:	50 40       	sbci	r21, 0x00	; 0
     23e:	2a 21       	and	r18, r10
     240:	3b 21       	and	r19, r11
     242:	4c 21       	and	r20, r12
     244:	5d 21       	and	r21, r13
     246:	21 15       	cp	r18, r1
     248:	31 05       	cpc	r19, r1
     24a:	41 05       	cpc	r20, r1
     24c:	51 05       	cpc	r21, r1
     24e:	21 f0       	breq	.+8      	; 0x258 <_fpadd_parts+0x16e>
     250:	21 e0       	ldi	r18, 0x01	; 1
     252:	30 e0       	ldi	r19, 0x00	; 0
     254:	40 e0       	ldi	r20, 0x00	; 0
     256:	50 e0       	ldi	r21, 0x00	; 0
     258:	59 01       	movw	r10, r18
     25a:	6a 01       	movw	r12, r20
     25c:	a6 28       	or	r10, r6
     25e:	b7 28       	or	r11, r7
     260:	c8 28       	or	r12, r8
     262:	d9 28       	or	r13, r9
     264:	0b c0       	rjmp	.+22     	; 0x27c <_fpadd_parts+0x192>
     266:	82 15       	cp	r24, r2
     268:	93 05       	cpc	r25, r3
     26a:	2c f0       	brlt	.+10     	; 0x276 <_fpadd_parts+0x18c>
     26c:	1c 01       	movw	r2, r24
     26e:	aa 24       	eor	r10, r10
     270:	bb 24       	eor	r11, r11
     272:	65 01       	movw	r12, r10
     274:	03 c0       	rjmp	.+6      	; 0x27c <_fpadd_parts+0x192>
     276:	ee 24       	eor	r14, r14
     278:	ff 24       	eor	r15, r15
     27a:	87 01       	movw	r16, r14
     27c:	11 96       	adiw	r26, 0x01	; 1
     27e:	9c 91       	ld	r25, X
     280:	d2 01       	movw	r26, r4
     282:	11 96       	adiw	r26, 0x01	; 1
     284:	8c 91       	ld	r24, X
     286:	98 17       	cp	r25, r24
     288:	09 f4       	brne	.+2      	; 0x28c <_fpadd_parts+0x1a2>
     28a:	45 c0       	rjmp	.+138    	; 0x316 <_fpadd_parts+0x22c>
     28c:	99 23       	and	r25, r25
     28e:	39 f0       	breq	.+14     	; 0x29e <_fpadd_parts+0x1b4>
     290:	a8 01       	movw	r20, r16
     292:	97 01       	movw	r18, r14
     294:	2a 19       	sub	r18, r10
     296:	3b 09       	sbc	r19, r11
     298:	4c 09       	sbc	r20, r12
     29a:	5d 09       	sbc	r21, r13
     29c:	06 c0       	rjmp	.+12     	; 0x2aa <_fpadd_parts+0x1c0>
     29e:	a6 01       	movw	r20, r12
     2a0:	95 01       	movw	r18, r10
     2a2:	2e 19       	sub	r18, r14
     2a4:	3f 09       	sbc	r19, r15
     2a6:	40 0b       	sbc	r20, r16
     2a8:	51 0b       	sbc	r21, r17
     2aa:	57 fd       	sbrc	r21, 7
     2ac:	08 c0       	rjmp	.+16     	; 0x2be <_fpadd_parts+0x1d4>
     2ae:	11 82       	std	Z+1, r1	; 0x01
     2b0:	33 82       	std	Z+3, r3	; 0x03
     2b2:	22 82       	std	Z+2, r2	; 0x02
     2b4:	24 83       	std	Z+4, r18	; 0x04
     2b6:	35 83       	std	Z+5, r19	; 0x05
     2b8:	46 83       	std	Z+6, r20	; 0x06
     2ba:	57 83       	std	Z+7, r21	; 0x07
     2bc:	1d c0       	rjmp	.+58     	; 0x2f8 <_fpadd_parts+0x20e>
     2be:	81 e0       	ldi	r24, 0x01	; 1
     2c0:	81 83       	std	Z+1, r24	; 0x01
     2c2:	33 82       	std	Z+3, r3	; 0x03
     2c4:	22 82       	std	Z+2, r2	; 0x02
     2c6:	88 27       	eor	r24, r24
     2c8:	99 27       	eor	r25, r25
     2ca:	dc 01       	movw	r26, r24
     2cc:	82 1b       	sub	r24, r18
     2ce:	93 0b       	sbc	r25, r19
     2d0:	a4 0b       	sbc	r26, r20
     2d2:	b5 0b       	sbc	r27, r21
     2d4:	84 83       	std	Z+4, r24	; 0x04
     2d6:	95 83       	std	Z+5, r25	; 0x05
     2d8:	a6 83       	std	Z+6, r26	; 0x06
     2da:	b7 83       	std	Z+7, r27	; 0x07
     2dc:	0d c0       	rjmp	.+26     	; 0x2f8 <_fpadd_parts+0x20e>
     2de:	22 0f       	add	r18, r18
     2e0:	33 1f       	adc	r19, r19
     2e2:	44 1f       	adc	r20, r20
     2e4:	55 1f       	adc	r21, r21
     2e6:	24 83       	std	Z+4, r18	; 0x04
     2e8:	35 83       	std	Z+5, r19	; 0x05
     2ea:	46 83       	std	Z+6, r20	; 0x06
     2ec:	57 83       	std	Z+7, r21	; 0x07
     2ee:	82 81       	ldd	r24, Z+2	; 0x02
     2f0:	93 81       	ldd	r25, Z+3	; 0x03
     2f2:	01 97       	sbiw	r24, 0x01	; 1
     2f4:	93 83       	std	Z+3, r25	; 0x03
     2f6:	82 83       	std	Z+2, r24	; 0x02
     2f8:	24 81       	ldd	r18, Z+4	; 0x04
     2fa:	35 81       	ldd	r19, Z+5	; 0x05
     2fc:	46 81       	ldd	r20, Z+6	; 0x06
     2fe:	57 81       	ldd	r21, Z+7	; 0x07
     300:	da 01       	movw	r26, r20
     302:	c9 01       	movw	r24, r18
     304:	01 97       	sbiw	r24, 0x01	; 1
     306:	a1 09       	sbc	r26, r1
     308:	b1 09       	sbc	r27, r1
     30a:	8f 5f       	subi	r24, 0xFF	; 255
     30c:	9f 4f       	sbci	r25, 0xFF	; 255
     30e:	af 4f       	sbci	r26, 0xFF	; 255
     310:	bf 43       	sbci	r27, 0x3F	; 63
     312:	28 f3       	brcs	.-54     	; 0x2de <_fpadd_parts+0x1f4>
     314:	0b c0       	rjmp	.+22     	; 0x32c <_fpadd_parts+0x242>
     316:	91 83       	std	Z+1, r25	; 0x01
     318:	33 82       	std	Z+3, r3	; 0x03
     31a:	22 82       	std	Z+2, r2	; 0x02
     31c:	ea 0c       	add	r14, r10
     31e:	fb 1c       	adc	r15, r11
     320:	0c 1d       	adc	r16, r12
     322:	1d 1d       	adc	r17, r13
     324:	e4 82       	std	Z+4, r14	; 0x04
     326:	f5 82       	std	Z+5, r15	; 0x05
     328:	06 83       	std	Z+6, r16	; 0x06
     32a:	17 83       	std	Z+7, r17	; 0x07
     32c:	83 e0       	ldi	r24, 0x03	; 3
     32e:	80 83       	st	Z, r24
     330:	24 81       	ldd	r18, Z+4	; 0x04
     332:	35 81       	ldd	r19, Z+5	; 0x05
     334:	46 81       	ldd	r20, Z+6	; 0x06
     336:	57 81       	ldd	r21, Z+7	; 0x07
     338:	57 ff       	sbrs	r21, 7
     33a:	1a c0       	rjmp	.+52     	; 0x370 <_fpadd_parts+0x286>
     33c:	c9 01       	movw	r24, r18
     33e:	aa 27       	eor	r26, r26
     340:	97 fd       	sbrc	r25, 7
     342:	a0 95       	com	r26
     344:	ba 2f       	mov	r27, r26
     346:	81 70       	andi	r24, 0x01	; 1
     348:	90 70       	andi	r25, 0x00	; 0
     34a:	a0 70       	andi	r26, 0x00	; 0
     34c:	b0 70       	andi	r27, 0x00	; 0
     34e:	56 95       	lsr	r21
     350:	47 95       	ror	r20
     352:	37 95       	ror	r19
     354:	27 95       	ror	r18
     356:	82 2b       	or	r24, r18
     358:	93 2b       	or	r25, r19
     35a:	a4 2b       	or	r26, r20
     35c:	b5 2b       	or	r27, r21
     35e:	84 83       	std	Z+4, r24	; 0x04
     360:	95 83       	std	Z+5, r25	; 0x05
     362:	a6 83       	std	Z+6, r26	; 0x06
     364:	b7 83       	std	Z+7, r27	; 0x07
     366:	82 81       	ldd	r24, Z+2	; 0x02
     368:	93 81       	ldd	r25, Z+3	; 0x03
     36a:	01 96       	adiw	r24, 0x01	; 1
     36c:	93 83       	std	Z+3, r25	; 0x03
     36e:	82 83       	std	Z+2, r24	; 0x02
     370:	df 01       	movw	r26, r30
     372:	01 c0       	rjmp	.+2      	; 0x376 <_fpadd_parts+0x28c>
     374:	d2 01       	movw	r26, r4
     376:	cd 01       	movw	r24, r26
     378:	cd b7       	in	r28, 0x3d	; 61
     37a:	de b7       	in	r29, 0x3e	; 62
     37c:	e2 e1       	ldi	r30, 0x12	; 18
     37e:	0c 94 6d 12 	jmp	0x24da	; 0x24da <__epilogue_restores__>

00000382 <__subsf3>:
     382:	a0 e2       	ldi	r26, 0x20	; 32
     384:	b0 e0       	ldi	r27, 0x00	; 0
     386:	e7 ec       	ldi	r30, 0xC7	; 199
     388:	f1 e0       	ldi	r31, 0x01	; 1
     38a:	0c 94 5d 12 	jmp	0x24ba	; 0x24ba <__prologue_saves__+0x18>
     38e:	69 83       	std	Y+1, r22	; 0x01
     390:	7a 83       	std	Y+2, r23	; 0x02
     392:	8b 83       	std	Y+3, r24	; 0x03
     394:	9c 83       	std	Y+4, r25	; 0x04
     396:	2d 83       	std	Y+5, r18	; 0x05
     398:	3e 83       	std	Y+6, r19	; 0x06
     39a:	4f 83       	std	Y+7, r20	; 0x07
     39c:	58 87       	std	Y+8, r21	; 0x08
     39e:	e9 e0       	ldi	r30, 0x09	; 9
     3a0:	ee 2e       	mov	r14, r30
     3a2:	f1 2c       	mov	r15, r1
     3a4:	ec 0e       	add	r14, r28
     3a6:	fd 1e       	adc	r15, r29
     3a8:	ce 01       	movw	r24, r28
     3aa:	01 96       	adiw	r24, 0x01	; 1
     3ac:	b7 01       	movw	r22, r14
     3ae:	0e 94 d2 04 	call	0x9a4	; 0x9a4 <__unpack_f>
     3b2:	8e 01       	movw	r16, r28
     3b4:	0f 5e       	subi	r16, 0xEF	; 239
     3b6:	1f 4f       	sbci	r17, 0xFF	; 255
     3b8:	ce 01       	movw	r24, r28
     3ba:	05 96       	adiw	r24, 0x05	; 5
     3bc:	b8 01       	movw	r22, r16
     3be:	0e 94 d2 04 	call	0x9a4	; 0x9a4 <__unpack_f>
     3c2:	8a 89       	ldd	r24, Y+18	; 0x12
     3c4:	91 e0       	ldi	r25, 0x01	; 1
     3c6:	89 27       	eor	r24, r25
     3c8:	8a 8b       	std	Y+18, r24	; 0x12
     3ca:	c7 01       	movw	r24, r14
     3cc:	b8 01       	movw	r22, r16
     3ce:	ae 01       	movw	r20, r28
     3d0:	47 5e       	subi	r20, 0xE7	; 231
     3d2:	5f 4f       	sbci	r21, 0xFF	; 255
     3d4:	0e 94 75 00 	call	0xea	; 0xea <_fpadd_parts>
     3d8:	0e 94 fd 03 	call	0x7fa	; 0x7fa <__pack_f>
     3dc:	a0 96       	adiw	r28, 0x20	; 32
     3de:	e6 e0       	ldi	r30, 0x06	; 6
     3e0:	0c 94 79 12 	jmp	0x24f2	; 0x24f2 <__epilogue_restores__+0x18>

000003e4 <__addsf3>:
     3e4:	a0 e2       	ldi	r26, 0x20	; 32
     3e6:	b0 e0       	ldi	r27, 0x00	; 0
     3e8:	e8 ef       	ldi	r30, 0xF8	; 248
     3ea:	f1 e0       	ldi	r31, 0x01	; 1
     3ec:	0c 94 5d 12 	jmp	0x24ba	; 0x24ba <__prologue_saves__+0x18>
     3f0:	69 83       	std	Y+1, r22	; 0x01
     3f2:	7a 83       	std	Y+2, r23	; 0x02
     3f4:	8b 83       	std	Y+3, r24	; 0x03
     3f6:	9c 83       	std	Y+4, r25	; 0x04
     3f8:	2d 83       	std	Y+5, r18	; 0x05
     3fa:	3e 83       	std	Y+6, r19	; 0x06
     3fc:	4f 83       	std	Y+7, r20	; 0x07
     3fe:	58 87       	std	Y+8, r21	; 0x08
     400:	f9 e0       	ldi	r31, 0x09	; 9
     402:	ef 2e       	mov	r14, r31
     404:	f1 2c       	mov	r15, r1
     406:	ec 0e       	add	r14, r28
     408:	fd 1e       	adc	r15, r29
     40a:	ce 01       	movw	r24, r28
     40c:	01 96       	adiw	r24, 0x01	; 1
     40e:	b7 01       	movw	r22, r14
     410:	0e 94 d2 04 	call	0x9a4	; 0x9a4 <__unpack_f>
     414:	8e 01       	movw	r16, r28
     416:	0f 5e       	subi	r16, 0xEF	; 239
     418:	1f 4f       	sbci	r17, 0xFF	; 255
     41a:	ce 01       	movw	r24, r28
     41c:	05 96       	adiw	r24, 0x05	; 5
     41e:	b8 01       	movw	r22, r16
     420:	0e 94 d2 04 	call	0x9a4	; 0x9a4 <__unpack_f>
     424:	c7 01       	movw	r24, r14
     426:	b8 01       	movw	r22, r16
     428:	ae 01       	movw	r20, r28
     42a:	47 5e       	subi	r20, 0xE7	; 231
     42c:	5f 4f       	sbci	r21, 0xFF	; 255
     42e:	0e 94 75 00 	call	0xea	; 0xea <_fpadd_parts>
     432:	0e 94 fd 03 	call	0x7fa	; 0x7fa <__pack_f>
     436:	a0 96       	adiw	r28, 0x20	; 32
     438:	e6 e0       	ldi	r30, 0x06	; 6
     43a:	0c 94 79 12 	jmp	0x24f2	; 0x24f2 <__epilogue_restores__+0x18>

0000043e <__mulsf3>:
     43e:	a0 e2       	ldi	r26, 0x20	; 32
     440:	b0 e0       	ldi	r27, 0x00	; 0
     442:	e5 e2       	ldi	r30, 0x25	; 37
     444:	f2 e0       	ldi	r31, 0x02	; 2
     446:	0c 94 51 12 	jmp	0x24a2	; 0x24a2 <__prologue_saves__>
     44a:	69 83       	std	Y+1, r22	; 0x01
     44c:	7a 83       	std	Y+2, r23	; 0x02
     44e:	8b 83       	std	Y+3, r24	; 0x03
     450:	9c 83       	std	Y+4, r25	; 0x04
     452:	2d 83       	std	Y+5, r18	; 0x05
     454:	3e 83       	std	Y+6, r19	; 0x06
     456:	4f 83       	std	Y+7, r20	; 0x07
     458:	58 87       	std	Y+8, r21	; 0x08
     45a:	ce 01       	movw	r24, r28
     45c:	01 96       	adiw	r24, 0x01	; 1
     45e:	be 01       	movw	r22, r28
     460:	67 5f       	subi	r22, 0xF7	; 247
     462:	7f 4f       	sbci	r23, 0xFF	; 255
     464:	0e 94 d2 04 	call	0x9a4	; 0x9a4 <__unpack_f>
     468:	ce 01       	movw	r24, r28
     46a:	05 96       	adiw	r24, 0x05	; 5
     46c:	be 01       	movw	r22, r28
     46e:	6f 5e       	subi	r22, 0xEF	; 239
     470:	7f 4f       	sbci	r23, 0xFF	; 255
     472:	0e 94 d2 04 	call	0x9a4	; 0x9a4 <__unpack_f>
     476:	99 85       	ldd	r25, Y+9	; 0x09
     478:	92 30       	cpi	r25, 0x02	; 2
     47a:	88 f0       	brcs	.+34     	; 0x49e <__mulsf3+0x60>
     47c:	89 89       	ldd	r24, Y+17	; 0x11
     47e:	82 30       	cpi	r24, 0x02	; 2
     480:	c8 f0       	brcs	.+50     	; 0x4b4 <__mulsf3+0x76>
     482:	94 30       	cpi	r25, 0x04	; 4
     484:	19 f4       	brne	.+6      	; 0x48c <__mulsf3+0x4e>
     486:	82 30       	cpi	r24, 0x02	; 2
     488:	51 f4       	brne	.+20     	; 0x49e <__mulsf3+0x60>
     48a:	04 c0       	rjmp	.+8      	; 0x494 <__mulsf3+0x56>
     48c:	84 30       	cpi	r24, 0x04	; 4
     48e:	29 f4       	brne	.+10     	; 0x49a <__mulsf3+0x5c>
     490:	92 30       	cpi	r25, 0x02	; 2
     492:	81 f4       	brne	.+32     	; 0x4b4 <__mulsf3+0x76>
     494:	8c e7       	ldi	r24, 0x7C	; 124
     496:	90 e0       	ldi	r25, 0x00	; 0
     498:	c6 c0       	rjmp	.+396    	; 0x626 <__mulsf3+0x1e8>
     49a:	92 30       	cpi	r25, 0x02	; 2
     49c:	49 f4       	brne	.+18     	; 0x4b0 <__mulsf3+0x72>
     49e:	20 e0       	ldi	r18, 0x00	; 0
     4a0:	9a 85       	ldd	r25, Y+10	; 0x0a
     4a2:	8a 89       	ldd	r24, Y+18	; 0x12
     4a4:	98 13       	cpse	r25, r24
     4a6:	21 e0       	ldi	r18, 0x01	; 1
     4a8:	2a 87       	std	Y+10, r18	; 0x0a
     4aa:	ce 01       	movw	r24, r28
     4ac:	09 96       	adiw	r24, 0x09	; 9
     4ae:	bb c0       	rjmp	.+374    	; 0x626 <__mulsf3+0x1e8>
     4b0:	82 30       	cpi	r24, 0x02	; 2
     4b2:	49 f4       	brne	.+18     	; 0x4c6 <__mulsf3+0x88>
     4b4:	20 e0       	ldi	r18, 0x00	; 0
     4b6:	9a 85       	ldd	r25, Y+10	; 0x0a
     4b8:	8a 89       	ldd	r24, Y+18	; 0x12
     4ba:	98 13       	cpse	r25, r24
     4bc:	21 e0       	ldi	r18, 0x01	; 1
     4be:	2a 8b       	std	Y+18, r18	; 0x12
     4c0:	ce 01       	movw	r24, r28
     4c2:	41 96       	adiw	r24, 0x11	; 17
     4c4:	b0 c0       	rjmp	.+352    	; 0x626 <__mulsf3+0x1e8>
     4c6:	2d 84       	ldd	r2, Y+13	; 0x0d
     4c8:	3e 84       	ldd	r3, Y+14	; 0x0e
     4ca:	4f 84       	ldd	r4, Y+15	; 0x0f
     4cc:	58 88       	ldd	r5, Y+16	; 0x10
     4ce:	6d 88       	ldd	r6, Y+21	; 0x15
     4d0:	7e 88       	ldd	r7, Y+22	; 0x16
     4d2:	8f 88       	ldd	r8, Y+23	; 0x17
     4d4:	98 8c       	ldd	r9, Y+24	; 0x18
     4d6:	ee 24       	eor	r14, r14
     4d8:	ff 24       	eor	r15, r15
     4da:	87 01       	movw	r16, r14
     4dc:	aa 24       	eor	r10, r10
     4de:	bb 24       	eor	r11, r11
     4e0:	65 01       	movw	r12, r10
     4e2:	40 e0       	ldi	r20, 0x00	; 0
     4e4:	50 e0       	ldi	r21, 0x00	; 0
     4e6:	60 e0       	ldi	r22, 0x00	; 0
     4e8:	70 e0       	ldi	r23, 0x00	; 0
     4ea:	e0 e0       	ldi	r30, 0x00	; 0
     4ec:	f0 e0       	ldi	r31, 0x00	; 0
     4ee:	c1 01       	movw	r24, r2
     4f0:	81 70       	andi	r24, 0x01	; 1
     4f2:	90 70       	andi	r25, 0x00	; 0
     4f4:	89 2b       	or	r24, r25
     4f6:	e9 f0       	breq	.+58     	; 0x532 <__mulsf3+0xf4>
     4f8:	e6 0c       	add	r14, r6
     4fa:	f7 1c       	adc	r15, r7
     4fc:	08 1d       	adc	r16, r8
     4fe:	19 1d       	adc	r17, r9
     500:	9a 01       	movw	r18, r20
     502:	ab 01       	movw	r20, r22
     504:	2a 0d       	add	r18, r10
     506:	3b 1d       	adc	r19, r11
     508:	4c 1d       	adc	r20, r12
     50a:	5d 1d       	adc	r21, r13
     50c:	80 e0       	ldi	r24, 0x00	; 0
     50e:	90 e0       	ldi	r25, 0x00	; 0
     510:	a0 e0       	ldi	r26, 0x00	; 0
     512:	b0 e0       	ldi	r27, 0x00	; 0
     514:	e6 14       	cp	r14, r6
     516:	f7 04       	cpc	r15, r7
     518:	08 05       	cpc	r16, r8
     51a:	19 05       	cpc	r17, r9
     51c:	20 f4       	brcc	.+8      	; 0x526 <__mulsf3+0xe8>
     51e:	81 e0       	ldi	r24, 0x01	; 1
     520:	90 e0       	ldi	r25, 0x00	; 0
     522:	a0 e0       	ldi	r26, 0x00	; 0
     524:	b0 e0       	ldi	r27, 0x00	; 0
     526:	ba 01       	movw	r22, r20
     528:	a9 01       	movw	r20, r18
     52a:	48 0f       	add	r20, r24
     52c:	59 1f       	adc	r21, r25
     52e:	6a 1f       	adc	r22, r26
     530:	7b 1f       	adc	r23, r27
     532:	aa 0c       	add	r10, r10
     534:	bb 1c       	adc	r11, r11
     536:	cc 1c       	adc	r12, r12
     538:	dd 1c       	adc	r13, r13
     53a:	97 fe       	sbrs	r9, 7
     53c:	08 c0       	rjmp	.+16     	; 0x54e <__mulsf3+0x110>
     53e:	81 e0       	ldi	r24, 0x01	; 1
     540:	90 e0       	ldi	r25, 0x00	; 0
     542:	a0 e0       	ldi	r26, 0x00	; 0
     544:	b0 e0       	ldi	r27, 0x00	; 0
     546:	a8 2a       	or	r10, r24
     548:	b9 2a       	or	r11, r25
     54a:	ca 2a       	or	r12, r26
     54c:	db 2a       	or	r13, r27
     54e:	31 96       	adiw	r30, 0x01	; 1
     550:	e0 32       	cpi	r30, 0x20	; 32
     552:	f1 05       	cpc	r31, r1
     554:	49 f0       	breq	.+18     	; 0x568 <__mulsf3+0x12a>
     556:	66 0c       	add	r6, r6
     558:	77 1c       	adc	r7, r7
     55a:	88 1c       	adc	r8, r8
     55c:	99 1c       	adc	r9, r9
     55e:	56 94       	lsr	r5
     560:	47 94       	ror	r4
     562:	37 94       	ror	r3
     564:	27 94       	ror	r2
     566:	c3 cf       	rjmp	.-122    	; 0x4ee <__mulsf3+0xb0>
     568:	fa 85       	ldd	r31, Y+10	; 0x0a
     56a:	ea 89       	ldd	r30, Y+18	; 0x12
     56c:	2b 89       	ldd	r18, Y+19	; 0x13
     56e:	3c 89       	ldd	r19, Y+20	; 0x14
     570:	8b 85       	ldd	r24, Y+11	; 0x0b
     572:	9c 85       	ldd	r25, Y+12	; 0x0c
     574:	28 0f       	add	r18, r24
     576:	39 1f       	adc	r19, r25
     578:	2e 5f       	subi	r18, 0xFE	; 254
     57a:	3f 4f       	sbci	r19, 0xFF	; 255
     57c:	17 c0       	rjmp	.+46     	; 0x5ac <__mulsf3+0x16e>
     57e:	ca 01       	movw	r24, r20
     580:	81 70       	andi	r24, 0x01	; 1
     582:	90 70       	andi	r25, 0x00	; 0
     584:	89 2b       	or	r24, r25
     586:	61 f0       	breq	.+24     	; 0x5a0 <__mulsf3+0x162>
     588:	16 95       	lsr	r17
     58a:	07 95       	ror	r16
     58c:	f7 94       	ror	r15
     58e:	e7 94       	ror	r14
     590:	80 e0       	ldi	r24, 0x00	; 0
     592:	90 e0       	ldi	r25, 0x00	; 0
     594:	a0 e0       	ldi	r26, 0x00	; 0
     596:	b0 e8       	ldi	r27, 0x80	; 128
     598:	e8 2a       	or	r14, r24
     59a:	f9 2a       	or	r15, r25
     59c:	0a 2b       	or	r16, r26
     59e:	1b 2b       	or	r17, r27
     5a0:	76 95       	lsr	r23
     5a2:	67 95       	ror	r22
     5a4:	57 95       	ror	r21
     5a6:	47 95       	ror	r20
     5a8:	2f 5f       	subi	r18, 0xFF	; 255
     5aa:	3f 4f       	sbci	r19, 0xFF	; 255
     5ac:	77 fd       	sbrc	r23, 7
     5ae:	e7 cf       	rjmp	.-50     	; 0x57e <__mulsf3+0x140>
     5b0:	0c c0       	rjmp	.+24     	; 0x5ca <__mulsf3+0x18c>
     5b2:	44 0f       	add	r20, r20
     5b4:	55 1f       	adc	r21, r21
     5b6:	66 1f       	adc	r22, r22
     5b8:	77 1f       	adc	r23, r23
     5ba:	17 fd       	sbrc	r17, 7
     5bc:	41 60       	ori	r20, 0x01	; 1
     5be:	ee 0c       	add	r14, r14
     5c0:	ff 1c       	adc	r15, r15
     5c2:	00 1f       	adc	r16, r16
     5c4:	11 1f       	adc	r17, r17
     5c6:	21 50       	subi	r18, 0x01	; 1
     5c8:	30 40       	sbci	r19, 0x00	; 0
     5ca:	40 30       	cpi	r20, 0x00	; 0
     5cc:	90 e0       	ldi	r25, 0x00	; 0
     5ce:	59 07       	cpc	r21, r25
     5d0:	90 e0       	ldi	r25, 0x00	; 0
     5d2:	69 07       	cpc	r22, r25
     5d4:	90 e4       	ldi	r25, 0x40	; 64
     5d6:	79 07       	cpc	r23, r25
     5d8:	60 f3       	brcs	.-40     	; 0x5b2 <__mulsf3+0x174>
     5da:	2b 8f       	std	Y+27, r18	; 0x1b
     5dc:	3c 8f       	std	Y+28, r19	; 0x1c
     5de:	db 01       	movw	r26, r22
     5e0:	ca 01       	movw	r24, r20
     5e2:	8f 77       	andi	r24, 0x7F	; 127
     5e4:	90 70       	andi	r25, 0x00	; 0
     5e6:	a0 70       	andi	r26, 0x00	; 0
     5e8:	b0 70       	andi	r27, 0x00	; 0
     5ea:	80 34       	cpi	r24, 0x40	; 64
     5ec:	91 05       	cpc	r25, r1
     5ee:	a1 05       	cpc	r26, r1
     5f0:	b1 05       	cpc	r27, r1
     5f2:	61 f4       	brne	.+24     	; 0x60c <__mulsf3+0x1ce>
     5f4:	47 fd       	sbrc	r20, 7
     5f6:	0a c0       	rjmp	.+20     	; 0x60c <__mulsf3+0x1ce>
     5f8:	e1 14       	cp	r14, r1
     5fa:	f1 04       	cpc	r15, r1
     5fc:	01 05       	cpc	r16, r1
     5fe:	11 05       	cpc	r17, r1
     600:	29 f0       	breq	.+10     	; 0x60c <__mulsf3+0x1ce>
     602:	40 5c       	subi	r20, 0xC0	; 192
     604:	5f 4f       	sbci	r21, 0xFF	; 255
     606:	6f 4f       	sbci	r22, 0xFF	; 255
     608:	7f 4f       	sbci	r23, 0xFF	; 255
     60a:	40 78       	andi	r20, 0x80	; 128
     60c:	1a 8e       	std	Y+26, r1	; 0x1a
     60e:	fe 17       	cp	r31, r30
     610:	11 f0       	breq	.+4      	; 0x616 <__mulsf3+0x1d8>
     612:	81 e0       	ldi	r24, 0x01	; 1
     614:	8a 8f       	std	Y+26, r24	; 0x1a
     616:	4d 8f       	std	Y+29, r20	; 0x1d
     618:	5e 8f       	std	Y+30, r21	; 0x1e
     61a:	6f 8f       	std	Y+31, r22	; 0x1f
     61c:	78 a3       	std	Y+32, r23	; 0x20
     61e:	83 e0       	ldi	r24, 0x03	; 3
     620:	89 8f       	std	Y+25, r24	; 0x19
     622:	ce 01       	movw	r24, r28
     624:	49 96       	adiw	r24, 0x19	; 25
     626:	0e 94 fd 03 	call	0x7fa	; 0x7fa <__pack_f>
     62a:	a0 96       	adiw	r28, 0x20	; 32
     62c:	e2 e1       	ldi	r30, 0x12	; 18
     62e:	0c 94 6d 12 	jmp	0x24da	; 0x24da <__epilogue_restores__>

00000632 <__gtsf2>:
     632:	a8 e1       	ldi	r26, 0x18	; 24
     634:	b0 e0       	ldi	r27, 0x00	; 0
     636:	ef e1       	ldi	r30, 0x1F	; 31
     638:	f3 e0       	ldi	r31, 0x03	; 3
     63a:	0c 94 5d 12 	jmp	0x24ba	; 0x24ba <__prologue_saves__+0x18>
     63e:	69 83       	std	Y+1, r22	; 0x01
     640:	7a 83       	std	Y+2, r23	; 0x02
     642:	8b 83       	std	Y+3, r24	; 0x03
     644:	9c 83       	std	Y+4, r25	; 0x04
     646:	2d 83       	std	Y+5, r18	; 0x05
     648:	3e 83       	std	Y+6, r19	; 0x06
     64a:	4f 83       	std	Y+7, r20	; 0x07
     64c:	58 87       	std	Y+8, r21	; 0x08
     64e:	89 e0       	ldi	r24, 0x09	; 9
     650:	e8 2e       	mov	r14, r24
     652:	f1 2c       	mov	r15, r1
     654:	ec 0e       	add	r14, r28
     656:	fd 1e       	adc	r15, r29
     658:	ce 01       	movw	r24, r28
     65a:	01 96       	adiw	r24, 0x01	; 1
     65c:	b7 01       	movw	r22, r14
     65e:	0e 94 d2 04 	call	0x9a4	; 0x9a4 <__unpack_f>
     662:	8e 01       	movw	r16, r28
     664:	0f 5e       	subi	r16, 0xEF	; 239
     666:	1f 4f       	sbci	r17, 0xFF	; 255
     668:	ce 01       	movw	r24, r28
     66a:	05 96       	adiw	r24, 0x05	; 5
     66c:	b8 01       	movw	r22, r16
     66e:	0e 94 d2 04 	call	0x9a4	; 0x9a4 <__unpack_f>
     672:	89 85       	ldd	r24, Y+9	; 0x09
     674:	82 30       	cpi	r24, 0x02	; 2
     676:	40 f0       	brcs	.+16     	; 0x688 <__gtsf2+0x56>
     678:	89 89       	ldd	r24, Y+17	; 0x11
     67a:	82 30       	cpi	r24, 0x02	; 2
     67c:	28 f0       	brcs	.+10     	; 0x688 <__gtsf2+0x56>
     67e:	c7 01       	movw	r24, r14
     680:	b8 01       	movw	r22, r16
     682:	0e 94 4a 05 	call	0xa94	; 0xa94 <__fpcmp_parts_f>
     686:	01 c0       	rjmp	.+2      	; 0x68a <__gtsf2+0x58>
     688:	8f ef       	ldi	r24, 0xFF	; 255
     68a:	68 96       	adiw	r28, 0x18	; 24
     68c:	e6 e0       	ldi	r30, 0x06	; 6
     68e:	0c 94 79 12 	jmp	0x24f2	; 0x24f2 <__epilogue_restores__+0x18>

00000692 <__gesf2>:
     692:	a8 e1       	ldi	r26, 0x18	; 24
     694:	b0 e0       	ldi	r27, 0x00	; 0
     696:	ef e4       	ldi	r30, 0x4F	; 79
     698:	f3 e0       	ldi	r31, 0x03	; 3
     69a:	0c 94 5d 12 	jmp	0x24ba	; 0x24ba <__prologue_saves__+0x18>
     69e:	69 83       	std	Y+1, r22	; 0x01
     6a0:	7a 83       	std	Y+2, r23	; 0x02
     6a2:	8b 83       	std	Y+3, r24	; 0x03
     6a4:	9c 83       	std	Y+4, r25	; 0x04
     6a6:	2d 83       	std	Y+5, r18	; 0x05
     6a8:	3e 83       	std	Y+6, r19	; 0x06
     6aa:	4f 83       	std	Y+7, r20	; 0x07
     6ac:	58 87       	std	Y+8, r21	; 0x08
     6ae:	89 e0       	ldi	r24, 0x09	; 9
     6b0:	e8 2e       	mov	r14, r24
     6b2:	f1 2c       	mov	r15, r1
     6b4:	ec 0e       	add	r14, r28
     6b6:	fd 1e       	adc	r15, r29
     6b8:	ce 01       	movw	r24, r28
     6ba:	01 96       	adiw	r24, 0x01	; 1
     6bc:	b7 01       	movw	r22, r14
     6be:	0e 94 d2 04 	call	0x9a4	; 0x9a4 <__unpack_f>
     6c2:	8e 01       	movw	r16, r28
     6c4:	0f 5e       	subi	r16, 0xEF	; 239
     6c6:	1f 4f       	sbci	r17, 0xFF	; 255
     6c8:	ce 01       	movw	r24, r28
     6ca:	05 96       	adiw	r24, 0x05	; 5
     6cc:	b8 01       	movw	r22, r16
     6ce:	0e 94 d2 04 	call	0x9a4	; 0x9a4 <__unpack_f>
     6d2:	89 85       	ldd	r24, Y+9	; 0x09
     6d4:	82 30       	cpi	r24, 0x02	; 2
     6d6:	40 f0       	brcs	.+16     	; 0x6e8 <__gesf2+0x56>
     6d8:	89 89       	ldd	r24, Y+17	; 0x11
     6da:	82 30       	cpi	r24, 0x02	; 2
     6dc:	28 f0       	brcs	.+10     	; 0x6e8 <__gesf2+0x56>
     6de:	c7 01       	movw	r24, r14
     6e0:	b8 01       	movw	r22, r16
     6e2:	0e 94 4a 05 	call	0xa94	; 0xa94 <__fpcmp_parts_f>
     6e6:	01 c0       	rjmp	.+2      	; 0x6ea <__gesf2+0x58>
     6e8:	8f ef       	ldi	r24, 0xFF	; 255
     6ea:	68 96       	adiw	r28, 0x18	; 24
     6ec:	e6 e0       	ldi	r30, 0x06	; 6
     6ee:	0c 94 79 12 	jmp	0x24f2	; 0x24f2 <__epilogue_restores__+0x18>

000006f2 <__ltsf2>:
     6f2:	a8 e1       	ldi	r26, 0x18	; 24
     6f4:	b0 e0       	ldi	r27, 0x00	; 0
     6f6:	ef e7       	ldi	r30, 0x7F	; 127
     6f8:	f3 e0       	ldi	r31, 0x03	; 3
     6fa:	0c 94 5d 12 	jmp	0x24ba	; 0x24ba <__prologue_saves__+0x18>
     6fe:	69 83       	std	Y+1, r22	; 0x01
     700:	7a 83       	std	Y+2, r23	; 0x02
     702:	8b 83       	std	Y+3, r24	; 0x03
     704:	9c 83       	std	Y+4, r25	; 0x04
     706:	2d 83       	std	Y+5, r18	; 0x05
     708:	3e 83       	std	Y+6, r19	; 0x06
     70a:	4f 83       	std	Y+7, r20	; 0x07
     70c:	58 87       	std	Y+8, r21	; 0x08
     70e:	89 e0       	ldi	r24, 0x09	; 9
     710:	e8 2e       	mov	r14, r24
     712:	f1 2c       	mov	r15, r1
     714:	ec 0e       	add	r14, r28
     716:	fd 1e       	adc	r15, r29
     718:	ce 01       	movw	r24, r28
     71a:	01 96       	adiw	r24, 0x01	; 1
     71c:	b7 01       	movw	r22, r14
     71e:	0e 94 d2 04 	call	0x9a4	; 0x9a4 <__unpack_f>
     722:	8e 01       	movw	r16, r28
     724:	0f 5e       	subi	r16, 0xEF	; 239
     726:	1f 4f       	sbci	r17, 0xFF	; 255
     728:	ce 01       	movw	r24, r28
     72a:	05 96       	adiw	r24, 0x05	; 5
     72c:	b8 01       	movw	r22, r16
     72e:	0e 94 d2 04 	call	0x9a4	; 0x9a4 <__unpack_f>
     732:	89 85       	ldd	r24, Y+9	; 0x09
     734:	82 30       	cpi	r24, 0x02	; 2
     736:	40 f0       	brcs	.+16     	; 0x748 <__ltsf2+0x56>
     738:	89 89       	ldd	r24, Y+17	; 0x11
     73a:	82 30       	cpi	r24, 0x02	; 2
     73c:	28 f0       	brcs	.+10     	; 0x748 <__ltsf2+0x56>
     73e:	c7 01       	movw	r24, r14
     740:	b8 01       	movw	r22, r16
     742:	0e 94 4a 05 	call	0xa94	; 0xa94 <__fpcmp_parts_f>
     746:	01 c0       	rjmp	.+2      	; 0x74a <__ltsf2+0x58>
     748:	81 e0       	ldi	r24, 0x01	; 1
     74a:	68 96       	adiw	r28, 0x18	; 24
     74c:	e6 e0       	ldi	r30, 0x06	; 6
     74e:	0c 94 79 12 	jmp	0x24f2	; 0x24f2 <__epilogue_restores__+0x18>

00000752 <__fixsfsi>:
     752:	ac e0       	ldi	r26, 0x0C	; 12
     754:	b0 e0       	ldi	r27, 0x00	; 0
     756:	ef ea       	ldi	r30, 0xAF	; 175
     758:	f3 e0       	ldi	r31, 0x03	; 3
     75a:	0c 94 61 12 	jmp	0x24c2	; 0x24c2 <__prologue_saves__+0x20>
     75e:	69 83       	std	Y+1, r22	; 0x01
     760:	7a 83       	std	Y+2, r23	; 0x02
     762:	8b 83       	std	Y+3, r24	; 0x03
     764:	9c 83       	std	Y+4, r25	; 0x04
     766:	ce 01       	movw	r24, r28
     768:	01 96       	adiw	r24, 0x01	; 1
     76a:	be 01       	movw	r22, r28
     76c:	6b 5f       	subi	r22, 0xFB	; 251
     76e:	7f 4f       	sbci	r23, 0xFF	; 255
     770:	0e 94 d2 04 	call	0x9a4	; 0x9a4 <__unpack_f>
     774:	8d 81       	ldd	r24, Y+5	; 0x05
     776:	82 30       	cpi	r24, 0x02	; 2
     778:	61 f1       	breq	.+88     	; 0x7d2 <__fixsfsi+0x80>
     77a:	82 30       	cpi	r24, 0x02	; 2
     77c:	50 f1       	brcs	.+84     	; 0x7d2 <__fixsfsi+0x80>
     77e:	84 30       	cpi	r24, 0x04	; 4
     780:	21 f4       	brne	.+8      	; 0x78a <__fixsfsi+0x38>
     782:	8e 81       	ldd	r24, Y+6	; 0x06
     784:	88 23       	and	r24, r24
     786:	51 f1       	breq	.+84     	; 0x7dc <__fixsfsi+0x8a>
     788:	2e c0       	rjmp	.+92     	; 0x7e6 <__fixsfsi+0x94>
     78a:	2f 81       	ldd	r18, Y+7	; 0x07
     78c:	38 85       	ldd	r19, Y+8	; 0x08
     78e:	37 fd       	sbrc	r19, 7
     790:	20 c0       	rjmp	.+64     	; 0x7d2 <__fixsfsi+0x80>
     792:	6e 81       	ldd	r22, Y+6	; 0x06
     794:	2f 31       	cpi	r18, 0x1F	; 31
     796:	31 05       	cpc	r19, r1
     798:	1c f0       	brlt	.+6      	; 0x7a0 <__fixsfsi+0x4e>
     79a:	66 23       	and	r22, r22
     79c:	f9 f0       	breq	.+62     	; 0x7dc <__fixsfsi+0x8a>
     79e:	23 c0       	rjmp	.+70     	; 0x7e6 <__fixsfsi+0x94>
     7a0:	8e e1       	ldi	r24, 0x1E	; 30
     7a2:	90 e0       	ldi	r25, 0x00	; 0
     7a4:	82 1b       	sub	r24, r18
     7a6:	93 0b       	sbc	r25, r19
     7a8:	29 85       	ldd	r18, Y+9	; 0x09
     7aa:	3a 85       	ldd	r19, Y+10	; 0x0a
     7ac:	4b 85       	ldd	r20, Y+11	; 0x0b
     7ae:	5c 85       	ldd	r21, Y+12	; 0x0c
     7b0:	04 c0       	rjmp	.+8      	; 0x7ba <__fixsfsi+0x68>
     7b2:	56 95       	lsr	r21
     7b4:	47 95       	ror	r20
     7b6:	37 95       	ror	r19
     7b8:	27 95       	ror	r18
     7ba:	8a 95       	dec	r24
     7bc:	d2 f7       	brpl	.-12     	; 0x7b2 <__fixsfsi+0x60>
     7be:	66 23       	and	r22, r22
     7c0:	b1 f0       	breq	.+44     	; 0x7ee <__fixsfsi+0x9c>
     7c2:	50 95       	com	r21
     7c4:	40 95       	com	r20
     7c6:	30 95       	com	r19
     7c8:	21 95       	neg	r18
     7ca:	3f 4f       	sbci	r19, 0xFF	; 255
     7cc:	4f 4f       	sbci	r20, 0xFF	; 255
     7ce:	5f 4f       	sbci	r21, 0xFF	; 255
     7d0:	0e c0       	rjmp	.+28     	; 0x7ee <__fixsfsi+0x9c>
     7d2:	20 e0       	ldi	r18, 0x00	; 0
     7d4:	30 e0       	ldi	r19, 0x00	; 0
     7d6:	40 e0       	ldi	r20, 0x00	; 0
     7d8:	50 e0       	ldi	r21, 0x00	; 0
     7da:	09 c0       	rjmp	.+18     	; 0x7ee <__fixsfsi+0x9c>
     7dc:	2f ef       	ldi	r18, 0xFF	; 255
     7de:	3f ef       	ldi	r19, 0xFF	; 255
     7e0:	4f ef       	ldi	r20, 0xFF	; 255
     7e2:	5f e7       	ldi	r21, 0x7F	; 127
     7e4:	04 c0       	rjmp	.+8      	; 0x7ee <__fixsfsi+0x9c>
     7e6:	20 e0       	ldi	r18, 0x00	; 0
     7e8:	30 e0       	ldi	r19, 0x00	; 0
     7ea:	40 e0       	ldi	r20, 0x00	; 0
     7ec:	50 e8       	ldi	r21, 0x80	; 128
     7ee:	b9 01       	movw	r22, r18
     7f0:	ca 01       	movw	r24, r20
     7f2:	2c 96       	adiw	r28, 0x0c	; 12
     7f4:	e2 e0       	ldi	r30, 0x02	; 2
     7f6:	0c 94 7d 12 	jmp	0x24fa	; 0x24fa <__epilogue_restores__+0x20>

000007fa <__pack_f>:
     7fa:	df 92       	push	r13
     7fc:	ef 92       	push	r14
     7fe:	ff 92       	push	r15
     800:	0f 93       	push	r16
     802:	1f 93       	push	r17
     804:	fc 01       	movw	r30, r24
     806:	e4 80       	ldd	r14, Z+4	; 0x04
     808:	f5 80       	ldd	r15, Z+5	; 0x05
     80a:	06 81       	ldd	r16, Z+6	; 0x06
     80c:	17 81       	ldd	r17, Z+7	; 0x07
     80e:	d1 80       	ldd	r13, Z+1	; 0x01
     810:	80 81       	ld	r24, Z
     812:	82 30       	cpi	r24, 0x02	; 2
     814:	48 f4       	brcc	.+18     	; 0x828 <__pack_f+0x2e>
     816:	80 e0       	ldi	r24, 0x00	; 0
     818:	90 e0       	ldi	r25, 0x00	; 0
     81a:	a0 e1       	ldi	r26, 0x10	; 16
     81c:	b0 e0       	ldi	r27, 0x00	; 0
     81e:	e8 2a       	or	r14, r24
     820:	f9 2a       	or	r15, r25
     822:	0a 2b       	or	r16, r26
     824:	1b 2b       	or	r17, r27
     826:	a5 c0       	rjmp	.+330    	; 0x972 <__stack+0x113>
     828:	84 30       	cpi	r24, 0x04	; 4
     82a:	09 f4       	brne	.+2      	; 0x82e <__pack_f+0x34>
     82c:	9f c0       	rjmp	.+318    	; 0x96c <__stack+0x10d>
     82e:	82 30       	cpi	r24, 0x02	; 2
     830:	21 f4       	brne	.+8      	; 0x83a <__pack_f+0x40>
     832:	ee 24       	eor	r14, r14
     834:	ff 24       	eor	r15, r15
     836:	87 01       	movw	r16, r14
     838:	05 c0       	rjmp	.+10     	; 0x844 <__pack_f+0x4a>
     83a:	e1 14       	cp	r14, r1
     83c:	f1 04       	cpc	r15, r1
     83e:	01 05       	cpc	r16, r1
     840:	11 05       	cpc	r17, r1
     842:	19 f4       	brne	.+6      	; 0x84a <__pack_f+0x50>
     844:	e0 e0       	ldi	r30, 0x00	; 0
     846:	f0 e0       	ldi	r31, 0x00	; 0
     848:	96 c0       	rjmp	.+300    	; 0x976 <__stack+0x117>
     84a:	62 81       	ldd	r22, Z+2	; 0x02
     84c:	73 81       	ldd	r23, Z+3	; 0x03
     84e:	9f ef       	ldi	r25, 0xFF	; 255
     850:	62 38       	cpi	r22, 0x82	; 130
     852:	79 07       	cpc	r23, r25
     854:	0c f0       	brlt	.+2      	; 0x858 <__pack_f+0x5e>
     856:	5b c0       	rjmp	.+182    	; 0x90e <__stack+0xaf>
     858:	22 e8       	ldi	r18, 0x82	; 130
     85a:	3f ef       	ldi	r19, 0xFF	; 255
     85c:	26 1b       	sub	r18, r22
     85e:	37 0b       	sbc	r19, r23
     860:	2a 31       	cpi	r18, 0x1A	; 26
     862:	31 05       	cpc	r19, r1
     864:	2c f0       	brlt	.+10     	; 0x870 <__stack+0x11>
     866:	20 e0       	ldi	r18, 0x00	; 0
     868:	30 e0       	ldi	r19, 0x00	; 0
     86a:	40 e0       	ldi	r20, 0x00	; 0
     86c:	50 e0       	ldi	r21, 0x00	; 0
     86e:	2a c0       	rjmp	.+84     	; 0x8c4 <__stack+0x65>
     870:	b8 01       	movw	r22, r16
     872:	a7 01       	movw	r20, r14
     874:	02 2e       	mov	r0, r18
     876:	04 c0       	rjmp	.+8      	; 0x880 <__stack+0x21>
     878:	76 95       	lsr	r23
     87a:	67 95       	ror	r22
     87c:	57 95       	ror	r21
     87e:	47 95       	ror	r20
     880:	0a 94       	dec	r0
     882:	d2 f7       	brpl	.-12     	; 0x878 <__stack+0x19>
     884:	81 e0       	ldi	r24, 0x01	; 1
     886:	90 e0       	ldi	r25, 0x00	; 0
     888:	a0 e0       	ldi	r26, 0x00	; 0
     88a:	b0 e0       	ldi	r27, 0x00	; 0
     88c:	04 c0       	rjmp	.+8      	; 0x896 <__stack+0x37>
     88e:	88 0f       	add	r24, r24
     890:	99 1f       	adc	r25, r25
     892:	aa 1f       	adc	r26, r26
     894:	bb 1f       	adc	r27, r27
     896:	2a 95       	dec	r18
     898:	d2 f7       	brpl	.-12     	; 0x88e <__stack+0x2f>
     89a:	01 97       	sbiw	r24, 0x01	; 1
     89c:	a1 09       	sbc	r26, r1
     89e:	b1 09       	sbc	r27, r1
     8a0:	8e 21       	and	r24, r14
     8a2:	9f 21       	and	r25, r15
     8a4:	a0 23       	and	r26, r16
     8a6:	b1 23       	and	r27, r17
     8a8:	00 97       	sbiw	r24, 0x00	; 0
     8aa:	a1 05       	cpc	r26, r1
     8ac:	b1 05       	cpc	r27, r1
     8ae:	21 f0       	breq	.+8      	; 0x8b8 <__stack+0x59>
     8b0:	81 e0       	ldi	r24, 0x01	; 1
     8b2:	90 e0       	ldi	r25, 0x00	; 0
     8b4:	a0 e0       	ldi	r26, 0x00	; 0
     8b6:	b0 e0       	ldi	r27, 0x00	; 0
     8b8:	9a 01       	movw	r18, r20
     8ba:	ab 01       	movw	r20, r22
     8bc:	28 2b       	or	r18, r24
     8be:	39 2b       	or	r19, r25
     8c0:	4a 2b       	or	r20, r26
     8c2:	5b 2b       	or	r21, r27
     8c4:	da 01       	movw	r26, r20
     8c6:	c9 01       	movw	r24, r18
     8c8:	8f 77       	andi	r24, 0x7F	; 127
     8ca:	90 70       	andi	r25, 0x00	; 0
     8cc:	a0 70       	andi	r26, 0x00	; 0
     8ce:	b0 70       	andi	r27, 0x00	; 0
     8d0:	80 34       	cpi	r24, 0x40	; 64
     8d2:	91 05       	cpc	r25, r1
     8d4:	a1 05       	cpc	r26, r1
     8d6:	b1 05       	cpc	r27, r1
     8d8:	39 f4       	brne	.+14     	; 0x8e8 <__stack+0x89>
     8da:	27 ff       	sbrs	r18, 7
     8dc:	09 c0       	rjmp	.+18     	; 0x8f0 <__stack+0x91>
     8de:	20 5c       	subi	r18, 0xC0	; 192
     8e0:	3f 4f       	sbci	r19, 0xFF	; 255
     8e2:	4f 4f       	sbci	r20, 0xFF	; 255
     8e4:	5f 4f       	sbci	r21, 0xFF	; 255
     8e6:	04 c0       	rjmp	.+8      	; 0x8f0 <__stack+0x91>
     8e8:	21 5c       	subi	r18, 0xC1	; 193
     8ea:	3f 4f       	sbci	r19, 0xFF	; 255
     8ec:	4f 4f       	sbci	r20, 0xFF	; 255
     8ee:	5f 4f       	sbci	r21, 0xFF	; 255
     8f0:	e0 e0       	ldi	r30, 0x00	; 0
     8f2:	f0 e0       	ldi	r31, 0x00	; 0
     8f4:	20 30       	cpi	r18, 0x00	; 0
     8f6:	a0 e0       	ldi	r26, 0x00	; 0
     8f8:	3a 07       	cpc	r19, r26
     8fa:	a0 e0       	ldi	r26, 0x00	; 0
     8fc:	4a 07       	cpc	r20, r26
     8fe:	a0 e4       	ldi	r26, 0x40	; 64
     900:	5a 07       	cpc	r21, r26
     902:	10 f0       	brcs	.+4      	; 0x908 <__stack+0xa9>
     904:	e1 e0       	ldi	r30, 0x01	; 1
     906:	f0 e0       	ldi	r31, 0x00	; 0
     908:	79 01       	movw	r14, r18
     90a:	8a 01       	movw	r16, r20
     90c:	27 c0       	rjmp	.+78     	; 0x95c <__stack+0xfd>
     90e:	60 38       	cpi	r22, 0x80	; 128
     910:	71 05       	cpc	r23, r1
     912:	64 f5       	brge	.+88     	; 0x96c <__stack+0x10d>
     914:	fb 01       	movw	r30, r22
     916:	e1 58       	subi	r30, 0x81	; 129
     918:	ff 4f       	sbci	r31, 0xFF	; 255
     91a:	d8 01       	movw	r26, r16
     91c:	c7 01       	movw	r24, r14
     91e:	8f 77       	andi	r24, 0x7F	; 127
     920:	90 70       	andi	r25, 0x00	; 0
     922:	a0 70       	andi	r26, 0x00	; 0
     924:	b0 70       	andi	r27, 0x00	; 0
     926:	80 34       	cpi	r24, 0x40	; 64
     928:	91 05       	cpc	r25, r1
     92a:	a1 05       	cpc	r26, r1
     92c:	b1 05       	cpc	r27, r1
     92e:	39 f4       	brne	.+14     	; 0x93e <__stack+0xdf>
     930:	e7 fe       	sbrs	r14, 7
     932:	0d c0       	rjmp	.+26     	; 0x94e <__stack+0xef>
     934:	80 e4       	ldi	r24, 0x40	; 64
     936:	90 e0       	ldi	r25, 0x00	; 0
     938:	a0 e0       	ldi	r26, 0x00	; 0
     93a:	b0 e0       	ldi	r27, 0x00	; 0
     93c:	04 c0       	rjmp	.+8      	; 0x946 <__stack+0xe7>
     93e:	8f e3       	ldi	r24, 0x3F	; 63
     940:	90 e0       	ldi	r25, 0x00	; 0
     942:	a0 e0       	ldi	r26, 0x00	; 0
     944:	b0 e0       	ldi	r27, 0x00	; 0
     946:	e8 0e       	add	r14, r24
     948:	f9 1e       	adc	r15, r25
     94a:	0a 1f       	adc	r16, r26
     94c:	1b 1f       	adc	r17, r27
     94e:	17 ff       	sbrs	r17, 7
     950:	05 c0       	rjmp	.+10     	; 0x95c <__stack+0xfd>
     952:	16 95       	lsr	r17
     954:	07 95       	ror	r16
     956:	f7 94       	ror	r15
     958:	e7 94       	ror	r14
     95a:	31 96       	adiw	r30, 0x01	; 1
     95c:	87 e0       	ldi	r24, 0x07	; 7
     95e:	16 95       	lsr	r17
     960:	07 95       	ror	r16
     962:	f7 94       	ror	r15
     964:	e7 94       	ror	r14
     966:	8a 95       	dec	r24
     968:	d1 f7       	brne	.-12     	; 0x95e <__stack+0xff>
     96a:	05 c0       	rjmp	.+10     	; 0x976 <__stack+0x117>
     96c:	ee 24       	eor	r14, r14
     96e:	ff 24       	eor	r15, r15
     970:	87 01       	movw	r16, r14
     972:	ef ef       	ldi	r30, 0xFF	; 255
     974:	f0 e0       	ldi	r31, 0x00	; 0
     976:	6e 2f       	mov	r22, r30
     978:	67 95       	ror	r22
     97a:	66 27       	eor	r22, r22
     97c:	67 95       	ror	r22
     97e:	90 2f       	mov	r25, r16
     980:	9f 77       	andi	r25, 0x7F	; 127
     982:	d7 94       	ror	r13
     984:	dd 24       	eor	r13, r13
     986:	d7 94       	ror	r13
     988:	8e 2f       	mov	r24, r30
     98a:	86 95       	lsr	r24
     98c:	49 2f       	mov	r20, r25
     98e:	46 2b       	or	r20, r22
     990:	58 2f       	mov	r21, r24
     992:	5d 29       	or	r21, r13
     994:	b7 01       	movw	r22, r14
     996:	ca 01       	movw	r24, r20
     998:	1f 91       	pop	r17
     99a:	0f 91       	pop	r16
     99c:	ff 90       	pop	r15
     99e:	ef 90       	pop	r14
     9a0:	df 90       	pop	r13
     9a2:	08 95       	ret

000009a4 <__unpack_f>:
     9a4:	fc 01       	movw	r30, r24
     9a6:	db 01       	movw	r26, r22
     9a8:	40 81       	ld	r20, Z
     9aa:	51 81       	ldd	r21, Z+1	; 0x01
     9ac:	22 81       	ldd	r18, Z+2	; 0x02
     9ae:	62 2f       	mov	r22, r18
     9b0:	6f 77       	andi	r22, 0x7F	; 127
     9b2:	70 e0       	ldi	r23, 0x00	; 0
     9b4:	22 1f       	adc	r18, r18
     9b6:	22 27       	eor	r18, r18
     9b8:	22 1f       	adc	r18, r18
     9ba:	93 81       	ldd	r25, Z+3	; 0x03
     9bc:	89 2f       	mov	r24, r25
     9be:	88 0f       	add	r24, r24
     9c0:	82 2b       	or	r24, r18
     9c2:	28 2f       	mov	r18, r24
     9c4:	30 e0       	ldi	r19, 0x00	; 0
     9c6:	99 1f       	adc	r25, r25
     9c8:	99 27       	eor	r25, r25
     9ca:	99 1f       	adc	r25, r25
     9cc:	11 96       	adiw	r26, 0x01	; 1
     9ce:	9c 93       	st	X, r25
     9d0:	11 97       	sbiw	r26, 0x01	; 1
     9d2:	21 15       	cp	r18, r1
     9d4:	31 05       	cpc	r19, r1
     9d6:	a9 f5       	brne	.+106    	; 0xa42 <__unpack_f+0x9e>
     9d8:	41 15       	cp	r20, r1
     9da:	51 05       	cpc	r21, r1
     9dc:	61 05       	cpc	r22, r1
     9de:	71 05       	cpc	r23, r1
     9e0:	11 f4       	brne	.+4      	; 0x9e6 <__unpack_f+0x42>
     9e2:	82 e0       	ldi	r24, 0x02	; 2
     9e4:	37 c0       	rjmp	.+110    	; 0xa54 <__unpack_f+0xb0>
     9e6:	82 e8       	ldi	r24, 0x82	; 130
     9e8:	9f ef       	ldi	r25, 0xFF	; 255
     9ea:	13 96       	adiw	r26, 0x03	; 3
     9ec:	9c 93       	st	X, r25
     9ee:	8e 93       	st	-X, r24
     9f0:	12 97       	sbiw	r26, 0x02	; 2
     9f2:	9a 01       	movw	r18, r20
     9f4:	ab 01       	movw	r20, r22
     9f6:	67 e0       	ldi	r22, 0x07	; 7
     9f8:	22 0f       	add	r18, r18
     9fa:	33 1f       	adc	r19, r19
     9fc:	44 1f       	adc	r20, r20
     9fe:	55 1f       	adc	r21, r21
     a00:	6a 95       	dec	r22
     a02:	d1 f7       	brne	.-12     	; 0x9f8 <__unpack_f+0x54>
     a04:	83 e0       	ldi	r24, 0x03	; 3
     a06:	8c 93       	st	X, r24
     a08:	0d c0       	rjmp	.+26     	; 0xa24 <__unpack_f+0x80>
     a0a:	22 0f       	add	r18, r18
     a0c:	33 1f       	adc	r19, r19
     a0e:	44 1f       	adc	r20, r20
     a10:	55 1f       	adc	r21, r21
     a12:	12 96       	adiw	r26, 0x02	; 2
     a14:	8d 91       	ld	r24, X+
     a16:	9c 91       	ld	r25, X
     a18:	13 97       	sbiw	r26, 0x03	; 3
     a1a:	01 97       	sbiw	r24, 0x01	; 1
     a1c:	13 96       	adiw	r26, 0x03	; 3
     a1e:	9c 93       	st	X, r25
     a20:	8e 93       	st	-X, r24
     a22:	12 97       	sbiw	r26, 0x02	; 2
     a24:	20 30       	cpi	r18, 0x00	; 0
     a26:	80 e0       	ldi	r24, 0x00	; 0
     a28:	38 07       	cpc	r19, r24
     a2a:	80 e0       	ldi	r24, 0x00	; 0
     a2c:	48 07       	cpc	r20, r24
     a2e:	80 e4       	ldi	r24, 0x40	; 64
     a30:	58 07       	cpc	r21, r24
     a32:	58 f3       	brcs	.-42     	; 0xa0a <__unpack_f+0x66>
     a34:	14 96       	adiw	r26, 0x04	; 4
     a36:	2d 93       	st	X+, r18
     a38:	3d 93       	st	X+, r19
     a3a:	4d 93       	st	X+, r20
     a3c:	5c 93       	st	X, r21
     a3e:	17 97       	sbiw	r26, 0x07	; 7
     a40:	08 95       	ret
     a42:	2f 3f       	cpi	r18, 0xFF	; 255
     a44:	31 05       	cpc	r19, r1
     a46:	79 f4       	brne	.+30     	; 0xa66 <__unpack_f+0xc2>
     a48:	41 15       	cp	r20, r1
     a4a:	51 05       	cpc	r21, r1
     a4c:	61 05       	cpc	r22, r1
     a4e:	71 05       	cpc	r23, r1
     a50:	19 f4       	brne	.+6      	; 0xa58 <__unpack_f+0xb4>
     a52:	84 e0       	ldi	r24, 0x04	; 4
     a54:	8c 93       	st	X, r24
     a56:	08 95       	ret
     a58:	64 ff       	sbrs	r22, 4
     a5a:	03 c0       	rjmp	.+6      	; 0xa62 <__unpack_f+0xbe>
     a5c:	81 e0       	ldi	r24, 0x01	; 1
     a5e:	8c 93       	st	X, r24
     a60:	12 c0       	rjmp	.+36     	; 0xa86 <__unpack_f+0xe2>
     a62:	1c 92       	st	X, r1
     a64:	10 c0       	rjmp	.+32     	; 0xa86 <__unpack_f+0xe2>
     a66:	2f 57       	subi	r18, 0x7F	; 127
     a68:	30 40       	sbci	r19, 0x00	; 0
     a6a:	13 96       	adiw	r26, 0x03	; 3
     a6c:	3c 93       	st	X, r19
     a6e:	2e 93       	st	-X, r18
     a70:	12 97       	sbiw	r26, 0x02	; 2
     a72:	83 e0       	ldi	r24, 0x03	; 3
     a74:	8c 93       	st	X, r24
     a76:	87 e0       	ldi	r24, 0x07	; 7
     a78:	44 0f       	add	r20, r20
     a7a:	55 1f       	adc	r21, r21
     a7c:	66 1f       	adc	r22, r22
     a7e:	77 1f       	adc	r23, r23
     a80:	8a 95       	dec	r24
     a82:	d1 f7       	brne	.-12     	; 0xa78 <__unpack_f+0xd4>
     a84:	70 64       	ori	r23, 0x40	; 64
     a86:	14 96       	adiw	r26, 0x04	; 4
     a88:	4d 93       	st	X+, r20
     a8a:	5d 93       	st	X+, r21
     a8c:	6d 93       	st	X+, r22
     a8e:	7c 93       	st	X, r23
     a90:	17 97       	sbiw	r26, 0x07	; 7
     a92:	08 95       	ret

00000a94 <__fpcmp_parts_f>:
     a94:	1f 93       	push	r17
     a96:	dc 01       	movw	r26, r24
     a98:	fb 01       	movw	r30, r22
     a9a:	9c 91       	ld	r25, X
     a9c:	92 30       	cpi	r25, 0x02	; 2
     a9e:	08 f4       	brcc	.+2      	; 0xaa2 <__fpcmp_parts_f+0xe>
     aa0:	47 c0       	rjmp	.+142    	; 0xb30 <__fpcmp_parts_f+0x9c>
     aa2:	80 81       	ld	r24, Z
     aa4:	82 30       	cpi	r24, 0x02	; 2
     aa6:	08 f4       	brcc	.+2      	; 0xaaa <__fpcmp_parts_f+0x16>
     aa8:	43 c0       	rjmp	.+134    	; 0xb30 <__fpcmp_parts_f+0x9c>
     aaa:	94 30       	cpi	r25, 0x04	; 4
     aac:	51 f4       	brne	.+20     	; 0xac2 <__fpcmp_parts_f+0x2e>
     aae:	11 96       	adiw	r26, 0x01	; 1
     ab0:	1c 91       	ld	r17, X
     ab2:	84 30       	cpi	r24, 0x04	; 4
     ab4:	99 f5       	brne	.+102    	; 0xb1c <__fpcmp_parts_f+0x88>
     ab6:	81 81       	ldd	r24, Z+1	; 0x01
     ab8:	68 2f       	mov	r22, r24
     aba:	70 e0       	ldi	r23, 0x00	; 0
     abc:	61 1b       	sub	r22, r17
     abe:	71 09       	sbc	r23, r1
     ac0:	3f c0       	rjmp	.+126    	; 0xb40 <__fpcmp_parts_f+0xac>
     ac2:	84 30       	cpi	r24, 0x04	; 4
     ac4:	21 f0       	breq	.+8      	; 0xace <__fpcmp_parts_f+0x3a>
     ac6:	92 30       	cpi	r25, 0x02	; 2
     ac8:	31 f4       	brne	.+12     	; 0xad6 <__fpcmp_parts_f+0x42>
     aca:	82 30       	cpi	r24, 0x02	; 2
     acc:	b9 f1       	breq	.+110    	; 0xb3c <__fpcmp_parts_f+0xa8>
     ace:	81 81       	ldd	r24, Z+1	; 0x01
     ad0:	88 23       	and	r24, r24
     ad2:	89 f1       	breq	.+98     	; 0xb36 <__fpcmp_parts_f+0xa2>
     ad4:	2d c0       	rjmp	.+90     	; 0xb30 <__fpcmp_parts_f+0x9c>
     ad6:	11 96       	adiw	r26, 0x01	; 1
     ad8:	1c 91       	ld	r17, X
     ada:	11 97       	sbiw	r26, 0x01	; 1
     adc:	82 30       	cpi	r24, 0x02	; 2
     ade:	f1 f0       	breq	.+60     	; 0xb1c <__fpcmp_parts_f+0x88>
     ae0:	81 81       	ldd	r24, Z+1	; 0x01
     ae2:	18 17       	cp	r17, r24
     ae4:	d9 f4       	brne	.+54     	; 0xb1c <__fpcmp_parts_f+0x88>
     ae6:	12 96       	adiw	r26, 0x02	; 2
     ae8:	2d 91       	ld	r18, X+
     aea:	3c 91       	ld	r19, X
     aec:	13 97       	sbiw	r26, 0x03	; 3
     aee:	82 81       	ldd	r24, Z+2	; 0x02
     af0:	93 81       	ldd	r25, Z+3	; 0x03
     af2:	82 17       	cp	r24, r18
     af4:	93 07       	cpc	r25, r19
     af6:	94 f0       	brlt	.+36     	; 0xb1c <__fpcmp_parts_f+0x88>
     af8:	28 17       	cp	r18, r24
     afa:	39 07       	cpc	r19, r25
     afc:	bc f0       	brlt	.+46     	; 0xb2c <__fpcmp_parts_f+0x98>
     afe:	14 96       	adiw	r26, 0x04	; 4
     b00:	8d 91       	ld	r24, X+
     b02:	9d 91       	ld	r25, X+
     b04:	0d 90       	ld	r0, X+
     b06:	bc 91       	ld	r27, X
     b08:	a0 2d       	mov	r26, r0
     b0a:	24 81       	ldd	r18, Z+4	; 0x04
     b0c:	35 81       	ldd	r19, Z+5	; 0x05
     b0e:	46 81       	ldd	r20, Z+6	; 0x06
     b10:	57 81       	ldd	r21, Z+7	; 0x07
     b12:	28 17       	cp	r18, r24
     b14:	39 07       	cpc	r19, r25
     b16:	4a 07       	cpc	r20, r26
     b18:	5b 07       	cpc	r21, r27
     b1a:	18 f4       	brcc	.+6      	; 0xb22 <__fpcmp_parts_f+0x8e>
     b1c:	11 23       	and	r17, r17
     b1e:	41 f0       	breq	.+16     	; 0xb30 <__fpcmp_parts_f+0x9c>
     b20:	0a c0       	rjmp	.+20     	; 0xb36 <__fpcmp_parts_f+0xa2>
     b22:	82 17       	cp	r24, r18
     b24:	93 07       	cpc	r25, r19
     b26:	a4 07       	cpc	r26, r20
     b28:	b5 07       	cpc	r27, r21
     b2a:	40 f4       	brcc	.+16     	; 0xb3c <__fpcmp_parts_f+0xa8>
     b2c:	11 23       	and	r17, r17
     b2e:	19 f0       	breq	.+6      	; 0xb36 <__fpcmp_parts_f+0xa2>
     b30:	61 e0       	ldi	r22, 0x01	; 1
     b32:	70 e0       	ldi	r23, 0x00	; 0
     b34:	05 c0       	rjmp	.+10     	; 0xb40 <__fpcmp_parts_f+0xac>
     b36:	6f ef       	ldi	r22, 0xFF	; 255
     b38:	7f ef       	ldi	r23, 0xFF	; 255
     b3a:	02 c0       	rjmp	.+4      	; 0xb40 <__fpcmp_parts_f+0xac>
     b3c:	60 e0       	ldi	r22, 0x00	; 0
     b3e:	70 e0       	ldi	r23, 0x00	; 0
     b40:	cb 01       	movw	r24, r22
     b42:	1f 91       	pop	r17
     b44:	08 95       	ret

00000b46 <ADC_init>:

u8 ADC_INS_state=ASYNC_notification;


void ADC_init(void)
{
     b46:	df 93       	push	r29
     b48:	cf 93       	push	r28
     b4a:	cd b7       	in	r28, 0x3d	; 61
     b4c:	de b7       	in	r29, 0x3e	; 62
#if ADC_STATE ==ADC_ENABLE
		SET_BIT(ADCSRA_REG,ADCSRA_ADEN);
     b4e:	a6 e2       	ldi	r26, 0x26	; 38
     b50:	b0 e0       	ldi	r27, 0x00	; 0
     b52:	e6 e2       	ldi	r30, 0x26	; 38
     b54:	f0 e0       	ldi	r31, 0x00	; 0
     b56:	80 81       	ld	r24, Z
     b58:	80 68       	ori	r24, 0x80	; 128
     b5a:	8c 93       	st	X, r24

	#if ADC_REFF==ADC_AREF
		CLR_BIT(ADMUX_REG,ADMUX_REF1);
		CLR_BIT(ADMUX_REG,ADMUX_REF0);
	#elif  ADC_REFF==ADC_AVCC
			CLR_BIT(ADMUX_REG,ADMUX_REF1);
     b5c:	a7 e2       	ldi	r26, 0x27	; 39
     b5e:	b0 e0       	ldi	r27, 0x00	; 0
     b60:	e7 e2       	ldi	r30, 0x27	; 39
     b62:	f0 e0       	ldi	r31, 0x00	; 0
     b64:	80 81       	ld	r24, Z
     b66:	8f 77       	andi	r24, 0x7F	; 127
     b68:	8c 93       	st	X, r24
			SET_BIT(ADMUX_REG,ADMUX_REF0);
     b6a:	a7 e2       	ldi	r26, 0x27	; 39
     b6c:	b0 e0       	ldi	r27, 0x00	; 0
     b6e:	e7 e2       	ldi	r30, 0x27	; 39
     b70:	f0 e0       	ldi	r31, 0x00	; 0
     b72:	80 81       	ld	r24, Z
     b74:	80 64       	ori	r24, 0x40	; 64
     b76:	8c 93       	st	X, r24

	#if ADC_DATA_WRITE ==ADC_LEFT_ADJUST
			SET_BIT(ADMUX_REG,ADMUX_ADLAR);
	
	#elif ADC_DATA_WRITE ==ADC_RIGHT_ADJUST
			CLR_BIT(ADMUX_REG,ADMUX_ADLAR);
     b78:	a7 e2       	ldi	r26, 0x27	; 39
     b7a:	b0 e0       	ldi	r27, 0x00	; 0
     b7c:	e7 e2       	ldi	r30, 0x27	; 39
     b7e:	f0 e0       	ldi	r31, 0x00	; 0
     b80:	80 81       	ld	r24, Z
     b82:	8f 7d       	andi	r24, 0xDF	; 223
     b84:	8c 93       	st	X, r24
			
	#endif

	ADCSRA_REG&=PRE_MASK;	
     b86:	a6 e2       	ldi	r26, 0x26	; 38
     b88:	b0 e0       	ldi	r27, 0x00	; 0
     b8a:	e6 e2       	ldi	r30, 0x26	; 38
     b8c:	f0 e0       	ldi	r31, 0x00	; 0
     b8e:	80 81       	ld	r24, Z
     b90:	88 7f       	andi	r24, 0xF8	; 248
     b92:	8c 93       	st	X, r24
	ADCSRA_REG|=ADC_PRE ;
     b94:	a6 e2       	ldi	r26, 0x26	; 38
     b96:	b0 e0       	ldi	r27, 0x00	; 0
     b98:	e6 e2       	ldi	r30, 0x26	; 38
     b9a:	f0 e0       	ldi	r31, 0x00	; 0
     b9c:	80 81       	ld	r24, Z
     b9e:	87 60       	ori	r24, 0x07	; 7
     ba0:	8c 93       	st	X, r24

	

    #if ADC_INTERRUPT==ADC_Interrupt_Enable
		SET_BIT(ADCSRA_REG,ADCSRA_ADIE);
     ba2:	a6 e2       	ldi	r26, 0x26	; 38
     ba4:	b0 e0       	ldi	r27, 0x00	; 0
     ba6:	e6 e2       	ldi	r30, 0x26	; 38
     ba8:	f0 e0       	ldi	r31, 0x00	; 0
     baa:	80 81       	ld	r24, Z
     bac:	88 60       	ori	r24, 0x08	; 8
     bae:	8c 93       	st	X, r24
	#elif 	ADC_INTERRUPT==ADC_Interrupt_Disable
			 CLR_BIT(ADCSRA_REG,ADCSRA_ADIE);
	#endif
	
	
}
     bb0:	cf 91       	pop	r28
     bb2:	df 91       	pop	r29
     bb4:	08 95       	ret

00000bb6 <ADC_startconversion_sync>:

u8 ADC_startconversion_sync(u8 copy_channel,u16* copy_result)
{
     bb6:	df 93       	push	r29
     bb8:	cf 93       	push	r28
     bba:	00 d0       	rcall	.+0      	; 0xbbc <ADC_startconversion_sync+0x6>
     bbc:	00 d0       	rcall	.+0      	; 0xbbe <ADC_startconversion_sync+0x8>
     bbe:	00 d0       	rcall	.+0      	; 0xbc0 <ADC_startconversion_sync+0xa>
     bc0:	cd b7       	in	r28, 0x3d	; 61
     bc2:	de b7       	in	r29, 0x3e	; 62
     bc4:	8c 83       	std	Y+4, r24	; 0x04
     bc6:	7e 83       	std	Y+6, r23	; 0x06
     bc8:	6d 83       	std	Y+5, r22	; 0x05
	u8 LOC_errorstate=Ok;
     bca:	81 e0       	ldi	r24, 0x01	; 1
     bcc:	8b 83       	std	Y+3, r24	; 0x03
	u32 timeout_counter=0;
     bce:	1a 82       	std	Y+2, r1	; 0x02
     bd0:	19 82       	std	Y+1, r1	; 0x01
	if (copy_result !=Null)
     bd2:	8d 81       	ldd	r24, Y+5	; 0x05
     bd4:	9e 81       	ldd	r25, Y+6	; 0x06
     bd6:	00 97       	sbiw	r24, 0x00	; 0
     bd8:	09 f4       	brne	.+2      	; 0xbdc <ADC_startconversion_sync+0x26>
     bda:	62 c0       	rjmp	.+196    	; 0xca0 <ADC_startconversion_sync+0xea>
	{
		if(ADC_status==IDLE)
     bdc:	80 91 84 00 	lds	r24, 0x0084
     be0:	81 30       	cpi	r24, 0x01	; 1
     be2:	09 f0       	breq	.+2      	; 0xbe6 <ADC_startconversion_sync+0x30>
     be4:	5b c0       	rjmp	.+182    	; 0xc9c <ADC_startconversion_sync+0xe6>
		{
			ADC_status=Busy;
     be6:	10 92 84 00 	sts	0x0084, r1
			
			ADMUX_REG&=MUX_MASK;
     bea:	a7 e2       	ldi	r26, 0x27	; 39
     bec:	b0 e0       	ldi	r27, 0x00	; 0
     bee:	e7 e2       	ldi	r30, 0x27	; 39
     bf0:	f0 e0       	ldi	r31, 0x00	; 0
     bf2:	80 81       	ld	r24, Z
     bf4:	80 7e       	andi	r24, 0xE0	; 224
     bf6:	8c 93       	st	X, r24
			ADMUX_REG|=copy_channel;
     bf8:	a7 e2       	ldi	r26, 0x27	; 39
     bfa:	b0 e0       	ldi	r27, 0x00	; 0
     bfc:	e7 e2       	ldi	r30, 0x27	; 39
     bfe:	f0 e0       	ldi	r31, 0x00	; 0
     c00:	90 81       	ld	r25, Z
     c02:	8c 81       	ldd	r24, Y+4	; 0x04
     c04:	89 2b       	or	r24, r25
     c06:	8c 93       	st	X, r24
			
			SET_BIT(ADCSRA_REG,ADCSRA_ADSC);
     c08:	a6 e2       	ldi	r26, 0x26	; 38
     c0a:	b0 e0       	ldi	r27, 0x00	; 0
     c0c:	e6 e2       	ldi	r30, 0x26	; 38
     c0e:	f0 e0       	ldi	r31, 0x00	; 0
     c10:	80 81       	ld	r24, Z
     c12:	80 64       	ori	r24, 0x40	; 64
     c14:	8c 93       	st	X, r24
     c16:	05 c0       	rjmp	.+10     	; 0xc22 <ADC_startconversion_sync+0x6c>
			
			while(((GET_BIT(ADCSRA_REG,ADCSRA_ADIF))==0) && (timeout_counter<5000)){
				timeout_counter++;
     c18:	89 81       	ldd	r24, Y+1	; 0x01
     c1a:	9a 81       	ldd	r25, Y+2	; 0x02
     c1c:	01 96       	adiw	r24, 0x01	; 1
     c1e:	9a 83       	std	Y+2, r25	; 0x02
     c20:	89 83       	std	Y+1, r24	; 0x01
			ADMUX_REG&=MUX_MASK;
			ADMUX_REG|=copy_channel;
			
			SET_BIT(ADCSRA_REG,ADCSRA_ADSC);
			
			while(((GET_BIT(ADCSRA_REG,ADCSRA_ADIF))==0) && (timeout_counter<5000)){
     c22:	e6 e2       	ldi	r30, 0x26	; 38
     c24:	f0 e0       	ldi	r31, 0x00	; 0
     c26:	80 81       	ld	r24, Z
     c28:	88 2f       	mov	r24, r24
     c2a:	90 e0       	ldi	r25, 0x00	; 0
     c2c:	80 71       	andi	r24, 0x10	; 16
     c2e:	90 70       	andi	r25, 0x00	; 0
     c30:	95 95       	asr	r25
     c32:	87 95       	ror	r24
     c34:	95 95       	asr	r25
     c36:	87 95       	ror	r24
     c38:	95 95       	asr	r25
     c3a:	87 95       	ror	r24
     c3c:	95 95       	asr	r25
     c3e:	87 95       	ror	r24
     c40:	00 97       	sbiw	r24, 0x00	; 0
     c42:	31 f4       	brne	.+12     	; 0xc50 <ADC_startconversion_sync+0x9a>
     c44:	89 81       	ldd	r24, Y+1	; 0x01
     c46:	9a 81       	ldd	r25, Y+2	; 0x02
     c48:	23 e1       	ldi	r18, 0x13	; 19
     c4a:	88 38       	cpi	r24, 0x88	; 136
     c4c:	92 07       	cpc	r25, r18
     c4e:	20 f3       	brcs	.-56     	; 0xc18 <ADC_startconversion_sync+0x62>
				timeout_counter++;
			}
			if(timeout_counter==5000)
     c50:	89 81       	ldd	r24, Y+1	; 0x01
     c52:	9a 81       	ldd	r25, Y+2	; 0x02
     c54:	23 e1       	ldi	r18, 0x13	; 19
     c56:	88 38       	cpi	r24, 0x88	; 136
     c58:	92 07       	cpc	r25, r18
     c5a:	19 f4       	brne	.+6      	; 0xc62 <ADC_startconversion_sync+0xac>
			{
				LOC_errorstate=TIME_OUT_STATE;
     c5c:	85 e0       	ldi	r24, 0x05	; 5
     c5e:	8b 83       	std	Y+3, r24	; 0x03
     c60:	19 c0       	rjmp	.+50     	; 0xc94 <ADC_startconversion_sync+0xde>
			}
			else {
				SET_BIT(ADCSRA_REG,ADCSRA_ADIF);
     c62:	a6 e2       	ldi	r26, 0x26	; 38
     c64:	b0 e0       	ldi	r27, 0x00	; 0
     c66:	e6 e2       	ldi	r30, 0x26	; 38
     c68:	f0 e0       	ldi	r31, 0x00	; 0
     c6a:	80 81       	ld	r24, Z
     c6c:	80 61       	ori	r24, 0x10	; 16
     c6e:	8c 93       	st	X, r24
				#if ADC_DATA_WRITE==ADC_LEFT_ADJUST
				*copy_result=ADCH;
				#elif ADC_DATA_WRITE==ADC_RIGHT_ADJUST
				*copy_result=(ADCL|(ADCH<<8));
     c70:	e4 e2       	ldi	r30, 0x24	; 36
     c72:	f0 e0       	ldi	r31, 0x00	; 0
     c74:	80 81       	ld	r24, Z
     c76:	28 2f       	mov	r18, r24
     c78:	30 e0       	ldi	r19, 0x00	; 0
     c7a:	e5 e2       	ldi	r30, 0x25	; 37
     c7c:	f0 e0       	ldi	r31, 0x00	; 0
     c7e:	80 81       	ld	r24, Z
     c80:	88 2f       	mov	r24, r24
     c82:	90 e0       	ldi	r25, 0x00	; 0
     c84:	98 2f       	mov	r25, r24
     c86:	88 27       	eor	r24, r24
     c88:	82 2b       	or	r24, r18
     c8a:	93 2b       	or	r25, r19
     c8c:	ed 81       	ldd	r30, Y+5	; 0x05
     c8e:	fe 81       	ldd	r31, Y+6	; 0x06
     c90:	91 83       	std	Z+1, r25	; 0x01
     c92:	80 83       	st	Z, r24
				#error "Wrong ADC_DATA_WRITE in config file"
				#endif
				
				
			}
			ADC_status=IDLE;
     c94:	81 e0       	ldi	r24, 0x01	; 1
     c96:	80 93 84 00 	sts	0x0084, r24
     c9a:	03 c0       	rjmp	.+6      	; 0xca2 <ADC_startconversion_sync+0xec>
		}
		else
		{
			LOC_errorstate=Busy;
     c9c:	1b 82       	std	Y+3, r1	; 0x03
     c9e:	01 c0       	rjmp	.+2      	; 0xca2 <ADC_startconversion_sync+0xec>
		}
		
	}
	else{
		LOC_errorstate=Nok;
     ca0:	1b 82       	std	Y+3, r1	; 0x03
	}
	return LOC_errorstate;
     ca2:	8b 81       	ldd	r24, Y+3	; 0x03
}
     ca4:	26 96       	adiw	r28, 0x06	; 6
     ca6:	0f b6       	in	r0, 0x3f	; 63
     ca8:	f8 94       	cli
     caa:	de bf       	out	0x3e, r29	; 62
     cac:	0f be       	out	0x3f, r0	; 63
     cae:	cd bf       	out	0x3d, r28	; 61
     cb0:	cf 91       	pop	r28
     cb2:	df 91       	pop	r29
     cb4:	08 95       	ret

00000cb6 <ADC_startconversion_Async>:

u8 ADC_startconversion_Async(u8 copy_channel,u8* result , void (*copy_notification)(void))
{
     cb6:	df 93       	push	r29
     cb8:	cf 93       	push	r28
     cba:	00 d0       	rcall	.+0      	; 0xcbc <ADC_startconversion_Async+0x6>
     cbc:	00 d0       	rcall	.+0      	; 0xcbe <ADC_startconversion_Async+0x8>
     cbe:	00 d0       	rcall	.+0      	; 0xcc0 <ADC_startconversion_Async+0xa>
     cc0:	cd b7       	in	r28, 0x3d	; 61
     cc2:	de b7       	in	r29, 0x3e	; 62
     cc4:	8a 83       	std	Y+2, r24	; 0x02
     cc6:	7c 83       	std	Y+4, r23	; 0x04
     cc8:	6b 83       	std	Y+3, r22	; 0x03
     cca:	5e 83       	std	Y+6, r21	; 0x06
     ccc:	4d 83       	std	Y+5, r20	; 0x05
	u8 LOC_errorstate=Ok;
     cce:	81 e0       	ldi	r24, 0x01	; 1
     cd0:	89 83       	std	Y+1, r24	; 0x01
	if(copy_notification!=Null && result !=Null)
     cd2:	8d 81       	ldd	r24, Y+5	; 0x05
     cd4:	9e 81       	ldd	r25, Y+6	; 0x06
     cd6:	00 97       	sbiw	r24, 0x00	; 0
     cd8:	71 f1       	breq	.+92     	; 0xd36 <ADC_startconversion_Async+0x80>
     cda:	8b 81       	ldd	r24, Y+3	; 0x03
     cdc:	9c 81       	ldd	r25, Y+4	; 0x04
     cde:	00 97       	sbiw	r24, 0x00	; 0
     ce0:	51 f1       	breq	.+84     	; 0xd36 <ADC_startconversion_Async+0x80>
	{
		if(ADC_status==IDLE)
     ce2:	80 91 84 00 	lds	r24, 0x0084
     ce6:	81 30       	cpi	r24, 0x01	; 1
     ce8:	29 f5       	brne	.+74     	; 0xd34 <ADC_startconversion_Async+0x7e>
		{	ADC_ASYNC_result=result;
     cea:	8b 81       	ldd	r24, Y+3	; 0x03
     cec:	9c 81       	ldd	r25, Y+4	; 0x04
     cee:	90 93 8d 00 	sts	0x008D, r25
     cf2:	80 93 8c 00 	sts	0x008C, r24
			ADC_ASYNC_notification=copy_notification;
     cf6:	8d 81       	ldd	r24, Y+5	; 0x05
     cf8:	9e 81       	ldd	r25, Y+6	; 0x06
     cfa:	90 93 8f 00 	sts	0x008F, r25
     cfe:	80 93 8e 00 	sts	0x008E, r24
			ADC_INS_state=ASYNC_notification;
     d02:	10 92 96 00 	sts	0x0096, r1
			
			ADMUX_REG&=MUX_MASK;
     d06:	a7 e2       	ldi	r26, 0x27	; 39
     d08:	b0 e0       	ldi	r27, 0x00	; 0
     d0a:	e7 e2       	ldi	r30, 0x27	; 39
     d0c:	f0 e0       	ldi	r31, 0x00	; 0
     d0e:	80 81       	ld	r24, Z
     d10:	80 7e       	andi	r24, 0xE0	; 224
     d12:	8c 93       	st	X, r24
			ADMUX_REG|=copy_channel;
     d14:	a7 e2       	ldi	r26, 0x27	; 39
     d16:	b0 e0       	ldi	r27, 0x00	; 0
     d18:	e7 e2       	ldi	r30, 0x27	; 39
     d1a:	f0 e0       	ldi	r31, 0x00	; 0
     d1c:	90 81       	ld	r25, Z
     d1e:	8a 81       	ldd	r24, Y+2	; 0x02
     d20:	89 2b       	or	r24, r25
     d22:	8c 93       	st	X, r24
			SET_BIT(ADCSRA_REG,ADCSRA_ADSC);
     d24:	a6 e2       	ldi	r26, 0x26	; 38
     d26:	b0 e0       	ldi	r27, 0x00	; 0
     d28:	e6 e2       	ldi	r30, 0x26	; 38
     d2a:	f0 e0       	ldi	r31, 0x00	; 0
     d2c:	80 81       	ld	r24, Z
     d2e:	80 64       	ori	r24, 0x40	; 64
     d30:	8c 93       	st	X, r24
     d32:	01 c0       	rjmp	.+2      	; 0xd36 <ADC_startconversion_Async+0x80>
			
		}
		else{
			LOC_errorstate=Busy;
     d34:	19 82       	std	Y+1, r1	; 0x01
	}
	else 
	{
	//	#error "No Notification Function"
	}
	return LOC_errorstate;
     d36:	89 81       	ldd	r24, Y+1	; 0x01
}
     d38:	26 96       	adiw	r28, 0x06	; 6
     d3a:	0f b6       	in	r0, 0x3f	; 63
     d3c:	f8 94       	cli
     d3e:	de bf       	out	0x3e, r29	; 62
     d40:	0f be       	out	0x3f, r0	; 63
     d42:	cd bf       	out	0x3d, r28	; 61
     d44:	cf 91       	pop	r28
     d46:	df 91       	pop	r29
     d48:	08 95       	ret

00000d4a <ADC_chainAsync>:


u8 ADC_chainAsync(chain_t copy_chain)
{
     d4a:	df 93       	push	r29
     d4c:	cf 93       	push	r28
     d4e:	cd b7       	in	r28, 0x3d	; 61
     d50:	de b7       	in	r29, 0x3e	; 62
     d52:	28 97       	sbiw	r28, 0x08	; 8
     d54:	0f b6       	in	r0, 0x3f	; 63
     d56:	f8 94       	cli
     d58:	de bf       	out	0x3e, r29	; 62
     d5a:	0f be       	out	0x3f, r0	; 63
     d5c:	cd bf       	out	0x3d, r28	; 61
     d5e:	2a 83       	std	Y+2, r18	; 0x02
     d60:	3b 83       	std	Y+3, r19	; 0x03
     d62:	4c 83       	std	Y+4, r20	; 0x04
     d64:	5d 83       	std	Y+5, r21	; 0x05
     d66:	6e 83       	std	Y+6, r22	; 0x06
     d68:	7f 83       	std	Y+7, r23	; 0x07
     d6a:	88 87       	std	Y+8, r24	; 0x08
	u8 LOC_errorstate=Ok;
     d6c:	81 e0       	ldi	r24, 0x01	; 1
     d6e:	89 83       	std	Y+1, r24	; 0x01
	if(copy_chain.channel!=Null && copy_chain.result != Null && copy_chain.size !=Null && copy_chain. notification_fun !=Null)
     d70:	8a 81       	ldd	r24, Y+2	; 0x02
     d72:	9b 81       	ldd	r25, Y+3	; 0x03
     d74:	00 97       	sbiw	r24, 0x00	; 0
     d76:	09 f4       	brne	.+2      	; 0xd7a <ADC_chainAsync+0x30>
     d78:	4e c0       	rjmp	.+156    	; 0xe16 <ADC_chainAsync+0xcc>
     d7a:	8c 81       	ldd	r24, Y+4	; 0x04
     d7c:	9d 81       	ldd	r25, Y+5	; 0x05
     d7e:	00 97       	sbiw	r24, 0x00	; 0
     d80:	09 f4       	brne	.+2      	; 0xd84 <ADC_chainAsync+0x3a>
     d82:	49 c0       	rjmp	.+146    	; 0xe16 <ADC_chainAsync+0xcc>
     d84:	8e 81       	ldd	r24, Y+6	; 0x06
     d86:	88 23       	and	r24, r24
     d88:	09 f4       	brne	.+2      	; 0xd8c <ADC_chainAsync+0x42>
     d8a:	45 c0       	rjmp	.+138    	; 0xe16 <ADC_chainAsync+0xcc>
     d8c:	8f 81       	ldd	r24, Y+7	; 0x07
     d8e:	98 85       	ldd	r25, Y+8	; 0x08
     d90:	00 97       	sbiw	r24, 0x00	; 0
     d92:	09 f4       	brne	.+2      	; 0xd96 <ADC_chainAsync+0x4c>
     d94:	40 c0       	rjmp	.+128    	; 0xe16 <ADC_chainAsync+0xcc>
	{
		if(ADC_status==Busy)
     d96:	80 91 84 00 	lds	r24, 0x0084
     d9a:	88 23       	and	r24, r24
     d9c:	d1 f5       	brne	.+116    	; 0xe12 <ADC_chainAsync+0xc8>
		{
			ADC_chain_channel=copy_chain.channel;
     d9e:	8a 81       	ldd	r24, Y+2	; 0x02
     da0:	9b 81       	ldd	r25, Y+3	; 0x03
     da2:	90 93 91 00 	sts	0x0091, r25
     da6:	80 93 90 00 	sts	0x0090, r24
			ADC_chain_result=copy_chain.result;
     daa:	8c 81       	ldd	r24, Y+4	; 0x04
     dac:	9d 81       	ldd	r25, Y+5	; 0x05
     dae:	90 93 93 00 	sts	0x0093, r25
     db2:	80 93 92 00 	sts	0x0092, r24
			ADC_chain_size=copy_chain.size;
     db6:	8e 81       	ldd	r24, Y+6	; 0x06
     db8:	80 93 95 00 	sts	0x0095, r24
			ADC_ASYNC_notification=copy_chain.notification_fun;
     dbc:	8f 81       	ldd	r24, Y+7	; 0x07
     dbe:	98 85       	ldd	r25, Y+8	; 0x08
     dc0:	90 93 8f 00 	sts	0x008F, r25
     dc4:	80 93 8e 00 	sts	0x008E, r24
			
			ADC_INS_state=chain_notification;
     dc8:	81 e0       	ldi	r24, 0x01	; 1
     dca:	80 93 96 00 	sts	0x0096, r24
			
			ADMUX_REG&=MUX_MASK;
     dce:	a7 e2       	ldi	r26, 0x27	; 39
     dd0:	b0 e0       	ldi	r27, 0x00	; 0
     dd2:	e7 e2       	ldi	r30, 0x27	; 39
     dd4:	f0 e0       	ldi	r31, 0x00	; 0
     dd6:	80 81       	ld	r24, Z
     dd8:	80 7e       	andi	r24, 0xE0	; 224
     dda:	8c 93       	st	X, r24
			ADMUX_REG|=ADC_chain_channel[ADC_chain_index];
     ddc:	a7 e2       	ldi	r26, 0x27	; 39
     dde:	b0 e0       	ldi	r27, 0x00	; 0
     de0:	e7 e2       	ldi	r30, 0x27	; 39
     de2:	f0 e0       	ldi	r31, 0x00	; 0
     de4:	40 81       	ld	r20, Z
     de6:	20 91 90 00 	lds	r18, 0x0090
     dea:	30 91 91 00 	lds	r19, 0x0091
     dee:	80 91 94 00 	lds	r24, 0x0094
     df2:	88 2f       	mov	r24, r24
     df4:	90 e0       	ldi	r25, 0x00	; 0
     df6:	f9 01       	movw	r30, r18
     df8:	e8 0f       	add	r30, r24
     dfa:	f9 1f       	adc	r31, r25
     dfc:	80 81       	ld	r24, Z
     dfe:	84 2b       	or	r24, r20
     e00:	8c 93       	st	X, r24
			
			SET_BIT(ADCSRA_REG,ADCSRA_ADSC);
     e02:	a6 e2       	ldi	r26, 0x26	; 38
     e04:	b0 e0       	ldi	r27, 0x00	; 0
     e06:	e6 e2       	ldi	r30, 0x26	; 38
     e08:	f0 e0       	ldi	r31, 0x00	; 0
     e0a:	80 81       	ld	r24, Z
     e0c:	80 64       	ori	r24, 0x40	; 64
     e0e:	8c 93       	st	X, r24
     e10:	03 c0       	rjmp	.+6      	; 0xe18 <ADC_chainAsync+0xce>
		}
		else{
			LOC_errorstate=Busy;
     e12:	19 82       	std	Y+1, r1	; 0x01
     e14:	01 c0       	rjmp	.+2      	; 0xe18 <ADC_chainAsync+0xce>
		}
	}
	else 
	{
		LOC_errorstate=Null_pointer;
     e16:	19 82       	std	Y+1, r1	; 0x01
	}
	return LOC_errorstate;
     e18:	89 81       	ldd	r24, Y+1	; 0x01
}
     e1a:	28 96       	adiw	r28, 0x08	; 8
     e1c:	0f b6       	in	r0, 0x3f	; 63
     e1e:	f8 94       	cli
     e20:	de bf       	out	0x3e, r29	; 62
     e22:	0f be       	out	0x3f, r0	; 63
     e24:	cd bf       	out	0x3d, r28	; 61
     e26:	cf 91       	pop	r28
     e28:	df 91       	pop	r29
     e2a:	08 95       	ret

00000e2c <__vector_16>:



void __vector_16 (void)  __attribute__((signal)) ;
void __vector_16 (void)
{	
     e2c:	1f 92       	push	r1
     e2e:	0f 92       	push	r0
     e30:	0f b6       	in	r0, 0x3f	; 63
     e32:	0f 92       	push	r0
     e34:	11 24       	eor	r1, r1
     e36:	2f 93       	push	r18
     e38:	3f 93       	push	r19
     e3a:	4f 93       	push	r20
     e3c:	5f 93       	push	r21
     e3e:	6f 93       	push	r22
     e40:	7f 93       	push	r23
     e42:	8f 93       	push	r24
     e44:	9f 93       	push	r25
     e46:	af 93       	push	r26
     e48:	bf 93       	push	r27
     e4a:	ef 93       	push	r30
     e4c:	ff 93       	push	r31
     e4e:	df 93       	push	r29
     e50:	cf 93       	push	r28
     e52:	cd b7       	in	r28, 0x3d	; 61
     e54:	de b7       	in	r29, 0x3e	; 62
	
	if(ADC_INS_state==ASYNC_notification){
     e56:	80 91 96 00 	lds	r24, 0x0096
     e5a:	88 23       	and	r24, r24
     e5c:	09 f5       	brne	.+66     	; 0xea0 <__vector_16+0x74>
		#if 	ADC_DATA_WRITE==ADC_RIGHT_ADJUST
				*ADC_ASYNC_result=(ADCL|(ADCH<<8));
     e5e:	a0 91 8c 00 	lds	r26, 0x008C
     e62:	b0 91 8d 00 	lds	r27, 0x008D
     e66:	e4 e2       	ldi	r30, 0x24	; 36
     e68:	f0 e0       	ldi	r31, 0x00	; 0
     e6a:	80 81       	ld	r24, Z
     e6c:	28 2f       	mov	r18, r24
     e6e:	e5 e2       	ldi	r30, 0x25	; 37
     e70:	f0 e0       	ldi	r31, 0x00	; 0
     e72:	80 81       	ld	r24, Z
     e74:	88 2f       	mov	r24, r24
     e76:	90 e0       	ldi	r25, 0x00	; 0
     e78:	98 2f       	mov	r25, r24
     e7a:	88 27       	eor	r24, r24
     e7c:	82 2b       	or	r24, r18
     e7e:	8c 93       	st	X, r24
		#elif 	ADC_DATA_WRITE==ADC_LEFT_ADJUST
				*ADC_ASYNC_result=ADCH;
#endif
		ADC_status=IDLE;
     e80:	81 e0       	ldi	r24, 0x01	; 1
     e82:	80 93 84 00 	sts	0x0084, r24
		ADC_ASYNC_notification();
     e86:	e0 91 8e 00 	lds	r30, 0x008E
     e8a:	f0 91 8f 00 	lds	r31, 0x008F
     e8e:	09 95       	icall
		
		CLR_BIT(ADCSRA_REG,ADCSRA_ADIE);
     e90:	a6 e2       	ldi	r26, 0x26	; 38
     e92:	b0 e0       	ldi	r27, 0x00	; 0
     e94:	e6 e2       	ldi	r30, 0x26	; 38
     e96:	f0 e0       	ldi	r31, 0x00	; 0
     e98:	80 81       	ld	r24, Z
     e9a:	87 7f       	andi	r24, 0xF7	; 247
     e9c:	8c 93       	st	X, r24
     e9e:	4f c0       	rjmp	.+158    	; 0xf3e <__vector_16+0x112>
		
	}
	else 
	{
		#if ADC_DATA_WRITE==ADC_RIGHT_ADJUST
		*ADC_chain_result=((ADCL|(ADCH << 8)));
     ea0:	a0 91 92 00 	lds	r26, 0x0092
     ea4:	b0 91 93 00 	lds	r27, 0x0093
     ea8:	e4 e2       	ldi	r30, 0x24	; 36
     eaa:	f0 e0       	ldi	r31, 0x00	; 0
     eac:	80 81       	ld	r24, Z
     eae:	28 2f       	mov	r18, r24
     eb0:	30 e0       	ldi	r19, 0x00	; 0
     eb2:	e5 e2       	ldi	r30, 0x25	; 37
     eb4:	f0 e0       	ldi	r31, 0x00	; 0
     eb6:	80 81       	ld	r24, Z
     eb8:	88 2f       	mov	r24, r24
     eba:	90 e0       	ldi	r25, 0x00	; 0
     ebc:	98 2f       	mov	r25, r24
     ebe:	88 27       	eor	r24, r24
     ec0:	82 2b       	or	r24, r18
     ec2:	93 2b       	or	r25, r19
     ec4:	11 96       	adiw	r26, 0x01	; 1
     ec6:	9c 93       	st	X, r25
     ec8:	8e 93       	st	-X, r24
		#elif ADC_DATA_WRITE==ADC_LEFT_ADJUST
		*ADC_chain_result=ADCH;
       #endif
		ADC_chain_index++;
     eca:	80 91 94 00 	lds	r24, 0x0094
     ece:	8f 5f       	subi	r24, 0xFF	; 255
     ed0:	80 93 94 00 	sts	0x0094, r24
		
		if(ADC_chain_index==ADC_chain_size){
     ed4:	90 91 94 00 	lds	r25, 0x0094
     ed8:	80 91 95 00 	lds	r24, 0x0095
     edc:	98 17       	cp	r25, r24
     ede:	49 f4       	brne	.+18     	; 0xef2 <__vector_16+0xc6>
			ADC_status=IDLE;
     ee0:	81 e0       	ldi	r24, 0x01	; 1
     ee2:	80 93 84 00 	sts	0x0084, r24
			ADC_ASYNC_notification();
     ee6:	e0 91 8e 00 	lds	r30, 0x008E
     eea:	f0 91 8f 00 	lds	r31, 0x008F
     eee:	09 95       	icall
     ef0:	26 c0       	rjmp	.+76     	; 0xf3e <__vector_16+0x112>
			
			
		}
		else
		{
			ADC_ASYNC_notification();
     ef2:	e0 91 8e 00 	lds	r30, 0x008E
     ef6:	f0 91 8f 00 	lds	r31, 0x008F
     efa:	09 95       	icall
			ADMUX_REG&=MUX_MASK;
     efc:	a7 e2       	ldi	r26, 0x27	; 39
     efe:	b0 e0       	ldi	r27, 0x00	; 0
     f00:	e7 e2       	ldi	r30, 0x27	; 39
     f02:	f0 e0       	ldi	r31, 0x00	; 0
     f04:	80 81       	ld	r24, Z
     f06:	80 7e       	andi	r24, 0xE0	; 224
     f08:	8c 93       	st	X, r24
			ADMUX_REG|=ADC_chain_channel[ADC_chain_index];
     f0a:	a7 e2       	ldi	r26, 0x27	; 39
     f0c:	b0 e0       	ldi	r27, 0x00	; 0
     f0e:	e7 e2       	ldi	r30, 0x27	; 39
     f10:	f0 e0       	ldi	r31, 0x00	; 0
     f12:	40 81       	ld	r20, Z
     f14:	20 91 90 00 	lds	r18, 0x0090
     f18:	30 91 91 00 	lds	r19, 0x0091
     f1c:	80 91 94 00 	lds	r24, 0x0094
     f20:	88 2f       	mov	r24, r24
     f22:	90 e0       	ldi	r25, 0x00	; 0
     f24:	f9 01       	movw	r30, r18
     f26:	e8 0f       	add	r30, r24
     f28:	f9 1f       	adc	r31, r25
     f2a:	80 81       	ld	r24, Z
     f2c:	84 2b       	or	r24, r20
     f2e:	8c 93       	st	X, r24
			SET_BIT(ADCSRA_REG,ADCSRA_ADSC);
     f30:	a6 e2       	ldi	r26, 0x26	; 38
     f32:	b0 e0       	ldi	r27, 0x00	; 0
     f34:	e6 e2       	ldi	r30, 0x26	; 38
     f36:	f0 e0       	ldi	r31, 0x00	; 0
     f38:	80 81       	ld	r24, Z
     f3a:	80 64       	ori	r24, 0x40	; 64
     f3c:	8c 93       	st	X, r24
		}
	}
	
}
     f3e:	cf 91       	pop	r28
     f40:	df 91       	pop	r29
     f42:	ff 91       	pop	r31
     f44:	ef 91       	pop	r30
     f46:	bf 91       	pop	r27
     f48:	af 91       	pop	r26
     f4a:	9f 91       	pop	r25
     f4c:	8f 91       	pop	r24
     f4e:	7f 91       	pop	r23
     f50:	6f 91       	pop	r22
     f52:	5f 91       	pop	r21
     f54:	4f 91       	pop	r20
     f56:	3f 91       	pop	r19
     f58:	2f 91       	pop	r18
     f5a:	0f 90       	pop	r0
     f5c:	0f be       	out	0x3f, r0	; 63
     f5e:	0f 90       	pop	r0
     f60:	1f 90       	pop	r1
     f62:	18 95       	reti

00000f64 <DIO_setpindirection>:
	return : its statues (DIO_Nok,DIO_ok)

*/	

DIO_errorstate DIO_setpindirection(u8 copy_port,u8 copy_pinnumber , u8 copy_pindirection )
{
     f64:	df 93       	push	r29
     f66:	cf 93       	push	r28
     f68:	cd b7       	in	r28, 0x3d	; 61
     f6a:	de b7       	in	r29, 0x3e	; 62
     f6c:	28 97       	sbiw	r28, 0x08	; 8
     f6e:	0f b6       	in	r0, 0x3f	; 63
     f70:	f8 94       	cli
     f72:	de bf       	out	0x3e, r29	; 62
     f74:	0f be       	out	0x3f, r0	; 63
     f76:	cd bf       	out	0x3d, r28	; 61
     f78:	8a 83       	std	Y+2, r24	; 0x02
     f7a:	6b 83       	std	Y+3, r22	; 0x03
     f7c:	4c 83       	std	Y+4, r20	; 0x04
DIO_errorstate LOC_STATE =DIO_ok;
     f7e:	81 e0       	ldi	r24, 0x01	; 1
     f80:	89 83       	std	Y+1, r24	; 0x01

/* check if the given paramter is in valid range */

if((copy_port<=DIO_portD) && (copy_pinnumber<=PIN7))
     f82:	8a 81       	ldd	r24, Y+2	; 0x02
     f84:	84 30       	cpi	r24, 0x04	; 4
     f86:	08 f0       	brcs	.+2      	; 0xf8a <DIO_setpindirection+0x26>
     f88:	f1 c0       	rjmp	.+482    	; 0x116c <DIO_setpindirection+0x208>
     f8a:	8b 81       	ldd	r24, Y+3	; 0x03
     f8c:	88 30       	cpi	r24, 0x08	; 8
     f8e:	08 f0       	brcs	.+2      	; 0xf92 <DIO_setpindirection+0x2e>
     f90:	ed c0       	rjmp	.+474    	; 0x116c <DIO_setpindirection+0x208>
{
	
if(copy_pindirection==DIO_pin_input)
     f92:	8c 81       	ldd	r24, Y+4	; 0x04
     f94:	88 23       	and	r24, r24
     f96:	09 f0       	breq	.+2      	; 0xf9a <DIO_setpindirection+0x36>
     f98:	74 c0       	rjmp	.+232    	; 0x1082 <DIO_setpindirection+0x11e>
{
/* check on the port name */
switch(copy_port)
     f9a:	8a 81       	ldd	r24, Y+2	; 0x02
     f9c:	28 2f       	mov	r18, r24
     f9e:	30 e0       	ldi	r19, 0x00	; 0
     fa0:	38 87       	std	Y+8, r19	; 0x08
     fa2:	2f 83       	std	Y+7, r18	; 0x07
     fa4:	8f 81       	ldd	r24, Y+7	; 0x07
     fa6:	98 85       	ldd	r25, Y+8	; 0x08
     fa8:	81 30       	cpi	r24, 0x01	; 1
     faa:	91 05       	cpc	r25, r1
     fac:	59 f1       	breq	.+86     	; 0x1004 <DIO_setpindirection+0xa0>
     fae:	2f 81       	ldd	r18, Y+7	; 0x07
     fb0:	38 85       	ldd	r19, Y+8	; 0x08
     fb2:	22 30       	cpi	r18, 0x02	; 2
     fb4:	31 05       	cpc	r19, r1
     fb6:	2c f4       	brge	.+10     	; 0xfc2 <DIO_setpindirection+0x5e>
     fb8:	8f 81       	ldd	r24, Y+7	; 0x07
     fba:	98 85       	ldd	r25, Y+8	; 0x08
     fbc:	00 97       	sbiw	r24, 0x00	; 0
     fbe:	69 f0       	breq	.+26     	; 0xfda <DIO_setpindirection+0x76>
     fc0:	d6 c0       	rjmp	.+428    	; 0x116e <DIO_setpindirection+0x20a>
     fc2:	2f 81       	ldd	r18, Y+7	; 0x07
     fc4:	38 85       	ldd	r19, Y+8	; 0x08
     fc6:	22 30       	cpi	r18, 0x02	; 2
     fc8:	31 05       	cpc	r19, r1
     fca:	89 f1       	breq	.+98     	; 0x102e <DIO_setpindirection+0xca>
     fcc:	8f 81       	ldd	r24, Y+7	; 0x07
     fce:	98 85       	ldd	r25, Y+8	; 0x08
     fd0:	83 30       	cpi	r24, 0x03	; 3
     fd2:	91 05       	cpc	r25, r1
     fd4:	09 f4       	brne	.+2      	; 0xfd8 <DIO_setpindirection+0x74>
     fd6:	40 c0       	rjmp	.+128    	; 0x1058 <DIO_setpindirection+0xf4>
     fd8:	ca c0       	rjmp	.+404    	; 0x116e <DIO_setpindirection+0x20a>
{
	case	DIO_portA:CLR_BIT(DDRA_REGISTER,copy_pinnumber); break;
     fda:	aa e3       	ldi	r26, 0x3A	; 58
     fdc:	b0 e0       	ldi	r27, 0x00	; 0
     fde:	ea e3       	ldi	r30, 0x3A	; 58
     fe0:	f0 e0       	ldi	r31, 0x00	; 0
     fe2:	80 81       	ld	r24, Z
     fe4:	48 2f       	mov	r20, r24
     fe6:	8b 81       	ldd	r24, Y+3	; 0x03
     fe8:	28 2f       	mov	r18, r24
     fea:	30 e0       	ldi	r19, 0x00	; 0
     fec:	81 e0       	ldi	r24, 0x01	; 1
     fee:	90 e0       	ldi	r25, 0x00	; 0
     ff0:	02 2e       	mov	r0, r18
     ff2:	02 c0       	rjmp	.+4      	; 0xff8 <DIO_setpindirection+0x94>
     ff4:	88 0f       	add	r24, r24
     ff6:	99 1f       	adc	r25, r25
     ff8:	0a 94       	dec	r0
     ffa:	e2 f7       	brpl	.-8      	; 0xff4 <DIO_setpindirection+0x90>
     ffc:	80 95       	com	r24
     ffe:	84 23       	and	r24, r20
    1000:	8c 93       	st	X, r24
    1002:	b5 c0       	rjmp	.+362    	; 0x116e <DIO_setpindirection+0x20a>
	case	DIO_portB:CLR_BIT(DDRB_REGISTER,copy_pinnumber); break;
    1004:	a7 e3       	ldi	r26, 0x37	; 55
    1006:	b0 e0       	ldi	r27, 0x00	; 0
    1008:	e7 e3       	ldi	r30, 0x37	; 55
    100a:	f0 e0       	ldi	r31, 0x00	; 0
    100c:	80 81       	ld	r24, Z
    100e:	48 2f       	mov	r20, r24
    1010:	8b 81       	ldd	r24, Y+3	; 0x03
    1012:	28 2f       	mov	r18, r24
    1014:	30 e0       	ldi	r19, 0x00	; 0
    1016:	81 e0       	ldi	r24, 0x01	; 1
    1018:	90 e0       	ldi	r25, 0x00	; 0
    101a:	02 2e       	mov	r0, r18
    101c:	02 c0       	rjmp	.+4      	; 0x1022 <DIO_setpindirection+0xbe>
    101e:	88 0f       	add	r24, r24
    1020:	99 1f       	adc	r25, r25
    1022:	0a 94       	dec	r0
    1024:	e2 f7       	brpl	.-8      	; 0x101e <DIO_setpindirection+0xba>
    1026:	80 95       	com	r24
    1028:	84 23       	and	r24, r20
    102a:	8c 93       	st	X, r24
    102c:	a0 c0       	rjmp	.+320    	; 0x116e <DIO_setpindirection+0x20a>
	case	DIO_portC:CLR_BIT(DDRC_REGISTER,copy_pinnumber); break;
    102e:	a4 e3       	ldi	r26, 0x34	; 52
    1030:	b0 e0       	ldi	r27, 0x00	; 0
    1032:	e4 e3       	ldi	r30, 0x34	; 52
    1034:	f0 e0       	ldi	r31, 0x00	; 0
    1036:	80 81       	ld	r24, Z
    1038:	48 2f       	mov	r20, r24
    103a:	8b 81       	ldd	r24, Y+3	; 0x03
    103c:	28 2f       	mov	r18, r24
    103e:	30 e0       	ldi	r19, 0x00	; 0
    1040:	81 e0       	ldi	r24, 0x01	; 1
    1042:	90 e0       	ldi	r25, 0x00	; 0
    1044:	02 2e       	mov	r0, r18
    1046:	02 c0       	rjmp	.+4      	; 0x104c <DIO_setpindirection+0xe8>
    1048:	88 0f       	add	r24, r24
    104a:	99 1f       	adc	r25, r25
    104c:	0a 94       	dec	r0
    104e:	e2 f7       	brpl	.-8      	; 0x1048 <DIO_setpindirection+0xe4>
    1050:	80 95       	com	r24
    1052:	84 23       	and	r24, r20
    1054:	8c 93       	st	X, r24
    1056:	8b c0       	rjmp	.+278    	; 0x116e <DIO_setpindirection+0x20a>
	case	DIO_portD:CLR_BIT(DDRD_REGISTER,copy_pinnumber); break;
    1058:	a1 e3       	ldi	r26, 0x31	; 49
    105a:	b0 e0       	ldi	r27, 0x00	; 0
    105c:	e1 e3       	ldi	r30, 0x31	; 49
    105e:	f0 e0       	ldi	r31, 0x00	; 0
    1060:	80 81       	ld	r24, Z
    1062:	48 2f       	mov	r20, r24
    1064:	8b 81       	ldd	r24, Y+3	; 0x03
    1066:	28 2f       	mov	r18, r24
    1068:	30 e0       	ldi	r19, 0x00	; 0
    106a:	81 e0       	ldi	r24, 0x01	; 1
    106c:	90 e0       	ldi	r25, 0x00	; 0
    106e:	02 2e       	mov	r0, r18
    1070:	02 c0       	rjmp	.+4      	; 0x1076 <DIO_setpindirection+0x112>
    1072:	88 0f       	add	r24, r24
    1074:	99 1f       	adc	r25, r25
    1076:	0a 94       	dec	r0
    1078:	e2 f7       	brpl	.-8      	; 0x1072 <DIO_setpindirection+0x10e>
    107a:	80 95       	com	r24
    107c:	84 23       	and	r24, r20
    107e:	8c 93       	st	X, r24
    1080:	76 c0       	rjmp	.+236    	; 0x116e <DIO_setpindirection+0x20a>
}
}
else if(copy_pindirection== DIO_pin_output)
    1082:	8c 81       	ldd	r24, Y+4	; 0x04
    1084:	81 30       	cpi	r24, 0x01	; 1
    1086:	09 f0       	breq	.+2      	; 0x108a <DIO_setpindirection+0x126>
    1088:	6f c0       	rjmp	.+222    	; 0x1168 <DIO_setpindirection+0x204>
{
/* check on the port name */
switch(copy_port){
    108a:	8a 81       	ldd	r24, Y+2	; 0x02
    108c:	28 2f       	mov	r18, r24
    108e:	30 e0       	ldi	r19, 0x00	; 0
    1090:	3e 83       	std	Y+6, r19	; 0x06
    1092:	2d 83       	std	Y+5, r18	; 0x05
    1094:	8d 81       	ldd	r24, Y+5	; 0x05
    1096:	9e 81       	ldd	r25, Y+6	; 0x06
    1098:	81 30       	cpi	r24, 0x01	; 1
    109a:	91 05       	cpc	r25, r1
    109c:	49 f1       	breq	.+82     	; 0x10f0 <DIO_setpindirection+0x18c>
    109e:	2d 81       	ldd	r18, Y+5	; 0x05
    10a0:	3e 81       	ldd	r19, Y+6	; 0x06
    10a2:	22 30       	cpi	r18, 0x02	; 2
    10a4:	31 05       	cpc	r19, r1
    10a6:	2c f4       	brge	.+10     	; 0x10b2 <DIO_setpindirection+0x14e>
    10a8:	8d 81       	ldd	r24, Y+5	; 0x05
    10aa:	9e 81       	ldd	r25, Y+6	; 0x06
    10ac:	00 97       	sbiw	r24, 0x00	; 0
    10ae:	61 f0       	breq	.+24     	; 0x10c8 <DIO_setpindirection+0x164>
    10b0:	5e c0       	rjmp	.+188    	; 0x116e <DIO_setpindirection+0x20a>
    10b2:	2d 81       	ldd	r18, Y+5	; 0x05
    10b4:	3e 81       	ldd	r19, Y+6	; 0x06
    10b6:	22 30       	cpi	r18, 0x02	; 2
    10b8:	31 05       	cpc	r19, r1
    10ba:	71 f1       	breq	.+92     	; 0x1118 <DIO_setpindirection+0x1b4>
    10bc:	8d 81       	ldd	r24, Y+5	; 0x05
    10be:	9e 81       	ldd	r25, Y+6	; 0x06
    10c0:	83 30       	cpi	r24, 0x03	; 3
    10c2:	91 05       	cpc	r25, r1
    10c4:	e9 f1       	breq	.+122    	; 0x1140 <DIO_setpindirection+0x1dc>
    10c6:	53 c0       	rjmp	.+166    	; 0x116e <DIO_setpindirection+0x20a>
	case	DIO_portA:SET_BIT(DDRA_REGISTER,copy_pinnumber); break;
    10c8:	aa e3       	ldi	r26, 0x3A	; 58
    10ca:	b0 e0       	ldi	r27, 0x00	; 0
    10cc:	ea e3       	ldi	r30, 0x3A	; 58
    10ce:	f0 e0       	ldi	r31, 0x00	; 0
    10d0:	80 81       	ld	r24, Z
    10d2:	48 2f       	mov	r20, r24
    10d4:	8b 81       	ldd	r24, Y+3	; 0x03
    10d6:	28 2f       	mov	r18, r24
    10d8:	30 e0       	ldi	r19, 0x00	; 0
    10da:	81 e0       	ldi	r24, 0x01	; 1
    10dc:	90 e0       	ldi	r25, 0x00	; 0
    10de:	02 2e       	mov	r0, r18
    10e0:	02 c0       	rjmp	.+4      	; 0x10e6 <DIO_setpindirection+0x182>
    10e2:	88 0f       	add	r24, r24
    10e4:	99 1f       	adc	r25, r25
    10e6:	0a 94       	dec	r0
    10e8:	e2 f7       	brpl	.-8      	; 0x10e2 <DIO_setpindirection+0x17e>
    10ea:	84 2b       	or	r24, r20
    10ec:	8c 93       	st	X, r24
    10ee:	3f c0       	rjmp	.+126    	; 0x116e <DIO_setpindirection+0x20a>
	case	DIO_portB:SET_BIT(DDRB_REGISTER,copy_pinnumber); break;
    10f0:	a7 e3       	ldi	r26, 0x37	; 55
    10f2:	b0 e0       	ldi	r27, 0x00	; 0
    10f4:	e7 e3       	ldi	r30, 0x37	; 55
    10f6:	f0 e0       	ldi	r31, 0x00	; 0
    10f8:	80 81       	ld	r24, Z
    10fa:	48 2f       	mov	r20, r24
    10fc:	8b 81       	ldd	r24, Y+3	; 0x03
    10fe:	28 2f       	mov	r18, r24
    1100:	30 e0       	ldi	r19, 0x00	; 0
    1102:	81 e0       	ldi	r24, 0x01	; 1
    1104:	90 e0       	ldi	r25, 0x00	; 0
    1106:	02 2e       	mov	r0, r18
    1108:	02 c0       	rjmp	.+4      	; 0x110e <DIO_setpindirection+0x1aa>
    110a:	88 0f       	add	r24, r24
    110c:	99 1f       	adc	r25, r25
    110e:	0a 94       	dec	r0
    1110:	e2 f7       	brpl	.-8      	; 0x110a <DIO_setpindirection+0x1a6>
    1112:	84 2b       	or	r24, r20
    1114:	8c 93       	st	X, r24
    1116:	2b c0       	rjmp	.+86     	; 0x116e <DIO_setpindirection+0x20a>
	case 	DIO_portC:SET_BIT(DDRC_REGISTER,copy_pinnumber); break;
    1118:	a4 e3       	ldi	r26, 0x34	; 52
    111a:	b0 e0       	ldi	r27, 0x00	; 0
    111c:	e4 e3       	ldi	r30, 0x34	; 52
    111e:	f0 e0       	ldi	r31, 0x00	; 0
    1120:	80 81       	ld	r24, Z
    1122:	48 2f       	mov	r20, r24
    1124:	8b 81       	ldd	r24, Y+3	; 0x03
    1126:	28 2f       	mov	r18, r24
    1128:	30 e0       	ldi	r19, 0x00	; 0
    112a:	81 e0       	ldi	r24, 0x01	; 1
    112c:	90 e0       	ldi	r25, 0x00	; 0
    112e:	02 2e       	mov	r0, r18
    1130:	02 c0       	rjmp	.+4      	; 0x1136 <DIO_setpindirection+0x1d2>
    1132:	88 0f       	add	r24, r24
    1134:	99 1f       	adc	r25, r25
    1136:	0a 94       	dec	r0
    1138:	e2 f7       	brpl	.-8      	; 0x1132 <DIO_setpindirection+0x1ce>
    113a:	84 2b       	or	r24, r20
    113c:	8c 93       	st	X, r24
    113e:	17 c0       	rjmp	.+46     	; 0x116e <DIO_setpindirection+0x20a>
	case	DIO_portD:SET_BIT(DDRD_REGISTER,copy_pinnumber); break;
    1140:	a1 e3       	ldi	r26, 0x31	; 49
    1142:	b0 e0       	ldi	r27, 0x00	; 0
    1144:	e1 e3       	ldi	r30, 0x31	; 49
    1146:	f0 e0       	ldi	r31, 0x00	; 0
    1148:	80 81       	ld	r24, Z
    114a:	48 2f       	mov	r20, r24
    114c:	8b 81       	ldd	r24, Y+3	; 0x03
    114e:	28 2f       	mov	r18, r24
    1150:	30 e0       	ldi	r19, 0x00	; 0
    1152:	81 e0       	ldi	r24, 0x01	; 1
    1154:	90 e0       	ldi	r25, 0x00	; 0
    1156:	02 2e       	mov	r0, r18
    1158:	02 c0       	rjmp	.+4      	; 0x115e <DIO_setpindirection+0x1fa>
    115a:	88 0f       	add	r24, r24
    115c:	99 1f       	adc	r25, r25
    115e:	0a 94       	dec	r0
    1160:	e2 f7       	brpl	.-8      	; 0x115a <DIO_setpindirection+0x1f6>
    1162:	84 2b       	or	r24, r20
    1164:	8c 93       	st	X, r24
    1166:	03 c0       	rjmp	.+6      	; 0x116e <DIO_setpindirection+0x20a>
}
}
else {
	LOC_STATE=DIO_Nok;
    1168:	19 82       	std	Y+1, r1	; 0x01
    116a:	01 c0       	rjmp	.+2      	; 0x116e <DIO_setpindirection+0x20a>
}
}
else{
	LOC_STATE=DIO_Nok;
    116c:	19 82       	std	Y+1, r1	; 0x01
}
return LOC_STATE;
    116e:	89 81       	ldd	r24, Y+1	; 0x01
}
    1170:	28 96       	adiw	r28, 0x08	; 8
    1172:	0f b6       	in	r0, 0x3f	; 63
    1174:	f8 94       	cli
    1176:	de bf       	out	0x3e, r29	; 62
    1178:	0f be       	out	0x3f, r0	; 63
    117a:	cd bf       	out	0x3d, r28	; 61
    117c:	cf 91       	pop	r28
    117e:	df 91       	pop	r29
    1180:	08 95       	ret

00001182 <DIO_setpinvalue>:
	return : its statues (DIO_Nok,DIO_ok)

*/	

DIO_errorstate DIO_setpinvalue(u8 copy_port,u8 copy_pinnumber , u8 copy_pinvalue         )
{
    1182:	df 93       	push	r29
    1184:	cf 93       	push	r28
    1186:	cd b7       	in	r28, 0x3d	; 61
    1188:	de b7       	in	r29, 0x3e	; 62
    118a:	28 97       	sbiw	r28, 0x08	; 8
    118c:	0f b6       	in	r0, 0x3f	; 63
    118e:	f8 94       	cli
    1190:	de bf       	out	0x3e, r29	; 62
    1192:	0f be       	out	0x3f, r0	; 63
    1194:	cd bf       	out	0x3d, r28	; 61
    1196:	8a 83       	std	Y+2, r24	; 0x02
    1198:	6b 83       	std	Y+3, r22	; 0x03
    119a:	4c 83       	std	Y+4, r20	; 0x04
DIO_errorstate LOC_STATE =DIO_ok;
    119c:	81 e0       	ldi	r24, 0x01	; 1
    119e:	89 83       	std	Y+1, r24	; 0x01
/* check if the given paramter is in valid range */
if((copy_port<=DIO_portD)&&(copy_pinnumber<=PIN7))
    11a0:	8a 81       	ldd	r24, Y+2	; 0x02
    11a2:	84 30       	cpi	r24, 0x04	; 4
    11a4:	08 f0       	brcs	.+2      	; 0x11a8 <DIO_setpinvalue+0x26>
    11a6:	f0 c0       	rjmp	.+480    	; 0x1388 <DIO_setpinvalue+0x206>
    11a8:	8b 81       	ldd	r24, Y+3	; 0x03
    11aa:	88 30       	cpi	r24, 0x08	; 8
    11ac:	08 f0       	brcs	.+2      	; 0x11b0 <DIO_setpinvalue+0x2e>
    11ae:	ec c0       	rjmp	.+472    	; 0x1388 <DIO_setpinvalue+0x206>
{
if(copy_pinvalue==PIN_LOW)
    11b0:	8c 81       	ldd	r24, Y+4	; 0x04
    11b2:	88 23       	and	r24, r24
    11b4:	09 f0       	breq	.+2      	; 0x11b8 <DIO_setpinvalue+0x36>
    11b6:	73 c0       	rjmp	.+230    	; 0x129e <DIO_setpinvalue+0x11c>
{
	/* check on the port name */
switch(copy_port)
    11b8:	8a 81       	ldd	r24, Y+2	; 0x02
    11ba:	28 2f       	mov	r18, r24
    11bc:	30 e0       	ldi	r19, 0x00	; 0
    11be:	38 87       	std	Y+8, r19	; 0x08
    11c0:	2f 83       	std	Y+7, r18	; 0x07
    11c2:	8f 81       	ldd	r24, Y+7	; 0x07
    11c4:	98 85       	ldd	r25, Y+8	; 0x08
    11c6:	81 30       	cpi	r24, 0x01	; 1
    11c8:	91 05       	cpc	r25, r1
    11ca:	59 f1       	breq	.+86     	; 0x1222 <DIO_setpinvalue+0xa0>
    11cc:	2f 81       	ldd	r18, Y+7	; 0x07
    11ce:	38 85       	ldd	r19, Y+8	; 0x08
    11d0:	22 30       	cpi	r18, 0x02	; 2
    11d2:	31 05       	cpc	r19, r1
    11d4:	2c f4       	brge	.+10     	; 0x11e0 <DIO_setpinvalue+0x5e>
    11d6:	8f 81       	ldd	r24, Y+7	; 0x07
    11d8:	98 85       	ldd	r25, Y+8	; 0x08
    11da:	00 97       	sbiw	r24, 0x00	; 0
    11dc:	69 f0       	breq	.+26     	; 0x11f8 <DIO_setpinvalue+0x76>
    11de:	5f c0       	rjmp	.+190    	; 0x129e <DIO_setpinvalue+0x11c>
    11e0:	2f 81       	ldd	r18, Y+7	; 0x07
    11e2:	38 85       	ldd	r19, Y+8	; 0x08
    11e4:	22 30       	cpi	r18, 0x02	; 2
    11e6:	31 05       	cpc	r19, r1
    11e8:	89 f1       	breq	.+98     	; 0x124c <DIO_setpinvalue+0xca>
    11ea:	8f 81       	ldd	r24, Y+7	; 0x07
    11ec:	98 85       	ldd	r25, Y+8	; 0x08
    11ee:	83 30       	cpi	r24, 0x03	; 3
    11f0:	91 05       	cpc	r25, r1
    11f2:	09 f4       	brne	.+2      	; 0x11f6 <DIO_setpinvalue+0x74>
    11f4:	40 c0       	rjmp	.+128    	; 0x1276 <DIO_setpinvalue+0xf4>
    11f6:	53 c0       	rjmp	.+166    	; 0x129e <DIO_setpinvalue+0x11c>
{
		case    DIO_portA:CLR_BIT(PORTA_REGISTER,copy_pinnumber); break;
    11f8:	ab e3       	ldi	r26, 0x3B	; 59
    11fa:	b0 e0       	ldi	r27, 0x00	; 0
    11fc:	eb e3       	ldi	r30, 0x3B	; 59
    11fe:	f0 e0       	ldi	r31, 0x00	; 0
    1200:	80 81       	ld	r24, Z
    1202:	48 2f       	mov	r20, r24
    1204:	8b 81       	ldd	r24, Y+3	; 0x03
    1206:	28 2f       	mov	r18, r24
    1208:	30 e0       	ldi	r19, 0x00	; 0
    120a:	81 e0       	ldi	r24, 0x01	; 1
    120c:	90 e0       	ldi	r25, 0x00	; 0
    120e:	02 2e       	mov	r0, r18
    1210:	02 c0       	rjmp	.+4      	; 0x1216 <DIO_setpinvalue+0x94>
    1212:	88 0f       	add	r24, r24
    1214:	99 1f       	adc	r25, r25
    1216:	0a 94       	dec	r0
    1218:	e2 f7       	brpl	.-8      	; 0x1212 <DIO_setpinvalue+0x90>
    121a:	80 95       	com	r24
    121c:	84 23       	and	r24, r20
    121e:	8c 93       	st	X, r24
    1220:	3e c0       	rjmp	.+124    	; 0x129e <DIO_setpinvalue+0x11c>
		case	DIO_portB:CLR_BIT(PORTB_REGISTER,copy_pinnumber); break;
    1222:	a8 e3       	ldi	r26, 0x38	; 56
    1224:	b0 e0       	ldi	r27, 0x00	; 0
    1226:	e8 e3       	ldi	r30, 0x38	; 56
    1228:	f0 e0       	ldi	r31, 0x00	; 0
    122a:	80 81       	ld	r24, Z
    122c:	48 2f       	mov	r20, r24
    122e:	8b 81       	ldd	r24, Y+3	; 0x03
    1230:	28 2f       	mov	r18, r24
    1232:	30 e0       	ldi	r19, 0x00	; 0
    1234:	81 e0       	ldi	r24, 0x01	; 1
    1236:	90 e0       	ldi	r25, 0x00	; 0
    1238:	02 2e       	mov	r0, r18
    123a:	02 c0       	rjmp	.+4      	; 0x1240 <DIO_setpinvalue+0xbe>
    123c:	88 0f       	add	r24, r24
    123e:	99 1f       	adc	r25, r25
    1240:	0a 94       	dec	r0
    1242:	e2 f7       	brpl	.-8      	; 0x123c <DIO_setpinvalue+0xba>
    1244:	80 95       	com	r24
    1246:	84 23       	and	r24, r20
    1248:	8c 93       	st	X, r24
    124a:	29 c0       	rjmp	.+82     	; 0x129e <DIO_setpinvalue+0x11c>
		case 	DIO_portC:CLR_BIT(PORTC_REGISTER,copy_pinnumber); break;
    124c:	a5 e3       	ldi	r26, 0x35	; 53
    124e:	b0 e0       	ldi	r27, 0x00	; 0
    1250:	e5 e3       	ldi	r30, 0x35	; 53
    1252:	f0 e0       	ldi	r31, 0x00	; 0
    1254:	80 81       	ld	r24, Z
    1256:	48 2f       	mov	r20, r24
    1258:	8b 81       	ldd	r24, Y+3	; 0x03
    125a:	28 2f       	mov	r18, r24
    125c:	30 e0       	ldi	r19, 0x00	; 0
    125e:	81 e0       	ldi	r24, 0x01	; 1
    1260:	90 e0       	ldi	r25, 0x00	; 0
    1262:	02 2e       	mov	r0, r18
    1264:	02 c0       	rjmp	.+4      	; 0x126a <DIO_setpinvalue+0xe8>
    1266:	88 0f       	add	r24, r24
    1268:	99 1f       	adc	r25, r25
    126a:	0a 94       	dec	r0
    126c:	e2 f7       	brpl	.-8      	; 0x1266 <DIO_setpinvalue+0xe4>
    126e:	80 95       	com	r24
    1270:	84 23       	and	r24, r20
    1272:	8c 93       	st	X, r24
    1274:	14 c0       	rjmp	.+40     	; 0x129e <DIO_setpinvalue+0x11c>
		case	DIO_portD:CLR_BIT(PORTD_REGISTER,copy_pinnumber); break;
    1276:	a2 e3       	ldi	r26, 0x32	; 50
    1278:	b0 e0       	ldi	r27, 0x00	; 0
    127a:	e2 e3       	ldi	r30, 0x32	; 50
    127c:	f0 e0       	ldi	r31, 0x00	; 0
    127e:	80 81       	ld	r24, Z
    1280:	48 2f       	mov	r20, r24
    1282:	8b 81       	ldd	r24, Y+3	; 0x03
    1284:	28 2f       	mov	r18, r24
    1286:	30 e0       	ldi	r19, 0x00	; 0
    1288:	81 e0       	ldi	r24, 0x01	; 1
    128a:	90 e0       	ldi	r25, 0x00	; 0
    128c:	02 2e       	mov	r0, r18
    128e:	02 c0       	rjmp	.+4      	; 0x1294 <DIO_setpinvalue+0x112>
    1290:	88 0f       	add	r24, r24
    1292:	99 1f       	adc	r25, r25
    1294:	0a 94       	dec	r0
    1296:	e2 f7       	brpl	.-8      	; 0x1290 <DIO_setpinvalue+0x10e>
    1298:	80 95       	com	r24
    129a:	84 23       	and	r24, r20
    129c:	8c 93       	st	X, r24
}
}
if(copy_pinvalue==PIN_HIGH)
    129e:	8c 81       	ldd	r24, Y+4	; 0x04
    12a0:	81 30       	cpi	r24, 0x01	; 1
    12a2:	09 f0       	breq	.+2      	; 0x12a6 <DIO_setpinvalue+0x124>
    12a4:	6f c0       	rjmp	.+222    	; 0x1384 <DIO_setpinvalue+0x202>
{
switch(copy_port)
    12a6:	8a 81       	ldd	r24, Y+2	; 0x02
    12a8:	28 2f       	mov	r18, r24
    12aa:	30 e0       	ldi	r19, 0x00	; 0
    12ac:	3e 83       	std	Y+6, r19	; 0x06
    12ae:	2d 83       	std	Y+5, r18	; 0x05
    12b0:	8d 81       	ldd	r24, Y+5	; 0x05
    12b2:	9e 81       	ldd	r25, Y+6	; 0x06
    12b4:	81 30       	cpi	r24, 0x01	; 1
    12b6:	91 05       	cpc	r25, r1
    12b8:	49 f1       	breq	.+82     	; 0x130c <DIO_setpinvalue+0x18a>
    12ba:	2d 81       	ldd	r18, Y+5	; 0x05
    12bc:	3e 81       	ldd	r19, Y+6	; 0x06
    12be:	22 30       	cpi	r18, 0x02	; 2
    12c0:	31 05       	cpc	r19, r1
    12c2:	2c f4       	brge	.+10     	; 0x12ce <DIO_setpinvalue+0x14c>
    12c4:	8d 81       	ldd	r24, Y+5	; 0x05
    12c6:	9e 81       	ldd	r25, Y+6	; 0x06
    12c8:	00 97       	sbiw	r24, 0x00	; 0
    12ca:	61 f0       	breq	.+24     	; 0x12e4 <DIO_setpinvalue+0x162>
    12cc:	5e c0       	rjmp	.+188    	; 0x138a <DIO_setpinvalue+0x208>
    12ce:	2d 81       	ldd	r18, Y+5	; 0x05
    12d0:	3e 81       	ldd	r19, Y+6	; 0x06
    12d2:	22 30       	cpi	r18, 0x02	; 2
    12d4:	31 05       	cpc	r19, r1
    12d6:	71 f1       	breq	.+92     	; 0x1334 <DIO_setpinvalue+0x1b2>
    12d8:	8d 81       	ldd	r24, Y+5	; 0x05
    12da:	9e 81       	ldd	r25, Y+6	; 0x06
    12dc:	83 30       	cpi	r24, 0x03	; 3
    12de:	91 05       	cpc	r25, r1
    12e0:	e9 f1       	breq	.+122    	; 0x135c <DIO_setpinvalue+0x1da>
    12e2:	53 c0       	rjmp	.+166    	; 0x138a <DIO_setpinvalue+0x208>
{
	/* check on the port name */
	case	DIO_portA:SET_BIT(PORTA_REGISTER,copy_pinnumber); break;
    12e4:	ab e3       	ldi	r26, 0x3B	; 59
    12e6:	b0 e0       	ldi	r27, 0x00	; 0
    12e8:	eb e3       	ldi	r30, 0x3B	; 59
    12ea:	f0 e0       	ldi	r31, 0x00	; 0
    12ec:	80 81       	ld	r24, Z
    12ee:	48 2f       	mov	r20, r24
    12f0:	8b 81       	ldd	r24, Y+3	; 0x03
    12f2:	28 2f       	mov	r18, r24
    12f4:	30 e0       	ldi	r19, 0x00	; 0
    12f6:	81 e0       	ldi	r24, 0x01	; 1
    12f8:	90 e0       	ldi	r25, 0x00	; 0
    12fa:	02 2e       	mov	r0, r18
    12fc:	02 c0       	rjmp	.+4      	; 0x1302 <DIO_setpinvalue+0x180>
    12fe:	88 0f       	add	r24, r24
    1300:	99 1f       	adc	r25, r25
    1302:	0a 94       	dec	r0
    1304:	e2 f7       	brpl	.-8      	; 0x12fe <DIO_setpinvalue+0x17c>
    1306:	84 2b       	or	r24, r20
    1308:	8c 93       	st	X, r24
    130a:	3f c0       	rjmp	.+126    	; 0x138a <DIO_setpinvalue+0x208>
	case	DIO_portB:SET_BIT(PORTB_REGISTER,copy_pinnumber); break;
    130c:	a8 e3       	ldi	r26, 0x38	; 56
    130e:	b0 e0       	ldi	r27, 0x00	; 0
    1310:	e8 e3       	ldi	r30, 0x38	; 56
    1312:	f0 e0       	ldi	r31, 0x00	; 0
    1314:	80 81       	ld	r24, Z
    1316:	48 2f       	mov	r20, r24
    1318:	8b 81       	ldd	r24, Y+3	; 0x03
    131a:	28 2f       	mov	r18, r24
    131c:	30 e0       	ldi	r19, 0x00	; 0
    131e:	81 e0       	ldi	r24, 0x01	; 1
    1320:	90 e0       	ldi	r25, 0x00	; 0
    1322:	02 2e       	mov	r0, r18
    1324:	02 c0       	rjmp	.+4      	; 0x132a <DIO_setpinvalue+0x1a8>
    1326:	88 0f       	add	r24, r24
    1328:	99 1f       	adc	r25, r25
    132a:	0a 94       	dec	r0
    132c:	e2 f7       	brpl	.-8      	; 0x1326 <DIO_setpinvalue+0x1a4>
    132e:	84 2b       	or	r24, r20
    1330:	8c 93       	st	X, r24
    1332:	2b c0       	rjmp	.+86     	; 0x138a <DIO_setpinvalue+0x208>
	case	DIO_portC:SET_BIT(PORTC_REGISTER,copy_pinnumber); break;
    1334:	a5 e3       	ldi	r26, 0x35	; 53
    1336:	b0 e0       	ldi	r27, 0x00	; 0
    1338:	e5 e3       	ldi	r30, 0x35	; 53
    133a:	f0 e0       	ldi	r31, 0x00	; 0
    133c:	80 81       	ld	r24, Z
    133e:	48 2f       	mov	r20, r24
    1340:	8b 81       	ldd	r24, Y+3	; 0x03
    1342:	28 2f       	mov	r18, r24
    1344:	30 e0       	ldi	r19, 0x00	; 0
    1346:	81 e0       	ldi	r24, 0x01	; 1
    1348:	90 e0       	ldi	r25, 0x00	; 0
    134a:	02 2e       	mov	r0, r18
    134c:	02 c0       	rjmp	.+4      	; 0x1352 <DIO_setpinvalue+0x1d0>
    134e:	88 0f       	add	r24, r24
    1350:	99 1f       	adc	r25, r25
    1352:	0a 94       	dec	r0
    1354:	e2 f7       	brpl	.-8      	; 0x134e <DIO_setpinvalue+0x1cc>
    1356:	84 2b       	or	r24, r20
    1358:	8c 93       	st	X, r24
    135a:	17 c0       	rjmp	.+46     	; 0x138a <DIO_setpinvalue+0x208>
	case	DIO_portD:SET_BIT(PORTD_REGISTER,copy_pinnumber); break;
    135c:	a2 e3       	ldi	r26, 0x32	; 50
    135e:	b0 e0       	ldi	r27, 0x00	; 0
    1360:	e2 e3       	ldi	r30, 0x32	; 50
    1362:	f0 e0       	ldi	r31, 0x00	; 0
    1364:	80 81       	ld	r24, Z
    1366:	48 2f       	mov	r20, r24
    1368:	8b 81       	ldd	r24, Y+3	; 0x03
    136a:	28 2f       	mov	r18, r24
    136c:	30 e0       	ldi	r19, 0x00	; 0
    136e:	81 e0       	ldi	r24, 0x01	; 1
    1370:	90 e0       	ldi	r25, 0x00	; 0
    1372:	02 2e       	mov	r0, r18
    1374:	02 c0       	rjmp	.+4      	; 0x137a <DIO_setpinvalue+0x1f8>
    1376:	88 0f       	add	r24, r24
    1378:	99 1f       	adc	r25, r25
    137a:	0a 94       	dec	r0
    137c:	e2 f7       	brpl	.-8      	; 0x1376 <DIO_setpinvalue+0x1f4>
    137e:	84 2b       	or	r24, r20
    1380:	8c 93       	st	X, r24
    1382:	03 c0       	rjmp	.+6      	; 0x138a <DIO_setpinvalue+0x208>
}
}
else
{
	LOC_STATE=DIO_Nok;
    1384:	19 82       	std	Y+1, r1	; 0x01
    1386:	01 c0       	rjmp	.+2      	; 0x138a <DIO_setpinvalue+0x208>
}
}
else
{
	LOC_STATE=DIO_Nok;
    1388:	19 82       	std	Y+1, r1	; 0x01
}
return LOC_STATE;
    138a:	89 81       	ldd	r24, Y+1	; 0x01
}
    138c:	28 96       	adiw	r28, 0x08	; 8
    138e:	0f b6       	in	r0, 0x3f	; 63
    1390:	f8 94       	cli
    1392:	de bf       	out	0x3e, r29	; 62
    1394:	0f be       	out	0x3f, r0	; 63
    1396:	cd bf       	out	0x3d, r28	; 61
    1398:	cf 91       	pop	r28
    139a:	df 91       	pop	r29
    139c:	08 95       	ret

0000139e <DIO_getpinvalue>:

*/	


DIO_errorstate DIO_getpinvalue(u8 copy_port,u8 copy_pinnumber , u8* pinvalue             )
{
    139e:	df 93       	push	r29
    13a0:	cf 93       	push	r28
    13a2:	cd b7       	in	r28, 0x3d	; 61
    13a4:	de b7       	in	r29, 0x3e	; 62
    13a6:	27 97       	sbiw	r28, 0x07	; 7
    13a8:	0f b6       	in	r0, 0x3f	; 63
    13aa:	f8 94       	cli
    13ac:	de bf       	out	0x3e, r29	; 62
    13ae:	0f be       	out	0x3f, r0	; 63
    13b0:	cd bf       	out	0x3d, r28	; 61
    13b2:	8a 83       	std	Y+2, r24	; 0x02
    13b4:	6b 83       	std	Y+3, r22	; 0x03
    13b6:	5d 83       	std	Y+5, r21	; 0x05
    13b8:	4c 83       	std	Y+4, r20	; 0x04
DIO_errorstate LOC_STATE=DIO_ok;
    13ba:	81 e0       	ldi	r24, 0x01	; 1
    13bc:	89 83       	std	Y+1, r24	; 0x01
/* check if the given paramter is in valid range */
if((copy_port<=DIO_portD)&&(copy_pinnumber<=PIN7))
    13be:	8a 81       	ldd	r24, Y+2	; 0x02
    13c0:	84 30       	cpi	r24, 0x04	; 4
    13c2:	08 f0       	brcs	.+2      	; 0x13c6 <DIO_getpinvalue+0x28>
    13c4:	a6 c0       	rjmp	.+332    	; 0x1512 <DIO_getpinvalue+0x174>
    13c6:	8b 81       	ldd	r24, Y+3	; 0x03
    13c8:	88 30       	cpi	r24, 0x08	; 8
    13ca:	08 f0       	brcs	.+2      	; 0x13ce <DIO_getpinvalue+0x30>
    13cc:	a2 c0       	rjmp	.+324    	; 0x1512 <DIO_getpinvalue+0x174>
{
switch(copy_port)
    13ce:	8a 81       	ldd	r24, Y+2	; 0x02
    13d0:	28 2f       	mov	r18, r24
    13d2:	30 e0       	ldi	r19, 0x00	; 0
    13d4:	3f 83       	std	Y+7, r19	; 0x07
    13d6:	2e 83       	std	Y+6, r18	; 0x06
    13d8:	4e 81       	ldd	r20, Y+6	; 0x06
    13da:	5f 81       	ldd	r21, Y+7	; 0x07
    13dc:	41 30       	cpi	r20, 0x01	; 1
    13de:	51 05       	cpc	r21, r1
    13e0:	c1 f1       	breq	.+112    	; 0x1452 <DIO_getpinvalue+0xb4>
    13e2:	8e 81       	ldd	r24, Y+6	; 0x06
    13e4:	9f 81       	ldd	r25, Y+7	; 0x07
    13e6:	82 30       	cpi	r24, 0x02	; 2
    13e8:	91 05       	cpc	r25, r1
    13ea:	34 f4       	brge	.+12     	; 0x13f8 <DIO_getpinvalue+0x5a>
    13ec:	2e 81       	ldd	r18, Y+6	; 0x06
    13ee:	3f 81       	ldd	r19, Y+7	; 0x07
    13f0:	21 15       	cp	r18, r1
    13f2:	31 05       	cpc	r19, r1
    13f4:	71 f0       	breq	.+28     	; 0x1412 <DIO_getpinvalue+0x74>
    13f6:	8e c0       	rjmp	.+284    	; 0x1514 <DIO_getpinvalue+0x176>
    13f8:	4e 81       	ldd	r20, Y+6	; 0x06
    13fa:	5f 81       	ldd	r21, Y+7	; 0x07
    13fc:	42 30       	cpi	r20, 0x02	; 2
    13fe:	51 05       	cpc	r21, r1
    1400:	09 f4       	brne	.+2      	; 0x1404 <DIO_getpinvalue+0x66>
    1402:	47 c0       	rjmp	.+142    	; 0x1492 <DIO_getpinvalue+0xf4>
    1404:	8e 81       	ldd	r24, Y+6	; 0x06
    1406:	9f 81       	ldd	r25, Y+7	; 0x07
    1408:	83 30       	cpi	r24, 0x03	; 3
    140a:	91 05       	cpc	r25, r1
    140c:	09 f4       	brne	.+2      	; 0x1410 <DIO_getpinvalue+0x72>
    140e:	61 c0       	rjmp	.+194    	; 0x14d2 <DIO_getpinvalue+0x134>
    1410:	81 c0       	rjmp	.+258    	; 0x1514 <DIO_getpinvalue+0x176>
{
	/* check on the port name */
	case	DIO_portA:* pinvalue  = GET_BIT(PINA_REGISTER,copy_pinnumber);break;
    1412:	e9 e3       	ldi	r30, 0x39	; 57
    1414:	f0 e0       	ldi	r31, 0x00	; 0
    1416:	80 81       	ld	r24, Z
    1418:	48 2f       	mov	r20, r24
    141a:	50 e0       	ldi	r21, 0x00	; 0
    141c:	8b 81       	ldd	r24, Y+3	; 0x03
    141e:	28 2f       	mov	r18, r24
    1420:	30 e0       	ldi	r19, 0x00	; 0
    1422:	81 e0       	ldi	r24, 0x01	; 1
    1424:	90 e0       	ldi	r25, 0x00	; 0
    1426:	02 c0       	rjmp	.+4      	; 0x142c <DIO_getpinvalue+0x8e>
    1428:	88 0f       	add	r24, r24
    142a:	99 1f       	adc	r25, r25
    142c:	2a 95       	dec	r18
    142e:	e2 f7       	brpl	.-8      	; 0x1428 <DIO_getpinvalue+0x8a>
    1430:	9a 01       	movw	r18, r20
    1432:	28 23       	and	r18, r24
    1434:	39 23       	and	r19, r25
    1436:	8b 81       	ldd	r24, Y+3	; 0x03
    1438:	88 2f       	mov	r24, r24
    143a:	90 e0       	ldi	r25, 0x00	; 0
    143c:	a9 01       	movw	r20, r18
    143e:	02 c0       	rjmp	.+4      	; 0x1444 <DIO_getpinvalue+0xa6>
    1440:	55 95       	asr	r21
    1442:	47 95       	ror	r20
    1444:	8a 95       	dec	r24
    1446:	e2 f7       	brpl	.-8      	; 0x1440 <DIO_getpinvalue+0xa2>
    1448:	ca 01       	movw	r24, r20
    144a:	ec 81       	ldd	r30, Y+4	; 0x04
    144c:	fd 81       	ldd	r31, Y+5	; 0x05
    144e:	80 83       	st	Z, r24
    1450:	61 c0       	rjmp	.+194    	; 0x1514 <DIO_getpinvalue+0x176>
	case	DIO_portB:* pinvalue  = GET_BIT(PINB_REGISTER,copy_pinnumber);break;
    1452:	e6 e3       	ldi	r30, 0x36	; 54
    1454:	f0 e0       	ldi	r31, 0x00	; 0
    1456:	80 81       	ld	r24, Z
    1458:	48 2f       	mov	r20, r24
    145a:	50 e0       	ldi	r21, 0x00	; 0
    145c:	8b 81       	ldd	r24, Y+3	; 0x03
    145e:	28 2f       	mov	r18, r24
    1460:	30 e0       	ldi	r19, 0x00	; 0
    1462:	81 e0       	ldi	r24, 0x01	; 1
    1464:	90 e0       	ldi	r25, 0x00	; 0
    1466:	02 c0       	rjmp	.+4      	; 0x146c <DIO_getpinvalue+0xce>
    1468:	88 0f       	add	r24, r24
    146a:	99 1f       	adc	r25, r25
    146c:	2a 95       	dec	r18
    146e:	e2 f7       	brpl	.-8      	; 0x1468 <DIO_getpinvalue+0xca>
    1470:	9a 01       	movw	r18, r20
    1472:	28 23       	and	r18, r24
    1474:	39 23       	and	r19, r25
    1476:	8b 81       	ldd	r24, Y+3	; 0x03
    1478:	88 2f       	mov	r24, r24
    147a:	90 e0       	ldi	r25, 0x00	; 0
    147c:	a9 01       	movw	r20, r18
    147e:	02 c0       	rjmp	.+4      	; 0x1484 <DIO_getpinvalue+0xe6>
    1480:	55 95       	asr	r21
    1482:	47 95       	ror	r20
    1484:	8a 95       	dec	r24
    1486:	e2 f7       	brpl	.-8      	; 0x1480 <DIO_getpinvalue+0xe2>
    1488:	ca 01       	movw	r24, r20
    148a:	ec 81       	ldd	r30, Y+4	; 0x04
    148c:	fd 81       	ldd	r31, Y+5	; 0x05
    148e:	80 83       	st	Z, r24
    1490:	41 c0       	rjmp	.+130    	; 0x1514 <DIO_getpinvalue+0x176>
	case	DIO_portC:* pinvalue  = GET_BIT(PINC_REGISTER,copy_pinnumber);break;
    1492:	e3 e3       	ldi	r30, 0x33	; 51
    1494:	f0 e0       	ldi	r31, 0x00	; 0
    1496:	80 81       	ld	r24, Z
    1498:	48 2f       	mov	r20, r24
    149a:	50 e0       	ldi	r21, 0x00	; 0
    149c:	8b 81       	ldd	r24, Y+3	; 0x03
    149e:	28 2f       	mov	r18, r24
    14a0:	30 e0       	ldi	r19, 0x00	; 0
    14a2:	81 e0       	ldi	r24, 0x01	; 1
    14a4:	90 e0       	ldi	r25, 0x00	; 0
    14a6:	02 c0       	rjmp	.+4      	; 0x14ac <DIO_getpinvalue+0x10e>
    14a8:	88 0f       	add	r24, r24
    14aa:	99 1f       	adc	r25, r25
    14ac:	2a 95       	dec	r18
    14ae:	e2 f7       	brpl	.-8      	; 0x14a8 <DIO_getpinvalue+0x10a>
    14b0:	9a 01       	movw	r18, r20
    14b2:	28 23       	and	r18, r24
    14b4:	39 23       	and	r19, r25
    14b6:	8b 81       	ldd	r24, Y+3	; 0x03
    14b8:	88 2f       	mov	r24, r24
    14ba:	90 e0       	ldi	r25, 0x00	; 0
    14bc:	a9 01       	movw	r20, r18
    14be:	02 c0       	rjmp	.+4      	; 0x14c4 <DIO_getpinvalue+0x126>
    14c0:	55 95       	asr	r21
    14c2:	47 95       	ror	r20
    14c4:	8a 95       	dec	r24
    14c6:	e2 f7       	brpl	.-8      	; 0x14c0 <DIO_getpinvalue+0x122>
    14c8:	ca 01       	movw	r24, r20
    14ca:	ec 81       	ldd	r30, Y+4	; 0x04
    14cc:	fd 81       	ldd	r31, Y+5	; 0x05
    14ce:	80 83       	st	Z, r24
    14d0:	21 c0       	rjmp	.+66     	; 0x1514 <DIO_getpinvalue+0x176>
	case	DIO_portD:* pinvalue  = GET_BIT(PIND_REGISTER,copy_pinnumber);break;
    14d2:	e0 e3       	ldi	r30, 0x30	; 48
    14d4:	f0 e0       	ldi	r31, 0x00	; 0
    14d6:	80 81       	ld	r24, Z
    14d8:	48 2f       	mov	r20, r24
    14da:	50 e0       	ldi	r21, 0x00	; 0
    14dc:	8b 81       	ldd	r24, Y+3	; 0x03
    14de:	28 2f       	mov	r18, r24
    14e0:	30 e0       	ldi	r19, 0x00	; 0
    14e2:	81 e0       	ldi	r24, 0x01	; 1
    14e4:	90 e0       	ldi	r25, 0x00	; 0
    14e6:	02 c0       	rjmp	.+4      	; 0x14ec <DIO_getpinvalue+0x14e>
    14e8:	88 0f       	add	r24, r24
    14ea:	99 1f       	adc	r25, r25
    14ec:	2a 95       	dec	r18
    14ee:	e2 f7       	brpl	.-8      	; 0x14e8 <DIO_getpinvalue+0x14a>
    14f0:	9a 01       	movw	r18, r20
    14f2:	28 23       	and	r18, r24
    14f4:	39 23       	and	r19, r25
    14f6:	8b 81       	ldd	r24, Y+3	; 0x03
    14f8:	88 2f       	mov	r24, r24
    14fa:	90 e0       	ldi	r25, 0x00	; 0
    14fc:	a9 01       	movw	r20, r18
    14fe:	02 c0       	rjmp	.+4      	; 0x1504 <DIO_getpinvalue+0x166>
    1500:	55 95       	asr	r21
    1502:	47 95       	ror	r20
    1504:	8a 95       	dec	r24
    1506:	e2 f7       	brpl	.-8      	; 0x1500 <DIO_getpinvalue+0x162>
    1508:	ca 01       	movw	r24, r20
    150a:	ec 81       	ldd	r30, Y+4	; 0x04
    150c:	fd 81       	ldd	r31, Y+5	; 0x05
    150e:	80 83       	st	Z, r24
    1510:	01 c0       	rjmp	.+2      	; 0x1514 <DIO_getpinvalue+0x176>
}
}
else
{
	LOC_STATE=DIO_Nok;
    1512:	19 82       	std	Y+1, r1	; 0x01
}
return LOC_STATE ;
    1514:	89 81       	ldd	r24, Y+1	; 0x01
}
    1516:	27 96       	adiw	r28, 0x07	; 7
    1518:	0f b6       	in	r0, 0x3f	; 63
    151a:	f8 94       	cli
    151c:	de bf       	out	0x3e, r29	; 62
    151e:	0f be       	out	0x3f, r0	; 63
    1520:	cd bf       	out	0x3d, r28	; 61
    1522:	cf 91       	pop	r28
    1524:	df 91       	pop	r29
    1526:	08 95       	ret

00001528 <DIO_togelpinvalue>:
	return : its statues (DIO_Nok,DIO_ok)

*/

DIO_errorstate DIO_togelpinvalue(u8 copy_port,u8 copy_pinnumber                          )
{
    1528:	df 93       	push	r29
    152a:	cf 93       	push	r28
    152c:	00 d0       	rcall	.+0      	; 0x152e <DIO_togelpinvalue+0x6>
    152e:	00 d0       	rcall	.+0      	; 0x1530 <DIO_togelpinvalue+0x8>
    1530:	0f 92       	push	r0
    1532:	cd b7       	in	r28, 0x3d	; 61
    1534:	de b7       	in	r29, 0x3e	; 62
    1536:	8a 83       	std	Y+2, r24	; 0x02
    1538:	6b 83       	std	Y+3, r22	; 0x03
DIO_errorstate LOC_STATE=DIO_ok;
    153a:	81 e0       	ldi	r24, 0x01	; 1
    153c:	89 83       	std	Y+1, r24	; 0x01
/* check if the given paramter is in valid range */
if((copy_port<=DIO_portD)&&(copy_pinnumber<=PIN7))
    153e:	8a 81       	ldd	r24, Y+2	; 0x02
    1540:	84 30       	cpi	r24, 0x04	; 4
    1542:	08 f0       	brcs	.+2      	; 0x1546 <DIO_togelpinvalue+0x1e>
    1544:	73 c0       	rjmp	.+230    	; 0x162c <DIO_togelpinvalue+0x104>
    1546:	8b 81       	ldd	r24, Y+3	; 0x03
    1548:	88 30       	cpi	r24, 0x08	; 8
    154a:	08 f0       	brcs	.+2      	; 0x154e <DIO_togelpinvalue+0x26>
    154c:	6f c0       	rjmp	.+222    	; 0x162c <DIO_togelpinvalue+0x104>
{
switch(copy_port){
    154e:	8a 81       	ldd	r24, Y+2	; 0x02
    1550:	28 2f       	mov	r18, r24
    1552:	30 e0       	ldi	r19, 0x00	; 0
    1554:	3d 83       	std	Y+5, r19	; 0x05
    1556:	2c 83       	std	Y+4, r18	; 0x04
    1558:	8c 81       	ldd	r24, Y+4	; 0x04
    155a:	9d 81       	ldd	r25, Y+5	; 0x05
    155c:	81 30       	cpi	r24, 0x01	; 1
    155e:	91 05       	cpc	r25, r1
    1560:	49 f1       	breq	.+82     	; 0x15b4 <DIO_togelpinvalue+0x8c>
    1562:	2c 81       	ldd	r18, Y+4	; 0x04
    1564:	3d 81       	ldd	r19, Y+5	; 0x05
    1566:	22 30       	cpi	r18, 0x02	; 2
    1568:	31 05       	cpc	r19, r1
    156a:	2c f4       	brge	.+10     	; 0x1576 <DIO_togelpinvalue+0x4e>
    156c:	8c 81       	ldd	r24, Y+4	; 0x04
    156e:	9d 81       	ldd	r25, Y+5	; 0x05
    1570:	00 97       	sbiw	r24, 0x00	; 0
    1572:	61 f0       	breq	.+24     	; 0x158c <DIO_togelpinvalue+0x64>
    1574:	5c c0       	rjmp	.+184    	; 0x162e <DIO_togelpinvalue+0x106>
    1576:	2c 81       	ldd	r18, Y+4	; 0x04
    1578:	3d 81       	ldd	r19, Y+5	; 0x05
    157a:	22 30       	cpi	r18, 0x02	; 2
    157c:	31 05       	cpc	r19, r1
    157e:	71 f1       	breq	.+92     	; 0x15dc <DIO_togelpinvalue+0xb4>
    1580:	8c 81       	ldd	r24, Y+4	; 0x04
    1582:	9d 81       	ldd	r25, Y+5	; 0x05
    1584:	83 30       	cpi	r24, 0x03	; 3
    1586:	91 05       	cpc	r25, r1
    1588:	e9 f1       	breq	.+122    	; 0x1604 <DIO_togelpinvalue+0xdc>
    158a:	51 c0       	rjmp	.+162    	; 0x162e <DIO_togelpinvalue+0x106>
	/* check on the port name */
	case	DIO_portA:TOG_BIT(PORTA_REGISTER,copy_pinnumber); break;
    158c:	ab e3       	ldi	r26, 0x3B	; 59
    158e:	b0 e0       	ldi	r27, 0x00	; 0
    1590:	eb e3       	ldi	r30, 0x3B	; 59
    1592:	f0 e0       	ldi	r31, 0x00	; 0
    1594:	80 81       	ld	r24, Z
    1596:	48 2f       	mov	r20, r24
    1598:	8b 81       	ldd	r24, Y+3	; 0x03
    159a:	28 2f       	mov	r18, r24
    159c:	30 e0       	ldi	r19, 0x00	; 0
    159e:	81 e0       	ldi	r24, 0x01	; 1
    15a0:	90 e0       	ldi	r25, 0x00	; 0
    15a2:	02 2e       	mov	r0, r18
    15a4:	02 c0       	rjmp	.+4      	; 0x15aa <DIO_togelpinvalue+0x82>
    15a6:	88 0f       	add	r24, r24
    15a8:	99 1f       	adc	r25, r25
    15aa:	0a 94       	dec	r0
    15ac:	e2 f7       	brpl	.-8      	; 0x15a6 <DIO_togelpinvalue+0x7e>
    15ae:	84 27       	eor	r24, r20
    15b0:	8c 93       	st	X, r24
    15b2:	3d c0       	rjmp	.+122    	; 0x162e <DIO_togelpinvalue+0x106>
	case	DIO_portB:TOG_BIT(PORTB_REGISTER,copy_pinnumber); break;
    15b4:	a8 e3       	ldi	r26, 0x38	; 56
    15b6:	b0 e0       	ldi	r27, 0x00	; 0
    15b8:	e8 e3       	ldi	r30, 0x38	; 56
    15ba:	f0 e0       	ldi	r31, 0x00	; 0
    15bc:	80 81       	ld	r24, Z
    15be:	48 2f       	mov	r20, r24
    15c0:	8b 81       	ldd	r24, Y+3	; 0x03
    15c2:	28 2f       	mov	r18, r24
    15c4:	30 e0       	ldi	r19, 0x00	; 0
    15c6:	81 e0       	ldi	r24, 0x01	; 1
    15c8:	90 e0       	ldi	r25, 0x00	; 0
    15ca:	02 2e       	mov	r0, r18
    15cc:	02 c0       	rjmp	.+4      	; 0x15d2 <DIO_togelpinvalue+0xaa>
    15ce:	88 0f       	add	r24, r24
    15d0:	99 1f       	adc	r25, r25
    15d2:	0a 94       	dec	r0
    15d4:	e2 f7       	brpl	.-8      	; 0x15ce <DIO_togelpinvalue+0xa6>
    15d6:	84 27       	eor	r24, r20
    15d8:	8c 93       	st	X, r24
    15da:	29 c0       	rjmp	.+82     	; 0x162e <DIO_togelpinvalue+0x106>
	case	DIO_portC:TOG_BIT(PORTC_REGISTER,copy_pinnumber); break;
    15dc:	a5 e3       	ldi	r26, 0x35	; 53
    15de:	b0 e0       	ldi	r27, 0x00	; 0
    15e0:	e5 e3       	ldi	r30, 0x35	; 53
    15e2:	f0 e0       	ldi	r31, 0x00	; 0
    15e4:	80 81       	ld	r24, Z
    15e6:	48 2f       	mov	r20, r24
    15e8:	8b 81       	ldd	r24, Y+3	; 0x03
    15ea:	28 2f       	mov	r18, r24
    15ec:	30 e0       	ldi	r19, 0x00	; 0
    15ee:	81 e0       	ldi	r24, 0x01	; 1
    15f0:	90 e0       	ldi	r25, 0x00	; 0
    15f2:	02 2e       	mov	r0, r18
    15f4:	02 c0       	rjmp	.+4      	; 0x15fa <DIO_togelpinvalue+0xd2>
    15f6:	88 0f       	add	r24, r24
    15f8:	99 1f       	adc	r25, r25
    15fa:	0a 94       	dec	r0
    15fc:	e2 f7       	brpl	.-8      	; 0x15f6 <DIO_togelpinvalue+0xce>
    15fe:	84 27       	eor	r24, r20
    1600:	8c 93       	st	X, r24
    1602:	15 c0       	rjmp	.+42     	; 0x162e <DIO_togelpinvalue+0x106>
	case	DIO_portD:TOG_BIT(PORTD_REGISTER,copy_pinnumber); break;
    1604:	a2 e3       	ldi	r26, 0x32	; 50
    1606:	b0 e0       	ldi	r27, 0x00	; 0
    1608:	e2 e3       	ldi	r30, 0x32	; 50
    160a:	f0 e0       	ldi	r31, 0x00	; 0
    160c:	80 81       	ld	r24, Z
    160e:	48 2f       	mov	r20, r24
    1610:	8b 81       	ldd	r24, Y+3	; 0x03
    1612:	28 2f       	mov	r18, r24
    1614:	30 e0       	ldi	r19, 0x00	; 0
    1616:	81 e0       	ldi	r24, 0x01	; 1
    1618:	90 e0       	ldi	r25, 0x00	; 0
    161a:	02 2e       	mov	r0, r18
    161c:	02 c0       	rjmp	.+4      	; 0x1622 <DIO_togelpinvalue+0xfa>
    161e:	88 0f       	add	r24, r24
    1620:	99 1f       	adc	r25, r25
    1622:	0a 94       	dec	r0
    1624:	e2 f7       	brpl	.-8      	; 0x161e <DIO_togelpinvalue+0xf6>
    1626:	84 27       	eor	r24, r20
    1628:	8c 93       	st	X, r24
    162a:	01 c0       	rjmp	.+2      	; 0x162e <DIO_togelpinvalue+0x106>
}
}
else 
{
	LOC_STATE=DIO_Nok;
    162c:	19 82       	std	Y+1, r1	; 0x01
}
return LOC_STATE ;
    162e:	89 81       	ldd	r24, Y+1	; 0x01
}
    1630:	0f 90       	pop	r0
    1632:	0f 90       	pop	r0
    1634:	0f 90       	pop	r0
    1636:	0f 90       	pop	r0
    1638:	0f 90       	pop	r0
    163a:	cf 91       	pop	r28
    163c:	df 91       	pop	r29
    163e:	08 95       	ret

00001640 <DIO_setportdirection>:
	return : its statues (DIO_Nok,DIO_ok)

*/

DIO_errorstate DIO_setportdirection (u8 copy_port , u8 copy_portdirection )
{
    1640:	df 93       	push	r29
    1642:	cf 93       	push	r28
    1644:	00 d0       	rcall	.+0      	; 0x1646 <DIO_setportdirection+0x6>
    1646:	00 d0       	rcall	.+0      	; 0x1648 <DIO_setportdirection+0x8>
    1648:	0f 92       	push	r0
    164a:	cd b7       	in	r28, 0x3d	; 61
    164c:	de b7       	in	r29, 0x3e	; 62
    164e:	8a 83       	std	Y+2, r24	; 0x02
    1650:	6b 83       	std	Y+3, r22	; 0x03
	DIO_errorstate LOC_STATE = DIO_ok;
    1652:	81 e0       	ldi	r24, 0x01	; 1
    1654:	89 83       	std	Y+1, r24	; 0x01
	/* check on givin paramter is in valid range */
	
	if( copy_port<=DIO_portD ){
    1656:	8a 81       	ldd	r24, Y+2	; 0x02
    1658:	84 30       	cpi	r24, 0x04	; 4
    165a:	98 f5       	brcc	.+102    	; 0x16c2 <DIO_setportdirection+0x82>
		/* check on port name */
		switch(copy_port)
    165c:	8a 81       	ldd	r24, Y+2	; 0x02
    165e:	28 2f       	mov	r18, r24
    1660:	30 e0       	ldi	r19, 0x00	; 0
    1662:	3d 83       	std	Y+5, r19	; 0x05
    1664:	2c 83       	std	Y+4, r18	; 0x04
    1666:	8c 81       	ldd	r24, Y+4	; 0x04
    1668:	9d 81       	ldd	r25, Y+5	; 0x05
    166a:	81 30       	cpi	r24, 0x01	; 1
    166c:	91 05       	cpc	r25, r1
    166e:	d1 f0       	breq	.+52     	; 0x16a4 <DIO_setportdirection+0x64>
    1670:	2c 81       	ldd	r18, Y+4	; 0x04
    1672:	3d 81       	ldd	r19, Y+5	; 0x05
    1674:	22 30       	cpi	r18, 0x02	; 2
    1676:	31 05       	cpc	r19, r1
    1678:	2c f4       	brge	.+10     	; 0x1684 <DIO_setportdirection+0x44>
    167a:	8c 81       	ldd	r24, Y+4	; 0x04
    167c:	9d 81       	ldd	r25, Y+5	; 0x05
    167e:	00 97       	sbiw	r24, 0x00	; 0
    1680:	61 f0       	breq	.+24     	; 0x169a <DIO_setportdirection+0x5a>
    1682:	20 c0       	rjmp	.+64     	; 0x16c4 <DIO_setportdirection+0x84>
    1684:	2c 81       	ldd	r18, Y+4	; 0x04
    1686:	3d 81       	ldd	r19, Y+5	; 0x05
    1688:	22 30       	cpi	r18, 0x02	; 2
    168a:	31 05       	cpc	r19, r1
    168c:	81 f0       	breq	.+32     	; 0x16ae <DIO_setportdirection+0x6e>
    168e:	8c 81       	ldd	r24, Y+4	; 0x04
    1690:	9d 81       	ldd	r25, Y+5	; 0x05
    1692:	83 30       	cpi	r24, 0x03	; 3
    1694:	91 05       	cpc	r25, r1
    1696:	81 f0       	breq	.+32     	; 0x16b8 <DIO_setportdirection+0x78>
    1698:	15 c0       	rjmp	.+42     	; 0x16c4 <DIO_setportdirection+0x84>
		{
		case	DIO_portA : DDRA_REGISTER = copy_portdirection ; break ;
    169a:	ea e3       	ldi	r30, 0x3A	; 58
    169c:	f0 e0       	ldi	r31, 0x00	; 0
    169e:	8b 81       	ldd	r24, Y+3	; 0x03
    16a0:	80 83       	st	Z, r24
    16a2:	10 c0       	rjmp	.+32     	; 0x16c4 <DIO_setportdirection+0x84>
		case    DIO_portB : DDRB_REGISTER = copy_portdirection ; break ;
    16a4:	e7 e3       	ldi	r30, 0x37	; 55
    16a6:	f0 e0       	ldi	r31, 0x00	; 0
    16a8:	8b 81       	ldd	r24, Y+3	; 0x03
    16aa:	80 83       	st	Z, r24
    16ac:	0b c0       	rjmp	.+22     	; 0x16c4 <DIO_setportdirection+0x84>
		case	DIO_portC : DDRC_REGISTER = copy_portdirection ; break ;
    16ae:	e4 e3       	ldi	r30, 0x34	; 52
    16b0:	f0 e0       	ldi	r31, 0x00	; 0
    16b2:	8b 81       	ldd	r24, Y+3	; 0x03
    16b4:	80 83       	st	Z, r24
    16b6:	06 c0       	rjmp	.+12     	; 0x16c4 <DIO_setportdirection+0x84>
		case    DIO_portD : DDRD_REGISTER = copy_portdirection ; break ;
    16b8:	e1 e3       	ldi	r30, 0x31	; 49
    16ba:	f0 e0       	ldi	r31, 0x00	; 0
    16bc:	8b 81       	ldd	r24, Y+3	; 0x03
    16be:	80 83       	st	Z, r24
    16c0:	01 c0       	rjmp	.+2      	; 0x16c4 <DIO_setportdirection+0x84>
		}
	}
	else 
	{
		LOC_STATE =DIO_Nok;
    16c2:	19 82       	std	Y+1, r1	; 0x01
	}
	return LOC_STATE ;
    16c4:	89 81       	ldd	r24, Y+1	; 0x01
}
    16c6:	0f 90       	pop	r0
    16c8:	0f 90       	pop	r0
    16ca:	0f 90       	pop	r0
    16cc:	0f 90       	pop	r0
    16ce:	0f 90       	pop	r0
    16d0:	cf 91       	pop	r28
    16d2:	df 91       	pop	r29
    16d4:	08 95       	ret

000016d6 <DIO_setportvalue>:

*/


DIO_errorstate DIO_setportvalue     (u8 copy_port , u8 copy_portvalue     )
{
    16d6:	df 93       	push	r29
    16d8:	cf 93       	push	r28
    16da:	00 d0       	rcall	.+0      	; 0x16dc <DIO_setportvalue+0x6>
    16dc:	00 d0       	rcall	.+0      	; 0x16de <DIO_setportvalue+0x8>
    16de:	0f 92       	push	r0
    16e0:	cd b7       	in	r28, 0x3d	; 61
    16e2:	de b7       	in	r29, 0x3e	; 62
    16e4:	8a 83       	std	Y+2, r24	; 0x02
    16e6:	6b 83       	std	Y+3, r22	; 0x03
		DIO_errorstate LOC_STATE = DIO_ok;
    16e8:	81 e0       	ldi	r24, 0x01	; 1
    16ea:	89 83       	std	Y+1, r24	; 0x01
	/* check on givin paramter is in valid range */
	
	if( copy_port<=DIO_portD ){
    16ec:	8a 81       	ldd	r24, Y+2	; 0x02
    16ee:	84 30       	cpi	r24, 0x04	; 4
    16f0:	98 f5       	brcc	.+102    	; 0x1758 <DIO_setportvalue+0x82>
		
		/* check on port name */
		switch(copy_port)
    16f2:	8a 81       	ldd	r24, Y+2	; 0x02
    16f4:	28 2f       	mov	r18, r24
    16f6:	30 e0       	ldi	r19, 0x00	; 0
    16f8:	3d 83       	std	Y+5, r19	; 0x05
    16fa:	2c 83       	std	Y+4, r18	; 0x04
    16fc:	8c 81       	ldd	r24, Y+4	; 0x04
    16fe:	9d 81       	ldd	r25, Y+5	; 0x05
    1700:	81 30       	cpi	r24, 0x01	; 1
    1702:	91 05       	cpc	r25, r1
    1704:	d1 f0       	breq	.+52     	; 0x173a <DIO_setportvalue+0x64>
    1706:	2c 81       	ldd	r18, Y+4	; 0x04
    1708:	3d 81       	ldd	r19, Y+5	; 0x05
    170a:	22 30       	cpi	r18, 0x02	; 2
    170c:	31 05       	cpc	r19, r1
    170e:	2c f4       	brge	.+10     	; 0x171a <DIO_setportvalue+0x44>
    1710:	8c 81       	ldd	r24, Y+4	; 0x04
    1712:	9d 81       	ldd	r25, Y+5	; 0x05
    1714:	00 97       	sbiw	r24, 0x00	; 0
    1716:	61 f0       	breq	.+24     	; 0x1730 <DIO_setportvalue+0x5a>
    1718:	20 c0       	rjmp	.+64     	; 0x175a <DIO_setportvalue+0x84>
    171a:	2c 81       	ldd	r18, Y+4	; 0x04
    171c:	3d 81       	ldd	r19, Y+5	; 0x05
    171e:	22 30       	cpi	r18, 0x02	; 2
    1720:	31 05       	cpc	r19, r1
    1722:	81 f0       	breq	.+32     	; 0x1744 <DIO_setportvalue+0x6e>
    1724:	8c 81       	ldd	r24, Y+4	; 0x04
    1726:	9d 81       	ldd	r25, Y+5	; 0x05
    1728:	83 30       	cpi	r24, 0x03	; 3
    172a:	91 05       	cpc	r25, r1
    172c:	81 f0       	breq	.+32     	; 0x174e <DIO_setportvalue+0x78>
    172e:	15 c0       	rjmp	.+42     	; 0x175a <DIO_setportvalue+0x84>
		{
		case	DIO_portA : PORTA_REGISTER = copy_portvalue ; break ;
    1730:	eb e3       	ldi	r30, 0x3B	; 59
    1732:	f0 e0       	ldi	r31, 0x00	; 0
    1734:	8b 81       	ldd	r24, Y+3	; 0x03
    1736:	80 83       	st	Z, r24
    1738:	10 c0       	rjmp	.+32     	; 0x175a <DIO_setportvalue+0x84>
		case    DIO_portB : PORTB_REGISTER = copy_portvalue ; break ;
    173a:	e8 e3       	ldi	r30, 0x38	; 56
    173c:	f0 e0       	ldi	r31, 0x00	; 0
    173e:	8b 81       	ldd	r24, Y+3	; 0x03
    1740:	80 83       	st	Z, r24
    1742:	0b c0       	rjmp	.+22     	; 0x175a <DIO_setportvalue+0x84>
		case	DIO_portC : PORTC_REGISTER = copy_portvalue ; break ;
    1744:	e5 e3       	ldi	r30, 0x35	; 53
    1746:	f0 e0       	ldi	r31, 0x00	; 0
    1748:	8b 81       	ldd	r24, Y+3	; 0x03
    174a:	80 83       	st	Z, r24
    174c:	06 c0       	rjmp	.+12     	; 0x175a <DIO_setportvalue+0x84>
		case    DIO_portD : PORTD_REGISTER = copy_portvalue ; break ;
    174e:	e2 e3       	ldi	r30, 0x32	; 50
    1750:	f0 e0       	ldi	r31, 0x00	; 0
    1752:	8b 81       	ldd	r24, Y+3	; 0x03
    1754:	80 83       	st	Z, r24
    1756:	01 c0       	rjmp	.+2      	; 0x175a <DIO_setportvalue+0x84>
		}
	}
	else 
	{
		LOC_STATE =DIO_Nok;
    1758:	19 82       	std	Y+1, r1	; 0x01
	}
	return LOC_STATE ;
    175a:	89 81       	ldd	r24, Y+1	; 0x01
}
    175c:	0f 90       	pop	r0
    175e:	0f 90       	pop	r0
    1760:	0f 90       	pop	r0
    1762:	0f 90       	pop	r0
    1764:	0f 90       	pop	r0
    1766:	cf 91       	pop	r28
    1768:	df 91       	pop	r29
    176a:	08 95       	ret

0000176c <DIO_getportvalue>:
	return : its statues (DIO_Nok,DIO_ok)

*/

DIO_errorstate DIO_getportvalue     (u8 copy_port , u8 * ptr_data         )
{
    176c:	df 93       	push	r29
    176e:	cf 93       	push	r28
    1770:	00 d0       	rcall	.+0      	; 0x1772 <DIO_getportvalue+0x6>
    1772:	00 d0       	rcall	.+0      	; 0x1774 <DIO_getportvalue+0x8>
    1774:	00 d0       	rcall	.+0      	; 0x1776 <DIO_getportvalue+0xa>
    1776:	cd b7       	in	r28, 0x3d	; 61
    1778:	de b7       	in	r29, 0x3e	; 62
    177a:	8a 83       	std	Y+2, r24	; 0x02
    177c:	7c 83       	std	Y+4, r23	; 0x04
    177e:	6b 83       	std	Y+3, r22	; 0x03
			DIO_errorstate LOC_STATE = DIO_ok;
    1780:	81 e0       	ldi	r24, 0x01	; 1
    1782:	89 83       	std	Y+1, r24	; 0x01
	/* check on givin paramter is in valid range */
	
	if( copy_port<=DIO_portD ){
    1784:	8a 81       	ldd	r24, Y+2	; 0x02
    1786:	84 30       	cpi	r24, 0x04	; 4
    1788:	d8 f5       	brcc	.+118    	; 0x1800 <DIO_getportvalue+0x94>
		
		/* check on port name */
		switch(copy_port)
    178a:	8a 81       	ldd	r24, Y+2	; 0x02
    178c:	28 2f       	mov	r18, r24
    178e:	30 e0       	ldi	r19, 0x00	; 0
    1790:	3e 83       	std	Y+6, r19	; 0x06
    1792:	2d 83       	std	Y+5, r18	; 0x05
    1794:	8d 81       	ldd	r24, Y+5	; 0x05
    1796:	9e 81       	ldd	r25, Y+6	; 0x06
    1798:	81 30       	cpi	r24, 0x01	; 1
    179a:	91 05       	cpc	r25, r1
    179c:	e1 f0       	breq	.+56     	; 0x17d6 <DIO_getportvalue+0x6a>
    179e:	2d 81       	ldd	r18, Y+5	; 0x05
    17a0:	3e 81       	ldd	r19, Y+6	; 0x06
    17a2:	22 30       	cpi	r18, 0x02	; 2
    17a4:	31 05       	cpc	r19, r1
    17a6:	2c f4       	brge	.+10     	; 0x17b2 <DIO_getportvalue+0x46>
    17a8:	8d 81       	ldd	r24, Y+5	; 0x05
    17aa:	9e 81       	ldd	r25, Y+6	; 0x06
    17ac:	00 97       	sbiw	r24, 0x00	; 0
    17ae:	61 f0       	breq	.+24     	; 0x17c8 <DIO_getportvalue+0x5c>
    17b0:	28 c0       	rjmp	.+80     	; 0x1802 <DIO_getportvalue+0x96>
    17b2:	2d 81       	ldd	r18, Y+5	; 0x05
    17b4:	3e 81       	ldd	r19, Y+6	; 0x06
    17b6:	22 30       	cpi	r18, 0x02	; 2
    17b8:	31 05       	cpc	r19, r1
    17ba:	a1 f0       	breq	.+40     	; 0x17e4 <DIO_getportvalue+0x78>
    17bc:	8d 81       	ldd	r24, Y+5	; 0x05
    17be:	9e 81       	ldd	r25, Y+6	; 0x06
    17c0:	83 30       	cpi	r24, 0x03	; 3
    17c2:	91 05       	cpc	r25, r1
    17c4:	b1 f0       	breq	.+44     	; 0x17f2 <DIO_getportvalue+0x86>
    17c6:	1d c0       	rjmp	.+58     	; 0x1802 <DIO_getportvalue+0x96>
		{
		case	DIO_portA :  *ptr_data =    PINA_REGISTER ; break ;
    17c8:	e9 e3       	ldi	r30, 0x39	; 57
    17ca:	f0 e0       	ldi	r31, 0x00	; 0
    17cc:	80 81       	ld	r24, Z
    17ce:	eb 81       	ldd	r30, Y+3	; 0x03
    17d0:	fc 81       	ldd	r31, Y+4	; 0x04
    17d2:	80 83       	st	Z, r24
    17d4:	16 c0       	rjmp	.+44     	; 0x1802 <DIO_getportvalue+0x96>
		case    DIO_portB :  *ptr_data =    PINB_REGISTER ; break ;
    17d6:	e6 e3       	ldi	r30, 0x36	; 54
    17d8:	f0 e0       	ldi	r31, 0x00	; 0
    17da:	80 81       	ld	r24, Z
    17dc:	eb 81       	ldd	r30, Y+3	; 0x03
    17de:	fc 81       	ldd	r31, Y+4	; 0x04
    17e0:	80 83       	st	Z, r24
    17e2:	0f c0       	rjmp	.+30     	; 0x1802 <DIO_getportvalue+0x96>
		case	DIO_portC :  *ptr_data =    PINC_REGISTER ; break ;
    17e4:	e3 e3       	ldi	r30, 0x33	; 51
    17e6:	f0 e0       	ldi	r31, 0x00	; 0
    17e8:	80 81       	ld	r24, Z
    17ea:	eb 81       	ldd	r30, Y+3	; 0x03
    17ec:	fc 81       	ldd	r31, Y+4	; 0x04
    17ee:	80 83       	st	Z, r24
    17f0:	08 c0       	rjmp	.+16     	; 0x1802 <DIO_getportvalue+0x96>
		case    DIO_portD :  *ptr_data =    PIND_REGISTER ; break ;
    17f2:	e0 e3       	ldi	r30, 0x30	; 48
    17f4:	f0 e0       	ldi	r31, 0x00	; 0
    17f6:	80 81       	ld	r24, Z
    17f8:	eb 81       	ldd	r30, Y+3	; 0x03
    17fa:	fc 81       	ldd	r31, Y+4	; 0x04
    17fc:	80 83       	st	Z, r24
    17fe:	01 c0       	rjmp	.+2      	; 0x1802 <DIO_getportvalue+0x96>
		}
	}
	else 
	{
		LOC_STATE =DIO_Nok;
    1800:	19 82       	std	Y+1, r1	; 0x01
	}
	return LOC_STATE ;
    1802:	89 81       	ldd	r24, Y+1	; 0x01
}
    1804:	26 96       	adiw	r28, 0x06	; 6
    1806:	0f b6       	in	r0, 0x3f	; 63
    1808:	f8 94       	cli
    180a:	de bf       	out	0x3e, r29	; 62
    180c:	0f be       	out	0x3f, r0	; 63
    180e:	cd bf       	out	0x3d, r28	; 61
    1810:	cf 91       	pop	r28
    1812:	df 91       	pop	r29
    1814:	08 95       	ret

00001816 <DIO_togelportvalue>:
	return : its statues (DIO_Nok,DIO_ok)

*/

DIO_errorstate DIO_togelportvalue   (u8 copy_port                         )
{
    1816:	df 93       	push	r29
    1818:	cf 93       	push	r28
    181a:	00 d0       	rcall	.+0      	; 0x181c <DIO_togelportvalue+0x6>
    181c:	00 d0       	rcall	.+0      	; 0x181e <DIO_togelportvalue+0x8>
    181e:	cd b7       	in	r28, 0x3d	; 61
    1820:	de b7       	in	r29, 0x3e	; 62
    1822:	8a 83       	std	Y+2, r24	; 0x02
			DIO_errorstate LOC_STATE = DIO_ok;
    1824:	81 e0       	ldi	r24, 0x01	; 1
    1826:	89 83       	std	Y+1, r24	; 0x01
	/* check on givin paramter is in valid range */
	
	if( copy_port<=DIO_portD ){
    1828:	8a 81       	ldd	r24, Y+2	; 0x02
    182a:	84 30       	cpi	r24, 0x04	; 4
    182c:	08 f0       	brcs	.+2      	; 0x1830 <DIO_togelportvalue+0x1a>
    182e:	3f c0       	rjmp	.+126    	; 0x18ae <DIO_togelportvalue+0x98>
		
		/* check on port name */
		switch(copy_port)
    1830:	8a 81       	ldd	r24, Y+2	; 0x02
    1832:	28 2f       	mov	r18, r24
    1834:	30 e0       	ldi	r19, 0x00	; 0
    1836:	3c 83       	std	Y+4, r19	; 0x04
    1838:	2b 83       	std	Y+3, r18	; 0x03
    183a:	8b 81       	ldd	r24, Y+3	; 0x03
    183c:	9c 81       	ldd	r25, Y+4	; 0x04
    183e:	81 30       	cpi	r24, 0x01	; 1
    1840:	91 05       	cpc	r25, r1
    1842:	e9 f0       	breq	.+58     	; 0x187e <DIO_togelportvalue+0x68>
    1844:	2b 81       	ldd	r18, Y+3	; 0x03
    1846:	3c 81       	ldd	r19, Y+4	; 0x04
    1848:	22 30       	cpi	r18, 0x02	; 2
    184a:	31 05       	cpc	r19, r1
    184c:	2c f4       	brge	.+10     	; 0x1858 <DIO_togelportvalue+0x42>
    184e:	8b 81       	ldd	r24, Y+3	; 0x03
    1850:	9c 81       	ldd	r25, Y+4	; 0x04
    1852:	00 97       	sbiw	r24, 0x00	; 0
    1854:	61 f0       	breq	.+24     	; 0x186e <DIO_togelportvalue+0x58>
    1856:	2c c0       	rjmp	.+88     	; 0x18b0 <DIO_togelportvalue+0x9a>
    1858:	2b 81       	ldd	r18, Y+3	; 0x03
    185a:	3c 81       	ldd	r19, Y+4	; 0x04
    185c:	22 30       	cpi	r18, 0x02	; 2
    185e:	31 05       	cpc	r19, r1
    1860:	b1 f0       	breq	.+44     	; 0x188e <DIO_togelportvalue+0x78>
    1862:	8b 81       	ldd	r24, Y+3	; 0x03
    1864:	9c 81       	ldd	r25, Y+4	; 0x04
    1866:	83 30       	cpi	r24, 0x03	; 3
    1868:	91 05       	cpc	r25, r1
    186a:	c9 f0       	breq	.+50     	; 0x189e <DIO_togelportvalue+0x88>
    186c:	21 c0       	rjmp	.+66     	; 0x18b0 <DIO_togelportvalue+0x9a>
		{
		case	DIO_portA :  PORTA_REGISTER =   ~ PORTA_REGISTER ; break ;
    186e:	ab e3       	ldi	r26, 0x3B	; 59
    1870:	b0 e0       	ldi	r27, 0x00	; 0
    1872:	eb e3       	ldi	r30, 0x3B	; 59
    1874:	f0 e0       	ldi	r31, 0x00	; 0
    1876:	80 81       	ld	r24, Z
    1878:	80 95       	com	r24
    187a:	8c 93       	st	X, r24
    187c:	19 c0       	rjmp	.+50     	; 0x18b0 <DIO_togelportvalue+0x9a>
		case    DIO_portB :  PORTB_REGISTER =   ~ PORTB_REGISTER ; break ;
    187e:	a8 e3       	ldi	r26, 0x38	; 56
    1880:	b0 e0       	ldi	r27, 0x00	; 0
    1882:	e8 e3       	ldi	r30, 0x38	; 56
    1884:	f0 e0       	ldi	r31, 0x00	; 0
    1886:	80 81       	ld	r24, Z
    1888:	80 95       	com	r24
    188a:	8c 93       	st	X, r24
    188c:	11 c0       	rjmp	.+34     	; 0x18b0 <DIO_togelportvalue+0x9a>
		case	DIO_portC :  PORTC_REGISTER =   ~ PORTC_REGISTER ; break ;
    188e:	a5 e3       	ldi	r26, 0x35	; 53
    1890:	b0 e0       	ldi	r27, 0x00	; 0
    1892:	e5 e3       	ldi	r30, 0x35	; 53
    1894:	f0 e0       	ldi	r31, 0x00	; 0
    1896:	80 81       	ld	r24, Z
    1898:	80 95       	com	r24
    189a:	8c 93       	st	X, r24
    189c:	09 c0       	rjmp	.+18     	; 0x18b0 <DIO_togelportvalue+0x9a>
		case    DIO_portD :  PORTD_REGISTER =   ~ PORTD_REGISTER ; break ;
    189e:	a2 e3       	ldi	r26, 0x32	; 50
    18a0:	b0 e0       	ldi	r27, 0x00	; 0
    18a2:	e2 e3       	ldi	r30, 0x32	; 50
    18a4:	f0 e0       	ldi	r31, 0x00	; 0
    18a6:	80 81       	ld	r24, Z
    18a8:	80 95       	com	r24
    18aa:	8c 93       	st	X, r24
    18ac:	01 c0       	rjmp	.+2      	; 0x18b0 <DIO_togelportvalue+0x9a>
		}
	}
	else 
	{
		LOC_STATE =DIO_Nok;
    18ae:	19 82       	std	Y+1, r1	; 0x01
	}
	return LOC_STATE ;
    18b0:	89 81       	ldd	r24, Y+1	; 0x01
}
    18b2:	0f 90       	pop	r0
    18b4:	0f 90       	pop	r0
    18b6:	0f 90       	pop	r0
    18b8:	0f 90       	pop	r0
    18ba:	cf 91       	pop	r28
    18bc:	df 91       	pop	r29
    18be:	08 95       	ret

000018c0 <DIO_writehighnibles>:

*/


DIO_errorstate DIO_writehighnibles (u8 copy_port , u8 copy_value )
{
    18c0:	df 93       	push	r29
    18c2:	cf 93       	push	r28
    18c4:	00 d0       	rcall	.+0      	; 0x18c6 <DIO_writehighnibles+0x6>
    18c6:	00 d0       	rcall	.+0      	; 0x18c8 <DIO_writehighnibles+0x8>
    18c8:	0f 92       	push	r0
    18ca:	cd b7       	in	r28, 0x3d	; 61
    18cc:	de b7       	in	r29, 0x3e	; 62
    18ce:	8a 83       	std	Y+2, r24	; 0x02
    18d0:	6b 83       	std	Y+3, r22	; 0x03
				DIO_errorstate LOC_STATE = DIO_ok;
    18d2:	81 e0       	ldi	r24, 0x01	; 1
    18d4:	89 83       	std	Y+1, r24	; 0x01
	/* check on givin paramter is in valid range */
	
	if( copy_port<=DIO_portD ){
    18d6:	8a 81       	ldd	r24, Y+2	; 0x02
    18d8:	84 30       	cpi	r24, 0x04	; 4
    18da:	08 f0       	brcs	.+2      	; 0x18de <DIO_writehighnibles+0x1e>
    18dc:	4f c0       	rjmp	.+158    	; 0x197c <DIO_writehighnibles+0xbc>
		copy_value = (copy_value<<4);
    18de:	8b 81       	ldd	r24, Y+3	; 0x03
    18e0:	82 95       	swap	r24
    18e2:	80 7f       	andi	r24, 0xF0	; 240
    18e4:	8b 83       	std	Y+3, r24	; 0x03
		/* check on port name */
		switch(copy_port)
    18e6:	8a 81       	ldd	r24, Y+2	; 0x02
    18e8:	28 2f       	mov	r18, r24
    18ea:	30 e0       	ldi	r19, 0x00	; 0
    18ec:	3d 83       	std	Y+5, r19	; 0x05
    18ee:	2c 83       	std	Y+4, r18	; 0x04
    18f0:	8c 81       	ldd	r24, Y+4	; 0x04
    18f2:	9d 81       	ldd	r25, Y+5	; 0x05
    18f4:	81 30       	cpi	r24, 0x01	; 1
    18f6:	91 05       	cpc	r25, r1
    18f8:	01 f1       	breq	.+64     	; 0x193a <DIO_writehighnibles+0x7a>
    18fa:	2c 81       	ldd	r18, Y+4	; 0x04
    18fc:	3d 81       	ldd	r19, Y+5	; 0x05
    18fe:	22 30       	cpi	r18, 0x02	; 2
    1900:	31 05       	cpc	r19, r1
    1902:	2c f4       	brge	.+10     	; 0x190e <DIO_writehighnibles+0x4e>
    1904:	8c 81       	ldd	r24, Y+4	; 0x04
    1906:	9d 81       	ldd	r25, Y+5	; 0x05
    1908:	00 97       	sbiw	r24, 0x00	; 0
    190a:	61 f0       	breq	.+24     	; 0x1924 <DIO_writehighnibles+0x64>
    190c:	38 c0       	rjmp	.+112    	; 0x197e <DIO_writehighnibles+0xbe>
    190e:	2c 81       	ldd	r18, Y+4	; 0x04
    1910:	3d 81       	ldd	r19, Y+5	; 0x05
    1912:	22 30       	cpi	r18, 0x02	; 2
    1914:	31 05       	cpc	r19, r1
    1916:	e1 f0       	breq	.+56     	; 0x1950 <DIO_writehighnibles+0x90>
    1918:	8c 81       	ldd	r24, Y+4	; 0x04
    191a:	9d 81       	ldd	r25, Y+5	; 0x05
    191c:	83 30       	cpi	r24, 0x03	; 3
    191e:	91 05       	cpc	r25, r1
    1920:	11 f1       	breq	.+68     	; 0x1966 <DIO_writehighnibles+0xa6>
    1922:	2d c0       	rjmp	.+90     	; 0x197e <DIO_writehighnibles+0xbe>
		{
		case	DIO_portA :  PORTA_REGISTER = ((PORTA_REGISTER & 0x0f )|(copy_value)) ; break ;
    1924:	ab e3       	ldi	r26, 0x3B	; 59
    1926:	b0 e0       	ldi	r27, 0x00	; 0
    1928:	eb e3       	ldi	r30, 0x3B	; 59
    192a:	f0 e0       	ldi	r31, 0x00	; 0
    192c:	80 81       	ld	r24, Z
    192e:	98 2f       	mov	r25, r24
    1930:	9f 70       	andi	r25, 0x0F	; 15
    1932:	8b 81       	ldd	r24, Y+3	; 0x03
    1934:	89 2b       	or	r24, r25
    1936:	8c 93       	st	X, r24
    1938:	22 c0       	rjmp	.+68     	; 0x197e <DIO_writehighnibles+0xbe>
		case    DIO_portB :  PORTB_REGISTER = ((PORTB_REGISTER & 0x0f )|(copy_value)) ; break ;
    193a:	a8 e3       	ldi	r26, 0x38	; 56
    193c:	b0 e0       	ldi	r27, 0x00	; 0
    193e:	e8 e3       	ldi	r30, 0x38	; 56
    1940:	f0 e0       	ldi	r31, 0x00	; 0
    1942:	80 81       	ld	r24, Z
    1944:	98 2f       	mov	r25, r24
    1946:	9f 70       	andi	r25, 0x0F	; 15
    1948:	8b 81       	ldd	r24, Y+3	; 0x03
    194a:	89 2b       	or	r24, r25
    194c:	8c 93       	st	X, r24
    194e:	17 c0       	rjmp	.+46     	; 0x197e <DIO_writehighnibles+0xbe>
		case	DIO_portC :  PORTC_REGISTER = ((PORTC_REGISTER & 0x0f )|(copy_value)) ; break ;
    1950:	a5 e3       	ldi	r26, 0x35	; 53
    1952:	b0 e0       	ldi	r27, 0x00	; 0
    1954:	e5 e3       	ldi	r30, 0x35	; 53
    1956:	f0 e0       	ldi	r31, 0x00	; 0
    1958:	80 81       	ld	r24, Z
    195a:	98 2f       	mov	r25, r24
    195c:	9f 70       	andi	r25, 0x0F	; 15
    195e:	8b 81       	ldd	r24, Y+3	; 0x03
    1960:	89 2b       	or	r24, r25
    1962:	8c 93       	st	X, r24
    1964:	0c c0       	rjmp	.+24     	; 0x197e <DIO_writehighnibles+0xbe>
		case    DIO_portD :  PORTD_REGISTER = ((PORTD_REGISTER & 0x0f )|(copy_value)) ; break ;
    1966:	a2 e3       	ldi	r26, 0x32	; 50
    1968:	b0 e0       	ldi	r27, 0x00	; 0
    196a:	e2 e3       	ldi	r30, 0x32	; 50
    196c:	f0 e0       	ldi	r31, 0x00	; 0
    196e:	80 81       	ld	r24, Z
    1970:	98 2f       	mov	r25, r24
    1972:	9f 70       	andi	r25, 0x0F	; 15
    1974:	8b 81       	ldd	r24, Y+3	; 0x03
    1976:	89 2b       	or	r24, r25
    1978:	8c 93       	st	X, r24
    197a:	01 c0       	rjmp	.+2      	; 0x197e <DIO_writehighnibles+0xbe>
		}
	}
	else 
	{
		LOC_STATE =DIO_Nok;
    197c:	19 82       	std	Y+1, r1	; 0x01
	}
	return LOC_STATE ;
    197e:	89 81       	ldd	r24, Y+1	; 0x01
}
    1980:	0f 90       	pop	r0
    1982:	0f 90       	pop	r0
    1984:	0f 90       	pop	r0
    1986:	0f 90       	pop	r0
    1988:	0f 90       	pop	r0
    198a:	cf 91       	pop	r28
    198c:	df 91       	pop	r29
    198e:	08 95       	ret

00001990 <DIO_writelownibles>:




DIO_errorstate DIO_writelownibles  (u8 copy_port , u8 copy_value )
{
    1990:	df 93       	push	r29
    1992:	cf 93       	push	r28
    1994:	00 d0       	rcall	.+0      	; 0x1996 <DIO_writelownibles+0x6>
    1996:	00 d0       	rcall	.+0      	; 0x1998 <DIO_writelownibles+0x8>
    1998:	0f 92       	push	r0
    199a:	cd b7       	in	r28, 0x3d	; 61
    199c:	de b7       	in	r29, 0x3e	; 62
    199e:	8a 83       	std	Y+2, r24	; 0x02
    19a0:	6b 83       	std	Y+3, r22	; 0x03
				DIO_errorstate LOC_STATE = DIO_ok;
    19a2:	81 e0       	ldi	r24, 0x01	; 1
    19a4:	89 83       	std	Y+1, r24	; 0x01
	/* check on givin paramter is in valid range */
	
	if( copy_port<=DIO_portD ){
    19a6:	8a 81       	ldd	r24, Y+2	; 0x02
    19a8:	84 30       	cpi	r24, 0x04	; 4
    19aa:	08 f0       	brcs	.+2      	; 0x19ae <DIO_writelownibles+0x1e>
    19ac:	4e c0       	rjmp	.+156    	; 0x1a4a <DIO_writelownibles+0xba>
		copy_value = (copy_value&0x0f);
    19ae:	8b 81       	ldd	r24, Y+3	; 0x03
    19b0:	8f 70       	andi	r24, 0x0F	; 15
    19b2:	8b 83       	std	Y+3, r24	; 0x03
		/* check on port name */
		switch(copy_port)
    19b4:	8a 81       	ldd	r24, Y+2	; 0x02
    19b6:	28 2f       	mov	r18, r24
    19b8:	30 e0       	ldi	r19, 0x00	; 0
    19ba:	3d 83       	std	Y+5, r19	; 0x05
    19bc:	2c 83       	std	Y+4, r18	; 0x04
    19be:	8c 81       	ldd	r24, Y+4	; 0x04
    19c0:	9d 81       	ldd	r25, Y+5	; 0x05
    19c2:	81 30       	cpi	r24, 0x01	; 1
    19c4:	91 05       	cpc	r25, r1
    19c6:	01 f1       	breq	.+64     	; 0x1a08 <DIO_writelownibles+0x78>
    19c8:	2c 81       	ldd	r18, Y+4	; 0x04
    19ca:	3d 81       	ldd	r19, Y+5	; 0x05
    19cc:	22 30       	cpi	r18, 0x02	; 2
    19ce:	31 05       	cpc	r19, r1
    19d0:	2c f4       	brge	.+10     	; 0x19dc <DIO_writelownibles+0x4c>
    19d2:	8c 81       	ldd	r24, Y+4	; 0x04
    19d4:	9d 81       	ldd	r25, Y+5	; 0x05
    19d6:	00 97       	sbiw	r24, 0x00	; 0
    19d8:	61 f0       	breq	.+24     	; 0x19f2 <DIO_writelownibles+0x62>
    19da:	38 c0       	rjmp	.+112    	; 0x1a4c <DIO_writelownibles+0xbc>
    19dc:	2c 81       	ldd	r18, Y+4	; 0x04
    19de:	3d 81       	ldd	r19, Y+5	; 0x05
    19e0:	22 30       	cpi	r18, 0x02	; 2
    19e2:	31 05       	cpc	r19, r1
    19e4:	e1 f0       	breq	.+56     	; 0x1a1e <DIO_writelownibles+0x8e>
    19e6:	8c 81       	ldd	r24, Y+4	; 0x04
    19e8:	9d 81       	ldd	r25, Y+5	; 0x05
    19ea:	83 30       	cpi	r24, 0x03	; 3
    19ec:	91 05       	cpc	r25, r1
    19ee:	11 f1       	breq	.+68     	; 0x1a34 <DIO_writelownibles+0xa4>
    19f0:	2d c0       	rjmp	.+90     	; 0x1a4c <DIO_writelownibles+0xbc>
		{
		case	DIO_portA :  PORTA_REGISTER = ((PORTA_REGISTER & 0xf0 )|(copy_value)) ; break ;
    19f2:	ab e3       	ldi	r26, 0x3B	; 59
    19f4:	b0 e0       	ldi	r27, 0x00	; 0
    19f6:	eb e3       	ldi	r30, 0x3B	; 59
    19f8:	f0 e0       	ldi	r31, 0x00	; 0
    19fa:	80 81       	ld	r24, Z
    19fc:	98 2f       	mov	r25, r24
    19fe:	90 7f       	andi	r25, 0xF0	; 240
    1a00:	8b 81       	ldd	r24, Y+3	; 0x03
    1a02:	89 2b       	or	r24, r25
    1a04:	8c 93       	st	X, r24
    1a06:	22 c0       	rjmp	.+68     	; 0x1a4c <DIO_writelownibles+0xbc>
		case    DIO_portB :  PORTB_REGISTER = ((PORTB_REGISTER & 0xf0 )|(copy_value)) ; break ;
    1a08:	a8 e3       	ldi	r26, 0x38	; 56
    1a0a:	b0 e0       	ldi	r27, 0x00	; 0
    1a0c:	e8 e3       	ldi	r30, 0x38	; 56
    1a0e:	f0 e0       	ldi	r31, 0x00	; 0
    1a10:	80 81       	ld	r24, Z
    1a12:	98 2f       	mov	r25, r24
    1a14:	90 7f       	andi	r25, 0xF0	; 240
    1a16:	8b 81       	ldd	r24, Y+3	; 0x03
    1a18:	89 2b       	or	r24, r25
    1a1a:	8c 93       	st	X, r24
    1a1c:	17 c0       	rjmp	.+46     	; 0x1a4c <DIO_writelownibles+0xbc>
		case	DIO_portC :  PORTC_REGISTER = ((PORTC_REGISTER & 0xf0 )|(copy_value)) ; break ;
    1a1e:	a5 e3       	ldi	r26, 0x35	; 53
    1a20:	b0 e0       	ldi	r27, 0x00	; 0
    1a22:	e5 e3       	ldi	r30, 0x35	; 53
    1a24:	f0 e0       	ldi	r31, 0x00	; 0
    1a26:	80 81       	ld	r24, Z
    1a28:	98 2f       	mov	r25, r24
    1a2a:	90 7f       	andi	r25, 0xF0	; 240
    1a2c:	8b 81       	ldd	r24, Y+3	; 0x03
    1a2e:	89 2b       	or	r24, r25
    1a30:	8c 93       	st	X, r24
    1a32:	0c c0       	rjmp	.+24     	; 0x1a4c <DIO_writelownibles+0xbc>
		case    DIO_portD :  PORTD_REGISTER = ((PORTD_REGISTER & 0xf0 )|(copy_value)) ; break ;
    1a34:	a2 e3       	ldi	r26, 0x32	; 50
    1a36:	b0 e0       	ldi	r27, 0x00	; 0
    1a38:	e2 e3       	ldi	r30, 0x32	; 50
    1a3a:	f0 e0       	ldi	r31, 0x00	; 0
    1a3c:	80 81       	ld	r24, Z
    1a3e:	98 2f       	mov	r25, r24
    1a40:	90 7f       	andi	r25, 0xF0	; 240
    1a42:	8b 81       	ldd	r24, Y+3	; 0x03
    1a44:	89 2b       	or	r24, r25
    1a46:	8c 93       	st	X, r24
    1a48:	01 c0       	rjmp	.+2      	; 0x1a4c <DIO_writelownibles+0xbc>
		}
	}
	else 
	{
		LOC_STATE =DIO_Nok;
    1a4a:	19 82       	std	Y+1, r1	; 0x01
	}
	return LOC_STATE ;
    1a4c:	89 81       	ldd	r24, Y+1	; 0x01
}
    1a4e:	0f 90       	pop	r0
    1a50:	0f 90       	pop	r0
    1a52:	0f 90       	pop	r0
    1a54:	0f 90       	pop	r0
    1a56:	0f 90       	pop	r0
    1a58:	cf 91       	pop	r28
    1a5a:	df 91       	pop	r29
    1a5c:	08 95       	ret

00001a5e <LCD_init>:
#include "LCD_interface.h"
#include "DIO_interface.h"
#include "LCD_private.h"
#include "LCD_config.h"

void LCD_init(){
    1a5e:	df 93       	push	r29
    1a60:	cf 93       	push	r28
    1a62:	cd b7       	in	r28, 0x3d	; 61
    1a64:	de b7       	in	r29, 0x3e	; 62
    1a66:	e8 97       	sbiw	r28, 0x38	; 56
    1a68:	0f b6       	in	r0, 0x3f	; 63
    1a6a:	f8 94       	cli
    1a6c:	de bf       	out	0x3e, r29	; 62
    1a6e:	0f be       	out	0x3f, r0	; 63
    1a70:	cd bf       	out	0x3d, r28	; 61
    1a72:	80 e0       	ldi	r24, 0x00	; 0
    1a74:	90 e0       	ldi	r25, 0x00	; 0
    1a76:	a0 e2       	ldi	r26, 0x20	; 32
    1a78:	b2 e4       	ldi	r27, 0x42	; 66
    1a7a:	8d ab       	std	Y+53, r24	; 0x35
    1a7c:	9e ab       	std	Y+54, r25	; 0x36
    1a7e:	af ab       	std	Y+55, r26	; 0x37
    1a80:	b8 af       	std	Y+56, r27	; 0x38
 */
void
_delay_ms(double __ms)
{
	uint16_t __ticks;
	double __tmp = ((F_CPU) / 4e3) * __ms;
    1a82:	6d a9       	ldd	r22, Y+53	; 0x35
    1a84:	7e a9       	ldd	r23, Y+54	; 0x36
    1a86:	8f a9       	ldd	r24, Y+55	; 0x37
    1a88:	98 ad       	ldd	r25, Y+56	; 0x38
    1a8a:	20 e0       	ldi	r18, 0x00	; 0
    1a8c:	30 e0       	ldi	r19, 0x00	; 0
    1a8e:	4a ef       	ldi	r20, 0xFA	; 250
    1a90:	54 e4       	ldi	r21, 0x44	; 68
    1a92:	0e 94 1f 02 	call	0x43e	; 0x43e <__mulsf3>
    1a96:	dc 01       	movw	r26, r24
    1a98:	cb 01       	movw	r24, r22
    1a9a:	89 ab       	std	Y+49, r24	; 0x31
    1a9c:	9a ab       	std	Y+50, r25	; 0x32
    1a9e:	ab ab       	std	Y+51, r26	; 0x33
    1aa0:	bc ab       	std	Y+52, r27	; 0x34
	if (__tmp < 1.0)
    1aa2:	69 a9       	ldd	r22, Y+49	; 0x31
    1aa4:	7a a9       	ldd	r23, Y+50	; 0x32
    1aa6:	8b a9       	ldd	r24, Y+51	; 0x33
    1aa8:	9c a9       	ldd	r25, Y+52	; 0x34
    1aaa:	20 e0       	ldi	r18, 0x00	; 0
    1aac:	30 e0       	ldi	r19, 0x00	; 0
    1aae:	40 e8       	ldi	r20, 0x80	; 128
    1ab0:	5f e3       	ldi	r21, 0x3F	; 63
    1ab2:	0e 94 79 03 	call	0x6f2	; 0x6f2 <__ltsf2>
    1ab6:	88 23       	and	r24, r24
    1ab8:	2c f4       	brge	.+10     	; 0x1ac4 <LCD_init+0x66>
		__ticks = 1;
    1aba:	81 e0       	ldi	r24, 0x01	; 1
    1abc:	90 e0       	ldi	r25, 0x00	; 0
    1abe:	98 ab       	std	Y+48, r25	; 0x30
    1ac0:	8f a7       	std	Y+47, r24	; 0x2f
    1ac2:	3f c0       	rjmp	.+126    	; 0x1b42 <LCD_init+0xe4>
	else if (__tmp > 65535)
    1ac4:	69 a9       	ldd	r22, Y+49	; 0x31
    1ac6:	7a a9       	ldd	r23, Y+50	; 0x32
    1ac8:	8b a9       	ldd	r24, Y+51	; 0x33
    1aca:	9c a9       	ldd	r25, Y+52	; 0x34
    1acc:	20 e0       	ldi	r18, 0x00	; 0
    1ace:	3f ef       	ldi	r19, 0xFF	; 255
    1ad0:	4f e7       	ldi	r20, 0x7F	; 127
    1ad2:	57 e4       	ldi	r21, 0x47	; 71
    1ad4:	0e 94 19 03 	call	0x632	; 0x632 <__gtsf2>
    1ad8:	18 16       	cp	r1, r24
    1ada:	4c f5       	brge	.+82     	; 0x1b2e <LCD_init+0xd0>
	{
		//	__ticks = requested delay in 1/10 ms
		__ticks = (uint16_t) (__ms * 10.0);
    1adc:	6d a9       	ldd	r22, Y+53	; 0x35
    1ade:	7e a9       	ldd	r23, Y+54	; 0x36
    1ae0:	8f a9       	ldd	r24, Y+55	; 0x37
    1ae2:	98 ad       	ldd	r25, Y+56	; 0x38
    1ae4:	20 e0       	ldi	r18, 0x00	; 0
    1ae6:	30 e0       	ldi	r19, 0x00	; 0
    1ae8:	40 e2       	ldi	r20, 0x20	; 32
    1aea:	51 e4       	ldi	r21, 0x41	; 65
    1aec:	0e 94 1f 02 	call	0x43e	; 0x43e <__mulsf3>
    1af0:	dc 01       	movw	r26, r24
    1af2:	cb 01       	movw	r24, r22
    1af4:	bc 01       	movw	r22, r24
    1af6:	cd 01       	movw	r24, r26
    1af8:	0e 94 49 00 	call	0x92	; 0x92 <__fixunssfsi>
    1afc:	dc 01       	movw	r26, r24
    1afe:	cb 01       	movw	r24, r22
    1b00:	98 ab       	std	Y+48, r25	; 0x30
    1b02:	8f a7       	std	Y+47, r24	; 0x2f
    1b04:	0f c0       	rjmp	.+30     	; 0x1b24 <LCD_init+0xc6>
    1b06:	88 ec       	ldi	r24, 0xC8	; 200
    1b08:	90 e0       	ldi	r25, 0x00	; 0
    1b0a:	9e a7       	std	Y+46, r25	; 0x2e
    1b0c:	8d a7       	std	Y+45, r24	; 0x2d
    milliseconds can be achieved.
 */
void
_delay_loop_2(uint16_t __count)
{
	__asm__ volatile (
    1b0e:	8d a5       	ldd	r24, Y+45	; 0x2d
    1b10:	9e a5       	ldd	r25, Y+46	; 0x2e
    1b12:	01 97       	sbiw	r24, 0x01	; 1
    1b14:	f1 f7       	brne	.-4      	; 0x1b12 <LCD_init+0xb4>
    1b16:	9e a7       	std	Y+46, r25	; 0x2e
    1b18:	8d a7       	std	Y+45, r24	; 0x2d
		while(__ticks)
		{
			// wait 1/10 ms
			_delay_loop_2(((F_CPU) / 4e3) / 10);
			__ticks --;
    1b1a:	8f a5       	ldd	r24, Y+47	; 0x2f
    1b1c:	98 a9       	ldd	r25, Y+48	; 0x30
    1b1e:	01 97       	sbiw	r24, 0x01	; 1
    1b20:	98 ab       	std	Y+48, r25	; 0x30
    1b22:	8f a7       	std	Y+47, r24	; 0x2f
		__ticks = 1;
	else if (__tmp > 65535)
	{
		//	__ticks = requested delay in 1/10 ms
		__ticks = (uint16_t) (__ms * 10.0);
		while(__ticks)
    1b24:	8f a5       	ldd	r24, Y+47	; 0x2f
    1b26:	98 a9       	ldd	r25, Y+48	; 0x30
    1b28:	00 97       	sbiw	r24, 0x00	; 0
    1b2a:	69 f7       	brne	.-38     	; 0x1b06 <LCD_init+0xa8>
    1b2c:	14 c0       	rjmp	.+40     	; 0x1b56 <LCD_init+0xf8>
			__ticks --;
		}
		return;
	}
	else
		__ticks = (uint16_t)__tmp;
    1b2e:	69 a9       	ldd	r22, Y+49	; 0x31
    1b30:	7a a9       	ldd	r23, Y+50	; 0x32
    1b32:	8b a9       	ldd	r24, Y+51	; 0x33
    1b34:	9c a9       	ldd	r25, Y+52	; 0x34
    1b36:	0e 94 49 00 	call	0x92	; 0x92 <__fixunssfsi>
    1b3a:	dc 01       	movw	r26, r24
    1b3c:	cb 01       	movw	r24, r22
    1b3e:	98 ab       	std	Y+48, r25	; 0x30
    1b40:	8f a7       	std	Y+47, r24	; 0x2f
    1b42:	8f a5       	ldd	r24, Y+47	; 0x2f
    1b44:	98 a9       	ldd	r25, Y+48	; 0x30
    1b46:	9c a7       	std	Y+44, r25	; 0x2c
    1b48:	8b a7       	std	Y+43, r24	; 0x2b
    1b4a:	8b a5       	ldd	r24, Y+43	; 0x2b
    1b4c:	9c a5       	ldd	r25, Y+44	; 0x2c
    1b4e:	01 97       	sbiw	r24, 0x01	; 1
    1b50:	f1 f7       	brne	.-4      	; 0x1b4e <LCD_init+0xf0>
    1b52:	9c a7       	std	Y+44, r25	; 0x2c
    1b54:	8b a7       	std	Y+43, r24	; 0x2b
	_delay_ms(40);
	#if LCD_MODE == 8
	
		DIO_setportdirection(LCD_DATA_PORT,DIO_PORT_OUTPUT);
    1b56:	82 e0       	ldi	r24, 0x02	; 2
    1b58:	6f ef       	ldi	r22, 0xFF	; 255
    1b5a:	0e 94 20 0b 	call	0x1640	; 0x1640 <DIO_setportdirection>
		DIO_setpindirection(LCD_COMMAND_PORT,LCD_RW,DIO_pin_output);
    1b5e:	83 e0       	ldi	r24, 0x03	; 3
    1b60:	61 e0       	ldi	r22, 0x01	; 1
    1b62:	41 e0       	ldi	r20, 0x01	; 1
    1b64:	0e 94 b2 07 	call	0xf64	; 0xf64 <DIO_setpindirection>
		DIO_setpindirection(LCD_COMMAND_PORT,LCD_EN,DIO_pin_output);
    1b68:	83 e0       	ldi	r24, 0x03	; 3
    1b6a:	62 e0       	ldi	r22, 0x02	; 2
    1b6c:	41 e0       	ldi	r20, 0x01	; 1
    1b6e:	0e 94 b2 07 	call	0xf64	; 0xf64 <DIO_setpindirection>
		DIO_setpindirection(LCD_COMMAND_PORT,LCD_RS,DIO_pin_output);
    1b72:	83 e0       	ldi	r24, 0x03	; 3
    1b74:	60 e0       	ldi	r22, 0x00	; 0
    1b76:	41 e0       	ldi	r20, 0x01	; 1
    1b78:	0e 94 b2 07 	call	0xf64	; 0xf64 <DIO_setpindirection>
		
		LCD_sendcommand(0x38);
    1b7c:	88 e3       	ldi	r24, 0x38	; 56
    1b7e:	0e 94 29 0f 	call	0x1e52	; 0x1e52 <LCD_sendcommand>
    1b82:	80 e0       	ldi	r24, 0x00	; 0
    1b84:	90 e0       	ldi	r25, 0x00	; 0
    1b86:	a0 e8       	ldi	r26, 0x80	; 128
    1b88:	bf e3       	ldi	r27, 0x3F	; 63
    1b8a:	8f a3       	std	Y+39, r24	; 0x27
    1b8c:	98 a7       	std	Y+40, r25	; 0x28
    1b8e:	a9 a7       	std	Y+41, r26	; 0x29
    1b90:	ba a7       	std	Y+42, r27	; 0x2a
 */
void
_delay_ms(double __ms)
{
	uint16_t __ticks;
	double __tmp = ((F_CPU) / 4e3) * __ms;
    1b92:	6f a1       	ldd	r22, Y+39	; 0x27
    1b94:	78 a5       	ldd	r23, Y+40	; 0x28
    1b96:	89 a5       	ldd	r24, Y+41	; 0x29
    1b98:	9a a5       	ldd	r25, Y+42	; 0x2a
    1b9a:	20 e0       	ldi	r18, 0x00	; 0
    1b9c:	30 e0       	ldi	r19, 0x00	; 0
    1b9e:	4a ef       	ldi	r20, 0xFA	; 250
    1ba0:	54 e4       	ldi	r21, 0x44	; 68
    1ba2:	0e 94 1f 02 	call	0x43e	; 0x43e <__mulsf3>
    1ba6:	dc 01       	movw	r26, r24
    1ba8:	cb 01       	movw	r24, r22
    1baa:	8b a3       	std	Y+35, r24	; 0x23
    1bac:	9c a3       	std	Y+36, r25	; 0x24
    1bae:	ad a3       	std	Y+37, r26	; 0x25
    1bb0:	be a3       	std	Y+38, r27	; 0x26
	if (__tmp < 1.0)
    1bb2:	6b a1       	ldd	r22, Y+35	; 0x23
    1bb4:	7c a1       	ldd	r23, Y+36	; 0x24
    1bb6:	8d a1       	ldd	r24, Y+37	; 0x25
    1bb8:	9e a1       	ldd	r25, Y+38	; 0x26
    1bba:	20 e0       	ldi	r18, 0x00	; 0
    1bbc:	30 e0       	ldi	r19, 0x00	; 0
    1bbe:	40 e8       	ldi	r20, 0x80	; 128
    1bc0:	5f e3       	ldi	r21, 0x3F	; 63
    1bc2:	0e 94 79 03 	call	0x6f2	; 0x6f2 <__ltsf2>
    1bc6:	88 23       	and	r24, r24
    1bc8:	2c f4       	brge	.+10     	; 0x1bd4 <LCD_init+0x176>
		__ticks = 1;
    1bca:	81 e0       	ldi	r24, 0x01	; 1
    1bcc:	90 e0       	ldi	r25, 0x00	; 0
    1bce:	9a a3       	std	Y+34, r25	; 0x22
    1bd0:	89 a3       	std	Y+33, r24	; 0x21
    1bd2:	3f c0       	rjmp	.+126    	; 0x1c52 <LCD_init+0x1f4>
	else if (__tmp > 65535)
    1bd4:	6b a1       	ldd	r22, Y+35	; 0x23
    1bd6:	7c a1       	ldd	r23, Y+36	; 0x24
    1bd8:	8d a1       	ldd	r24, Y+37	; 0x25
    1bda:	9e a1       	ldd	r25, Y+38	; 0x26
    1bdc:	20 e0       	ldi	r18, 0x00	; 0
    1bde:	3f ef       	ldi	r19, 0xFF	; 255
    1be0:	4f e7       	ldi	r20, 0x7F	; 127
    1be2:	57 e4       	ldi	r21, 0x47	; 71
    1be4:	0e 94 19 03 	call	0x632	; 0x632 <__gtsf2>
    1be8:	18 16       	cp	r1, r24
    1bea:	4c f5       	brge	.+82     	; 0x1c3e <LCD_init+0x1e0>
	{
		//	__ticks = requested delay in 1/10 ms
		__ticks = (uint16_t) (__ms * 10.0);
    1bec:	6f a1       	ldd	r22, Y+39	; 0x27
    1bee:	78 a5       	ldd	r23, Y+40	; 0x28
    1bf0:	89 a5       	ldd	r24, Y+41	; 0x29
    1bf2:	9a a5       	ldd	r25, Y+42	; 0x2a
    1bf4:	20 e0       	ldi	r18, 0x00	; 0
    1bf6:	30 e0       	ldi	r19, 0x00	; 0
    1bf8:	40 e2       	ldi	r20, 0x20	; 32
    1bfa:	51 e4       	ldi	r21, 0x41	; 65
    1bfc:	0e 94 1f 02 	call	0x43e	; 0x43e <__mulsf3>
    1c00:	dc 01       	movw	r26, r24
    1c02:	cb 01       	movw	r24, r22
    1c04:	bc 01       	movw	r22, r24
    1c06:	cd 01       	movw	r24, r26
    1c08:	0e 94 49 00 	call	0x92	; 0x92 <__fixunssfsi>
    1c0c:	dc 01       	movw	r26, r24
    1c0e:	cb 01       	movw	r24, r22
    1c10:	9a a3       	std	Y+34, r25	; 0x22
    1c12:	89 a3       	std	Y+33, r24	; 0x21
    1c14:	0f c0       	rjmp	.+30     	; 0x1c34 <LCD_init+0x1d6>
    1c16:	88 ec       	ldi	r24, 0xC8	; 200
    1c18:	90 e0       	ldi	r25, 0x00	; 0
    1c1a:	98 a3       	std	Y+32, r25	; 0x20
    1c1c:	8f 8f       	std	Y+31, r24	; 0x1f
    1c1e:	8f 8d       	ldd	r24, Y+31	; 0x1f
    1c20:	98 a1       	ldd	r25, Y+32	; 0x20
    1c22:	01 97       	sbiw	r24, 0x01	; 1
    1c24:	f1 f7       	brne	.-4      	; 0x1c22 <LCD_init+0x1c4>
    1c26:	98 a3       	std	Y+32, r25	; 0x20
    1c28:	8f 8f       	std	Y+31, r24	; 0x1f
		while(__ticks)
		{
			// wait 1/10 ms
			_delay_loop_2(((F_CPU) / 4e3) / 10);
			__ticks --;
    1c2a:	89 a1       	ldd	r24, Y+33	; 0x21
    1c2c:	9a a1       	ldd	r25, Y+34	; 0x22
    1c2e:	01 97       	sbiw	r24, 0x01	; 1
    1c30:	9a a3       	std	Y+34, r25	; 0x22
    1c32:	89 a3       	std	Y+33, r24	; 0x21
		__ticks = 1;
	else if (__tmp > 65535)
	{
		//	__ticks = requested delay in 1/10 ms
		__ticks = (uint16_t) (__ms * 10.0);
		while(__ticks)
    1c34:	89 a1       	ldd	r24, Y+33	; 0x21
    1c36:	9a a1       	ldd	r25, Y+34	; 0x22
    1c38:	00 97       	sbiw	r24, 0x00	; 0
    1c3a:	69 f7       	brne	.-38     	; 0x1c16 <LCD_init+0x1b8>
    1c3c:	14 c0       	rjmp	.+40     	; 0x1c66 <LCD_init+0x208>
			__ticks --;
		}
		return;
	}
	else
		__ticks = (uint16_t)__tmp;
    1c3e:	6b a1       	ldd	r22, Y+35	; 0x23
    1c40:	7c a1       	ldd	r23, Y+36	; 0x24
    1c42:	8d a1       	ldd	r24, Y+37	; 0x25
    1c44:	9e a1       	ldd	r25, Y+38	; 0x26
    1c46:	0e 94 49 00 	call	0x92	; 0x92 <__fixunssfsi>
    1c4a:	dc 01       	movw	r26, r24
    1c4c:	cb 01       	movw	r24, r22
    1c4e:	9a a3       	std	Y+34, r25	; 0x22
    1c50:	89 a3       	std	Y+33, r24	; 0x21
    1c52:	89 a1       	ldd	r24, Y+33	; 0x21
    1c54:	9a a1       	ldd	r25, Y+34	; 0x22
    1c56:	9e 8f       	std	Y+30, r25	; 0x1e
    1c58:	8d 8f       	std	Y+29, r24	; 0x1d
    1c5a:	8d 8d       	ldd	r24, Y+29	; 0x1d
    1c5c:	9e 8d       	ldd	r25, Y+30	; 0x1e
    1c5e:	01 97       	sbiw	r24, 0x01	; 1
    1c60:	f1 f7       	brne	.-4      	; 0x1c5e <LCD_init+0x200>
    1c62:	9e 8f       	std	Y+30, r25	; 0x1e
    1c64:	8d 8f       	std	Y+29, r24	; 0x1d
		_delay_ms(1);
		
		LCD_sendcommand(LCD_displayon_cursoroff);
    1c66:	8c e0       	ldi	r24, 0x0C	; 12
    1c68:	0e 94 29 0f 	call	0x1e52	; 0x1e52 <LCD_sendcommand>
    1c6c:	80 e0       	ldi	r24, 0x00	; 0
    1c6e:	90 e0       	ldi	r25, 0x00	; 0
    1c70:	a0 e8       	ldi	r26, 0x80	; 128
    1c72:	bf e3       	ldi	r27, 0x3F	; 63
    1c74:	89 8f       	std	Y+25, r24	; 0x19
    1c76:	9a 8f       	std	Y+26, r25	; 0x1a
    1c78:	ab 8f       	std	Y+27, r26	; 0x1b
    1c7a:	bc 8f       	std	Y+28, r27	; 0x1c
 */
void
_delay_ms(double __ms)
{
	uint16_t __ticks;
	double __tmp = ((F_CPU) / 4e3) * __ms;
    1c7c:	69 8d       	ldd	r22, Y+25	; 0x19
    1c7e:	7a 8d       	ldd	r23, Y+26	; 0x1a
    1c80:	8b 8d       	ldd	r24, Y+27	; 0x1b
    1c82:	9c 8d       	ldd	r25, Y+28	; 0x1c
    1c84:	20 e0       	ldi	r18, 0x00	; 0
    1c86:	30 e0       	ldi	r19, 0x00	; 0
    1c88:	4a ef       	ldi	r20, 0xFA	; 250
    1c8a:	54 e4       	ldi	r21, 0x44	; 68
    1c8c:	0e 94 1f 02 	call	0x43e	; 0x43e <__mulsf3>
    1c90:	dc 01       	movw	r26, r24
    1c92:	cb 01       	movw	r24, r22
    1c94:	8d 8b       	std	Y+21, r24	; 0x15
    1c96:	9e 8b       	std	Y+22, r25	; 0x16
    1c98:	af 8b       	std	Y+23, r26	; 0x17
    1c9a:	b8 8f       	std	Y+24, r27	; 0x18
	if (__tmp < 1.0)
    1c9c:	6d 89       	ldd	r22, Y+21	; 0x15
    1c9e:	7e 89       	ldd	r23, Y+22	; 0x16
    1ca0:	8f 89       	ldd	r24, Y+23	; 0x17
    1ca2:	98 8d       	ldd	r25, Y+24	; 0x18
    1ca4:	20 e0       	ldi	r18, 0x00	; 0
    1ca6:	30 e0       	ldi	r19, 0x00	; 0
    1ca8:	40 e8       	ldi	r20, 0x80	; 128
    1caa:	5f e3       	ldi	r21, 0x3F	; 63
    1cac:	0e 94 79 03 	call	0x6f2	; 0x6f2 <__ltsf2>
    1cb0:	88 23       	and	r24, r24
    1cb2:	2c f4       	brge	.+10     	; 0x1cbe <LCD_init+0x260>
		__ticks = 1;
    1cb4:	81 e0       	ldi	r24, 0x01	; 1
    1cb6:	90 e0       	ldi	r25, 0x00	; 0
    1cb8:	9c 8b       	std	Y+20, r25	; 0x14
    1cba:	8b 8b       	std	Y+19, r24	; 0x13
    1cbc:	3f c0       	rjmp	.+126    	; 0x1d3c <LCD_init+0x2de>
	else if (__tmp > 65535)
    1cbe:	6d 89       	ldd	r22, Y+21	; 0x15
    1cc0:	7e 89       	ldd	r23, Y+22	; 0x16
    1cc2:	8f 89       	ldd	r24, Y+23	; 0x17
    1cc4:	98 8d       	ldd	r25, Y+24	; 0x18
    1cc6:	20 e0       	ldi	r18, 0x00	; 0
    1cc8:	3f ef       	ldi	r19, 0xFF	; 255
    1cca:	4f e7       	ldi	r20, 0x7F	; 127
    1ccc:	57 e4       	ldi	r21, 0x47	; 71
    1cce:	0e 94 19 03 	call	0x632	; 0x632 <__gtsf2>
    1cd2:	18 16       	cp	r1, r24
    1cd4:	4c f5       	brge	.+82     	; 0x1d28 <LCD_init+0x2ca>
	{
		//	__ticks = requested delay in 1/10 ms
		__ticks = (uint16_t) (__ms * 10.0);
    1cd6:	69 8d       	ldd	r22, Y+25	; 0x19
    1cd8:	7a 8d       	ldd	r23, Y+26	; 0x1a
    1cda:	8b 8d       	ldd	r24, Y+27	; 0x1b
    1cdc:	9c 8d       	ldd	r25, Y+28	; 0x1c
    1cde:	20 e0       	ldi	r18, 0x00	; 0
    1ce0:	30 e0       	ldi	r19, 0x00	; 0
    1ce2:	40 e2       	ldi	r20, 0x20	; 32
    1ce4:	51 e4       	ldi	r21, 0x41	; 65
    1ce6:	0e 94 1f 02 	call	0x43e	; 0x43e <__mulsf3>
    1cea:	dc 01       	movw	r26, r24
    1cec:	cb 01       	movw	r24, r22
    1cee:	bc 01       	movw	r22, r24
    1cf0:	cd 01       	movw	r24, r26
    1cf2:	0e 94 49 00 	call	0x92	; 0x92 <__fixunssfsi>
    1cf6:	dc 01       	movw	r26, r24
    1cf8:	cb 01       	movw	r24, r22
    1cfa:	9c 8b       	std	Y+20, r25	; 0x14
    1cfc:	8b 8b       	std	Y+19, r24	; 0x13
    1cfe:	0f c0       	rjmp	.+30     	; 0x1d1e <LCD_init+0x2c0>
    1d00:	88 ec       	ldi	r24, 0xC8	; 200
    1d02:	90 e0       	ldi	r25, 0x00	; 0
    1d04:	9a 8b       	std	Y+18, r25	; 0x12
    1d06:	89 8b       	std	Y+17, r24	; 0x11
    1d08:	89 89       	ldd	r24, Y+17	; 0x11
    1d0a:	9a 89       	ldd	r25, Y+18	; 0x12
    1d0c:	01 97       	sbiw	r24, 0x01	; 1
    1d0e:	f1 f7       	brne	.-4      	; 0x1d0c <LCD_init+0x2ae>
    1d10:	9a 8b       	std	Y+18, r25	; 0x12
    1d12:	89 8b       	std	Y+17, r24	; 0x11
		while(__ticks)
		{
			// wait 1/10 ms
			_delay_loop_2(((F_CPU) / 4e3) / 10);
			__ticks --;
    1d14:	8b 89       	ldd	r24, Y+19	; 0x13
    1d16:	9c 89       	ldd	r25, Y+20	; 0x14
    1d18:	01 97       	sbiw	r24, 0x01	; 1
    1d1a:	9c 8b       	std	Y+20, r25	; 0x14
    1d1c:	8b 8b       	std	Y+19, r24	; 0x13
		__ticks = 1;
	else if (__tmp > 65535)
	{
		//	__ticks = requested delay in 1/10 ms
		__ticks = (uint16_t) (__ms * 10.0);
		while(__ticks)
    1d1e:	8b 89       	ldd	r24, Y+19	; 0x13
    1d20:	9c 89       	ldd	r25, Y+20	; 0x14
    1d22:	00 97       	sbiw	r24, 0x00	; 0
    1d24:	69 f7       	brne	.-38     	; 0x1d00 <LCD_init+0x2a2>
    1d26:	14 c0       	rjmp	.+40     	; 0x1d50 <LCD_init+0x2f2>
			__ticks --;
		}
		return;
	}
	else
		__ticks = (uint16_t)__tmp;
    1d28:	6d 89       	ldd	r22, Y+21	; 0x15
    1d2a:	7e 89       	ldd	r23, Y+22	; 0x16
    1d2c:	8f 89       	ldd	r24, Y+23	; 0x17
    1d2e:	98 8d       	ldd	r25, Y+24	; 0x18
    1d30:	0e 94 49 00 	call	0x92	; 0x92 <__fixunssfsi>
    1d34:	dc 01       	movw	r26, r24
    1d36:	cb 01       	movw	r24, r22
    1d38:	9c 8b       	std	Y+20, r25	; 0x14
    1d3a:	8b 8b       	std	Y+19, r24	; 0x13
    1d3c:	8b 89       	ldd	r24, Y+19	; 0x13
    1d3e:	9c 89       	ldd	r25, Y+20	; 0x14
    1d40:	98 8b       	std	Y+16, r25	; 0x10
    1d42:	8f 87       	std	Y+15, r24	; 0x0f
    1d44:	8f 85       	ldd	r24, Y+15	; 0x0f
    1d46:	98 89       	ldd	r25, Y+16	; 0x10
    1d48:	01 97       	sbiw	r24, 0x01	; 1
    1d4a:	f1 f7       	brne	.-4      	; 0x1d48 <LCD_init+0x2ea>
    1d4c:	98 8b       	std	Y+16, r25	; 0x10
    1d4e:	8f 87       	std	Y+15, r24	; 0x0f
		_delay_ms(1);
		LCD_sendcommand(LCD_displayclear);
    1d50:	81 e0       	ldi	r24, 0x01	; 1
    1d52:	0e 94 29 0f 	call	0x1e52	; 0x1e52 <LCD_sendcommand>
    1d56:	80 e0       	ldi	r24, 0x00	; 0
    1d58:	90 e0       	ldi	r25, 0x00	; 0
    1d5a:	a0 e0       	ldi	r26, 0x00	; 0
    1d5c:	b0 e4       	ldi	r27, 0x40	; 64
    1d5e:	8b 87       	std	Y+11, r24	; 0x0b
    1d60:	9c 87       	std	Y+12, r25	; 0x0c
    1d62:	ad 87       	std	Y+13, r26	; 0x0d
    1d64:	be 87       	std	Y+14, r27	; 0x0e
 */
void
_delay_ms(double __ms)
{
	uint16_t __ticks;
	double __tmp = ((F_CPU) / 4e3) * __ms;
    1d66:	6b 85       	ldd	r22, Y+11	; 0x0b
    1d68:	7c 85       	ldd	r23, Y+12	; 0x0c
    1d6a:	8d 85       	ldd	r24, Y+13	; 0x0d
    1d6c:	9e 85       	ldd	r25, Y+14	; 0x0e
    1d6e:	20 e0       	ldi	r18, 0x00	; 0
    1d70:	30 e0       	ldi	r19, 0x00	; 0
    1d72:	4a ef       	ldi	r20, 0xFA	; 250
    1d74:	54 e4       	ldi	r21, 0x44	; 68
    1d76:	0e 94 1f 02 	call	0x43e	; 0x43e <__mulsf3>
    1d7a:	dc 01       	movw	r26, r24
    1d7c:	cb 01       	movw	r24, r22
    1d7e:	8f 83       	std	Y+7, r24	; 0x07
    1d80:	98 87       	std	Y+8, r25	; 0x08
    1d82:	a9 87       	std	Y+9, r26	; 0x09
    1d84:	ba 87       	std	Y+10, r27	; 0x0a
	if (__tmp < 1.0)
    1d86:	6f 81       	ldd	r22, Y+7	; 0x07
    1d88:	78 85       	ldd	r23, Y+8	; 0x08
    1d8a:	89 85       	ldd	r24, Y+9	; 0x09
    1d8c:	9a 85       	ldd	r25, Y+10	; 0x0a
    1d8e:	20 e0       	ldi	r18, 0x00	; 0
    1d90:	30 e0       	ldi	r19, 0x00	; 0
    1d92:	40 e8       	ldi	r20, 0x80	; 128
    1d94:	5f e3       	ldi	r21, 0x3F	; 63
    1d96:	0e 94 79 03 	call	0x6f2	; 0x6f2 <__ltsf2>
    1d9a:	88 23       	and	r24, r24
    1d9c:	2c f4       	brge	.+10     	; 0x1da8 <LCD_init+0x34a>
		__ticks = 1;
    1d9e:	81 e0       	ldi	r24, 0x01	; 1
    1da0:	90 e0       	ldi	r25, 0x00	; 0
    1da2:	9e 83       	std	Y+6, r25	; 0x06
    1da4:	8d 83       	std	Y+5, r24	; 0x05
    1da6:	3f c0       	rjmp	.+126    	; 0x1e26 <LCD_init+0x3c8>
	else if (__tmp > 65535)
    1da8:	6f 81       	ldd	r22, Y+7	; 0x07
    1daa:	78 85       	ldd	r23, Y+8	; 0x08
    1dac:	89 85       	ldd	r24, Y+9	; 0x09
    1dae:	9a 85       	ldd	r25, Y+10	; 0x0a
    1db0:	20 e0       	ldi	r18, 0x00	; 0
    1db2:	3f ef       	ldi	r19, 0xFF	; 255
    1db4:	4f e7       	ldi	r20, 0x7F	; 127
    1db6:	57 e4       	ldi	r21, 0x47	; 71
    1db8:	0e 94 19 03 	call	0x632	; 0x632 <__gtsf2>
    1dbc:	18 16       	cp	r1, r24
    1dbe:	4c f5       	brge	.+82     	; 0x1e12 <LCD_init+0x3b4>
	{
		//	__ticks = requested delay in 1/10 ms
		__ticks = (uint16_t) (__ms * 10.0);
    1dc0:	6b 85       	ldd	r22, Y+11	; 0x0b
    1dc2:	7c 85       	ldd	r23, Y+12	; 0x0c
    1dc4:	8d 85       	ldd	r24, Y+13	; 0x0d
    1dc6:	9e 85       	ldd	r25, Y+14	; 0x0e
    1dc8:	20 e0       	ldi	r18, 0x00	; 0
    1dca:	30 e0       	ldi	r19, 0x00	; 0
    1dcc:	40 e2       	ldi	r20, 0x20	; 32
    1dce:	51 e4       	ldi	r21, 0x41	; 65
    1dd0:	0e 94 1f 02 	call	0x43e	; 0x43e <__mulsf3>
    1dd4:	dc 01       	movw	r26, r24
    1dd6:	cb 01       	movw	r24, r22
    1dd8:	bc 01       	movw	r22, r24
    1dda:	cd 01       	movw	r24, r26
    1ddc:	0e 94 49 00 	call	0x92	; 0x92 <__fixunssfsi>
    1de0:	dc 01       	movw	r26, r24
    1de2:	cb 01       	movw	r24, r22
    1de4:	9e 83       	std	Y+6, r25	; 0x06
    1de6:	8d 83       	std	Y+5, r24	; 0x05
    1de8:	0f c0       	rjmp	.+30     	; 0x1e08 <LCD_init+0x3aa>
    1dea:	88 ec       	ldi	r24, 0xC8	; 200
    1dec:	90 e0       	ldi	r25, 0x00	; 0
    1dee:	9c 83       	std	Y+4, r25	; 0x04
    1df0:	8b 83       	std	Y+3, r24	; 0x03
    1df2:	8b 81       	ldd	r24, Y+3	; 0x03
    1df4:	9c 81       	ldd	r25, Y+4	; 0x04
    1df6:	01 97       	sbiw	r24, 0x01	; 1
    1df8:	f1 f7       	brne	.-4      	; 0x1df6 <LCD_init+0x398>
    1dfa:	9c 83       	std	Y+4, r25	; 0x04
    1dfc:	8b 83       	std	Y+3, r24	; 0x03
		while(__ticks)
		{
			// wait 1/10 ms
			_delay_loop_2(((F_CPU) / 4e3) / 10);
			__ticks --;
    1dfe:	8d 81       	ldd	r24, Y+5	; 0x05
    1e00:	9e 81       	ldd	r25, Y+6	; 0x06
    1e02:	01 97       	sbiw	r24, 0x01	; 1
    1e04:	9e 83       	std	Y+6, r25	; 0x06
    1e06:	8d 83       	std	Y+5, r24	; 0x05
		__ticks = 1;
	else if (__tmp > 65535)
	{
		//	__ticks = requested delay in 1/10 ms
		__ticks = (uint16_t) (__ms * 10.0);
		while(__ticks)
    1e08:	8d 81       	ldd	r24, Y+5	; 0x05
    1e0a:	9e 81       	ldd	r25, Y+6	; 0x06
    1e0c:	00 97       	sbiw	r24, 0x00	; 0
    1e0e:	69 f7       	brne	.-38     	; 0x1dea <LCD_init+0x38c>
    1e10:	14 c0       	rjmp	.+40     	; 0x1e3a <LCD_init+0x3dc>
			__ticks --;
		}
		return;
	}
	else
		__ticks = (uint16_t)__tmp;
    1e12:	6f 81       	ldd	r22, Y+7	; 0x07
    1e14:	78 85       	ldd	r23, Y+8	; 0x08
    1e16:	89 85       	ldd	r24, Y+9	; 0x09
    1e18:	9a 85       	ldd	r25, Y+10	; 0x0a
    1e1a:	0e 94 49 00 	call	0x92	; 0x92 <__fixunssfsi>
    1e1e:	dc 01       	movw	r26, r24
    1e20:	cb 01       	movw	r24, r22
    1e22:	9e 83       	std	Y+6, r25	; 0x06
    1e24:	8d 83       	std	Y+5, r24	; 0x05
    1e26:	8d 81       	ldd	r24, Y+5	; 0x05
    1e28:	9e 81       	ldd	r25, Y+6	; 0x06
    1e2a:	9a 83       	std	Y+2, r25	; 0x02
    1e2c:	89 83       	std	Y+1, r24	; 0x01
    1e2e:	89 81       	ldd	r24, Y+1	; 0x01
    1e30:	9a 81       	ldd	r25, Y+2	; 0x02
    1e32:	01 97       	sbiw	r24, 0x01	; 1
    1e34:	f1 f7       	brne	.-4      	; 0x1e32 <LCD_init+0x3d4>
    1e36:	9a 83       	std	Y+2, r25	; 0x02
    1e38:	89 83       	std	Y+1, r24	; 0x01
		_delay_ms(2);
		LCD_sendcommand(LCD_entrymode);
    1e3a:	86 e0       	ldi	r24, 0x06	; 6
    1e3c:	0e 94 29 0f 	call	0x1e52	; 0x1e52 <LCD_sendcommand>
		LCD_sendcommand(LCD_displayclear);
		_delay_ms(2);
		LCD_sendcommand(LCD_entrymode);
		
	#endif
}
    1e40:	e8 96       	adiw	r28, 0x38	; 56
    1e42:	0f b6       	in	r0, 0x3f	; 63
    1e44:	f8 94       	cli
    1e46:	de bf       	out	0x3e, r29	; 62
    1e48:	0f be       	out	0x3f, r0	; 63
    1e4a:	cd bf       	out	0x3d, r28	; 61
    1e4c:	cf 91       	pop	r28
    1e4e:	df 91       	pop	r29
    1e50:	08 95       	ret

00001e52 <LCD_sendcommand>:




void LCD_sendcommand(u8 copy_num){
    1e52:	df 93       	push	r29
    1e54:	cf 93       	push	r28
    1e56:	0f 92       	push	r0
    1e58:	cd b7       	in	r28, 0x3d	; 61
    1e5a:	de b7       	in	r29, 0x3e	; 62
    1e5c:	89 83       	std	Y+1, r24	; 0x01
	#if LCD_MODE == 8
		
		DIO_setpinvalue(LCD_COMMAND_PORT,LCD_RS,PIN_LOW);
    1e5e:	83 e0       	ldi	r24, 0x03	; 3
    1e60:	60 e0       	ldi	r22, 0x00	; 0
    1e62:	40 e0       	ldi	r20, 0x00	; 0
    1e64:	0e 94 c1 08 	call	0x1182	; 0x1182 <DIO_setpinvalue>
		DIO_setpinvalue(LCD_COMMAND_PORT,LCD_RW,PIN_LOW);
    1e68:	83 e0       	ldi	r24, 0x03	; 3
    1e6a:	61 e0       	ldi	r22, 0x01	; 1
    1e6c:	40 e0       	ldi	r20, 0x00	; 0
    1e6e:	0e 94 c1 08 	call	0x1182	; 0x1182 <DIO_setpinvalue>
		DIO_setportvalue(LCD_DATA_PORT,copy_num);
    1e72:	82 e0       	ldi	r24, 0x02	; 2
    1e74:	69 81       	ldd	r22, Y+1	; 0x01
    1e76:	0e 94 6b 0b 	call	0x16d6	; 0x16d6 <DIO_setportvalue>
		LCD_sendfallingedge();
    1e7a:	0e 94 43 0f 	call	0x1e86	; 0x1e86 <LCD_sendfallingedge>
		LCD_sendfallingedge();
		DIO_writehighnibles(LCD_DATA_PORT,copy_num);
		LCD_sendfallingedge();
	#endif
	
}
    1e7e:	0f 90       	pop	r0
    1e80:	cf 91       	pop	r28
    1e82:	df 91       	pop	r29
    1e84:	08 95       	ret

00001e86 <LCD_sendfallingedge>:

static void LCD_sendfallingedge(){
    1e86:	df 93       	push	r29
    1e88:	cf 93       	push	r28
    1e8a:	cd b7       	in	r28, 0x3d	; 61
    1e8c:	de b7       	in	r29, 0x3e	; 62
    1e8e:	6c 97       	sbiw	r28, 0x1c	; 28
    1e90:	0f b6       	in	r0, 0x3f	; 63
    1e92:	f8 94       	cli
    1e94:	de bf       	out	0x3e, r29	; 62
    1e96:	0f be       	out	0x3f, r0	; 63
    1e98:	cd bf       	out	0x3d, r28	; 61
		DIO_setpinvalue(LCD_COMMAND_PORT,LCD_EN,PIN_HIGH);
    1e9a:	83 e0       	ldi	r24, 0x03	; 3
    1e9c:	62 e0       	ldi	r22, 0x02	; 2
    1e9e:	41 e0       	ldi	r20, 0x01	; 1
    1ea0:	0e 94 c1 08 	call	0x1182	; 0x1182 <DIO_setpinvalue>
    1ea4:	80 e0       	ldi	r24, 0x00	; 0
    1ea6:	90 e0       	ldi	r25, 0x00	; 0
    1ea8:	a0 e8       	ldi	r26, 0x80	; 128
    1eaa:	bf e3       	ldi	r27, 0x3F	; 63
    1eac:	89 8f       	std	Y+25, r24	; 0x19
    1eae:	9a 8f       	std	Y+26, r25	; 0x1a
    1eb0:	ab 8f       	std	Y+27, r26	; 0x1b
    1eb2:	bc 8f       	std	Y+28, r27	; 0x1c
 */
void
_delay_ms(double __ms)
{
	uint16_t __ticks;
	double __tmp = ((F_CPU) / 4e3) * __ms;
    1eb4:	69 8d       	ldd	r22, Y+25	; 0x19
    1eb6:	7a 8d       	ldd	r23, Y+26	; 0x1a
    1eb8:	8b 8d       	ldd	r24, Y+27	; 0x1b
    1eba:	9c 8d       	ldd	r25, Y+28	; 0x1c
    1ebc:	20 e0       	ldi	r18, 0x00	; 0
    1ebe:	30 e0       	ldi	r19, 0x00	; 0
    1ec0:	4a ef       	ldi	r20, 0xFA	; 250
    1ec2:	54 e4       	ldi	r21, 0x44	; 68
    1ec4:	0e 94 1f 02 	call	0x43e	; 0x43e <__mulsf3>
    1ec8:	dc 01       	movw	r26, r24
    1eca:	cb 01       	movw	r24, r22
    1ecc:	8d 8b       	std	Y+21, r24	; 0x15
    1ece:	9e 8b       	std	Y+22, r25	; 0x16
    1ed0:	af 8b       	std	Y+23, r26	; 0x17
    1ed2:	b8 8f       	std	Y+24, r27	; 0x18
	if (__tmp < 1.0)
    1ed4:	6d 89       	ldd	r22, Y+21	; 0x15
    1ed6:	7e 89       	ldd	r23, Y+22	; 0x16
    1ed8:	8f 89       	ldd	r24, Y+23	; 0x17
    1eda:	98 8d       	ldd	r25, Y+24	; 0x18
    1edc:	20 e0       	ldi	r18, 0x00	; 0
    1ede:	30 e0       	ldi	r19, 0x00	; 0
    1ee0:	40 e8       	ldi	r20, 0x80	; 128
    1ee2:	5f e3       	ldi	r21, 0x3F	; 63
    1ee4:	0e 94 79 03 	call	0x6f2	; 0x6f2 <__ltsf2>
    1ee8:	88 23       	and	r24, r24
    1eea:	2c f4       	brge	.+10     	; 0x1ef6 <LCD_sendfallingedge+0x70>
		__ticks = 1;
    1eec:	81 e0       	ldi	r24, 0x01	; 1
    1eee:	90 e0       	ldi	r25, 0x00	; 0
    1ef0:	9c 8b       	std	Y+20, r25	; 0x14
    1ef2:	8b 8b       	std	Y+19, r24	; 0x13
    1ef4:	3f c0       	rjmp	.+126    	; 0x1f74 <LCD_sendfallingedge+0xee>
	else if (__tmp > 65535)
    1ef6:	6d 89       	ldd	r22, Y+21	; 0x15
    1ef8:	7e 89       	ldd	r23, Y+22	; 0x16
    1efa:	8f 89       	ldd	r24, Y+23	; 0x17
    1efc:	98 8d       	ldd	r25, Y+24	; 0x18
    1efe:	20 e0       	ldi	r18, 0x00	; 0
    1f00:	3f ef       	ldi	r19, 0xFF	; 255
    1f02:	4f e7       	ldi	r20, 0x7F	; 127
    1f04:	57 e4       	ldi	r21, 0x47	; 71
    1f06:	0e 94 19 03 	call	0x632	; 0x632 <__gtsf2>
    1f0a:	18 16       	cp	r1, r24
    1f0c:	4c f5       	brge	.+82     	; 0x1f60 <LCD_sendfallingedge+0xda>
	{
		//	__ticks = requested delay in 1/10 ms
		__ticks = (uint16_t) (__ms * 10.0);
    1f0e:	69 8d       	ldd	r22, Y+25	; 0x19
    1f10:	7a 8d       	ldd	r23, Y+26	; 0x1a
    1f12:	8b 8d       	ldd	r24, Y+27	; 0x1b
    1f14:	9c 8d       	ldd	r25, Y+28	; 0x1c
    1f16:	20 e0       	ldi	r18, 0x00	; 0
    1f18:	30 e0       	ldi	r19, 0x00	; 0
    1f1a:	40 e2       	ldi	r20, 0x20	; 32
    1f1c:	51 e4       	ldi	r21, 0x41	; 65
    1f1e:	0e 94 1f 02 	call	0x43e	; 0x43e <__mulsf3>
    1f22:	dc 01       	movw	r26, r24
    1f24:	cb 01       	movw	r24, r22
    1f26:	bc 01       	movw	r22, r24
    1f28:	cd 01       	movw	r24, r26
    1f2a:	0e 94 49 00 	call	0x92	; 0x92 <__fixunssfsi>
    1f2e:	dc 01       	movw	r26, r24
    1f30:	cb 01       	movw	r24, r22
    1f32:	9c 8b       	std	Y+20, r25	; 0x14
    1f34:	8b 8b       	std	Y+19, r24	; 0x13
    1f36:	0f c0       	rjmp	.+30     	; 0x1f56 <LCD_sendfallingedge+0xd0>
    1f38:	88 ec       	ldi	r24, 0xC8	; 200
    1f3a:	90 e0       	ldi	r25, 0x00	; 0
    1f3c:	9a 8b       	std	Y+18, r25	; 0x12
    1f3e:	89 8b       	std	Y+17, r24	; 0x11
    1f40:	89 89       	ldd	r24, Y+17	; 0x11
    1f42:	9a 89       	ldd	r25, Y+18	; 0x12
    1f44:	01 97       	sbiw	r24, 0x01	; 1
    1f46:	f1 f7       	brne	.-4      	; 0x1f44 <LCD_sendfallingedge+0xbe>
    1f48:	9a 8b       	std	Y+18, r25	; 0x12
    1f4a:	89 8b       	std	Y+17, r24	; 0x11
		while(__ticks)
		{
			// wait 1/10 ms
			_delay_loop_2(((F_CPU) / 4e3) / 10);
			__ticks --;
    1f4c:	8b 89       	ldd	r24, Y+19	; 0x13
    1f4e:	9c 89       	ldd	r25, Y+20	; 0x14
    1f50:	01 97       	sbiw	r24, 0x01	; 1
    1f52:	9c 8b       	std	Y+20, r25	; 0x14
    1f54:	8b 8b       	std	Y+19, r24	; 0x13
		__ticks = 1;
	else if (__tmp > 65535)
	{
		//	__ticks = requested delay in 1/10 ms
		__ticks = (uint16_t) (__ms * 10.0);
		while(__ticks)
    1f56:	8b 89       	ldd	r24, Y+19	; 0x13
    1f58:	9c 89       	ldd	r25, Y+20	; 0x14
    1f5a:	00 97       	sbiw	r24, 0x00	; 0
    1f5c:	69 f7       	brne	.-38     	; 0x1f38 <LCD_sendfallingedge+0xb2>
    1f5e:	14 c0       	rjmp	.+40     	; 0x1f88 <LCD_sendfallingedge+0x102>
			__ticks --;
		}
		return;
	}
	else
		__ticks = (uint16_t)__tmp;
    1f60:	6d 89       	ldd	r22, Y+21	; 0x15
    1f62:	7e 89       	ldd	r23, Y+22	; 0x16
    1f64:	8f 89       	ldd	r24, Y+23	; 0x17
    1f66:	98 8d       	ldd	r25, Y+24	; 0x18
    1f68:	0e 94 49 00 	call	0x92	; 0x92 <__fixunssfsi>
    1f6c:	dc 01       	movw	r26, r24
    1f6e:	cb 01       	movw	r24, r22
    1f70:	9c 8b       	std	Y+20, r25	; 0x14
    1f72:	8b 8b       	std	Y+19, r24	; 0x13
    1f74:	8b 89       	ldd	r24, Y+19	; 0x13
    1f76:	9c 89       	ldd	r25, Y+20	; 0x14
    1f78:	98 8b       	std	Y+16, r25	; 0x10
    1f7a:	8f 87       	std	Y+15, r24	; 0x0f
    1f7c:	8f 85       	ldd	r24, Y+15	; 0x0f
    1f7e:	98 89       	ldd	r25, Y+16	; 0x10
    1f80:	01 97       	sbiw	r24, 0x01	; 1
    1f82:	f1 f7       	brne	.-4      	; 0x1f80 <LCD_sendfallingedge+0xfa>
    1f84:	98 8b       	std	Y+16, r25	; 0x10
    1f86:	8f 87       	std	Y+15, r24	; 0x0f
		_delay_ms(1);
		DIO_setpinvalue(LCD_COMMAND_PORT,LCD_EN,PIN_LOW);
    1f88:	83 e0       	ldi	r24, 0x03	; 3
    1f8a:	62 e0       	ldi	r22, 0x02	; 2
    1f8c:	40 e0       	ldi	r20, 0x00	; 0
    1f8e:	0e 94 c1 08 	call	0x1182	; 0x1182 <DIO_setpinvalue>
    1f92:	80 e0       	ldi	r24, 0x00	; 0
    1f94:	90 e0       	ldi	r25, 0x00	; 0
    1f96:	a0 e8       	ldi	r26, 0x80	; 128
    1f98:	bf e3       	ldi	r27, 0x3F	; 63
    1f9a:	8b 87       	std	Y+11, r24	; 0x0b
    1f9c:	9c 87       	std	Y+12, r25	; 0x0c
    1f9e:	ad 87       	std	Y+13, r26	; 0x0d
    1fa0:	be 87       	std	Y+14, r27	; 0x0e
 */
void
_delay_ms(double __ms)
{
	uint16_t __ticks;
	double __tmp = ((F_CPU) / 4e3) * __ms;
    1fa2:	6b 85       	ldd	r22, Y+11	; 0x0b
    1fa4:	7c 85       	ldd	r23, Y+12	; 0x0c
    1fa6:	8d 85       	ldd	r24, Y+13	; 0x0d
    1fa8:	9e 85       	ldd	r25, Y+14	; 0x0e
    1faa:	20 e0       	ldi	r18, 0x00	; 0
    1fac:	30 e0       	ldi	r19, 0x00	; 0
    1fae:	4a ef       	ldi	r20, 0xFA	; 250
    1fb0:	54 e4       	ldi	r21, 0x44	; 68
    1fb2:	0e 94 1f 02 	call	0x43e	; 0x43e <__mulsf3>
    1fb6:	dc 01       	movw	r26, r24
    1fb8:	cb 01       	movw	r24, r22
    1fba:	8f 83       	std	Y+7, r24	; 0x07
    1fbc:	98 87       	std	Y+8, r25	; 0x08
    1fbe:	a9 87       	std	Y+9, r26	; 0x09
    1fc0:	ba 87       	std	Y+10, r27	; 0x0a
	if (__tmp < 1.0)
    1fc2:	6f 81       	ldd	r22, Y+7	; 0x07
    1fc4:	78 85       	ldd	r23, Y+8	; 0x08
    1fc6:	89 85       	ldd	r24, Y+9	; 0x09
    1fc8:	9a 85       	ldd	r25, Y+10	; 0x0a
    1fca:	20 e0       	ldi	r18, 0x00	; 0
    1fcc:	30 e0       	ldi	r19, 0x00	; 0
    1fce:	40 e8       	ldi	r20, 0x80	; 128
    1fd0:	5f e3       	ldi	r21, 0x3F	; 63
    1fd2:	0e 94 79 03 	call	0x6f2	; 0x6f2 <__ltsf2>
    1fd6:	88 23       	and	r24, r24
    1fd8:	2c f4       	brge	.+10     	; 0x1fe4 <LCD_sendfallingedge+0x15e>
		__ticks = 1;
    1fda:	81 e0       	ldi	r24, 0x01	; 1
    1fdc:	90 e0       	ldi	r25, 0x00	; 0
    1fde:	9e 83       	std	Y+6, r25	; 0x06
    1fe0:	8d 83       	std	Y+5, r24	; 0x05
    1fe2:	3f c0       	rjmp	.+126    	; 0x2062 <LCD_sendfallingedge+0x1dc>
	else if (__tmp > 65535)
    1fe4:	6f 81       	ldd	r22, Y+7	; 0x07
    1fe6:	78 85       	ldd	r23, Y+8	; 0x08
    1fe8:	89 85       	ldd	r24, Y+9	; 0x09
    1fea:	9a 85       	ldd	r25, Y+10	; 0x0a
    1fec:	20 e0       	ldi	r18, 0x00	; 0
    1fee:	3f ef       	ldi	r19, 0xFF	; 255
    1ff0:	4f e7       	ldi	r20, 0x7F	; 127
    1ff2:	57 e4       	ldi	r21, 0x47	; 71
    1ff4:	0e 94 19 03 	call	0x632	; 0x632 <__gtsf2>
    1ff8:	18 16       	cp	r1, r24
    1ffa:	4c f5       	brge	.+82     	; 0x204e <LCD_sendfallingedge+0x1c8>
	{
		//	__ticks = requested delay in 1/10 ms
		__ticks = (uint16_t) (__ms * 10.0);
    1ffc:	6b 85       	ldd	r22, Y+11	; 0x0b
    1ffe:	7c 85       	ldd	r23, Y+12	; 0x0c
    2000:	8d 85       	ldd	r24, Y+13	; 0x0d
    2002:	9e 85       	ldd	r25, Y+14	; 0x0e
    2004:	20 e0       	ldi	r18, 0x00	; 0
    2006:	30 e0       	ldi	r19, 0x00	; 0
    2008:	40 e2       	ldi	r20, 0x20	; 32
    200a:	51 e4       	ldi	r21, 0x41	; 65
    200c:	0e 94 1f 02 	call	0x43e	; 0x43e <__mulsf3>
    2010:	dc 01       	movw	r26, r24
    2012:	cb 01       	movw	r24, r22
    2014:	bc 01       	movw	r22, r24
    2016:	cd 01       	movw	r24, r26
    2018:	0e 94 49 00 	call	0x92	; 0x92 <__fixunssfsi>
    201c:	dc 01       	movw	r26, r24
    201e:	cb 01       	movw	r24, r22
    2020:	9e 83       	std	Y+6, r25	; 0x06
    2022:	8d 83       	std	Y+5, r24	; 0x05
    2024:	0f c0       	rjmp	.+30     	; 0x2044 <LCD_sendfallingedge+0x1be>
    2026:	88 ec       	ldi	r24, 0xC8	; 200
    2028:	90 e0       	ldi	r25, 0x00	; 0
    202a:	9c 83       	std	Y+4, r25	; 0x04
    202c:	8b 83       	std	Y+3, r24	; 0x03
    202e:	8b 81       	ldd	r24, Y+3	; 0x03
    2030:	9c 81       	ldd	r25, Y+4	; 0x04
    2032:	01 97       	sbiw	r24, 0x01	; 1
    2034:	f1 f7       	brne	.-4      	; 0x2032 <LCD_sendfallingedge+0x1ac>
    2036:	9c 83       	std	Y+4, r25	; 0x04
    2038:	8b 83       	std	Y+3, r24	; 0x03
		while(__ticks)
		{
			// wait 1/10 ms
			_delay_loop_2(((F_CPU) / 4e3) / 10);
			__ticks --;
    203a:	8d 81       	ldd	r24, Y+5	; 0x05
    203c:	9e 81       	ldd	r25, Y+6	; 0x06
    203e:	01 97       	sbiw	r24, 0x01	; 1
    2040:	9e 83       	std	Y+6, r25	; 0x06
    2042:	8d 83       	std	Y+5, r24	; 0x05
		__ticks = 1;
	else if (__tmp > 65535)
	{
		//	__ticks = requested delay in 1/10 ms
		__ticks = (uint16_t) (__ms * 10.0);
		while(__ticks)
    2044:	8d 81       	ldd	r24, Y+5	; 0x05
    2046:	9e 81       	ldd	r25, Y+6	; 0x06
    2048:	00 97       	sbiw	r24, 0x00	; 0
    204a:	69 f7       	brne	.-38     	; 0x2026 <LCD_sendfallingedge+0x1a0>
    204c:	14 c0       	rjmp	.+40     	; 0x2076 <LCD_sendfallingedge+0x1f0>
			__ticks --;
		}
		return;
	}
	else
		__ticks = (uint16_t)__tmp;
    204e:	6f 81       	ldd	r22, Y+7	; 0x07
    2050:	78 85       	ldd	r23, Y+8	; 0x08
    2052:	89 85       	ldd	r24, Y+9	; 0x09
    2054:	9a 85       	ldd	r25, Y+10	; 0x0a
    2056:	0e 94 49 00 	call	0x92	; 0x92 <__fixunssfsi>
    205a:	dc 01       	movw	r26, r24
    205c:	cb 01       	movw	r24, r22
    205e:	9e 83       	std	Y+6, r25	; 0x06
    2060:	8d 83       	std	Y+5, r24	; 0x05
    2062:	8d 81       	ldd	r24, Y+5	; 0x05
    2064:	9e 81       	ldd	r25, Y+6	; 0x06
    2066:	9a 83       	std	Y+2, r25	; 0x02
    2068:	89 83       	std	Y+1, r24	; 0x01
    206a:	89 81       	ldd	r24, Y+1	; 0x01
    206c:	9a 81       	ldd	r25, Y+2	; 0x02
    206e:	01 97       	sbiw	r24, 0x01	; 1
    2070:	f1 f7       	brne	.-4      	; 0x206e <LCD_sendfallingedge+0x1e8>
    2072:	9a 83       	std	Y+2, r25	; 0x02
    2074:	89 83       	std	Y+1, r24	; 0x01
		_delay_ms(1);
}
    2076:	6c 96       	adiw	r28, 0x1c	; 28
    2078:	0f b6       	in	r0, 0x3f	; 63
    207a:	f8 94       	cli
    207c:	de bf       	out	0x3e, r29	; 62
    207e:	0f be       	out	0x3f, r0	; 63
    2080:	cd bf       	out	0x3d, r28	; 61
    2082:	cf 91       	pop	r28
    2084:	df 91       	pop	r29
    2086:	08 95       	ret

00002088 <LCD_senddata>:



void LCD_senddata(u8 copy_data)
{
    2088:	df 93       	push	r29
    208a:	cf 93       	push	r28
    208c:	0f 92       	push	r0
    208e:	cd b7       	in	r28, 0x3d	; 61
    2090:	de b7       	in	r29, 0x3e	; 62
    2092:	89 83       	std	Y+1, r24	; 0x01
	#if LCD_MODE==8
	
		DIO_setportvalue(LCD_DATA_PORT,copy_data);
    2094:	82 e0       	ldi	r24, 0x02	; 2
    2096:	69 81       	ldd	r22, Y+1	; 0x01
    2098:	0e 94 6b 0b 	call	0x16d6	; 0x16d6 <DIO_setportvalue>
		DIO_setpinvalue(LCD_COMMAND_PORT,LCD_RS,PIN_HIGH);
    209c:	83 e0       	ldi	r24, 0x03	; 3
    209e:	60 e0       	ldi	r22, 0x00	; 0
    20a0:	41 e0       	ldi	r20, 0x01	; 1
    20a2:	0e 94 c1 08 	call	0x1182	; 0x1182 <DIO_setpinvalue>
		LCD_sendfallingedge();
    20a6:	0e 94 43 0f 	call	0x1e86	; 0x1e86 <LCD_sendfallingedge>
		DIO_writehighnibles(LCD_DATA_PORT,(copy_data)>>4);
		LCD_sendfallingedge();
		DIO_writehighnibles(LCD_DATA_PORT,copy_data);
		LCD_sendfallingedge();
	#endif
}
    20aa:	0f 90       	pop	r0
    20ac:	cf 91       	pop	r28
    20ae:	df 91       	pop	r29
    20b0:	08 95       	ret

000020b2 <LCD_voidsetcursor>:
void LCD_voidsetcursor(u8 copy_row,u8 copy_colum)
{
    20b2:	df 93       	push	r29
    20b4:	cf 93       	push	r28
    20b6:	00 d0       	rcall	.+0      	; 0x20b8 <LCD_voidsetcursor+0x6>
    20b8:	cd b7       	in	r28, 0x3d	; 61
    20ba:	de b7       	in	r29, 0x3e	; 62
    20bc:	89 83       	std	Y+1, r24	; 0x01
    20be:	6a 83       	std	Y+2, r22	; 0x02
	
	if(copy_row<1||copy_row>2||copy_colum<1||copy_colum>16){
    20c0:	89 81       	ldd	r24, Y+1	; 0x01
    20c2:	88 23       	and	r24, r24
    20c4:	49 f0       	breq	.+18     	; 0x20d8 <LCD_voidsetcursor+0x26>
    20c6:	89 81       	ldd	r24, Y+1	; 0x01
    20c8:	83 30       	cpi	r24, 0x03	; 3
    20ca:	30 f4       	brcc	.+12     	; 0x20d8 <LCD_voidsetcursor+0x26>
    20cc:	8a 81       	ldd	r24, Y+2	; 0x02
    20ce:	88 23       	and	r24, r24
    20d0:	19 f0       	breq	.+6      	; 0x20d8 <LCD_voidsetcursor+0x26>
    20d2:	8a 81       	ldd	r24, Y+2	; 0x02
    20d4:	81 31       	cpi	r24, 0x11	; 17
    20d6:	18 f0       	brcs	.+6      	; 0x20de <LCD_voidsetcursor+0x2c>
		
		LCD_sendcommand(LCD_setcursor);
    20d8:	80 e8       	ldi	r24, 0x80	; 128
    20da:	0e 94 29 0f 	call	0x1e52	; 0x1e52 <LCD_sendcommand>
		
	}
	if(copy_row==1){
    20de:	89 81       	ldd	r24, Y+1	; 0x01
    20e0:	81 30       	cpi	r24, 0x01	; 1
    20e2:	21 f4       	brne	.+8      	; 0x20ec <LCD_voidsetcursor+0x3a>
		LCD_sendcommand(LCD_setcursor+(copy_colum-1));
    20e4:	8a 81       	ldd	r24, Y+2	; 0x02
    20e6:	81 58       	subi	r24, 0x81	; 129
    20e8:	0e 94 29 0f 	call	0x1e52	; 0x1e52 <LCD_sendcommand>
		
	}
	
	if(copy_row==2){
    20ec:	89 81       	ldd	r24, Y+1	; 0x01
    20ee:	82 30       	cpi	r24, 0x02	; 2
    20f0:	21 f4       	brne	.+8      	; 0x20fa <LCD_voidsetcursor+0x48>
		LCD_sendcommand(LCD_setcursor+64+(copy_colum-1));
    20f2:	8a 81       	ldd	r24, Y+2	; 0x02
    20f4:	81 54       	subi	r24, 0x41	; 65
    20f6:	0e 94 29 0f 	call	0x1e52	; 0x1e52 <LCD_sendcommand>
		
	}
	
}
    20fa:	0f 90       	pop	r0
    20fc:	0f 90       	pop	r0
    20fe:	cf 91       	pop	r28
    2100:	df 91       	pop	r29
    2102:	08 95       	ret

00002104 <LCD_sendnumber>:
void LCD_sendnumber(u16 copy_number)
{
    2104:	df 93       	push	r29
    2106:	cf 93       	push	r28
    2108:	00 d0       	rcall	.+0      	; 0x210a <LCD_sendnumber+0x6>
    210a:	00 d0       	rcall	.+0      	; 0x210c <LCD_sendnumber+0x8>
    210c:	cd b7       	in	r28, 0x3d	; 61
    210e:	de b7       	in	r29, 0x3e	; 62
    2110:	9c 83       	std	Y+4, r25	; 0x04
    2112:	8b 83       	std	Y+3, r24	; 0x03
	u32 LOC_u64Reversed = 1 ;
    2114:	81 e0       	ldi	r24, 0x01	; 1
    2116:	90 e0       	ldi	r25, 0x00	; 0
    2118:	9a 83       	std	Y+2, r25	; 0x02
    211a:	89 83       	std	Y+1, r24	; 0x01

	if( copy_number == 0 ){ LCD_senddata('0'); }
    211c:	8b 81       	ldd	r24, Y+3	; 0x03
    211e:	9c 81       	ldd	r25, Y+4	; 0x04
    2120:	00 97       	sbiw	r24, 0x00	; 0
    2122:	31 f5       	brne	.+76     	; 0x2170 <LCD_sendnumber+0x6c>
    2124:	80 e3       	ldi	r24, 0x30	; 48
    2126:	0e 94 44 10 	call	0x2088	; 0x2088 <LCD_senddata>
    212a:	40 c0       	rjmp	.+128    	; 0x21ac <LCD_sendnumber+0xa8>

	else{

		while( copy_number != 0 ){

			LOC_u64Reversed = ( LOC_u64Reversed * 10 ) + ( copy_number % 10 );
    212c:	89 81       	ldd	r24, Y+1	; 0x01
    212e:	9a 81       	ldd	r25, Y+2	; 0x02
    2130:	9c 01       	movw	r18, r24
    2132:	22 0f       	add	r18, r18
    2134:	33 1f       	adc	r19, r19
    2136:	c9 01       	movw	r24, r18
    2138:	88 0f       	add	r24, r24
    213a:	99 1f       	adc	r25, r25
    213c:	88 0f       	add	r24, r24
    213e:	99 1f       	adc	r25, r25
    2140:	f9 01       	movw	r30, r18
    2142:	e8 0f       	add	r30, r24
    2144:	f9 1f       	adc	r31, r25
    2146:	8b 81       	ldd	r24, Y+3	; 0x03
    2148:	9c 81       	ldd	r25, Y+4	; 0x04
    214a:	2a e0       	ldi	r18, 0x0A	; 10
    214c:	30 e0       	ldi	r19, 0x00	; 0
    214e:	b9 01       	movw	r22, r18
    2150:	0e 94 3d 12 	call	0x247a	; 0x247a <__udivmodhi4>
    2154:	8e 0f       	add	r24, r30
    2156:	9f 1f       	adc	r25, r31
    2158:	9a 83       	std	Y+2, r25	; 0x02
    215a:	89 83       	std	Y+1, r24	; 0x01
			copy_number /= 10 ;
    215c:	8b 81       	ldd	r24, Y+3	; 0x03
    215e:	9c 81       	ldd	r25, Y+4	; 0x04
    2160:	2a e0       	ldi	r18, 0x0A	; 10
    2162:	30 e0       	ldi	r19, 0x00	; 0
    2164:	b9 01       	movw	r22, r18
    2166:	0e 94 3d 12 	call	0x247a	; 0x247a <__udivmodhi4>
    216a:	cb 01       	movw	r24, r22
    216c:	9c 83       	std	Y+4, r25	; 0x04
    216e:	8b 83       	std	Y+3, r24	; 0x03

	if( copy_number == 0 ){ LCD_senddata('0'); }

	else{

		while( copy_number != 0 ){
    2170:	8b 81       	ldd	r24, Y+3	; 0x03
    2172:	9c 81       	ldd	r25, Y+4	; 0x04
    2174:	00 97       	sbiw	r24, 0x00	; 0
    2176:	d1 f6       	brne	.-76     	; 0x212c <LCD_sendnumber+0x28>
    2178:	14 c0       	rjmp	.+40     	; 0x21a2 <LCD_sendnumber+0x9e>
			copy_number /= 10 ;

		}
		while( LOC_u64Reversed != 1 ){

			LCD_senddata( ( LOC_u64Reversed % 10 ) + 48 );
    217a:	89 81       	ldd	r24, Y+1	; 0x01
    217c:	9a 81       	ldd	r25, Y+2	; 0x02
    217e:	2a e0       	ldi	r18, 0x0A	; 10
    2180:	30 e0       	ldi	r19, 0x00	; 0
    2182:	b9 01       	movw	r22, r18
    2184:	0e 94 3d 12 	call	0x247a	; 0x247a <__udivmodhi4>
    2188:	80 5d       	subi	r24, 0xD0	; 208
    218a:	0e 94 44 10 	call	0x2088	; 0x2088 <LCD_senddata>
			LOC_u64Reversed /= 10 ;
    218e:	89 81       	ldd	r24, Y+1	; 0x01
    2190:	9a 81       	ldd	r25, Y+2	; 0x02
    2192:	2a e0       	ldi	r18, 0x0A	; 10
    2194:	30 e0       	ldi	r19, 0x00	; 0
    2196:	b9 01       	movw	r22, r18
    2198:	0e 94 3d 12 	call	0x247a	; 0x247a <__udivmodhi4>
    219c:	cb 01       	movw	r24, r22
    219e:	9a 83       	std	Y+2, r25	; 0x02
    21a0:	89 83       	std	Y+1, r24	; 0x01

			LOC_u64Reversed = ( LOC_u64Reversed * 10 ) + ( copy_number % 10 );
			copy_number /= 10 ;

		}
		while( LOC_u64Reversed != 1 ){
    21a2:	89 81       	ldd	r24, Y+1	; 0x01
    21a4:	9a 81       	ldd	r25, Y+2	; 0x02
    21a6:	81 30       	cpi	r24, 0x01	; 1
    21a8:	91 05       	cpc	r25, r1
    21aa:	39 f7       	brne	.-50     	; 0x217a <LCD_sendnumber+0x76>
		}

	}


}
    21ac:	0f 90       	pop	r0
    21ae:	0f 90       	pop	r0
    21b0:	0f 90       	pop	r0
    21b2:	0f 90       	pop	r0
    21b4:	cf 91       	pop	r28
    21b6:	df 91       	pop	r29
    21b8:	08 95       	ret

000021ba <LCD_sendstring>:


void LCD_sendstring(u8 * ptr_data)
{
    21ba:	df 93       	push	r29
    21bc:	cf 93       	push	r28
    21be:	00 d0       	rcall	.+0      	; 0x21c0 <LCD_sendstring+0x6>
    21c0:	0f 92       	push	r0
    21c2:	cd b7       	in	r28, 0x3d	; 61
    21c4:	de b7       	in	r29, 0x3e	; 62
    21c6:	9b 83       	std	Y+3, r25	; 0x03
    21c8:	8a 83       	std	Y+2, r24	; 0x02
	u8 LOC_char=0;
    21ca:	19 82       	std	Y+1, r1	; 0x01
    21cc:	0e c0       	rjmp	.+28     	; 0x21ea <LCD_sendstring+0x30>

	while(ptr_data [LOC_char]!='\0')
	{

		LCD_senddata(ptr_data[LOC_char]);
    21ce:	89 81       	ldd	r24, Y+1	; 0x01
    21d0:	28 2f       	mov	r18, r24
    21d2:	30 e0       	ldi	r19, 0x00	; 0
    21d4:	8a 81       	ldd	r24, Y+2	; 0x02
    21d6:	9b 81       	ldd	r25, Y+3	; 0x03
    21d8:	fc 01       	movw	r30, r24
    21da:	e2 0f       	add	r30, r18
    21dc:	f3 1f       	adc	r31, r19
    21de:	80 81       	ld	r24, Z
    21e0:	0e 94 44 10 	call	0x2088	; 0x2088 <LCD_senddata>
		LOC_char++;
    21e4:	89 81       	ldd	r24, Y+1	; 0x01
    21e6:	8f 5f       	subi	r24, 0xFF	; 255
    21e8:	89 83       	std	Y+1, r24	; 0x01

void LCD_sendstring(u8 * ptr_data)
{
	u8 LOC_char=0;

	while(ptr_data [LOC_char]!='\0')
    21ea:	89 81       	ldd	r24, Y+1	; 0x01
    21ec:	28 2f       	mov	r18, r24
    21ee:	30 e0       	ldi	r19, 0x00	; 0
    21f0:	8a 81       	ldd	r24, Y+2	; 0x02
    21f2:	9b 81       	ldd	r25, Y+3	; 0x03
    21f4:	fc 01       	movw	r30, r24
    21f6:	e2 0f       	add	r30, r18
    21f8:	f3 1f       	adc	r31, r19
    21fa:	80 81       	ld	r24, Z
    21fc:	88 23       	and	r24, r24
    21fe:	39 f7       	brne	.-50     	; 0x21ce <LCD_sendstring+0x14>

		LCD_senddata(ptr_data[LOC_char]);
		LOC_char++;
	}
	
}
    2200:	0f 90       	pop	r0
    2202:	0f 90       	pop	r0
    2204:	0f 90       	pop	r0
    2206:	cf 91       	pop	r28
    2208:	df 91       	pop	r29
    220a:	08 95       	ret

0000220c <LCD_cleardisplay>:
void LCD_cleardisplay(){
    220c:	df 93       	push	r29
    220e:	cf 93       	push	r28
    2210:	cd b7       	in	r28, 0x3d	; 61
    2212:	de b7       	in	r29, 0x3e	; 62
	LCD_sendcommand(LCD_displayclear);
    2214:	81 e0       	ldi	r24, 0x01	; 1
    2216:	0e 94 29 0f 	call	0x1e52	; 0x1e52 <LCD_sendcommand>

}
    221a:	cf 91       	pop	r28
    221c:	df 91       	pop	r29
    221e:	08 95       	ret

00002220 <LED_init>:
#include "DIO_interface.h"
#include "LED_interface.h"


void LED_init (LED_TYPE led_config)
{
    2220:	df 93       	push	r29
    2222:	cf 93       	push	r28
    2224:	00 d0       	rcall	.+0      	; 0x2226 <LED_init+0x6>
    2226:	0f 92       	push	r0
    2228:	cd b7       	in	r28, 0x3d	; 61
    222a:	de b7       	in	r29, 0x3e	; 62
    222c:	69 83       	std	Y+1, r22	; 0x01
    222e:	7a 83       	std	Y+2, r23	; 0x02
    2230:	8b 83       	std	Y+3, r24	; 0x03
	DIO_setpindirection(led_config.port,led_config.pin,DIO_pin_output);
    2232:	89 81       	ldd	r24, Y+1	; 0x01
    2234:	9a 81       	ldd	r25, Y+2	; 0x02
    2236:	69 2f       	mov	r22, r25
    2238:	41 e0       	ldi	r20, 0x01	; 1
    223a:	0e 94 b2 07 	call	0xf64	; 0xf64 <DIO_setpindirection>
}
    223e:	0f 90       	pop	r0
    2240:	0f 90       	pop	r0
    2242:	0f 90       	pop	r0
    2244:	cf 91       	pop	r28
    2246:	df 91       	pop	r29
    2248:	08 95       	ret

0000224a <LED_turnon>:


void LED_turnon (LED_TYPE led_config){
    224a:	df 93       	push	r29
    224c:	cf 93       	push	r28
    224e:	00 d0       	rcall	.+0      	; 0x2250 <LED_turnon+0x6>
    2250:	0f 92       	push	r0
    2252:	cd b7       	in	r28, 0x3d	; 61
    2254:	de b7       	in	r29, 0x3e	; 62
    2256:	69 83       	std	Y+1, r22	; 0x01
    2258:	7a 83       	std	Y+2, r23	; 0x02
    225a:	8b 83       	std	Y+3, r24	; 0x03
	if(led_config.active_state==0){
    225c:	8b 81       	ldd	r24, Y+3	; 0x03
    225e:	88 23       	and	r24, r24
    2260:	39 f4       	brne	.+14     	; 0x2270 <LED_turnon+0x26>
		DIO_setpinvalue(led_config.port,led_config.pin,PIN_LOW);
    2262:	89 81       	ldd	r24, Y+1	; 0x01
    2264:	9a 81       	ldd	r25, Y+2	; 0x02
    2266:	69 2f       	mov	r22, r25
    2268:	40 e0       	ldi	r20, 0x00	; 0
    226a:	0e 94 c1 08 	call	0x1182	; 0x1182 <DIO_setpinvalue>
    226e:	06 c0       	rjmp	.+12     	; 0x227c <LED_turnon+0x32>
	}
	else {
	DIO_setpinvalue(led_config.port,led_config.pin,PIN_HIGH);
    2270:	89 81       	ldd	r24, Y+1	; 0x01
    2272:	9a 81       	ldd	r25, Y+2	; 0x02
    2274:	69 2f       	mov	r22, r25
    2276:	41 e0       	ldi	r20, 0x01	; 1
    2278:	0e 94 c1 08 	call	0x1182	; 0x1182 <DIO_setpinvalue>
}
}
    227c:	0f 90       	pop	r0
    227e:	0f 90       	pop	r0
    2280:	0f 90       	pop	r0
    2282:	cf 91       	pop	r28
    2284:	df 91       	pop	r29
    2286:	08 95       	ret

00002288 <LED_turnoff>:

void LED_turnoff (LED_TYPE led_config)
{
    2288:	df 93       	push	r29
    228a:	cf 93       	push	r28
    228c:	00 d0       	rcall	.+0      	; 0x228e <LED_turnoff+0x6>
    228e:	0f 92       	push	r0
    2290:	cd b7       	in	r28, 0x3d	; 61
    2292:	de b7       	in	r29, 0x3e	; 62
    2294:	69 83       	std	Y+1, r22	; 0x01
    2296:	7a 83       	std	Y+2, r23	; 0x02
    2298:	8b 83       	std	Y+3, r24	; 0x03
	if(led_config.active_state==0){
    229a:	8b 81       	ldd	r24, Y+3	; 0x03
    229c:	88 23       	and	r24, r24
    229e:	39 f4       	brne	.+14     	; 0x22ae <LED_turnoff+0x26>
		DIO_setpinvalue(led_config.port,led_config.pin,PIN_HIGH);
    22a0:	89 81       	ldd	r24, Y+1	; 0x01
    22a2:	9a 81       	ldd	r25, Y+2	; 0x02
    22a4:	69 2f       	mov	r22, r25
    22a6:	41 e0       	ldi	r20, 0x01	; 1
    22a8:	0e 94 c1 08 	call	0x1182	; 0x1182 <DIO_setpinvalue>
    22ac:	06 c0       	rjmp	.+12     	; 0x22ba <LED_turnoff+0x32>
	}else{
	DIO_setpinvalue(led_config.port,led_config.pin,PIN_LOW);
    22ae:	89 81       	ldd	r24, Y+1	; 0x01
    22b0:	9a 81       	ldd	r25, Y+2	; 0x02
    22b2:	69 2f       	mov	r22, r25
    22b4:	40 e0       	ldi	r20, 0x00	; 0
    22b6:	0e 94 c1 08 	call	0x1182	; 0x1182 <DIO_setpinvalue>
}
}
    22ba:	0f 90       	pop	r0
    22bc:	0f 90       	pop	r0
    22be:	0f 90       	pop	r0
    22c0:	cf 91       	pop	r28
    22c2:	df 91       	pop	r29
    22c4:	08 95       	ret

000022c6 <LED_togel>:

void LED_togel (LED_TYPE led_config)
{
    22c6:	df 93       	push	r29
    22c8:	cf 93       	push	r28
    22ca:	00 d0       	rcall	.+0      	; 0x22cc <LED_togel+0x6>
    22cc:	0f 92       	push	r0
    22ce:	cd b7       	in	r28, 0x3d	; 61
    22d0:	de b7       	in	r29, 0x3e	; 62
    22d2:	69 83       	std	Y+1, r22	; 0x01
    22d4:	7a 83       	std	Y+2, r23	; 0x02
    22d6:	8b 83       	std	Y+3, r24	; 0x03
	DIO_togelpinvalue(led_config.port,led_config.pin);
    22d8:	89 81       	ldd	r24, Y+1	; 0x01
    22da:	9a 81       	ldd	r25, Y+2	; 0x02
    22dc:	69 2f       	mov	r22, r25
    22de:	0e 94 94 0a 	call	0x1528	; 0x1528 <DIO_togelpinvalue>
}
    22e2:	0f 90       	pop	r0
    22e4:	0f 90       	pop	r0
    22e6:	0f 90       	pop	r0
    22e8:	cf 91       	pop	r28
    22ea:	df 91       	pop	r29
    22ec:	08 95       	ret

000022ee <LM35_gettemp>:




u16 LM35_gettemp(LM35_t* copy_sensor,u8 * copy_result)
{
    22ee:	df 93       	push	r29
    22f0:	cf 93       	push	r28
    22f2:	cd b7       	in	r28, 0x3d	; 61
    22f4:	de b7       	in	r29, 0x3e	; 62
    22f6:	29 97       	sbiw	r28, 0x09	; 9
    22f8:	0f b6       	in	r0, 0x3f	; 63
    22fa:	f8 94       	cli
    22fc:	de bf       	out	0x3e, r29	; 62
    22fe:	0f be       	out	0x3f, r0	; 63
    2300:	cd bf       	out	0x3d, r28	; 61
    2302:	9f 83       	std	Y+7, r25	; 0x07
    2304:	8e 83       	std	Y+6, r24	; 0x06
    2306:	79 87       	std	Y+9, r23	; 0x09
    2308:	68 87       	std	Y+8, r22	; 0x08
	u8 LOCAL_errorstate=Ok;
    230a:	81 e0       	ldi	r24, 0x01	; 1
    230c:	8b 83       	std	Y+3, r24	; 0x03
	u16 LOCAL_analogresult;
	u16 LOCAL_adcresult;

	ADC_startconversion_sync(copy_sensor->channel,&LOCAL_adcresult);
    230e:	ee 81       	ldd	r30, Y+6	; 0x06
    2310:	ff 81       	ldd	r31, Y+7	; 0x07
    2312:	81 81       	ldd	r24, Z+1	; 0x01
    2314:	9e 01       	movw	r18, r28
    2316:	2c 5f       	subi	r18, 0xFC	; 252
    2318:	3f 4f       	sbci	r19, 0xFF	; 255
    231a:	b9 01       	movw	r22, r18
    231c:	0e 94 db 05 	call	0xbb6	; 0xbb6 <ADC_startconversion_sync>
	if((copy_sensor->resolution)==1)
    2320:	ee 81       	ldd	r30, Y+6	; 0x06
    2322:	ff 81       	ldd	r31, Y+7	; 0x07
    2324:	82 81       	ldd	r24, Z+2	; 0x02
    2326:	81 30       	cpi	r24, 0x01	; 1
    2328:	d1 f4       	brne	.+52     	; 0x235e <LM35_gettemp+0x70>
	{
		LOCAL_analogresult = (u16) ( ((u32)LOCAL_adcresult * 5000ul  ) / 1024UL) ;
    232a:	8c 81       	ldd	r24, Y+4	; 0x04
    232c:	9d 81       	ldd	r25, Y+5	; 0x05
    232e:	cc 01       	movw	r24, r24
    2330:	a0 e0       	ldi	r26, 0x00	; 0
    2332:	b0 e0       	ldi	r27, 0x00	; 0
    2334:	28 e8       	ldi	r18, 0x88	; 136
    2336:	33 e1       	ldi	r19, 0x13	; 19
    2338:	40 e0       	ldi	r20, 0x00	; 0
    233a:	50 e0       	ldi	r21, 0x00	; 0
    233c:	bc 01       	movw	r22, r24
    233e:	cd 01       	movw	r24, r26
    2340:	0e 94 1e 12 	call	0x243c	; 0x243c <__mulsi3>
    2344:	dc 01       	movw	r26, r24
    2346:	cb 01       	movw	r24, r22
    2348:	07 2e       	mov	r0, r23
    234a:	7a e0       	ldi	r23, 0x0A	; 10
    234c:	b6 95       	lsr	r27
    234e:	a7 95       	ror	r26
    2350:	97 95       	ror	r25
    2352:	87 95       	ror	r24
    2354:	7a 95       	dec	r23
    2356:	d1 f7       	brne	.-12     	; 0x234c <LM35_gettemp+0x5e>
    2358:	70 2d       	mov	r23, r0
    235a:	9a 83       	std	Y+2, r25	; 0x02
    235c:	89 83       	std	Y+1, r24	; 0x01
	/*else if(copy_sensor->resolution==0)
	{
		LOCAL_analogresult= (u16) ( ((u32)LOCAL_adcresult* (u32)LOCAL_ref ) / 256UL) ;
		
	}*/
	*copy_result=LOCAL_analogresult/10;
    235e:	89 81       	ldd	r24, Y+1	; 0x01
    2360:	9a 81       	ldd	r25, Y+2	; 0x02
    2362:	2a e0       	ldi	r18, 0x0A	; 10
    2364:	30 e0       	ldi	r19, 0x00	; 0
    2366:	b9 01       	movw	r22, r18
    2368:	0e 94 3d 12 	call	0x247a	; 0x247a <__udivmodhi4>
    236c:	cb 01       	movw	r24, r22
    236e:	e8 85       	ldd	r30, Y+8	; 0x08
    2370:	f9 85       	ldd	r31, Y+9	; 0x09
    2372:	80 83       	st	Z, r24
	

	return LOCAL_errorstate;
    2374:	8b 81       	ldd	r24, Y+3	; 0x03
    2376:	88 2f       	mov	r24, r24
    2378:	90 e0       	ldi	r25, 0x00	; 0
	
	
}
    237a:	29 96       	adiw	r28, 0x09	; 9
    237c:	0f b6       	in	r0, 0x3f	; 63
    237e:	f8 94       	cli
    2380:	de bf       	out	0x3e, r29	; 62
    2382:	0f be       	out	0x3f, r0	; 63
    2384:	cd bf       	out	0x3d, r28	; 61
    2386:	cf 91       	pop	r28
    2388:	df 91       	pop	r29
    238a:	08 95       	ret

0000238c <APP_Init>:
LM35_t LM35_S = {5,ADC_CHANNEL0,1};

/***********************************************/

static void APP_Init()
{
    238c:	df 93       	push	r29
    238e:	cf 93       	push	r28
    2390:	cd b7       	in	r28, 0x3d	; 61
    2392:	de b7       	in	r29, 0x3e	; 62
	ADC_init();
    2394:	0e 94 a3 05 	call	0xb46	; 0xb46 <ADC_init>
	LCD_init();
    2398:	0e 94 2f 0d 	call	0x1a5e	; 0x1a5e <LCD_init>
	LED_init(LED1);
    239c:	60 91 85 00 	lds	r22, 0x0085
    23a0:	70 91 86 00 	lds	r23, 0x0086
    23a4:	80 91 87 00 	lds	r24, 0x0087
    23a8:	0e 94 10 11 	call	0x2220	; 0x2220 <LED_init>
	LED_turnoff(LED1);
    23ac:	60 91 85 00 	lds	r22, 0x0085
    23b0:	70 91 86 00 	lds	r23, 0x0086
    23b4:	80 91 87 00 	lds	r24, 0x0087
    23b8:	0e 94 44 11 	call	0x2288	; 0x2288 <LED_turnoff>
}
    23bc:	cf 91       	pop	r28
    23be:	df 91       	pop	r29
    23c0:	08 95       	ret

000023c2 <main>:

/***********************************************/
int main ()
{
    23c2:	df 93       	push	r29
    23c4:	cf 93       	push	r28
    23c6:	cd b7       	in	r28, 0x3d	; 61
    23c8:	de b7       	in	r29, 0x3e	; 62
	APP_Init();
    23ca:	0e 94 c6 11 	call	0x238c	; 0x238c <APP_Init>
	LCD_sendstring((u8 *)"Ahmed Mhammed :)");
    23ce:	80 e6       	ldi	r24, 0x60	; 96
    23d0:	90 e0       	ldi	r25, 0x00	; 0
    23d2:	0e 94 dd 10 	call	0x21ba	; 0x21ba <LCD_sendstring>
	while(1)
	{
		LCD_voidsetcursor(LCD_ROW_2,LCD_COL_2);
    23d6:	82 e0       	ldi	r24, 0x02	; 2
    23d8:	62 e0       	ldi	r22, 0x02	; 2
    23da:	0e 94 59 10 	call	0x20b2	; 0x20b2 <LCD_voidsetcursor>
		LCD_sendstring((u8 *)"Temp = ");
    23de:	81 e7       	ldi	r24, 0x71	; 113
    23e0:	90 e0       	ldi	r25, 0x00	; 0
    23e2:	0e 94 dd 10 	call	0x21ba	; 0x21ba <LCD_sendstring>
		LM35_gettemp(&LM35_S,&LM35_V);
    23e6:	88 e8       	ldi	r24, 0x88	; 136
    23e8:	90 e0       	ldi	r25, 0x00	; 0
    23ea:	27 e9       	ldi	r18, 0x97	; 151
    23ec:	30 e0       	ldi	r19, 0x00	; 0
    23ee:	b9 01       	movw	r22, r18
    23f0:	0e 94 77 11 	call	0x22ee	; 0x22ee <LM35_gettemp>
		LCD_sendnumber(LM35_V);
    23f4:	80 91 97 00 	lds	r24, 0x0097
    23f8:	88 2f       	mov	r24, r24
    23fa:	90 e0       	ldi	r25, 0x00	; 0
    23fc:	0e 94 82 10 	call	0x2104	; 0x2104 <LCD_sendnumber>
		LCD_voidsetcursor(LCD_ROW_2,LCD_COL_12);
    2400:	82 e0       	ldi	r24, 0x02	; 2
    2402:	6c e0       	ldi	r22, 0x0C	; 12
    2404:	0e 94 59 10 	call	0x20b2	; 0x20b2 <LCD_voidsetcursor>
		LCD_sendstring((u8 *)" C");
    2408:	89 e7       	ldi	r24, 0x79	; 121
    240a:	90 e0       	ldi	r25, 0x00	; 0
    240c:	0e 94 dd 10 	call	0x21ba	; 0x21ba <LCD_sendstring>

		if (LM35_V >= 20)
    2410:	80 91 97 00 	lds	r24, 0x0097
    2414:	84 31       	cpi	r24, 0x14	; 20
    2416:	48 f0       	brcs	.+18     	; 0x242a <main+0x68>
		{
			LED_turnon(LED1);
    2418:	60 91 85 00 	lds	r22, 0x0085
    241c:	70 91 86 00 	lds	r23, 0x0086
    2420:	80 91 87 00 	lds	r24, 0x0087
    2424:	0e 94 25 11 	call	0x224a	; 0x224a <LED_turnon>
    2428:	d6 cf       	rjmp	.-84     	; 0x23d6 <main+0x14>
		}
		else
		{
			LED_turnoff(LED1);
    242a:	60 91 85 00 	lds	r22, 0x0085
    242e:	70 91 86 00 	lds	r23, 0x0086
    2432:	80 91 87 00 	lds	r24, 0x0087
    2436:	0e 94 44 11 	call	0x2288	; 0x2288 <LED_turnoff>
    243a:	cd cf       	rjmp	.-102    	; 0x23d6 <main+0x14>

0000243c <__mulsi3>:
    243c:	62 9f       	mul	r22, r18
    243e:	d0 01       	movw	r26, r0
    2440:	73 9f       	mul	r23, r19
    2442:	f0 01       	movw	r30, r0
    2444:	82 9f       	mul	r24, r18
    2446:	e0 0d       	add	r30, r0
    2448:	f1 1d       	adc	r31, r1
    244a:	64 9f       	mul	r22, r20
    244c:	e0 0d       	add	r30, r0
    244e:	f1 1d       	adc	r31, r1
    2450:	92 9f       	mul	r25, r18
    2452:	f0 0d       	add	r31, r0
    2454:	83 9f       	mul	r24, r19
    2456:	f0 0d       	add	r31, r0
    2458:	74 9f       	mul	r23, r20
    245a:	f0 0d       	add	r31, r0
    245c:	65 9f       	mul	r22, r21
    245e:	f0 0d       	add	r31, r0
    2460:	99 27       	eor	r25, r25
    2462:	72 9f       	mul	r23, r18
    2464:	b0 0d       	add	r27, r0
    2466:	e1 1d       	adc	r30, r1
    2468:	f9 1f       	adc	r31, r25
    246a:	63 9f       	mul	r22, r19
    246c:	b0 0d       	add	r27, r0
    246e:	e1 1d       	adc	r30, r1
    2470:	f9 1f       	adc	r31, r25
    2472:	bd 01       	movw	r22, r26
    2474:	cf 01       	movw	r24, r30
    2476:	11 24       	eor	r1, r1
    2478:	08 95       	ret

0000247a <__udivmodhi4>:
    247a:	aa 1b       	sub	r26, r26
    247c:	bb 1b       	sub	r27, r27
    247e:	51 e1       	ldi	r21, 0x11	; 17
    2480:	07 c0       	rjmp	.+14     	; 0x2490 <__udivmodhi4_ep>

00002482 <__udivmodhi4_loop>:
    2482:	aa 1f       	adc	r26, r26
    2484:	bb 1f       	adc	r27, r27
    2486:	a6 17       	cp	r26, r22
    2488:	b7 07       	cpc	r27, r23
    248a:	10 f0       	brcs	.+4      	; 0x2490 <__udivmodhi4_ep>
    248c:	a6 1b       	sub	r26, r22
    248e:	b7 0b       	sbc	r27, r23

00002490 <__udivmodhi4_ep>:
    2490:	88 1f       	adc	r24, r24
    2492:	99 1f       	adc	r25, r25
    2494:	5a 95       	dec	r21
    2496:	a9 f7       	brne	.-22     	; 0x2482 <__udivmodhi4_loop>
    2498:	80 95       	com	r24
    249a:	90 95       	com	r25
    249c:	bc 01       	movw	r22, r24
    249e:	cd 01       	movw	r24, r26
    24a0:	08 95       	ret

000024a2 <__prologue_saves__>:
    24a2:	2f 92       	push	r2
    24a4:	3f 92       	push	r3
    24a6:	4f 92       	push	r4
    24a8:	5f 92       	push	r5
    24aa:	6f 92       	push	r6
    24ac:	7f 92       	push	r7
    24ae:	8f 92       	push	r8
    24b0:	9f 92       	push	r9
    24b2:	af 92       	push	r10
    24b4:	bf 92       	push	r11
    24b6:	cf 92       	push	r12
    24b8:	df 92       	push	r13
    24ba:	ef 92       	push	r14
    24bc:	ff 92       	push	r15
    24be:	0f 93       	push	r16
    24c0:	1f 93       	push	r17
    24c2:	cf 93       	push	r28
    24c4:	df 93       	push	r29
    24c6:	cd b7       	in	r28, 0x3d	; 61
    24c8:	de b7       	in	r29, 0x3e	; 62
    24ca:	ca 1b       	sub	r28, r26
    24cc:	db 0b       	sbc	r29, r27
    24ce:	0f b6       	in	r0, 0x3f	; 63
    24d0:	f8 94       	cli
    24d2:	de bf       	out	0x3e, r29	; 62
    24d4:	0f be       	out	0x3f, r0	; 63
    24d6:	cd bf       	out	0x3d, r28	; 61
    24d8:	09 94       	ijmp

000024da <__epilogue_restores__>:
    24da:	2a 88       	ldd	r2, Y+18	; 0x12
    24dc:	39 88       	ldd	r3, Y+17	; 0x11
    24de:	48 88       	ldd	r4, Y+16	; 0x10
    24e0:	5f 84       	ldd	r5, Y+15	; 0x0f
    24e2:	6e 84       	ldd	r6, Y+14	; 0x0e
    24e4:	7d 84       	ldd	r7, Y+13	; 0x0d
    24e6:	8c 84       	ldd	r8, Y+12	; 0x0c
    24e8:	9b 84       	ldd	r9, Y+11	; 0x0b
    24ea:	aa 84       	ldd	r10, Y+10	; 0x0a
    24ec:	b9 84       	ldd	r11, Y+9	; 0x09
    24ee:	c8 84       	ldd	r12, Y+8	; 0x08
    24f0:	df 80       	ldd	r13, Y+7	; 0x07
    24f2:	ee 80       	ldd	r14, Y+6	; 0x06
    24f4:	fd 80       	ldd	r15, Y+5	; 0x05
    24f6:	0c 81       	ldd	r16, Y+4	; 0x04
    24f8:	1b 81       	ldd	r17, Y+3	; 0x03
    24fa:	aa 81       	ldd	r26, Y+2	; 0x02
    24fc:	b9 81       	ldd	r27, Y+1	; 0x01
    24fe:	ce 0f       	add	r28, r30
    2500:	d1 1d       	adc	r29, r1
    2502:	0f b6       	in	r0, 0x3f	; 63
    2504:	f8 94       	cli
    2506:	de bf       	out	0x3e, r29	; 62
    2508:	0f be       	out	0x3f, r0	; 63
    250a:	cd bf       	out	0x3d, r28	; 61
    250c:	ed 01       	movw	r28, r26
    250e:	08 95       	ret

00002510 <_exit>:
    2510:	f8 94       	cli

00002512 <__stop_program>:
    2512:	ff cf       	rjmp	.-2      	; 0x2512 <__stop_program>
