
SSD_BUZ_LED.elf:     file format elf32-avr

Sections:
Idx Name          Size      VMA       LMA       File off  Algn
  0 .text         00001d5c  00000000  00000000  00000074  2**1
                  CONTENTS, ALLOC, LOAD, READONLY, CODE
  1 .data         0000002e  00800060  00001d5c  00001dd0  2**0
                  CONTENTS, ALLOC, LOAD, DATA
  2 .stab         0000180c  00000000  00000000  00001e00  2**2
                  CONTENTS, READONLY, DEBUGGING
  3 .stabstr      00000d2e  00000000  00000000  0000360c  2**0
                  CONTENTS, READONLY, DEBUGGING
  4 .debug_aranges 00000140  00000000  00000000  0000433a  2**0
                  CONTENTS, READONLY, DEBUGGING
  5 .debug_pubnames 00000170  00000000  00000000  0000447a  2**0
                  CONTENTS, READONLY, DEBUGGING
  6 .debug_info   00001c49  00000000  00000000  000045ea  2**0
                  CONTENTS, READONLY, DEBUGGING
  7 .debug_abbrev 00000eeb  00000000  00000000  00006233  2**0
                  CONTENTS, READONLY, DEBUGGING
  8 .debug_line   00000dad  00000000  00000000  0000711e  2**0
                  CONTENTS, READONLY, DEBUGGING
  9 .debug_frame  00000160  00000000  00000000  00007ecc  2**2
                  CONTENTS, READONLY, DEBUGGING
 10 .debug_str    0000028d  00000000  00000000  0000802c  2**0
                  CONTENTS, READONLY, DEBUGGING
 11 .debug_loc    000007ce  00000000  00000000  000082b9  2**0
                  CONTENTS, READONLY, DEBUGGING
 12 .debug_ranges 00000050  00000000  00000000  00008a87  2**0
                  CONTENTS, READONLY, DEBUGGING

Disassembly of section .text:

00000000 <__vectors>:
       0:	0c 94 2a 00 	jmp	0x54	; 0x54 <__ctors_end>
       4:	0c 94 3f 00 	jmp	0x7e	; 0x7e <__bad_interrupt>
       8:	0c 94 3f 00 	jmp	0x7e	; 0x7e <__bad_interrupt>
       c:	0c 94 3f 00 	jmp	0x7e	; 0x7e <__bad_interrupt>
      10:	0c 94 3f 00 	jmp	0x7e	; 0x7e <__bad_interrupt>
      14:	0c 94 3f 00 	jmp	0x7e	; 0x7e <__bad_interrupt>
      18:	0c 94 3f 00 	jmp	0x7e	; 0x7e <__bad_interrupt>
      1c:	0c 94 3f 00 	jmp	0x7e	; 0x7e <__bad_interrupt>
      20:	0c 94 3f 00 	jmp	0x7e	; 0x7e <__bad_interrupt>
      24:	0c 94 3f 00 	jmp	0x7e	; 0x7e <__bad_interrupt>
      28:	0c 94 3f 00 	jmp	0x7e	; 0x7e <__bad_interrupt>
      2c:	0c 94 3f 00 	jmp	0x7e	; 0x7e <__bad_interrupt>
      30:	0c 94 3f 00 	jmp	0x7e	; 0x7e <__bad_interrupt>
      34:	0c 94 3f 00 	jmp	0x7e	; 0x7e <__bad_interrupt>
      38:	0c 94 3f 00 	jmp	0x7e	; 0x7e <__bad_interrupt>
      3c:	0c 94 3f 00 	jmp	0x7e	; 0x7e <__bad_interrupt>
      40:	0c 94 3f 00 	jmp	0x7e	; 0x7e <__bad_interrupt>
      44:	0c 94 3f 00 	jmp	0x7e	; 0x7e <__bad_interrupt>
      48:	0c 94 3f 00 	jmp	0x7e	; 0x7e <__bad_interrupt>
      4c:	0c 94 3f 00 	jmp	0x7e	; 0x7e <__bad_interrupt>
      50:	0c 94 3f 00 	jmp	0x7e	; 0x7e <__bad_interrupt>

00000054 <__ctors_end>:
      54:	11 24       	eor	r1, r1
      56:	1f be       	out	0x3f, r1	; 63
      58:	cf e5       	ldi	r28, 0x5F	; 95
      5a:	d8 e0       	ldi	r29, 0x08	; 8
      5c:	de bf       	out	0x3e, r29	; 62
      5e:	cd bf       	out	0x3d, r28	; 61

00000060 <__do_copy_data>:
      60:	10 e0       	ldi	r17, 0x00	; 0
      62:	a0 e6       	ldi	r26, 0x60	; 96
      64:	b0 e0       	ldi	r27, 0x00	; 0
      66:	ec e5       	ldi	r30, 0x5C	; 92
      68:	fd e1       	ldi	r31, 0x1D	; 29
      6a:	02 c0       	rjmp	.+4      	; 0x70 <.do_copy_data_start>

0000006c <.do_copy_data_loop>:
      6c:	05 90       	lpm	r0, Z+
      6e:	0d 92       	st	X+, r0

00000070 <.do_copy_data_start>:
      70:	ae 38       	cpi	r26, 0x8E	; 142
      72:	b1 07       	cpc	r27, r17
      74:	d9 f7       	brne	.-10     	; 0x6c <.do_copy_data_loop>
      76:	0e 94 78 0c 	call	0x18f0	; 0x18f0 <main>
      7a:	0c 94 ac 0e 	jmp	0x1d58	; 0x1d58 <_exit>

0000007e <__bad_interrupt>:
      7e:	0c 94 00 00 	jmp	0	; 0x0 <__vectors>

00000082 <__fixunssfsi>:
      82:	ef 92       	push	r14
      84:	ff 92       	push	r15
      86:	0f 93       	push	r16
      88:	1f 93       	push	r17
      8a:	7b 01       	movw	r14, r22
      8c:	8c 01       	movw	r16, r24
      8e:	20 e0       	ldi	r18, 0x00	; 0
      90:	30 e0       	ldi	r19, 0x00	; 0
      92:	40 e0       	ldi	r20, 0x00	; 0
      94:	5f e4       	ldi	r21, 0x4F	; 79
      96:	0e 94 41 03 	call	0x682	; 0x682 <__gesf2>
      9a:	88 23       	and	r24, r24
      9c:	8c f0       	brlt	.+34     	; 0xc0 <__fixunssfsi+0x3e>
      9e:	c8 01       	movw	r24, r16
      a0:	b7 01       	movw	r22, r14
      a2:	20 e0       	ldi	r18, 0x00	; 0
      a4:	30 e0       	ldi	r19, 0x00	; 0
      a6:	40 e0       	ldi	r20, 0x00	; 0
      a8:	5f e4       	ldi	r21, 0x4F	; 79
      aa:	0e 94 b9 01 	call	0x372	; 0x372 <__subsf3>
      ae:	0e 94 a1 03 	call	0x742	; 0x742 <__fixsfsi>
      b2:	9b 01       	movw	r18, r22
      b4:	ac 01       	movw	r20, r24
      b6:	20 50       	subi	r18, 0x00	; 0
      b8:	30 40       	sbci	r19, 0x00	; 0
      ba:	40 40       	sbci	r20, 0x00	; 0
      bc:	50 48       	sbci	r21, 0x80	; 128
      be:	06 c0       	rjmp	.+12     	; 0xcc <__fixunssfsi+0x4a>
      c0:	c8 01       	movw	r24, r16
      c2:	b7 01       	movw	r22, r14
      c4:	0e 94 a1 03 	call	0x742	; 0x742 <__fixsfsi>
      c8:	9b 01       	movw	r18, r22
      ca:	ac 01       	movw	r20, r24
      cc:	b9 01       	movw	r22, r18
      ce:	ca 01       	movw	r24, r20
      d0:	1f 91       	pop	r17
      d2:	0f 91       	pop	r16
      d4:	ff 90       	pop	r15
      d6:	ef 90       	pop	r14
      d8:	08 95       	ret

000000da <_fpadd_parts>:
      da:	a0 e0       	ldi	r26, 0x00	; 0
      dc:	b0 e0       	ldi	r27, 0x00	; 0
      de:	e3 e7       	ldi	r30, 0x73	; 115
      e0:	f0 e0       	ldi	r31, 0x00	; 0
      e2:	0c 94 75 0e 	jmp	0x1cea	; 0x1cea <__prologue_saves__>
      e6:	dc 01       	movw	r26, r24
      e8:	2b 01       	movw	r4, r22
      ea:	fa 01       	movw	r30, r20
      ec:	9c 91       	ld	r25, X
      ee:	92 30       	cpi	r25, 0x02	; 2
      f0:	08 f4       	brcc	.+2      	; 0xf4 <_fpadd_parts+0x1a>
      f2:	39 c1       	rjmp	.+626    	; 0x366 <_fpadd_parts+0x28c>
      f4:	eb 01       	movw	r28, r22
      f6:	88 81       	ld	r24, Y
      f8:	82 30       	cpi	r24, 0x02	; 2
      fa:	08 f4       	brcc	.+2      	; 0xfe <_fpadd_parts+0x24>
      fc:	33 c1       	rjmp	.+614    	; 0x364 <_fpadd_parts+0x28a>
      fe:	94 30       	cpi	r25, 0x04	; 4
     100:	69 f4       	brne	.+26     	; 0x11c <_fpadd_parts+0x42>
     102:	84 30       	cpi	r24, 0x04	; 4
     104:	09 f0       	breq	.+2      	; 0x108 <_fpadd_parts+0x2e>
     106:	2f c1       	rjmp	.+606    	; 0x366 <_fpadd_parts+0x28c>
     108:	11 96       	adiw	r26, 0x01	; 1
     10a:	9c 91       	ld	r25, X
     10c:	11 97       	sbiw	r26, 0x01	; 1
     10e:	89 81       	ldd	r24, Y+1	; 0x01
     110:	98 17       	cp	r25, r24
     112:	09 f4       	brne	.+2      	; 0x116 <_fpadd_parts+0x3c>
     114:	28 c1       	rjmp	.+592    	; 0x366 <_fpadd_parts+0x28c>
     116:	a0 e6       	ldi	r26, 0x60	; 96
     118:	b0 e0       	ldi	r27, 0x00	; 0
     11a:	25 c1       	rjmp	.+586    	; 0x366 <_fpadd_parts+0x28c>
     11c:	84 30       	cpi	r24, 0x04	; 4
     11e:	09 f4       	brne	.+2      	; 0x122 <_fpadd_parts+0x48>
     120:	21 c1       	rjmp	.+578    	; 0x364 <_fpadd_parts+0x28a>
     122:	82 30       	cpi	r24, 0x02	; 2
     124:	a9 f4       	brne	.+42     	; 0x150 <_fpadd_parts+0x76>
     126:	92 30       	cpi	r25, 0x02	; 2
     128:	09 f0       	breq	.+2      	; 0x12c <_fpadd_parts+0x52>
     12a:	1d c1       	rjmp	.+570    	; 0x366 <_fpadd_parts+0x28c>
     12c:	9a 01       	movw	r18, r20
     12e:	ad 01       	movw	r20, r26
     130:	88 e0       	ldi	r24, 0x08	; 8
     132:	ea 01       	movw	r28, r20
     134:	09 90       	ld	r0, Y+
     136:	ae 01       	movw	r20, r28
     138:	e9 01       	movw	r28, r18
     13a:	09 92       	st	Y+, r0
     13c:	9e 01       	movw	r18, r28
     13e:	81 50       	subi	r24, 0x01	; 1
     140:	c1 f7       	brne	.-16     	; 0x132 <_fpadd_parts+0x58>
     142:	e2 01       	movw	r28, r4
     144:	89 81       	ldd	r24, Y+1	; 0x01
     146:	11 96       	adiw	r26, 0x01	; 1
     148:	9c 91       	ld	r25, X
     14a:	89 23       	and	r24, r25
     14c:	81 83       	std	Z+1, r24	; 0x01
     14e:	08 c1       	rjmp	.+528    	; 0x360 <_fpadd_parts+0x286>
     150:	92 30       	cpi	r25, 0x02	; 2
     152:	09 f4       	brne	.+2      	; 0x156 <_fpadd_parts+0x7c>
     154:	07 c1       	rjmp	.+526    	; 0x364 <_fpadd_parts+0x28a>
     156:	12 96       	adiw	r26, 0x02	; 2
     158:	2d 90       	ld	r2, X+
     15a:	3c 90       	ld	r3, X
     15c:	13 97       	sbiw	r26, 0x03	; 3
     15e:	eb 01       	movw	r28, r22
     160:	8a 81       	ldd	r24, Y+2	; 0x02
     162:	9b 81       	ldd	r25, Y+3	; 0x03
     164:	14 96       	adiw	r26, 0x04	; 4
     166:	ad 90       	ld	r10, X+
     168:	bd 90       	ld	r11, X+
     16a:	cd 90       	ld	r12, X+
     16c:	dc 90       	ld	r13, X
     16e:	17 97       	sbiw	r26, 0x07	; 7
     170:	ec 80       	ldd	r14, Y+4	; 0x04
     172:	fd 80       	ldd	r15, Y+5	; 0x05
     174:	0e 81       	ldd	r16, Y+6	; 0x06
     176:	1f 81       	ldd	r17, Y+7	; 0x07
     178:	91 01       	movw	r18, r2
     17a:	28 1b       	sub	r18, r24
     17c:	39 0b       	sbc	r19, r25
     17e:	b9 01       	movw	r22, r18
     180:	37 ff       	sbrs	r19, 7
     182:	04 c0       	rjmp	.+8      	; 0x18c <_fpadd_parts+0xb2>
     184:	66 27       	eor	r22, r22
     186:	77 27       	eor	r23, r23
     188:	62 1b       	sub	r22, r18
     18a:	73 0b       	sbc	r23, r19
     18c:	60 32       	cpi	r22, 0x20	; 32
     18e:	71 05       	cpc	r23, r1
     190:	0c f0       	brlt	.+2      	; 0x194 <_fpadd_parts+0xba>
     192:	61 c0       	rjmp	.+194    	; 0x256 <_fpadd_parts+0x17c>
     194:	12 16       	cp	r1, r18
     196:	13 06       	cpc	r1, r19
     198:	6c f5       	brge	.+90     	; 0x1f4 <_fpadd_parts+0x11a>
     19a:	37 01       	movw	r6, r14
     19c:	48 01       	movw	r8, r16
     19e:	06 2e       	mov	r0, r22
     1a0:	04 c0       	rjmp	.+8      	; 0x1aa <_fpadd_parts+0xd0>
     1a2:	96 94       	lsr	r9
     1a4:	87 94       	ror	r8
     1a6:	77 94       	ror	r7
     1a8:	67 94       	ror	r6
     1aa:	0a 94       	dec	r0
     1ac:	d2 f7       	brpl	.-12     	; 0x1a2 <_fpadd_parts+0xc8>
     1ae:	21 e0       	ldi	r18, 0x01	; 1
     1b0:	30 e0       	ldi	r19, 0x00	; 0
     1b2:	40 e0       	ldi	r20, 0x00	; 0
     1b4:	50 e0       	ldi	r21, 0x00	; 0
     1b6:	04 c0       	rjmp	.+8      	; 0x1c0 <_fpadd_parts+0xe6>
     1b8:	22 0f       	add	r18, r18
     1ba:	33 1f       	adc	r19, r19
     1bc:	44 1f       	adc	r20, r20
     1be:	55 1f       	adc	r21, r21
     1c0:	6a 95       	dec	r22
     1c2:	d2 f7       	brpl	.-12     	; 0x1b8 <_fpadd_parts+0xde>
     1c4:	21 50       	subi	r18, 0x01	; 1
     1c6:	30 40       	sbci	r19, 0x00	; 0
     1c8:	40 40       	sbci	r20, 0x00	; 0
     1ca:	50 40       	sbci	r21, 0x00	; 0
     1cc:	2e 21       	and	r18, r14
     1ce:	3f 21       	and	r19, r15
     1d0:	40 23       	and	r20, r16
     1d2:	51 23       	and	r21, r17
     1d4:	21 15       	cp	r18, r1
     1d6:	31 05       	cpc	r19, r1
     1d8:	41 05       	cpc	r20, r1
     1da:	51 05       	cpc	r21, r1
     1dc:	21 f0       	breq	.+8      	; 0x1e6 <_fpadd_parts+0x10c>
     1de:	21 e0       	ldi	r18, 0x01	; 1
     1e0:	30 e0       	ldi	r19, 0x00	; 0
     1e2:	40 e0       	ldi	r20, 0x00	; 0
     1e4:	50 e0       	ldi	r21, 0x00	; 0
     1e6:	79 01       	movw	r14, r18
     1e8:	8a 01       	movw	r16, r20
     1ea:	e6 28       	or	r14, r6
     1ec:	f7 28       	or	r15, r7
     1ee:	08 29       	or	r16, r8
     1f0:	19 29       	or	r17, r9
     1f2:	3c c0       	rjmp	.+120    	; 0x26c <_fpadd_parts+0x192>
     1f4:	23 2b       	or	r18, r19
     1f6:	d1 f1       	breq	.+116    	; 0x26c <_fpadd_parts+0x192>
     1f8:	26 0e       	add	r2, r22
     1fa:	37 1e       	adc	r3, r23
     1fc:	35 01       	movw	r6, r10
     1fe:	46 01       	movw	r8, r12
     200:	06 2e       	mov	r0, r22
     202:	04 c0       	rjmp	.+8      	; 0x20c <_fpadd_parts+0x132>
     204:	96 94       	lsr	r9
     206:	87 94       	ror	r8
     208:	77 94       	ror	r7
     20a:	67 94       	ror	r6
     20c:	0a 94       	dec	r0
     20e:	d2 f7       	brpl	.-12     	; 0x204 <_fpadd_parts+0x12a>
     210:	21 e0       	ldi	r18, 0x01	; 1
     212:	30 e0       	ldi	r19, 0x00	; 0
     214:	40 e0       	ldi	r20, 0x00	; 0
     216:	50 e0       	ldi	r21, 0x00	; 0
     218:	04 c0       	rjmp	.+8      	; 0x222 <_fpadd_parts+0x148>
     21a:	22 0f       	add	r18, r18
     21c:	33 1f       	adc	r19, r19
     21e:	44 1f       	adc	r20, r20
     220:	55 1f       	adc	r21, r21
     222:	6a 95       	dec	r22
     224:	d2 f7       	brpl	.-12     	; 0x21a <_fpadd_parts+0x140>
     226:	21 50       	subi	r18, 0x01	; 1
     228:	30 40       	sbci	r19, 0x00	; 0
     22a:	40 40       	sbci	r20, 0x00	; 0
     22c:	50 40       	sbci	r21, 0x00	; 0
     22e:	2a 21       	and	r18, r10
     230:	3b 21       	and	r19, r11
     232:	4c 21       	and	r20, r12
     234:	5d 21       	and	r21, r13
     236:	21 15       	cp	r18, r1
     238:	31 05       	cpc	r19, r1
     23a:	41 05       	cpc	r20, r1
     23c:	51 05       	cpc	r21, r1
     23e:	21 f0       	breq	.+8      	; 0x248 <_fpadd_parts+0x16e>
     240:	21 e0       	ldi	r18, 0x01	; 1
     242:	30 e0       	ldi	r19, 0x00	; 0
     244:	40 e0       	ldi	r20, 0x00	; 0
     246:	50 e0       	ldi	r21, 0x00	; 0
     248:	59 01       	movw	r10, r18
     24a:	6a 01       	movw	r12, r20
     24c:	a6 28       	or	r10, r6
     24e:	b7 28       	or	r11, r7
     250:	c8 28       	or	r12, r8
     252:	d9 28       	or	r13, r9
     254:	0b c0       	rjmp	.+22     	; 0x26c <_fpadd_parts+0x192>
     256:	82 15       	cp	r24, r2
     258:	93 05       	cpc	r25, r3
     25a:	2c f0       	brlt	.+10     	; 0x266 <_fpadd_parts+0x18c>
     25c:	1c 01       	movw	r2, r24
     25e:	aa 24       	eor	r10, r10
     260:	bb 24       	eor	r11, r11
     262:	65 01       	movw	r12, r10
     264:	03 c0       	rjmp	.+6      	; 0x26c <_fpadd_parts+0x192>
     266:	ee 24       	eor	r14, r14
     268:	ff 24       	eor	r15, r15
     26a:	87 01       	movw	r16, r14
     26c:	11 96       	adiw	r26, 0x01	; 1
     26e:	9c 91       	ld	r25, X
     270:	d2 01       	movw	r26, r4
     272:	11 96       	adiw	r26, 0x01	; 1
     274:	8c 91       	ld	r24, X
     276:	98 17       	cp	r25, r24
     278:	09 f4       	brne	.+2      	; 0x27c <_fpadd_parts+0x1a2>
     27a:	45 c0       	rjmp	.+138    	; 0x306 <_fpadd_parts+0x22c>
     27c:	99 23       	and	r25, r25
     27e:	39 f0       	breq	.+14     	; 0x28e <_fpadd_parts+0x1b4>
     280:	a8 01       	movw	r20, r16
     282:	97 01       	movw	r18, r14
     284:	2a 19       	sub	r18, r10
     286:	3b 09       	sbc	r19, r11
     288:	4c 09       	sbc	r20, r12
     28a:	5d 09       	sbc	r21, r13
     28c:	06 c0       	rjmp	.+12     	; 0x29a <_fpadd_parts+0x1c0>
     28e:	a6 01       	movw	r20, r12
     290:	95 01       	movw	r18, r10
     292:	2e 19       	sub	r18, r14
     294:	3f 09       	sbc	r19, r15
     296:	40 0b       	sbc	r20, r16
     298:	51 0b       	sbc	r21, r17
     29a:	57 fd       	sbrc	r21, 7
     29c:	08 c0       	rjmp	.+16     	; 0x2ae <_fpadd_parts+0x1d4>
     29e:	11 82       	std	Z+1, r1	; 0x01
     2a0:	33 82       	std	Z+3, r3	; 0x03
     2a2:	22 82       	std	Z+2, r2	; 0x02
     2a4:	24 83       	std	Z+4, r18	; 0x04
     2a6:	35 83       	std	Z+5, r19	; 0x05
     2a8:	46 83       	std	Z+6, r20	; 0x06
     2aa:	57 83       	std	Z+7, r21	; 0x07
     2ac:	1d c0       	rjmp	.+58     	; 0x2e8 <_fpadd_parts+0x20e>
     2ae:	81 e0       	ldi	r24, 0x01	; 1
     2b0:	81 83       	std	Z+1, r24	; 0x01
     2b2:	33 82       	std	Z+3, r3	; 0x03
     2b4:	22 82       	std	Z+2, r2	; 0x02
     2b6:	88 27       	eor	r24, r24
     2b8:	99 27       	eor	r25, r25
     2ba:	dc 01       	movw	r26, r24
     2bc:	82 1b       	sub	r24, r18
     2be:	93 0b       	sbc	r25, r19
     2c0:	a4 0b       	sbc	r26, r20
     2c2:	b5 0b       	sbc	r27, r21
     2c4:	84 83       	std	Z+4, r24	; 0x04
     2c6:	95 83       	std	Z+5, r25	; 0x05
     2c8:	a6 83       	std	Z+6, r26	; 0x06
     2ca:	b7 83       	std	Z+7, r27	; 0x07
     2cc:	0d c0       	rjmp	.+26     	; 0x2e8 <_fpadd_parts+0x20e>
     2ce:	22 0f       	add	r18, r18
     2d0:	33 1f       	adc	r19, r19
     2d2:	44 1f       	adc	r20, r20
     2d4:	55 1f       	adc	r21, r21
     2d6:	24 83       	std	Z+4, r18	; 0x04
     2d8:	35 83       	std	Z+5, r19	; 0x05
     2da:	46 83       	std	Z+6, r20	; 0x06
     2dc:	57 83       	std	Z+7, r21	; 0x07
     2de:	82 81       	ldd	r24, Z+2	; 0x02
     2e0:	93 81       	ldd	r25, Z+3	; 0x03
     2e2:	01 97       	sbiw	r24, 0x01	; 1
     2e4:	93 83       	std	Z+3, r25	; 0x03
     2e6:	82 83       	std	Z+2, r24	; 0x02
     2e8:	24 81       	ldd	r18, Z+4	; 0x04
     2ea:	35 81       	ldd	r19, Z+5	; 0x05
     2ec:	46 81       	ldd	r20, Z+6	; 0x06
     2ee:	57 81       	ldd	r21, Z+7	; 0x07
     2f0:	da 01       	movw	r26, r20
     2f2:	c9 01       	movw	r24, r18
     2f4:	01 97       	sbiw	r24, 0x01	; 1
     2f6:	a1 09       	sbc	r26, r1
     2f8:	b1 09       	sbc	r27, r1
     2fa:	8f 5f       	subi	r24, 0xFF	; 255
     2fc:	9f 4f       	sbci	r25, 0xFF	; 255
     2fe:	af 4f       	sbci	r26, 0xFF	; 255
     300:	bf 43       	sbci	r27, 0x3F	; 63
     302:	28 f3       	brcs	.-54     	; 0x2ce <_fpadd_parts+0x1f4>
     304:	0b c0       	rjmp	.+22     	; 0x31c <_fpadd_parts+0x242>
     306:	91 83       	std	Z+1, r25	; 0x01
     308:	33 82       	std	Z+3, r3	; 0x03
     30a:	22 82       	std	Z+2, r2	; 0x02
     30c:	ea 0c       	add	r14, r10
     30e:	fb 1c       	adc	r15, r11
     310:	0c 1d       	adc	r16, r12
     312:	1d 1d       	adc	r17, r13
     314:	e4 82       	std	Z+4, r14	; 0x04
     316:	f5 82       	std	Z+5, r15	; 0x05
     318:	06 83       	std	Z+6, r16	; 0x06
     31a:	17 83       	std	Z+7, r17	; 0x07
     31c:	83 e0       	ldi	r24, 0x03	; 3
     31e:	80 83       	st	Z, r24
     320:	24 81       	ldd	r18, Z+4	; 0x04
     322:	35 81       	ldd	r19, Z+5	; 0x05
     324:	46 81       	ldd	r20, Z+6	; 0x06
     326:	57 81       	ldd	r21, Z+7	; 0x07
     328:	57 ff       	sbrs	r21, 7
     32a:	1a c0       	rjmp	.+52     	; 0x360 <_fpadd_parts+0x286>
     32c:	c9 01       	movw	r24, r18
     32e:	aa 27       	eor	r26, r26
     330:	97 fd       	sbrc	r25, 7
     332:	a0 95       	com	r26
     334:	ba 2f       	mov	r27, r26
     336:	81 70       	andi	r24, 0x01	; 1
     338:	90 70       	andi	r25, 0x00	; 0
     33a:	a0 70       	andi	r26, 0x00	; 0
     33c:	b0 70       	andi	r27, 0x00	; 0
     33e:	56 95       	lsr	r21
     340:	47 95       	ror	r20
     342:	37 95       	ror	r19
     344:	27 95       	ror	r18
     346:	82 2b       	or	r24, r18
     348:	93 2b       	or	r25, r19
     34a:	a4 2b       	or	r26, r20
     34c:	b5 2b       	or	r27, r21
     34e:	84 83       	std	Z+4, r24	; 0x04
     350:	95 83       	std	Z+5, r25	; 0x05
     352:	a6 83       	std	Z+6, r26	; 0x06
     354:	b7 83       	std	Z+7, r27	; 0x07
     356:	82 81       	ldd	r24, Z+2	; 0x02
     358:	93 81       	ldd	r25, Z+3	; 0x03
     35a:	01 96       	adiw	r24, 0x01	; 1
     35c:	93 83       	std	Z+3, r25	; 0x03
     35e:	82 83       	std	Z+2, r24	; 0x02
     360:	df 01       	movw	r26, r30
     362:	01 c0       	rjmp	.+2      	; 0x366 <_fpadd_parts+0x28c>
     364:	d2 01       	movw	r26, r4
     366:	cd 01       	movw	r24, r26
     368:	cd b7       	in	r28, 0x3d	; 61
     36a:	de b7       	in	r29, 0x3e	; 62
     36c:	e2 e1       	ldi	r30, 0x12	; 18
     36e:	0c 94 91 0e 	jmp	0x1d22	; 0x1d22 <__epilogue_restores__>

00000372 <__subsf3>:
     372:	a0 e2       	ldi	r26, 0x20	; 32
     374:	b0 e0       	ldi	r27, 0x00	; 0
     376:	ef eb       	ldi	r30, 0xBF	; 191
     378:	f1 e0       	ldi	r31, 0x01	; 1
     37a:	0c 94 81 0e 	jmp	0x1d02	; 0x1d02 <__prologue_saves__+0x18>
     37e:	69 83       	std	Y+1, r22	; 0x01
     380:	7a 83       	std	Y+2, r23	; 0x02
     382:	8b 83       	std	Y+3, r24	; 0x03
     384:	9c 83       	std	Y+4, r25	; 0x04
     386:	2d 83       	std	Y+5, r18	; 0x05
     388:	3e 83       	std	Y+6, r19	; 0x06
     38a:	4f 83       	std	Y+7, r20	; 0x07
     38c:	58 87       	std	Y+8, r21	; 0x08
     38e:	e9 e0       	ldi	r30, 0x09	; 9
     390:	ee 2e       	mov	r14, r30
     392:	f1 2c       	mov	r15, r1
     394:	ec 0e       	add	r14, r28
     396:	fd 1e       	adc	r15, r29
     398:	ce 01       	movw	r24, r28
     39a:	01 96       	adiw	r24, 0x01	; 1
     39c:	b7 01       	movw	r22, r14
     39e:	0e 94 ca 04 	call	0x994	; 0x994 <__unpack_f>
     3a2:	8e 01       	movw	r16, r28
     3a4:	0f 5e       	subi	r16, 0xEF	; 239
     3a6:	1f 4f       	sbci	r17, 0xFF	; 255
     3a8:	ce 01       	movw	r24, r28
     3aa:	05 96       	adiw	r24, 0x05	; 5
     3ac:	b8 01       	movw	r22, r16
     3ae:	0e 94 ca 04 	call	0x994	; 0x994 <__unpack_f>
     3b2:	8a 89       	ldd	r24, Y+18	; 0x12
     3b4:	91 e0       	ldi	r25, 0x01	; 1
     3b6:	89 27       	eor	r24, r25
     3b8:	8a 8b       	std	Y+18, r24	; 0x12
     3ba:	c7 01       	movw	r24, r14
     3bc:	b8 01       	movw	r22, r16
     3be:	ae 01       	movw	r20, r28
     3c0:	47 5e       	subi	r20, 0xE7	; 231
     3c2:	5f 4f       	sbci	r21, 0xFF	; 255
     3c4:	0e 94 6d 00 	call	0xda	; 0xda <_fpadd_parts>
     3c8:	0e 94 f5 03 	call	0x7ea	; 0x7ea <__pack_f>
     3cc:	a0 96       	adiw	r28, 0x20	; 32
     3ce:	e6 e0       	ldi	r30, 0x06	; 6
     3d0:	0c 94 9d 0e 	jmp	0x1d3a	; 0x1d3a <__epilogue_restores__+0x18>

000003d4 <__addsf3>:
     3d4:	a0 e2       	ldi	r26, 0x20	; 32
     3d6:	b0 e0       	ldi	r27, 0x00	; 0
     3d8:	e0 ef       	ldi	r30, 0xF0	; 240
     3da:	f1 e0       	ldi	r31, 0x01	; 1
     3dc:	0c 94 81 0e 	jmp	0x1d02	; 0x1d02 <__prologue_saves__+0x18>
     3e0:	69 83       	std	Y+1, r22	; 0x01
     3e2:	7a 83       	std	Y+2, r23	; 0x02
     3e4:	8b 83       	std	Y+3, r24	; 0x03
     3e6:	9c 83       	std	Y+4, r25	; 0x04
     3e8:	2d 83       	std	Y+5, r18	; 0x05
     3ea:	3e 83       	std	Y+6, r19	; 0x06
     3ec:	4f 83       	std	Y+7, r20	; 0x07
     3ee:	58 87       	std	Y+8, r21	; 0x08
     3f0:	f9 e0       	ldi	r31, 0x09	; 9
     3f2:	ef 2e       	mov	r14, r31
     3f4:	f1 2c       	mov	r15, r1
     3f6:	ec 0e       	add	r14, r28
     3f8:	fd 1e       	adc	r15, r29
     3fa:	ce 01       	movw	r24, r28
     3fc:	01 96       	adiw	r24, 0x01	; 1
     3fe:	b7 01       	movw	r22, r14
     400:	0e 94 ca 04 	call	0x994	; 0x994 <__unpack_f>
     404:	8e 01       	movw	r16, r28
     406:	0f 5e       	subi	r16, 0xEF	; 239
     408:	1f 4f       	sbci	r17, 0xFF	; 255
     40a:	ce 01       	movw	r24, r28
     40c:	05 96       	adiw	r24, 0x05	; 5
     40e:	b8 01       	movw	r22, r16
     410:	0e 94 ca 04 	call	0x994	; 0x994 <__unpack_f>
     414:	c7 01       	movw	r24, r14
     416:	b8 01       	movw	r22, r16
     418:	ae 01       	movw	r20, r28
     41a:	47 5e       	subi	r20, 0xE7	; 231
     41c:	5f 4f       	sbci	r21, 0xFF	; 255
     41e:	0e 94 6d 00 	call	0xda	; 0xda <_fpadd_parts>
     422:	0e 94 f5 03 	call	0x7ea	; 0x7ea <__pack_f>
     426:	a0 96       	adiw	r28, 0x20	; 32
     428:	e6 e0       	ldi	r30, 0x06	; 6
     42a:	0c 94 9d 0e 	jmp	0x1d3a	; 0x1d3a <__epilogue_restores__+0x18>

0000042e <__mulsf3>:
     42e:	a0 e2       	ldi	r26, 0x20	; 32
     430:	b0 e0       	ldi	r27, 0x00	; 0
     432:	ed e1       	ldi	r30, 0x1D	; 29
     434:	f2 e0       	ldi	r31, 0x02	; 2
     436:	0c 94 75 0e 	jmp	0x1cea	; 0x1cea <__prologue_saves__>
     43a:	69 83       	std	Y+1, r22	; 0x01
     43c:	7a 83       	std	Y+2, r23	; 0x02
     43e:	8b 83       	std	Y+3, r24	; 0x03
     440:	9c 83       	std	Y+4, r25	; 0x04
     442:	2d 83       	std	Y+5, r18	; 0x05
     444:	3e 83       	std	Y+6, r19	; 0x06
     446:	4f 83       	std	Y+7, r20	; 0x07
     448:	58 87       	std	Y+8, r21	; 0x08
     44a:	ce 01       	movw	r24, r28
     44c:	01 96       	adiw	r24, 0x01	; 1
     44e:	be 01       	movw	r22, r28
     450:	67 5f       	subi	r22, 0xF7	; 247
     452:	7f 4f       	sbci	r23, 0xFF	; 255
     454:	0e 94 ca 04 	call	0x994	; 0x994 <__unpack_f>
     458:	ce 01       	movw	r24, r28
     45a:	05 96       	adiw	r24, 0x05	; 5
     45c:	be 01       	movw	r22, r28
     45e:	6f 5e       	subi	r22, 0xEF	; 239
     460:	7f 4f       	sbci	r23, 0xFF	; 255
     462:	0e 94 ca 04 	call	0x994	; 0x994 <__unpack_f>
     466:	99 85       	ldd	r25, Y+9	; 0x09
     468:	92 30       	cpi	r25, 0x02	; 2
     46a:	88 f0       	brcs	.+34     	; 0x48e <__mulsf3+0x60>
     46c:	89 89       	ldd	r24, Y+17	; 0x11
     46e:	82 30       	cpi	r24, 0x02	; 2
     470:	c8 f0       	brcs	.+50     	; 0x4a4 <__mulsf3+0x76>
     472:	94 30       	cpi	r25, 0x04	; 4
     474:	19 f4       	brne	.+6      	; 0x47c <__mulsf3+0x4e>
     476:	82 30       	cpi	r24, 0x02	; 2
     478:	51 f4       	brne	.+20     	; 0x48e <__mulsf3+0x60>
     47a:	04 c0       	rjmp	.+8      	; 0x484 <__mulsf3+0x56>
     47c:	84 30       	cpi	r24, 0x04	; 4
     47e:	29 f4       	brne	.+10     	; 0x48a <__mulsf3+0x5c>
     480:	92 30       	cpi	r25, 0x02	; 2
     482:	81 f4       	brne	.+32     	; 0x4a4 <__mulsf3+0x76>
     484:	80 e6       	ldi	r24, 0x60	; 96
     486:	90 e0       	ldi	r25, 0x00	; 0
     488:	c6 c0       	rjmp	.+396    	; 0x616 <__mulsf3+0x1e8>
     48a:	92 30       	cpi	r25, 0x02	; 2
     48c:	49 f4       	brne	.+18     	; 0x4a0 <__mulsf3+0x72>
     48e:	20 e0       	ldi	r18, 0x00	; 0
     490:	9a 85       	ldd	r25, Y+10	; 0x0a
     492:	8a 89       	ldd	r24, Y+18	; 0x12
     494:	98 13       	cpse	r25, r24
     496:	21 e0       	ldi	r18, 0x01	; 1
     498:	2a 87       	std	Y+10, r18	; 0x0a
     49a:	ce 01       	movw	r24, r28
     49c:	09 96       	adiw	r24, 0x09	; 9
     49e:	bb c0       	rjmp	.+374    	; 0x616 <__mulsf3+0x1e8>
     4a0:	82 30       	cpi	r24, 0x02	; 2
     4a2:	49 f4       	brne	.+18     	; 0x4b6 <__mulsf3+0x88>
     4a4:	20 e0       	ldi	r18, 0x00	; 0
     4a6:	9a 85       	ldd	r25, Y+10	; 0x0a
     4a8:	8a 89       	ldd	r24, Y+18	; 0x12
     4aa:	98 13       	cpse	r25, r24
     4ac:	21 e0       	ldi	r18, 0x01	; 1
     4ae:	2a 8b       	std	Y+18, r18	; 0x12
     4b0:	ce 01       	movw	r24, r28
     4b2:	41 96       	adiw	r24, 0x11	; 17
     4b4:	b0 c0       	rjmp	.+352    	; 0x616 <__mulsf3+0x1e8>
     4b6:	2d 84       	ldd	r2, Y+13	; 0x0d
     4b8:	3e 84       	ldd	r3, Y+14	; 0x0e
     4ba:	4f 84       	ldd	r4, Y+15	; 0x0f
     4bc:	58 88       	ldd	r5, Y+16	; 0x10
     4be:	6d 88       	ldd	r6, Y+21	; 0x15
     4c0:	7e 88       	ldd	r7, Y+22	; 0x16
     4c2:	8f 88       	ldd	r8, Y+23	; 0x17
     4c4:	98 8c       	ldd	r9, Y+24	; 0x18
     4c6:	ee 24       	eor	r14, r14
     4c8:	ff 24       	eor	r15, r15
     4ca:	87 01       	movw	r16, r14
     4cc:	aa 24       	eor	r10, r10
     4ce:	bb 24       	eor	r11, r11
     4d0:	65 01       	movw	r12, r10
     4d2:	40 e0       	ldi	r20, 0x00	; 0
     4d4:	50 e0       	ldi	r21, 0x00	; 0
     4d6:	60 e0       	ldi	r22, 0x00	; 0
     4d8:	70 e0       	ldi	r23, 0x00	; 0
     4da:	e0 e0       	ldi	r30, 0x00	; 0
     4dc:	f0 e0       	ldi	r31, 0x00	; 0
     4de:	c1 01       	movw	r24, r2
     4e0:	81 70       	andi	r24, 0x01	; 1
     4e2:	90 70       	andi	r25, 0x00	; 0
     4e4:	89 2b       	or	r24, r25
     4e6:	e9 f0       	breq	.+58     	; 0x522 <__mulsf3+0xf4>
     4e8:	e6 0c       	add	r14, r6
     4ea:	f7 1c       	adc	r15, r7
     4ec:	08 1d       	adc	r16, r8
     4ee:	19 1d       	adc	r17, r9
     4f0:	9a 01       	movw	r18, r20
     4f2:	ab 01       	movw	r20, r22
     4f4:	2a 0d       	add	r18, r10
     4f6:	3b 1d       	adc	r19, r11
     4f8:	4c 1d       	adc	r20, r12
     4fa:	5d 1d       	adc	r21, r13
     4fc:	80 e0       	ldi	r24, 0x00	; 0
     4fe:	90 e0       	ldi	r25, 0x00	; 0
     500:	a0 e0       	ldi	r26, 0x00	; 0
     502:	b0 e0       	ldi	r27, 0x00	; 0
     504:	e6 14       	cp	r14, r6
     506:	f7 04       	cpc	r15, r7
     508:	08 05       	cpc	r16, r8
     50a:	19 05       	cpc	r17, r9
     50c:	20 f4       	brcc	.+8      	; 0x516 <__mulsf3+0xe8>
     50e:	81 e0       	ldi	r24, 0x01	; 1
     510:	90 e0       	ldi	r25, 0x00	; 0
     512:	a0 e0       	ldi	r26, 0x00	; 0
     514:	b0 e0       	ldi	r27, 0x00	; 0
     516:	ba 01       	movw	r22, r20
     518:	a9 01       	movw	r20, r18
     51a:	48 0f       	add	r20, r24
     51c:	59 1f       	adc	r21, r25
     51e:	6a 1f       	adc	r22, r26
     520:	7b 1f       	adc	r23, r27
     522:	aa 0c       	add	r10, r10
     524:	bb 1c       	adc	r11, r11
     526:	cc 1c       	adc	r12, r12
     528:	dd 1c       	adc	r13, r13
     52a:	97 fe       	sbrs	r9, 7
     52c:	08 c0       	rjmp	.+16     	; 0x53e <__mulsf3+0x110>
     52e:	81 e0       	ldi	r24, 0x01	; 1
     530:	90 e0       	ldi	r25, 0x00	; 0
     532:	a0 e0       	ldi	r26, 0x00	; 0
     534:	b0 e0       	ldi	r27, 0x00	; 0
     536:	a8 2a       	or	r10, r24
     538:	b9 2a       	or	r11, r25
     53a:	ca 2a       	or	r12, r26
     53c:	db 2a       	or	r13, r27
     53e:	31 96       	adiw	r30, 0x01	; 1
     540:	e0 32       	cpi	r30, 0x20	; 32
     542:	f1 05       	cpc	r31, r1
     544:	49 f0       	breq	.+18     	; 0x558 <__mulsf3+0x12a>
     546:	66 0c       	add	r6, r6
     548:	77 1c       	adc	r7, r7
     54a:	88 1c       	adc	r8, r8
     54c:	99 1c       	adc	r9, r9
     54e:	56 94       	lsr	r5
     550:	47 94       	ror	r4
     552:	37 94       	ror	r3
     554:	27 94       	ror	r2
     556:	c3 cf       	rjmp	.-122    	; 0x4de <__mulsf3+0xb0>
     558:	fa 85       	ldd	r31, Y+10	; 0x0a
     55a:	ea 89       	ldd	r30, Y+18	; 0x12
     55c:	2b 89       	ldd	r18, Y+19	; 0x13
     55e:	3c 89       	ldd	r19, Y+20	; 0x14
     560:	8b 85       	ldd	r24, Y+11	; 0x0b
     562:	9c 85       	ldd	r25, Y+12	; 0x0c
     564:	28 0f       	add	r18, r24
     566:	39 1f       	adc	r19, r25
     568:	2e 5f       	subi	r18, 0xFE	; 254
     56a:	3f 4f       	sbci	r19, 0xFF	; 255
     56c:	17 c0       	rjmp	.+46     	; 0x59c <__mulsf3+0x16e>
     56e:	ca 01       	movw	r24, r20
     570:	81 70       	andi	r24, 0x01	; 1
     572:	90 70       	andi	r25, 0x00	; 0
     574:	89 2b       	or	r24, r25
     576:	61 f0       	breq	.+24     	; 0x590 <__mulsf3+0x162>
     578:	16 95       	lsr	r17
     57a:	07 95       	ror	r16
     57c:	f7 94       	ror	r15
     57e:	e7 94       	ror	r14
     580:	80 e0       	ldi	r24, 0x00	; 0
     582:	90 e0       	ldi	r25, 0x00	; 0
     584:	a0 e0       	ldi	r26, 0x00	; 0
     586:	b0 e8       	ldi	r27, 0x80	; 128
     588:	e8 2a       	or	r14, r24
     58a:	f9 2a       	or	r15, r25
     58c:	0a 2b       	or	r16, r26
     58e:	1b 2b       	or	r17, r27
     590:	76 95       	lsr	r23
     592:	67 95       	ror	r22
     594:	57 95       	ror	r21
     596:	47 95       	ror	r20
     598:	2f 5f       	subi	r18, 0xFF	; 255
     59a:	3f 4f       	sbci	r19, 0xFF	; 255
     59c:	77 fd       	sbrc	r23, 7
     59e:	e7 cf       	rjmp	.-50     	; 0x56e <__mulsf3+0x140>
     5a0:	0c c0       	rjmp	.+24     	; 0x5ba <__mulsf3+0x18c>
     5a2:	44 0f       	add	r20, r20
     5a4:	55 1f       	adc	r21, r21
     5a6:	66 1f       	adc	r22, r22
     5a8:	77 1f       	adc	r23, r23
     5aa:	17 fd       	sbrc	r17, 7
     5ac:	41 60       	ori	r20, 0x01	; 1
     5ae:	ee 0c       	add	r14, r14
     5b0:	ff 1c       	adc	r15, r15
     5b2:	00 1f       	adc	r16, r16
     5b4:	11 1f       	adc	r17, r17
     5b6:	21 50       	subi	r18, 0x01	; 1
     5b8:	30 40       	sbci	r19, 0x00	; 0
     5ba:	40 30       	cpi	r20, 0x00	; 0
     5bc:	90 e0       	ldi	r25, 0x00	; 0
     5be:	59 07       	cpc	r21, r25
     5c0:	90 e0       	ldi	r25, 0x00	; 0
     5c2:	69 07       	cpc	r22, r25
     5c4:	90 e4       	ldi	r25, 0x40	; 64
     5c6:	79 07       	cpc	r23, r25
     5c8:	60 f3       	brcs	.-40     	; 0x5a2 <__mulsf3+0x174>
     5ca:	2b 8f       	std	Y+27, r18	; 0x1b
     5cc:	3c 8f       	std	Y+28, r19	; 0x1c
     5ce:	db 01       	movw	r26, r22
     5d0:	ca 01       	movw	r24, r20
     5d2:	8f 77       	andi	r24, 0x7F	; 127
     5d4:	90 70       	andi	r25, 0x00	; 0
     5d6:	a0 70       	andi	r26, 0x00	; 0
     5d8:	b0 70       	andi	r27, 0x00	; 0
     5da:	80 34       	cpi	r24, 0x40	; 64
     5dc:	91 05       	cpc	r25, r1
     5de:	a1 05       	cpc	r26, r1
     5e0:	b1 05       	cpc	r27, r1
     5e2:	61 f4       	brne	.+24     	; 0x5fc <__mulsf3+0x1ce>
     5e4:	47 fd       	sbrc	r20, 7
     5e6:	0a c0       	rjmp	.+20     	; 0x5fc <__mulsf3+0x1ce>
     5e8:	e1 14       	cp	r14, r1
     5ea:	f1 04       	cpc	r15, r1
     5ec:	01 05       	cpc	r16, r1
     5ee:	11 05       	cpc	r17, r1
     5f0:	29 f0       	breq	.+10     	; 0x5fc <__mulsf3+0x1ce>
     5f2:	40 5c       	subi	r20, 0xC0	; 192
     5f4:	5f 4f       	sbci	r21, 0xFF	; 255
     5f6:	6f 4f       	sbci	r22, 0xFF	; 255
     5f8:	7f 4f       	sbci	r23, 0xFF	; 255
     5fa:	40 78       	andi	r20, 0x80	; 128
     5fc:	1a 8e       	std	Y+26, r1	; 0x1a
     5fe:	fe 17       	cp	r31, r30
     600:	11 f0       	breq	.+4      	; 0x606 <__mulsf3+0x1d8>
     602:	81 e0       	ldi	r24, 0x01	; 1
     604:	8a 8f       	std	Y+26, r24	; 0x1a
     606:	4d 8f       	std	Y+29, r20	; 0x1d
     608:	5e 8f       	std	Y+30, r21	; 0x1e
     60a:	6f 8f       	std	Y+31, r22	; 0x1f
     60c:	78 a3       	std	Y+32, r23	; 0x20
     60e:	83 e0       	ldi	r24, 0x03	; 3
     610:	89 8f       	std	Y+25, r24	; 0x19
     612:	ce 01       	movw	r24, r28
     614:	49 96       	adiw	r24, 0x19	; 25
     616:	0e 94 f5 03 	call	0x7ea	; 0x7ea <__pack_f>
     61a:	a0 96       	adiw	r28, 0x20	; 32
     61c:	e2 e1       	ldi	r30, 0x12	; 18
     61e:	0c 94 91 0e 	jmp	0x1d22	; 0x1d22 <__epilogue_restores__>

00000622 <__gtsf2>:
     622:	a8 e1       	ldi	r26, 0x18	; 24
     624:	b0 e0       	ldi	r27, 0x00	; 0
     626:	e7 e1       	ldi	r30, 0x17	; 23
     628:	f3 e0       	ldi	r31, 0x03	; 3
     62a:	0c 94 81 0e 	jmp	0x1d02	; 0x1d02 <__prologue_saves__+0x18>
     62e:	69 83       	std	Y+1, r22	; 0x01
     630:	7a 83       	std	Y+2, r23	; 0x02
     632:	8b 83       	std	Y+3, r24	; 0x03
     634:	9c 83       	std	Y+4, r25	; 0x04
     636:	2d 83       	std	Y+5, r18	; 0x05
     638:	3e 83       	std	Y+6, r19	; 0x06
     63a:	4f 83       	std	Y+7, r20	; 0x07
     63c:	58 87       	std	Y+8, r21	; 0x08
     63e:	89 e0       	ldi	r24, 0x09	; 9
     640:	e8 2e       	mov	r14, r24
     642:	f1 2c       	mov	r15, r1
     644:	ec 0e       	add	r14, r28
     646:	fd 1e       	adc	r15, r29
     648:	ce 01       	movw	r24, r28
     64a:	01 96       	adiw	r24, 0x01	; 1
     64c:	b7 01       	movw	r22, r14
     64e:	0e 94 ca 04 	call	0x994	; 0x994 <__unpack_f>
     652:	8e 01       	movw	r16, r28
     654:	0f 5e       	subi	r16, 0xEF	; 239
     656:	1f 4f       	sbci	r17, 0xFF	; 255
     658:	ce 01       	movw	r24, r28
     65a:	05 96       	adiw	r24, 0x05	; 5
     65c:	b8 01       	movw	r22, r16
     65e:	0e 94 ca 04 	call	0x994	; 0x994 <__unpack_f>
     662:	89 85       	ldd	r24, Y+9	; 0x09
     664:	82 30       	cpi	r24, 0x02	; 2
     666:	40 f0       	brcs	.+16     	; 0x678 <__gtsf2+0x56>
     668:	89 89       	ldd	r24, Y+17	; 0x11
     66a:	82 30       	cpi	r24, 0x02	; 2
     66c:	28 f0       	brcs	.+10     	; 0x678 <__gtsf2+0x56>
     66e:	c7 01       	movw	r24, r14
     670:	b8 01       	movw	r22, r16
     672:	0e 94 42 05 	call	0xa84	; 0xa84 <__fpcmp_parts_f>
     676:	01 c0       	rjmp	.+2      	; 0x67a <__gtsf2+0x58>
     678:	8f ef       	ldi	r24, 0xFF	; 255
     67a:	68 96       	adiw	r28, 0x18	; 24
     67c:	e6 e0       	ldi	r30, 0x06	; 6
     67e:	0c 94 9d 0e 	jmp	0x1d3a	; 0x1d3a <__epilogue_restores__+0x18>

00000682 <__gesf2>:
     682:	a8 e1       	ldi	r26, 0x18	; 24
     684:	b0 e0       	ldi	r27, 0x00	; 0
     686:	e7 e4       	ldi	r30, 0x47	; 71
     688:	f3 e0       	ldi	r31, 0x03	; 3
     68a:	0c 94 81 0e 	jmp	0x1d02	; 0x1d02 <__prologue_saves__+0x18>
     68e:	69 83       	std	Y+1, r22	; 0x01
     690:	7a 83       	std	Y+2, r23	; 0x02
     692:	8b 83       	std	Y+3, r24	; 0x03
     694:	9c 83       	std	Y+4, r25	; 0x04
     696:	2d 83       	std	Y+5, r18	; 0x05
     698:	3e 83       	std	Y+6, r19	; 0x06
     69a:	4f 83       	std	Y+7, r20	; 0x07
     69c:	58 87       	std	Y+8, r21	; 0x08
     69e:	89 e0       	ldi	r24, 0x09	; 9
     6a0:	e8 2e       	mov	r14, r24
     6a2:	f1 2c       	mov	r15, r1
     6a4:	ec 0e       	add	r14, r28
     6a6:	fd 1e       	adc	r15, r29
     6a8:	ce 01       	movw	r24, r28
     6aa:	01 96       	adiw	r24, 0x01	; 1
     6ac:	b7 01       	movw	r22, r14
     6ae:	0e 94 ca 04 	call	0x994	; 0x994 <__unpack_f>
     6b2:	8e 01       	movw	r16, r28
     6b4:	0f 5e       	subi	r16, 0xEF	; 239
     6b6:	1f 4f       	sbci	r17, 0xFF	; 255
     6b8:	ce 01       	movw	r24, r28
     6ba:	05 96       	adiw	r24, 0x05	; 5
     6bc:	b8 01       	movw	r22, r16
     6be:	0e 94 ca 04 	call	0x994	; 0x994 <__unpack_f>
     6c2:	89 85       	ldd	r24, Y+9	; 0x09
     6c4:	82 30       	cpi	r24, 0x02	; 2
     6c6:	40 f0       	brcs	.+16     	; 0x6d8 <__gesf2+0x56>
     6c8:	89 89       	ldd	r24, Y+17	; 0x11
     6ca:	82 30       	cpi	r24, 0x02	; 2
     6cc:	28 f0       	brcs	.+10     	; 0x6d8 <__gesf2+0x56>
     6ce:	c7 01       	movw	r24, r14
     6d0:	b8 01       	movw	r22, r16
     6d2:	0e 94 42 05 	call	0xa84	; 0xa84 <__fpcmp_parts_f>
     6d6:	01 c0       	rjmp	.+2      	; 0x6da <__gesf2+0x58>
     6d8:	8f ef       	ldi	r24, 0xFF	; 255
     6da:	68 96       	adiw	r28, 0x18	; 24
     6dc:	e6 e0       	ldi	r30, 0x06	; 6
     6de:	0c 94 9d 0e 	jmp	0x1d3a	; 0x1d3a <__epilogue_restores__+0x18>

000006e2 <__ltsf2>:
     6e2:	a8 e1       	ldi	r26, 0x18	; 24
     6e4:	b0 e0       	ldi	r27, 0x00	; 0
     6e6:	e7 e7       	ldi	r30, 0x77	; 119
     6e8:	f3 e0       	ldi	r31, 0x03	; 3
     6ea:	0c 94 81 0e 	jmp	0x1d02	; 0x1d02 <__prologue_saves__+0x18>
     6ee:	69 83       	std	Y+1, r22	; 0x01
     6f0:	7a 83       	std	Y+2, r23	; 0x02
     6f2:	8b 83       	std	Y+3, r24	; 0x03
     6f4:	9c 83       	std	Y+4, r25	; 0x04
     6f6:	2d 83       	std	Y+5, r18	; 0x05
     6f8:	3e 83       	std	Y+6, r19	; 0x06
     6fa:	4f 83       	std	Y+7, r20	; 0x07
     6fc:	58 87       	std	Y+8, r21	; 0x08
     6fe:	89 e0       	ldi	r24, 0x09	; 9
     700:	e8 2e       	mov	r14, r24
     702:	f1 2c       	mov	r15, r1
     704:	ec 0e       	add	r14, r28
     706:	fd 1e       	adc	r15, r29
     708:	ce 01       	movw	r24, r28
     70a:	01 96       	adiw	r24, 0x01	; 1
     70c:	b7 01       	movw	r22, r14
     70e:	0e 94 ca 04 	call	0x994	; 0x994 <__unpack_f>
     712:	8e 01       	movw	r16, r28
     714:	0f 5e       	subi	r16, 0xEF	; 239
     716:	1f 4f       	sbci	r17, 0xFF	; 255
     718:	ce 01       	movw	r24, r28
     71a:	05 96       	adiw	r24, 0x05	; 5
     71c:	b8 01       	movw	r22, r16
     71e:	0e 94 ca 04 	call	0x994	; 0x994 <__unpack_f>
     722:	89 85       	ldd	r24, Y+9	; 0x09
     724:	82 30       	cpi	r24, 0x02	; 2
     726:	40 f0       	brcs	.+16     	; 0x738 <__ltsf2+0x56>
     728:	89 89       	ldd	r24, Y+17	; 0x11
     72a:	82 30       	cpi	r24, 0x02	; 2
     72c:	28 f0       	brcs	.+10     	; 0x738 <__ltsf2+0x56>
     72e:	c7 01       	movw	r24, r14
     730:	b8 01       	movw	r22, r16
     732:	0e 94 42 05 	call	0xa84	; 0xa84 <__fpcmp_parts_f>
     736:	01 c0       	rjmp	.+2      	; 0x73a <__ltsf2+0x58>
     738:	81 e0       	ldi	r24, 0x01	; 1
     73a:	68 96       	adiw	r28, 0x18	; 24
     73c:	e6 e0       	ldi	r30, 0x06	; 6
     73e:	0c 94 9d 0e 	jmp	0x1d3a	; 0x1d3a <__epilogue_restores__+0x18>

00000742 <__fixsfsi>:
     742:	ac e0       	ldi	r26, 0x0C	; 12
     744:	b0 e0       	ldi	r27, 0x00	; 0
     746:	e7 ea       	ldi	r30, 0xA7	; 167
     748:	f3 e0       	ldi	r31, 0x03	; 3
     74a:	0c 94 85 0e 	jmp	0x1d0a	; 0x1d0a <__prologue_saves__+0x20>
     74e:	69 83       	std	Y+1, r22	; 0x01
     750:	7a 83       	std	Y+2, r23	; 0x02
     752:	8b 83       	std	Y+3, r24	; 0x03
     754:	9c 83       	std	Y+4, r25	; 0x04
     756:	ce 01       	movw	r24, r28
     758:	01 96       	adiw	r24, 0x01	; 1
     75a:	be 01       	movw	r22, r28
     75c:	6b 5f       	subi	r22, 0xFB	; 251
     75e:	7f 4f       	sbci	r23, 0xFF	; 255
     760:	0e 94 ca 04 	call	0x994	; 0x994 <__unpack_f>
     764:	8d 81       	ldd	r24, Y+5	; 0x05
     766:	82 30       	cpi	r24, 0x02	; 2
     768:	61 f1       	breq	.+88     	; 0x7c2 <__fixsfsi+0x80>
     76a:	82 30       	cpi	r24, 0x02	; 2
     76c:	50 f1       	brcs	.+84     	; 0x7c2 <__fixsfsi+0x80>
     76e:	84 30       	cpi	r24, 0x04	; 4
     770:	21 f4       	brne	.+8      	; 0x77a <__fixsfsi+0x38>
     772:	8e 81       	ldd	r24, Y+6	; 0x06
     774:	88 23       	and	r24, r24
     776:	51 f1       	breq	.+84     	; 0x7cc <__fixsfsi+0x8a>
     778:	2e c0       	rjmp	.+92     	; 0x7d6 <__fixsfsi+0x94>
     77a:	2f 81       	ldd	r18, Y+7	; 0x07
     77c:	38 85       	ldd	r19, Y+8	; 0x08
     77e:	37 fd       	sbrc	r19, 7
     780:	20 c0       	rjmp	.+64     	; 0x7c2 <__fixsfsi+0x80>
     782:	6e 81       	ldd	r22, Y+6	; 0x06
     784:	2f 31       	cpi	r18, 0x1F	; 31
     786:	31 05       	cpc	r19, r1
     788:	1c f0       	brlt	.+6      	; 0x790 <__fixsfsi+0x4e>
     78a:	66 23       	and	r22, r22
     78c:	f9 f0       	breq	.+62     	; 0x7cc <__fixsfsi+0x8a>
     78e:	23 c0       	rjmp	.+70     	; 0x7d6 <__fixsfsi+0x94>
     790:	8e e1       	ldi	r24, 0x1E	; 30
     792:	90 e0       	ldi	r25, 0x00	; 0
     794:	82 1b       	sub	r24, r18
     796:	93 0b       	sbc	r25, r19
     798:	29 85       	ldd	r18, Y+9	; 0x09
     79a:	3a 85       	ldd	r19, Y+10	; 0x0a
     79c:	4b 85       	ldd	r20, Y+11	; 0x0b
     79e:	5c 85       	ldd	r21, Y+12	; 0x0c
     7a0:	04 c0       	rjmp	.+8      	; 0x7aa <__fixsfsi+0x68>
     7a2:	56 95       	lsr	r21
     7a4:	47 95       	ror	r20
     7a6:	37 95       	ror	r19
     7a8:	27 95       	ror	r18
     7aa:	8a 95       	dec	r24
     7ac:	d2 f7       	brpl	.-12     	; 0x7a2 <__fixsfsi+0x60>
     7ae:	66 23       	and	r22, r22
     7b0:	b1 f0       	breq	.+44     	; 0x7de <__fixsfsi+0x9c>
     7b2:	50 95       	com	r21
     7b4:	40 95       	com	r20
     7b6:	30 95       	com	r19
     7b8:	21 95       	neg	r18
     7ba:	3f 4f       	sbci	r19, 0xFF	; 255
     7bc:	4f 4f       	sbci	r20, 0xFF	; 255
     7be:	5f 4f       	sbci	r21, 0xFF	; 255
     7c0:	0e c0       	rjmp	.+28     	; 0x7de <__fixsfsi+0x9c>
     7c2:	20 e0       	ldi	r18, 0x00	; 0
     7c4:	30 e0       	ldi	r19, 0x00	; 0
     7c6:	40 e0       	ldi	r20, 0x00	; 0
     7c8:	50 e0       	ldi	r21, 0x00	; 0
     7ca:	09 c0       	rjmp	.+18     	; 0x7de <__fixsfsi+0x9c>
     7cc:	2f ef       	ldi	r18, 0xFF	; 255
     7ce:	3f ef       	ldi	r19, 0xFF	; 255
     7d0:	4f ef       	ldi	r20, 0xFF	; 255
     7d2:	5f e7       	ldi	r21, 0x7F	; 127
     7d4:	04 c0       	rjmp	.+8      	; 0x7de <__fixsfsi+0x9c>
     7d6:	20 e0       	ldi	r18, 0x00	; 0
     7d8:	30 e0       	ldi	r19, 0x00	; 0
     7da:	40 e0       	ldi	r20, 0x00	; 0
     7dc:	50 e8       	ldi	r21, 0x80	; 128
     7de:	b9 01       	movw	r22, r18
     7e0:	ca 01       	movw	r24, r20
     7e2:	2c 96       	adiw	r28, 0x0c	; 12
     7e4:	e2 e0       	ldi	r30, 0x02	; 2
     7e6:	0c 94 a1 0e 	jmp	0x1d42	; 0x1d42 <__epilogue_restores__+0x20>

000007ea <__pack_f>:
     7ea:	df 92       	push	r13
     7ec:	ef 92       	push	r14
     7ee:	ff 92       	push	r15
     7f0:	0f 93       	push	r16
     7f2:	1f 93       	push	r17
     7f4:	fc 01       	movw	r30, r24
     7f6:	e4 80       	ldd	r14, Z+4	; 0x04
     7f8:	f5 80       	ldd	r15, Z+5	; 0x05
     7fa:	06 81       	ldd	r16, Z+6	; 0x06
     7fc:	17 81       	ldd	r17, Z+7	; 0x07
     7fe:	d1 80       	ldd	r13, Z+1	; 0x01
     800:	80 81       	ld	r24, Z
     802:	82 30       	cpi	r24, 0x02	; 2
     804:	48 f4       	brcc	.+18     	; 0x818 <__pack_f+0x2e>
     806:	80 e0       	ldi	r24, 0x00	; 0
     808:	90 e0       	ldi	r25, 0x00	; 0
     80a:	a0 e1       	ldi	r26, 0x10	; 16
     80c:	b0 e0       	ldi	r27, 0x00	; 0
     80e:	e8 2a       	or	r14, r24
     810:	f9 2a       	or	r15, r25
     812:	0a 2b       	or	r16, r26
     814:	1b 2b       	or	r17, r27
     816:	a5 c0       	rjmp	.+330    	; 0x962 <__stack+0x103>
     818:	84 30       	cpi	r24, 0x04	; 4
     81a:	09 f4       	brne	.+2      	; 0x81e <__pack_f+0x34>
     81c:	9f c0       	rjmp	.+318    	; 0x95c <__stack+0xfd>
     81e:	82 30       	cpi	r24, 0x02	; 2
     820:	21 f4       	brne	.+8      	; 0x82a <__pack_f+0x40>
     822:	ee 24       	eor	r14, r14
     824:	ff 24       	eor	r15, r15
     826:	87 01       	movw	r16, r14
     828:	05 c0       	rjmp	.+10     	; 0x834 <__pack_f+0x4a>
     82a:	e1 14       	cp	r14, r1
     82c:	f1 04       	cpc	r15, r1
     82e:	01 05       	cpc	r16, r1
     830:	11 05       	cpc	r17, r1
     832:	19 f4       	brne	.+6      	; 0x83a <__pack_f+0x50>
     834:	e0 e0       	ldi	r30, 0x00	; 0
     836:	f0 e0       	ldi	r31, 0x00	; 0
     838:	96 c0       	rjmp	.+300    	; 0x966 <__stack+0x107>
     83a:	62 81       	ldd	r22, Z+2	; 0x02
     83c:	73 81       	ldd	r23, Z+3	; 0x03
     83e:	9f ef       	ldi	r25, 0xFF	; 255
     840:	62 38       	cpi	r22, 0x82	; 130
     842:	79 07       	cpc	r23, r25
     844:	0c f0       	brlt	.+2      	; 0x848 <__pack_f+0x5e>
     846:	5b c0       	rjmp	.+182    	; 0x8fe <__stack+0x9f>
     848:	22 e8       	ldi	r18, 0x82	; 130
     84a:	3f ef       	ldi	r19, 0xFF	; 255
     84c:	26 1b       	sub	r18, r22
     84e:	37 0b       	sbc	r19, r23
     850:	2a 31       	cpi	r18, 0x1A	; 26
     852:	31 05       	cpc	r19, r1
     854:	2c f0       	brlt	.+10     	; 0x860 <__stack+0x1>
     856:	20 e0       	ldi	r18, 0x00	; 0
     858:	30 e0       	ldi	r19, 0x00	; 0
     85a:	40 e0       	ldi	r20, 0x00	; 0
     85c:	50 e0       	ldi	r21, 0x00	; 0
     85e:	2a c0       	rjmp	.+84     	; 0x8b4 <__stack+0x55>
     860:	b8 01       	movw	r22, r16
     862:	a7 01       	movw	r20, r14
     864:	02 2e       	mov	r0, r18
     866:	04 c0       	rjmp	.+8      	; 0x870 <__stack+0x11>
     868:	76 95       	lsr	r23
     86a:	67 95       	ror	r22
     86c:	57 95       	ror	r21
     86e:	47 95       	ror	r20
     870:	0a 94       	dec	r0
     872:	d2 f7       	brpl	.-12     	; 0x868 <__stack+0x9>
     874:	81 e0       	ldi	r24, 0x01	; 1
     876:	90 e0       	ldi	r25, 0x00	; 0
     878:	a0 e0       	ldi	r26, 0x00	; 0
     87a:	b0 e0       	ldi	r27, 0x00	; 0
     87c:	04 c0       	rjmp	.+8      	; 0x886 <__stack+0x27>
     87e:	88 0f       	add	r24, r24
     880:	99 1f       	adc	r25, r25
     882:	aa 1f       	adc	r26, r26
     884:	bb 1f       	adc	r27, r27
     886:	2a 95       	dec	r18
     888:	d2 f7       	brpl	.-12     	; 0x87e <__stack+0x1f>
     88a:	01 97       	sbiw	r24, 0x01	; 1
     88c:	a1 09       	sbc	r26, r1
     88e:	b1 09       	sbc	r27, r1
     890:	8e 21       	and	r24, r14
     892:	9f 21       	and	r25, r15
     894:	a0 23       	and	r26, r16
     896:	b1 23       	and	r27, r17
     898:	00 97       	sbiw	r24, 0x00	; 0
     89a:	a1 05       	cpc	r26, r1
     89c:	b1 05       	cpc	r27, r1
     89e:	21 f0       	breq	.+8      	; 0x8a8 <__stack+0x49>
     8a0:	81 e0       	ldi	r24, 0x01	; 1
     8a2:	90 e0       	ldi	r25, 0x00	; 0
     8a4:	a0 e0       	ldi	r26, 0x00	; 0
     8a6:	b0 e0       	ldi	r27, 0x00	; 0
     8a8:	9a 01       	movw	r18, r20
     8aa:	ab 01       	movw	r20, r22
     8ac:	28 2b       	or	r18, r24
     8ae:	39 2b       	or	r19, r25
     8b0:	4a 2b       	or	r20, r26
     8b2:	5b 2b       	or	r21, r27
     8b4:	da 01       	movw	r26, r20
     8b6:	c9 01       	movw	r24, r18
     8b8:	8f 77       	andi	r24, 0x7F	; 127
     8ba:	90 70       	andi	r25, 0x00	; 0
     8bc:	a0 70       	andi	r26, 0x00	; 0
     8be:	b0 70       	andi	r27, 0x00	; 0
     8c0:	80 34       	cpi	r24, 0x40	; 64
     8c2:	91 05       	cpc	r25, r1
     8c4:	a1 05       	cpc	r26, r1
     8c6:	b1 05       	cpc	r27, r1
     8c8:	39 f4       	brne	.+14     	; 0x8d8 <__stack+0x79>
     8ca:	27 ff       	sbrs	r18, 7
     8cc:	09 c0       	rjmp	.+18     	; 0x8e0 <__stack+0x81>
     8ce:	20 5c       	subi	r18, 0xC0	; 192
     8d0:	3f 4f       	sbci	r19, 0xFF	; 255
     8d2:	4f 4f       	sbci	r20, 0xFF	; 255
     8d4:	5f 4f       	sbci	r21, 0xFF	; 255
     8d6:	04 c0       	rjmp	.+8      	; 0x8e0 <__stack+0x81>
     8d8:	21 5c       	subi	r18, 0xC1	; 193
     8da:	3f 4f       	sbci	r19, 0xFF	; 255
     8dc:	4f 4f       	sbci	r20, 0xFF	; 255
     8de:	5f 4f       	sbci	r21, 0xFF	; 255
     8e0:	e0 e0       	ldi	r30, 0x00	; 0
     8e2:	f0 e0       	ldi	r31, 0x00	; 0
     8e4:	20 30       	cpi	r18, 0x00	; 0
     8e6:	a0 e0       	ldi	r26, 0x00	; 0
     8e8:	3a 07       	cpc	r19, r26
     8ea:	a0 e0       	ldi	r26, 0x00	; 0
     8ec:	4a 07       	cpc	r20, r26
     8ee:	a0 e4       	ldi	r26, 0x40	; 64
     8f0:	5a 07       	cpc	r21, r26
     8f2:	10 f0       	brcs	.+4      	; 0x8f8 <__stack+0x99>
     8f4:	e1 e0       	ldi	r30, 0x01	; 1
     8f6:	f0 e0       	ldi	r31, 0x00	; 0
     8f8:	79 01       	movw	r14, r18
     8fa:	8a 01       	movw	r16, r20
     8fc:	27 c0       	rjmp	.+78     	; 0x94c <__stack+0xed>
     8fe:	60 38       	cpi	r22, 0x80	; 128
     900:	71 05       	cpc	r23, r1
     902:	64 f5       	brge	.+88     	; 0x95c <__stack+0xfd>
     904:	fb 01       	movw	r30, r22
     906:	e1 58       	subi	r30, 0x81	; 129
     908:	ff 4f       	sbci	r31, 0xFF	; 255
     90a:	d8 01       	movw	r26, r16
     90c:	c7 01       	movw	r24, r14
     90e:	8f 77       	andi	r24, 0x7F	; 127
     910:	90 70       	andi	r25, 0x00	; 0
     912:	a0 70       	andi	r26, 0x00	; 0
     914:	b0 70       	andi	r27, 0x00	; 0
     916:	80 34       	cpi	r24, 0x40	; 64
     918:	91 05       	cpc	r25, r1
     91a:	a1 05       	cpc	r26, r1
     91c:	b1 05       	cpc	r27, r1
     91e:	39 f4       	brne	.+14     	; 0x92e <__stack+0xcf>
     920:	e7 fe       	sbrs	r14, 7
     922:	0d c0       	rjmp	.+26     	; 0x93e <__stack+0xdf>
     924:	80 e4       	ldi	r24, 0x40	; 64
     926:	90 e0       	ldi	r25, 0x00	; 0
     928:	a0 e0       	ldi	r26, 0x00	; 0
     92a:	b0 e0       	ldi	r27, 0x00	; 0
     92c:	04 c0       	rjmp	.+8      	; 0x936 <__stack+0xd7>
     92e:	8f e3       	ldi	r24, 0x3F	; 63
     930:	90 e0       	ldi	r25, 0x00	; 0
     932:	a0 e0       	ldi	r26, 0x00	; 0
     934:	b0 e0       	ldi	r27, 0x00	; 0
     936:	e8 0e       	add	r14, r24
     938:	f9 1e       	adc	r15, r25
     93a:	0a 1f       	adc	r16, r26
     93c:	1b 1f       	adc	r17, r27
     93e:	17 ff       	sbrs	r17, 7
     940:	05 c0       	rjmp	.+10     	; 0x94c <__stack+0xed>
     942:	16 95       	lsr	r17
     944:	07 95       	ror	r16
     946:	f7 94       	ror	r15
     948:	e7 94       	ror	r14
     94a:	31 96       	adiw	r30, 0x01	; 1
     94c:	87 e0       	ldi	r24, 0x07	; 7
     94e:	16 95       	lsr	r17
     950:	07 95       	ror	r16
     952:	f7 94       	ror	r15
     954:	e7 94       	ror	r14
     956:	8a 95       	dec	r24
     958:	d1 f7       	brne	.-12     	; 0x94e <__stack+0xef>
     95a:	05 c0       	rjmp	.+10     	; 0x966 <__stack+0x107>
     95c:	ee 24       	eor	r14, r14
     95e:	ff 24       	eor	r15, r15
     960:	87 01       	movw	r16, r14
     962:	ef ef       	ldi	r30, 0xFF	; 255
     964:	f0 e0       	ldi	r31, 0x00	; 0
     966:	6e 2f       	mov	r22, r30
     968:	67 95       	ror	r22
     96a:	66 27       	eor	r22, r22
     96c:	67 95       	ror	r22
     96e:	90 2f       	mov	r25, r16
     970:	9f 77       	andi	r25, 0x7F	; 127
     972:	d7 94       	ror	r13
     974:	dd 24       	eor	r13, r13
     976:	d7 94       	ror	r13
     978:	8e 2f       	mov	r24, r30
     97a:	86 95       	lsr	r24
     97c:	49 2f       	mov	r20, r25
     97e:	46 2b       	or	r20, r22
     980:	58 2f       	mov	r21, r24
     982:	5d 29       	or	r21, r13
     984:	b7 01       	movw	r22, r14
     986:	ca 01       	movw	r24, r20
     988:	1f 91       	pop	r17
     98a:	0f 91       	pop	r16
     98c:	ff 90       	pop	r15
     98e:	ef 90       	pop	r14
     990:	df 90       	pop	r13
     992:	08 95       	ret

00000994 <__unpack_f>:
     994:	fc 01       	movw	r30, r24
     996:	db 01       	movw	r26, r22
     998:	40 81       	ld	r20, Z
     99a:	51 81       	ldd	r21, Z+1	; 0x01
     99c:	22 81       	ldd	r18, Z+2	; 0x02
     99e:	62 2f       	mov	r22, r18
     9a0:	6f 77       	andi	r22, 0x7F	; 127
     9a2:	70 e0       	ldi	r23, 0x00	; 0
     9a4:	22 1f       	adc	r18, r18
     9a6:	22 27       	eor	r18, r18
     9a8:	22 1f       	adc	r18, r18
     9aa:	93 81       	ldd	r25, Z+3	; 0x03
     9ac:	89 2f       	mov	r24, r25
     9ae:	88 0f       	add	r24, r24
     9b0:	82 2b       	or	r24, r18
     9b2:	28 2f       	mov	r18, r24
     9b4:	30 e0       	ldi	r19, 0x00	; 0
     9b6:	99 1f       	adc	r25, r25
     9b8:	99 27       	eor	r25, r25
     9ba:	99 1f       	adc	r25, r25
     9bc:	11 96       	adiw	r26, 0x01	; 1
     9be:	9c 93       	st	X, r25
     9c0:	11 97       	sbiw	r26, 0x01	; 1
     9c2:	21 15       	cp	r18, r1
     9c4:	31 05       	cpc	r19, r1
     9c6:	a9 f5       	brne	.+106    	; 0xa32 <__unpack_f+0x9e>
     9c8:	41 15       	cp	r20, r1
     9ca:	51 05       	cpc	r21, r1
     9cc:	61 05       	cpc	r22, r1
     9ce:	71 05       	cpc	r23, r1
     9d0:	11 f4       	brne	.+4      	; 0x9d6 <__unpack_f+0x42>
     9d2:	82 e0       	ldi	r24, 0x02	; 2
     9d4:	37 c0       	rjmp	.+110    	; 0xa44 <__unpack_f+0xb0>
     9d6:	82 e8       	ldi	r24, 0x82	; 130
     9d8:	9f ef       	ldi	r25, 0xFF	; 255
     9da:	13 96       	adiw	r26, 0x03	; 3
     9dc:	9c 93       	st	X, r25
     9de:	8e 93       	st	-X, r24
     9e0:	12 97       	sbiw	r26, 0x02	; 2
     9e2:	9a 01       	movw	r18, r20
     9e4:	ab 01       	movw	r20, r22
     9e6:	67 e0       	ldi	r22, 0x07	; 7
     9e8:	22 0f       	add	r18, r18
     9ea:	33 1f       	adc	r19, r19
     9ec:	44 1f       	adc	r20, r20
     9ee:	55 1f       	adc	r21, r21
     9f0:	6a 95       	dec	r22
     9f2:	d1 f7       	brne	.-12     	; 0x9e8 <__unpack_f+0x54>
     9f4:	83 e0       	ldi	r24, 0x03	; 3
     9f6:	8c 93       	st	X, r24
     9f8:	0d c0       	rjmp	.+26     	; 0xa14 <__unpack_f+0x80>
     9fa:	22 0f       	add	r18, r18
     9fc:	33 1f       	adc	r19, r19
     9fe:	44 1f       	adc	r20, r20
     a00:	55 1f       	adc	r21, r21
     a02:	12 96       	adiw	r26, 0x02	; 2
     a04:	8d 91       	ld	r24, X+
     a06:	9c 91       	ld	r25, X
     a08:	13 97       	sbiw	r26, 0x03	; 3
     a0a:	01 97       	sbiw	r24, 0x01	; 1
     a0c:	13 96       	adiw	r26, 0x03	; 3
     a0e:	9c 93       	st	X, r25
     a10:	8e 93       	st	-X, r24
     a12:	12 97       	sbiw	r26, 0x02	; 2
     a14:	20 30       	cpi	r18, 0x00	; 0
     a16:	80 e0       	ldi	r24, 0x00	; 0
     a18:	38 07       	cpc	r19, r24
     a1a:	80 e0       	ldi	r24, 0x00	; 0
     a1c:	48 07       	cpc	r20, r24
     a1e:	80 e4       	ldi	r24, 0x40	; 64
     a20:	58 07       	cpc	r21, r24
     a22:	58 f3       	brcs	.-42     	; 0x9fa <__unpack_f+0x66>
     a24:	14 96       	adiw	r26, 0x04	; 4
     a26:	2d 93       	st	X+, r18
     a28:	3d 93       	st	X+, r19
     a2a:	4d 93       	st	X+, r20
     a2c:	5c 93       	st	X, r21
     a2e:	17 97       	sbiw	r26, 0x07	; 7
     a30:	08 95       	ret
     a32:	2f 3f       	cpi	r18, 0xFF	; 255
     a34:	31 05       	cpc	r19, r1
     a36:	79 f4       	brne	.+30     	; 0xa56 <__unpack_f+0xc2>
     a38:	41 15       	cp	r20, r1
     a3a:	51 05       	cpc	r21, r1
     a3c:	61 05       	cpc	r22, r1
     a3e:	71 05       	cpc	r23, r1
     a40:	19 f4       	brne	.+6      	; 0xa48 <__unpack_f+0xb4>
     a42:	84 e0       	ldi	r24, 0x04	; 4
     a44:	8c 93       	st	X, r24
     a46:	08 95       	ret
     a48:	64 ff       	sbrs	r22, 4
     a4a:	03 c0       	rjmp	.+6      	; 0xa52 <__unpack_f+0xbe>
     a4c:	81 e0       	ldi	r24, 0x01	; 1
     a4e:	8c 93       	st	X, r24
     a50:	12 c0       	rjmp	.+36     	; 0xa76 <__unpack_f+0xe2>
     a52:	1c 92       	st	X, r1
     a54:	10 c0       	rjmp	.+32     	; 0xa76 <__unpack_f+0xe2>
     a56:	2f 57       	subi	r18, 0x7F	; 127
     a58:	30 40       	sbci	r19, 0x00	; 0
     a5a:	13 96       	adiw	r26, 0x03	; 3
     a5c:	3c 93       	st	X, r19
     a5e:	2e 93       	st	-X, r18
     a60:	12 97       	sbiw	r26, 0x02	; 2
     a62:	83 e0       	ldi	r24, 0x03	; 3
     a64:	8c 93       	st	X, r24
     a66:	87 e0       	ldi	r24, 0x07	; 7
     a68:	44 0f       	add	r20, r20
     a6a:	55 1f       	adc	r21, r21
     a6c:	66 1f       	adc	r22, r22
     a6e:	77 1f       	adc	r23, r23
     a70:	8a 95       	dec	r24
     a72:	d1 f7       	brne	.-12     	; 0xa68 <__unpack_f+0xd4>
     a74:	70 64       	ori	r23, 0x40	; 64
     a76:	14 96       	adiw	r26, 0x04	; 4
     a78:	4d 93       	st	X+, r20
     a7a:	5d 93       	st	X+, r21
     a7c:	6d 93       	st	X+, r22
     a7e:	7c 93       	st	X, r23
     a80:	17 97       	sbiw	r26, 0x07	; 7
     a82:	08 95       	ret

00000a84 <__fpcmp_parts_f>:
     a84:	1f 93       	push	r17
     a86:	dc 01       	movw	r26, r24
     a88:	fb 01       	movw	r30, r22
     a8a:	9c 91       	ld	r25, X
     a8c:	92 30       	cpi	r25, 0x02	; 2
     a8e:	08 f4       	brcc	.+2      	; 0xa92 <__fpcmp_parts_f+0xe>
     a90:	47 c0       	rjmp	.+142    	; 0xb20 <__fpcmp_parts_f+0x9c>
     a92:	80 81       	ld	r24, Z
     a94:	82 30       	cpi	r24, 0x02	; 2
     a96:	08 f4       	brcc	.+2      	; 0xa9a <__fpcmp_parts_f+0x16>
     a98:	43 c0       	rjmp	.+134    	; 0xb20 <__fpcmp_parts_f+0x9c>
     a9a:	94 30       	cpi	r25, 0x04	; 4
     a9c:	51 f4       	brne	.+20     	; 0xab2 <__fpcmp_parts_f+0x2e>
     a9e:	11 96       	adiw	r26, 0x01	; 1
     aa0:	1c 91       	ld	r17, X
     aa2:	84 30       	cpi	r24, 0x04	; 4
     aa4:	99 f5       	brne	.+102    	; 0xb0c <__fpcmp_parts_f+0x88>
     aa6:	81 81       	ldd	r24, Z+1	; 0x01
     aa8:	68 2f       	mov	r22, r24
     aaa:	70 e0       	ldi	r23, 0x00	; 0
     aac:	61 1b       	sub	r22, r17
     aae:	71 09       	sbc	r23, r1
     ab0:	3f c0       	rjmp	.+126    	; 0xb30 <__fpcmp_parts_f+0xac>
     ab2:	84 30       	cpi	r24, 0x04	; 4
     ab4:	21 f0       	breq	.+8      	; 0xabe <__fpcmp_parts_f+0x3a>
     ab6:	92 30       	cpi	r25, 0x02	; 2
     ab8:	31 f4       	brne	.+12     	; 0xac6 <__fpcmp_parts_f+0x42>
     aba:	82 30       	cpi	r24, 0x02	; 2
     abc:	b9 f1       	breq	.+110    	; 0xb2c <__fpcmp_parts_f+0xa8>
     abe:	81 81       	ldd	r24, Z+1	; 0x01
     ac0:	88 23       	and	r24, r24
     ac2:	89 f1       	breq	.+98     	; 0xb26 <__fpcmp_parts_f+0xa2>
     ac4:	2d c0       	rjmp	.+90     	; 0xb20 <__fpcmp_parts_f+0x9c>
     ac6:	11 96       	adiw	r26, 0x01	; 1
     ac8:	1c 91       	ld	r17, X
     aca:	11 97       	sbiw	r26, 0x01	; 1
     acc:	82 30       	cpi	r24, 0x02	; 2
     ace:	f1 f0       	breq	.+60     	; 0xb0c <__fpcmp_parts_f+0x88>
     ad0:	81 81       	ldd	r24, Z+1	; 0x01
     ad2:	18 17       	cp	r17, r24
     ad4:	d9 f4       	brne	.+54     	; 0xb0c <__fpcmp_parts_f+0x88>
     ad6:	12 96       	adiw	r26, 0x02	; 2
     ad8:	2d 91       	ld	r18, X+
     ada:	3c 91       	ld	r19, X
     adc:	13 97       	sbiw	r26, 0x03	; 3
     ade:	82 81       	ldd	r24, Z+2	; 0x02
     ae0:	93 81       	ldd	r25, Z+3	; 0x03
     ae2:	82 17       	cp	r24, r18
     ae4:	93 07       	cpc	r25, r19
     ae6:	94 f0       	brlt	.+36     	; 0xb0c <__fpcmp_parts_f+0x88>
     ae8:	28 17       	cp	r18, r24
     aea:	39 07       	cpc	r19, r25
     aec:	bc f0       	brlt	.+46     	; 0xb1c <__fpcmp_parts_f+0x98>
     aee:	14 96       	adiw	r26, 0x04	; 4
     af0:	8d 91       	ld	r24, X+
     af2:	9d 91       	ld	r25, X+
     af4:	0d 90       	ld	r0, X+
     af6:	bc 91       	ld	r27, X
     af8:	a0 2d       	mov	r26, r0
     afa:	24 81       	ldd	r18, Z+4	; 0x04
     afc:	35 81       	ldd	r19, Z+5	; 0x05
     afe:	46 81       	ldd	r20, Z+6	; 0x06
     b00:	57 81       	ldd	r21, Z+7	; 0x07
     b02:	28 17       	cp	r18, r24
     b04:	39 07       	cpc	r19, r25
     b06:	4a 07       	cpc	r20, r26
     b08:	5b 07       	cpc	r21, r27
     b0a:	18 f4       	brcc	.+6      	; 0xb12 <__fpcmp_parts_f+0x8e>
     b0c:	11 23       	and	r17, r17
     b0e:	41 f0       	breq	.+16     	; 0xb20 <__fpcmp_parts_f+0x9c>
     b10:	0a c0       	rjmp	.+20     	; 0xb26 <__fpcmp_parts_f+0xa2>
     b12:	82 17       	cp	r24, r18
     b14:	93 07       	cpc	r25, r19
     b16:	a4 07       	cpc	r26, r20
     b18:	b5 07       	cpc	r27, r21
     b1a:	40 f4       	brcc	.+16     	; 0xb2c <__fpcmp_parts_f+0xa8>
     b1c:	11 23       	and	r17, r17
     b1e:	19 f0       	breq	.+6      	; 0xb26 <__fpcmp_parts_f+0xa2>
     b20:	61 e0       	ldi	r22, 0x01	; 1
     b22:	70 e0       	ldi	r23, 0x00	; 0
     b24:	05 c0       	rjmp	.+10     	; 0xb30 <__fpcmp_parts_f+0xac>
     b26:	6f ef       	ldi	r22, 0xFF	; 255
     b28:	7f ef       	ldi	r23, 0xFF	; 255
     b2a:	02 c0       	rjmp	.+4      	; 0xb30 <__fpcmp_parts_f+0xac>
     b2c:	60 e0       	ldi	r22, 0x00	; 0
     b2e:	70 e0       	ldi	r23, 0x00	; 0
     b30:	cb 01       	movw	r24, r22
     b32:	1f 91       	pop	r17
     b34:	08 95       	ret

00000b36 <BUZ_init>:
#include "DIO_interface.h"
#include "BUZ_interface.h"


void BUZ_init (BUZ_Type buz_config)
{
     b36:	df 93       	push	r29
     b38:	cf 93       	push	r28
     b3a:	00 d0       	rcall	.+0      	; 0xb3c <BUZ_init+0x6>
     b3c:	0f 92       	push	r0
     b3e:	cd b7       	in	r28, 0x3d	; 61
     b40:	de b7       	in	r29, 0x3e	; 62
     b42:	69 83       	std	Y+1, r22	; 0x01
     b44:	7a 83       	std	Y+2, r23	; 0x02
     b46:	8b 83       	std	Y+3, r24	; 0x03
	DIO_setpindirection(buz_config.port,buz_config.pin,DIO_pin_output);
     b48:	89 81       	ldd	r24, Y+1	; 0x01
     b4a:	9a 81       	ldd	r25, Y+2	; 0x02
     b4c:	69 2f       	mov	r22, r25
     b4e:	41 e0       	ldi	r20, 0x01	; 1
     b50:	0e 94 02 06 	call	0xc04	; 0xc04 <DIO_setpindirection>
}
     b54:	0f 90       	pop	r0
     b56:	0f 90       	pop	r0
     b58:	0f 90       	pop	r0
     b5a:	cf 91       	pop	r28
     b5c:	df 91       	pop	r29
     b5e:	08 95       	ret

00000b60 <BUZ_turnon>:


void BUZ_turnon (BUZ_Type buz_config){
     b60:	df 93       	push	r29
     b62:	cf 93       	push	r28
     b64:	00 d0       	rcall	.+0      	; 0xb66 <BUZ_turnon+0x6>
     b66:	0f 92       	push	r0
     b68:	cd b7       	in	r28, 0x3d	; 61
     b6a:	de b7       	in	r29, 0x3e	; 62
     b6c:	69 83       	std	Y+1, r22	; 0x01
     b6e:	7a 83       	std	Y+2, r23	; 0x02
     b70:	8b 83       	std	Y+3, r24	; 0x03
	if(buz_config.active_state==0){
     b72:	8b 81       	ldd	r24, Y+3	; 0x03
     b74:	88 23       	and	r24, r24
     b76:	39 f4       	brne	.+14     	; 0xb86 <BUZ_turnon+0x26>
		DIO_setpinvalue(buz_config.port,buz_config.pin,PIN_LOW);
     b78:	89 81       	ldd	r24, Y+1	; 0x01
     b7a:	9a 81       	ldd	r25, Y+2	; 0x02
     b7c:	69 2f       	mov	r22, r25
     b7e:	40 e0       	ldi	r20, 0x00	; 0
     b80:	0e 94 11 07 	call	0xe22	; 0xe22 <DIO_setpinvalue>
     b84:	06 c0       	rjmp	.+12     	; 0xb92 <BUZ_turnon+0x32>
	}
	else {
	DIO_setpinvalue(buz_config.port,buz_config.pin,PIN_HIGH);
     b86:	89 81       	ldd	r24, Y+1	; 0x01
     b88:	9a 81       	ldd	r25, Y+2	; 0x02
     b8a:	69 2f       	mov	r22, r25
     b8c:	41 e0       	ldi	r20, 0x01	; 1
     b8e:	0e 94 11 07 	call	0xe22	; 0xe22 <DIO_setpinvalue>
}
}
     b92:	0f 90       	pop	r0
     b94:	0f 90       	pop	r0
     b96:	0f 90       	pop	r0
     b98:	cf 91       	pop	r28
     b9a:	df 91       	pop	r29
     b9c:	08 95       	ret

00000b9e <BUZ_turnoff>:

void BUZ_turnoff (BUZ_Type buz_config)
{
     b9e:	df 93       	push	r29
     ba0:	cf 93       	push	r28
     ba2:	00 d0       	rcall	.+0      	; 0xba4 <BUZ_turnoff+0x6>
     ba4:	0f 92       	push	r0
     ba6:	cd b7       	in	r28, 0x3d	; 61
     ba8:	de b7       	in	r29, 0x3e	; 62
     baa:	69 83       	std	Y+1, r22	; 0x01
     bac:	7a 83       	std	Y+2, r23	; 0x02
     bae:	8b 83       	std	Y+3, r24	; 0x03
	if(buz_config.active_state==0){
     bb0:	8b 81       	ldd	r24, Y+3	; 0x03
     bb2:	88 23       	and	r24, r24
     bb4:	39 f4       	brne	.+14     	; 0xbc4 <BUZ_turnoff+0x26>
		DIO_setpinvalue(buz_config.port,buz_config.pin,PIN_HIGH);
     bb6:	89 81       	ldd	r24, Y+1	; 0x01
     bb8:	9a 81       	ldd	r25, Y+2	; 0x02
     bba:	69 2f       	mov	r22, r25
     bbc:	41 e0       	ldi	r20, 0x01	; 1
     bbe:	0e 94 11 07 	call	0xe22	; 0xe22 <DIO_setpinvalue>
     bc2:	06 c0       	rjmp	.+12     	; 0xbd0 <BUZ_turnoff+0x32>
	}else{
	DIO_setpinvalue(buz_config.port,buz_config.pin,PIN_LOW);
     bc4:	89 81       	ldd	r24, Y+1	; 0x01
     bc6:	9a 81       	ldd	r25, Y+2	; 0x02
     bc8:	69 2f       	mov	r22, r25
     bca:	40 e0       	ldi	r20, 0x00	; 0
     bcc:	0e 94 11 07 	call	0xe22	; 0xe22 <DIO_setpinvalue>
}
}
     bd0:	0f 90       	pop	r0
     bd2:	0f 90       	pop	r0
     bd4:	0f 90       	pop	r0
     bd6:	cf 91       	pop	r28
     bd8:	df 91       	pop	r29
     bda:	08 95       	ret

00000bdc <BUZ_toggel>:

void BUZ_toggel (BUZ_Type buz_config)
{
     bdc:	df 93       	push	r29
     bde:	cf 93       	push	r28
     be0:	00 d0       	rcall	.+0      	; 0xbe2 <BUZ_toggel+0x6>
     be2:	0f 92       	push	r0
     be4:	cd b7       	in	r28, 0x3d	; 61
     be6:	de b7       	in	r29, 0x3e	; 62
     be8:	69 83       	std	Y+1, r22	; 0x01
     bea:	7a 83       	std	Y+2, r23	; 0x02
     bec:	8b 83       	std	Y+3, r24	; 0x03
	DIO_togelpinvalue(buz_config.port,buz_config.pin);
     bee:	89 81       	ldd	r24, Y+1	; 0x01
     bf0:	9a 81       	ldd	r25, Y+2	; 0x02
     bf2:	69 2f       	mov	r22, r25
     bf4:	0e 94 e4 08 	call	0x11c8	; 0x11c8 <DIO_togelpinvalue>
}
     bf8:	0f 90       	pop	r0
     bfa:	0f 90       	pop	r0
     bfc:	0f 90       	pop	r0
     bfe:	cf 91       	pop	r28
     c00:	df 91       	pop	r29
     c02:	08 95       	ret

00000c04 <DIO_setpindirection>:
	return : its statues (DIO_Nok,DIO_ok)

*/	

DIO_errorstate DIO_setpindirection(u8 copy_port,u8 copy_pinnumber , u8 copy_pindirection )
{
     c04:	df 93       	push	r29
     c06:	cf 93       	push	r28
     c08:	cd b7       	in	r28, 0x3d	; 61
     c0a:	de b7       	in	r29, 0x3e	; 62
     c0c:	28 97       	sbiw	r28, 0x08	; 8
     c0e:	0f b6       	in	r0, 0x3f	; 63
     c10:	f8 94       	cli
     c12:	de bf       	out	0x3e, r29	; 62
     c14:	0f be       	out	0x3f, r0	; 63
     c16:	cd bf       	out	0x3d, r28	; 61
     c18:	8a 83       	std	Y+2, r24	; 0x02
     c1a:	6b 83       	std	Y+3, r22	; 0x03
     c1c:	4c 83       	std	Y+4, r20	; 0x04
DIO_errorstate LOC_STATE =DIO_ok;
     c1e:	81 e0       	ldi	r24, 0x01	; 1
     c20:	89 83       	std	Y+1, r24	; 0x01

/* check if the given paramter is in valid range */

if((copy_port<=DIO_portD) && (copy_pinnumber<=PIN7))
     c22:	8a 81       	ldd	r24, Y+2	; 0x02
     c24:	84 30       	cpi	r24, 0x04	; 4
     c26:	08 f0       	brcs	.+2      	; 0xc2a <DIO_setpindirection+0x26>
     c28:	f1 c0       	rjmp	.+482    	; 0xe0c <DIO_setpindirection+0x208>
     c2a:	8b 81       	ldd	r24, Y+3	; 0x03
     c2c:	88 30       	cpi	r24, 0x08	; 8
     c2e:	08 f0       	brcs	.+2      	; 0xc32 <DIO_setpindirection+0x2e>
     c30:	ed c0       	rjmp	.+474    	; 0xe0c <DIO_setpindirection+0x208>
{
	
if(copy_pindirection==DIO_pin_input)
     c32:	8c 81       	ldd	r24, Y+4	; 0x04
     c34:	88 23       	and	r24, r24
     c36:	09 f0       	breq	.+2      	; 0xc3a <DIO_setpindirection+0x36>
     c38:	74 c0       	rjmp	.+232    	; 0xd22 <DIO_setpindirection+0x11e>
{
/* check on the port name */
switch(copy_port)
     c3a:	8a 81       	ldd	r24, Y+2	; 0x02
     c3c:	28 2f       	mov	r18, r24
     c3e:	30 e0       	ldi	r19, 0x00	; 0
     c40:	38 87       	std	Y+8, r19	; 0x08
     c42:	2f 83       	std	Y+7, r18	; 0x07
     c44:	8f 81       	ldd	r24, Y+7	; 0x07
     c46:	98 85       	ldd	r25, Y+8	; 0x08
     c48:	81 30       	cpi	r24, 0x01	; 1
     c4a:	91 05       	cpc	r25, r1
     c4c:	59 f1       	breq	.+86     	; 0xca4 <DIO_setpindirection+0xa0>
     c4e:	2f 81       	ldd	r18, Y+7	; 0x07
     c50:	38 85       	ldd	r19, Y+8	; 0x08
     c52:	22 30       	cpi	r18, 0x02	; 2
     c54:	31 05       	cpc	r19, r1
     c56:	2c f4       	brge	.+10     	; 0xc62 <DIO_setpindirection+0x5e>
     c58:	8f 81       	ldd	r24, Y+7	; 0x07
     c5a:	98 85       	ldd	r25, Y+8	; 0x08
     c5c:	00 97       	sbiw	r24, 0x00	; 0
     c5e:	69 f0       	breq	.+26     	; 0xc7a <DIO_setpindirection+0x76>
     c60:	d6 c0       	rjmp	.+428    	; 0xe0e <DIO_setpindirection+0x20a>
     c62:	2f 81       	ldd	r18, Y+7	; 0x07
     c64:	38 85       	ldd	r19, Y+8	; 0x08
     c66:	22 30       	cpi	r18, 0x02	; 2
     c68:	31 05       	cpc	r19, r1
     c6a:	89 f1       	breq	.+98     	; 0xcce <DIO_setpindirection+0xca>
     c6c:	8f 81       	ldd	r24, Y+7	; 0x07
     c6e:	98 85       	ldd	r25, Y+8	; 0x08
     c70:	83 30       	cpi	r24, 0x03	; 3
     c72:	91 05       	cpc	r25, r1
     c74:	09 f4       	brne	.+2      	; 0xc78 <DIO_setpindirection+0x74>
     c76:	40 c0       	rjmp	.+128    	; 0xcf8 <DIO_setpindirection+0xf4>
     c78:	ca c0       	rjmp	.+404    	; 0xe0e <DIO_setpindirection+0x20a>
{
	case	DIO_portA:CLR_BIT(DDRA_REGISTER,copy_pinnumber); break;
     c7a:	aa e3       	ldi	r26, 0x3A	; 58
     c7c:	b0 e0       	ldi	r27, 0x00	; 0
     c7e:	ea e3       	ldi	r30, 0x3A	; 58
     c80:	f0 e0       	ldi	r31, 0x00	; 0
     c82:	80 81       	ld	r24, Z
     c84:	48 2f       	mov	r20, r24
     c86:	8b 81       	ldd	r24, Y+3	; 0x03
     c88:	28 2f       	mov	r18, r24
     c8a:	30 e0       	ldi	r19, 0x00	; 0
     c8c:	81 e0       	ldi	r24, 0x01	; 1
     c8e:	90 e0       	ldi	r25, 0x00	; 0
     c90:	02 2e       	mov	r0, r18
     c92:	02 c0       	rjmp	.+4      	; 0xc98 <DIO_setpindirection+0x94>
     c94:	88 0f       	add	r24, r24
     c96:	99 1f       	adc	r25, r25
     c98:	0a 94       	dec	r0
     c9a:	e2 f7       	brpl	.-8      	; 0xc94 <DIO_setpindirection+0x90>
     c9c:	80 95       	com	r24
     c9e:	84 23       	and	r24, r20
     ca0:	8c 93       	st	X, r24
     ca2:	b5 c0       	rjmp	.+362    	; 0xe0e <DIO_setpindirection+0x20a>
	case	DIO_portB:CLR_BIT(DDRB_REGISTER,copy_pinnumber); break;
     ca4:	a7 e3       	ldi	r26, 0x37	; 55
     ca6:	b0 e0       	ldi	r27, 0x00	; 0
     ca8:	e7 e3       	ldi	r30, 0x37	; 55
     caa:	f0 e0       	ldi	r31, 0x00	; 0
     cac:	80 81       	ld	r24, Z
     cae:	48 2f       	mov	r20, r24
     cb0:	8b 81       	ldd	r24, Y+3	; 0x03
     cb2:	28 2f       	mov	r18, r24
     cb4:	30 e0       	ldi	r19, 0x00	; 0
     cb6:	81 e0       	ldi	r24, 0x01	; 1
     cb8:	90 e0       	ldi	r25, 0x00	; 0
     cba:	02 2e       	mov	r0, r18
     cbc:	02 c0       	rjmp	.+4      	; 0xcc2 <DIO_setpindirection+0xbe>
     cbe:	88 0f       	add	r24, r24
     cc0:	99 1f       	adc	r25, r25
     cc2:	0a 94       	dec	r0
     cc4:	e2 f7       	brpl	.-8      	; 0xcbe <DIO_setpindirection+0xba>
     cc6:	80 95       	com	r24
     cc8:	84 23       	and	r24, r20
     cca:	8c 93       	st	X, r24
     ccc:	a0 c0       	rjmp	.+320    	; 0xe0e <DIO_setpindirection+0x20a>
	case	DIO_portC:CLR_BIT(DDRC_REGISTER,copy_pinnumber); break;
     cce:	a4 e3       	ldi	r26, 0x34	; 52
     cd0:	b0 e0       	ldi	r27, 0x00	; 0
     cd2:	e4 e3       	ldi	r30, 0x34	; 52
     cd4:	f0 e0       	ldi	r31, 0x00	; 0
     cd6:	80 81       	ld	r24, Z
     cd8:	48 2f       	mov	r20, r24
     cda:	8b 81       	ldd	r24, Y+3	; 0x03
     cdc:	28 2f       	mov	r18, r24
     cde:	30 e0       	ldi	r19, 0x00	; 0
     ce0:	81 e0       	ldi	r24, 0x01	; 1
     ce2:	90 e0       	ldi	r25, 0x00	; 0
     ce4:	02 2e       	mov	r0, r18
     ce6:	02 c0       	rjmp	.+4      	; 0xcec <DIO_setpindirection+0xe8>
     ce8:	88 0f       	add	r24, r24
     cea:	99 1f       	adc	r25, r25
     cec:	0a 94       	dec	r0
     cee:	e2 f7       	brpl	.-8      	; 0xce8 <DIO_setpindirection+0xe4>
     cf0:	80 95       	com	r24
     cf2:	84 23       	and	r24, r20
     cf4:	8c 93       	st	X, r24
     cf6:	8b c0       	rjmp	.+278    	; 0xe0e <DIO_setpindirection+0x20a>
	case	DIO_portD:CLR_BIT(DDRD_REGISTER,copy_pinnumber); break;
     cf8:	a1 e3       	ldi	r26, 0x31	; 49
     cfa:	b0 e0       	ldi	r27, 0x00	; 0
     cfc:	e1 e3       	ldi	r30, 0x31	; 49
     cfe:	f0 e0       	ldi	r31, 0x00	; 0
     d00:	80 81       	ld	r24, Z
     d02:	48 2f       	mov	r20, r24
     d04:	8b 81       	ldd	r24, Y+3	; 0x03
     d06:	28 2f       	mov	r18, r24
     d08:	30 e0       	ldi	r19, 0x00	; 0
     d0a:	81 e0       	ldi	r24, 0x01	; 1
     d0c:	90 e0       	ldi	r25, 0x00	; 0
     d0e:	02 2e       	mov	r0, r18
     d10:	02 c0       	rjmp	.+4      	; 0xd16 <DIO_setpindirection+0x112>
     d12:	88 0f       	add	r24, r24
     d14:	99 1f       	adc	r25, r25
     d16:	0a 94       	dec	r0
     d18:	e2 f7       	brpl	.-8      	; 0xd12 <DIO_setpindirection+0x10e>
     d1a:	80 95       	com	r24
     d1c:	84 23       	and	r24, r20
     d1e:	8c 93       	st	X, r24
     d20:	76 c0       	rjmp	.+236    	; 0xe0e <DIO_setpindirection+0x20a>
}
}
else if(copy_pindirection== DIO_pin_output)
     d22:	8c 81       	ldd	r24, Y+4	; 0x04
     d24:	81 30       	cpi	r24, 0x01	; 1
     d26:	09 f0       	breq	.+2      	; 0xd2a <DIO_setpindirection+0x126>
     d28:	6f c0       	rjmp	.+222    	; 0xe08 <DIO_setpindirection+0x204>
{
/* check on the port name */
switch(copy_port){
     d2a:	8a 81       	ldd	r24, Y+2	; 0x02
     d2c:	28 2f       	mov	r18, r24
     d2e:	30 e0       	ldi	r19, 0x00	; 0
     d30:	3e 83       	std	Y+6, r19	; 0x06
     d32:	2d 83       	std	Y+5, r18	; 0x05
     d34:	8d 81       	ldd	r24, Y+5	; 0x05
     d36:	9e 81       	ldd	r25, Y+6	; 0x06
     d38:	81 30       	cpi	r24, 0x01	; 1
     d3a:	91 05       	cpc	r25, r1
     d3c:	49 f1       	breq	.+82     	; 0xd90 <DIO_setpindirection+0x18c>
     d3e:	2d 81       	ldd	r18, Y+5	; 0x05
     d40:	3e 81       	ldd	r19, Y+6	; 0x06
     d42:	22 30       	cpi	r18, 0x02	; 2
     d44:	31 05       	cpc	r19, r1
     d46:	2c f4       	brge	.+10     	; 0xd52 <DIO_setpindirection+0x14e>
     d48:	8d 81       	ldd	r24, Y+5	; 0x05
     d4a:	9e 81       	ldd	r25, Y+6	; 0x06
     d4c:	00 97       	sbiw	r24, 0x00	; 0
     d4e:	61 f0       	breq	.+24     	; 0xd68 <DIO_setpindirection+0x164>
     d50:	5e c0       	rjmp	.+188    	; 0xe0e <DIO_setpindirection+0x20a>
     d52:	2d 81       	ldd	r18, Y+5	; 0x05
     d54:	3e 81       	ldd	r19, Y+6	; 0x06
     d56:	22 30       	cpi	r18, 0x02	; 2
     d58:	31 05       	cpc	r19, r1
     d5a:	71 f1       	breq	.+92     	; 0xdb8 <DIO_setpindirection+0x1b4>
     d5c:	8d 81       	ldd	r24, Y+5	; 0x05
     d5e:	9e 81       	ldd	r25, Y+6	; 0x06
     d60:	83 30       	cpi	r24, 0x03	; 3
     d62:	91 05       	cpc	r25, r1
     d64:	e9 f1       	breq	.+122    	; 0xde0 <DIO_setpindirection+0x1dc>
     d66:	53 c0       	rjmp	.+166    	; 0xe0e <DIO_setpindirection+0x20a>
	case	DIO_portA:SET_BIT(DDRA_REGISTER,copy_pinnumber); break;
     d68:	aa e3       	ldi	r26, 0x3A	; 58
     d6a:	b0 e0       	ldi	r27, 0x00	; 0
     d6c:	ea e3       	ldi	r30, 0x3A	; 58
     d6e:	f0 e0       	ldi	r31, 0x00	; 0
     d70:	80 81       	ld	r24, Z
     d72:	48 2f       	mov	r20, r24
     d74:	8b 81       	ldd	r24, Y+3	; 0x03
     d76:	28 2f       	mov	r18, r24
     d78:	30 e0       	ldi	r19, 0x00	; 0
     d7a:	81 e0       	ldi	r24, 0x01	; 1
     d7c:	90 e0       	ldi	r25, 0x00	; 0
     d7e:	02 2e       	mov	r0, r18
     d80:	02 c0       	rjmp	.+4      	; 0xd86 <DIO_setpindirection+0x182>
     d82:	88 0f       	add	r24, r24
     d84:	99 1f       	adc	r25, r25
     d86:	0a 94       	dec	r0
     d88:	e2 f7       	brpl	.-8      	; 0xd82 <DIO_setpindirection+0x17e>
     d8a:	84 2b       	or	r24, r20
     d8c:	8c 93       	st	X, r24
     d8e:	3f c0       	rjmp	.+126    	; 0xe0e <DIO_setpindirection+0x20a>
	case	DIO_portB:SET_BIT(DDRB_REGISTER,copy_pinnumber); break;
     d90:	a7 e3       	ldi	r26, 0x37	; 55
     d92:	b0 e0       	ldi	r27, 0x00	; 0
     d94:	e7 e3       	ldi	r30, 0x37	; 55
     d96:	f0 e0       	ldi	r31, 0x00	; 0
     d98:	80 81       	ld	r24, Z
     d9a:	48 2f       	mov	r20, r24
     d9c:	8b 81       	ldd	r24, Y+3	; 0x03
     d9e:	28 2f       	mov	r18, r24
     da0:	30 e0       	ldi	r19, 0x00	; 0
     da2:	81 e0       	ldi	r24, 0x01	; 1
     da4:	90 e0       	ldi	r25, 0x00	; 0
     da6:	02 2e       	mov	r0, r18
     da8:	02 c0       	rjmp	.+4      	; 0xdae <DIO_setpindirection+0x1aa>
     daa:	88 0f       	add	r24, r24
     dac:	99 1f       	adc	r25, r25
     dae:	0a 94       	dec	r0
     db0:	e2 f7       	brpl	.-8      	; 0xdaa <DIO_setpindirection+0x1a6>
     db2:	84 2b       	or	r24, r20
     db4:	8c 93       	st	X, r24
     db6:	2b c0       	rjmp	.+86     	; 0xe0e <DIO_setpindirection+0x20a>
	case 	DIO_portC:SET_BIT(DDRC_REGISTER,copy_pinnumber); break;
     db8:	a4 e3       	ldi	r26, 0x34	; 52
     dba:	b0 e0       	ldi	r27, 0x00	; 0
     dbc:	e4 e3       	ldi	r30, 0x34	; 52
     dbe:	f0 e0       	ldi	r31, 0x00	; 0
     dc0:	80 81       	ld	r24, Z
     dc2:	48 2f       	mov	r20, r24
     dc4:	8b 81       	ldd	r24, Y+3	; 0x03
     dc6:	28 2f       	mov	r18, r24
     dc8:	30 e0       	ldi	r19, 0x00	; 0
     dca:	81 e0       	ldi	r24, 0x01	; 1
     dcc:	90 e0       	ldi	r25, 0x00	; 0
     dce:	02 2e       	mov	r0, r18
     dd0:	02 c0       	rjmp	.+4      	; 0xdd6 <DIO_setpindirection+0x1d2>
     dd2:	88 0f       	add	r24, r24
     dd4:	99 1f       	adc	r25, r25
     dd6:	0a 94       	dec	r0
     dd8:	e2 f7       	brpl	.-8      	; 0xdd2 <DIO_setpindirection+0x1ce>
     dda:	84 2b       	or	r24, r20
     ddc:	8c 93       	st	X, r24
     dde:	17 c0       	rjmp	.+46     	; 0xe0e <DIO_setpindirection+0x20a>
	case	DIO_portD:SET_BIT(DDRD_REGISTER,copy_pinnumber); break;
     de0:	a1 e3       	ldi	r26, 0x31	; 49
     de2:	b0 e0       	ldi	r27, 0x00	; 0
     de4:	e1 e3       	ldi	r30, 0x31	; 49
     de6:	f0 e0       	ldi	r31, 0x00	; 0
     de8:	80 81       	ld	r24, Z
     dea:	48 2f       	mov	r20, r24
     dec:	8b 81       	ldd	r24, Y+3	; 0x03
     dee:	28 2f       	mov	r18, r24
     df0:	30 e0       	ldi	r19, 0x00	; 0
     df2:	81 e0       	ldi	r24, 0x01	; 1
     df4:	90 e0       	ldi	r25, 0x00	; 0
     df6:	02 2e       	mov	r0, r18
     df8:	02 c0       	rjmp	.+4      	; 0xdfe <DIO_setpindirection+0x1fa>
     dfa:	88 0f       	add	r24, r24
     dfc:	99 1f       	adc	r25, r25
     dfe:	0a 94       	dec	r0
     e00:	e2 f7       	brpl	.-8      	; 0xdfa <DIO_setpindirection+0x1f6>
     e02:	84 2b       	or	r24, r20
     e04:	8c 93       	st	X, r24
     e06:	03 c0       	rjmp	.+6      	; 0xe0e <DIO_setpindirection+0x20a>
}
}
else {
	LOC_STATE=DIO_Nok;
     e08:	19 82       	std	Y+1, r1	; 0x01
     e0a:	01 c0       	rjmp	.+2      	; 0xe0e <DIO_setpindirection+0x20a>
}
}
else{
	LOC_STATE=DIO_Nok;
     e0c:	19 82       	std	Y+1, r1	; 0x01
}
return LOC_STATE;
     e0e:	89 81       	ldd	r24, Y+1	; 0x01
}
     e10:	28 96       	adiw	r28, 0x08	; 8
     e12:	0f b6       	in	r0, 0x3f	; 63
     e14:	f8 94       	cli
     e16:	de bf       	out	0x3e, r29	; 62
     e18:	0f be       	out	0x3f, r0	; 63
     e1a:	cd bf       	out	0x3d, r28	; 61
     e1c:	cf 91       	pop	r28
     e1e:	df 91       	pop	r29
     e20:	08 95       	ret

00000e22 <DIO_setpinvalue>:
	return : its statues (DIO_Nok,DIO_ok)

*/	

DIO_errorstate DIO_setpinvalue(u8 copy_port,u8 copy_pinnumber , u8 copy_pinvalue         )
{
     e22:	df 93       	push	r29
     e24:	cf 93       	push	r28
     e26:	cd b7       	in	r28, 0x3d	; 61
     e28:	de b7       	in	r29, 0x3e	; 62
     e2a:	28 97       	sbiw	r28, 0x08	; 8
     e2c:	0f b6       	in	r0, 0x3f	; 63
     e2e:	f8 94       	cli
     e30:	de bf       	out	0x3e, r29	; 62
     e32:	0f be       	out	0x3f, r0	; 63
     e34:	cd bf       	out	0x3d, r28	; 61
     e36:	8a 83       	std	Y+2, r24	; 0x02
     e38:	6b 83       	std	Y+3, r22	; 0x03
     e3a:	4c 83       	std	Y+4, r20	; 0x04
DIO_errorstate LOC_STATE =DIO_ok;
     e3c:	81 e0       	ldi	r24, 0x01	; 1
     e3e:	89 83       	std	Y+1, r24	; 0x01
/* check if the given paramter is in valid range */
if((copy_port<=DIO_portD)&&(copy_pinnumber<=PIN7))
     e40:	8a 81       	ldd	r24, Y+2	; 0x02
     e42:	84 30       	cpi	r24, 0x04	; 4
     e44:	08 f0       	brcs	.+2      	; 0xe48 <DIO_setpinvalue+0x26>
     e46:	f0 c0       	rjmp	.+480    	; 0x1028 <DIO_setpinvalue+0x206>
     e48:	8b 81       	ldd	r24, Y+3	; 0x03
     e4a:	88 30       	cpi	r24, 0x08	; 8
     e4c:	08 f0       	brcs	.+2      	; 0xe50 <DIO_setpinvalue+0x2e>
     e4e:	ec c0       	rjmp	.+472    	; 0x1028 <DIO_setpinvalue+0x206>
{
if(copy_pinvalue==PIN_LOW)
     e50:	8c 81       	ldd	r24, Y+4	; 0x04
     e52:	88 23       	and	r24, r24
     e54:	09 f0       	breq	.+2      	; 0xe58 <DIO_setpinvalue+0x36>
     e56:	73 c0       	rjmp	.+230    	; 0xf3e <DIO_setpinvalue+0x11c>
{
	/* check on the port name */
switch(copy_port)
     e58:	8a 81       	ldd	r24, Y+2	; 0x02
     e5a:	28 2f       	mov	r18, r24
     e5c:	30 e0       	ldi	r19, 0x00	; 0
     e5e:	38 87       	std	Y+8, r19	; 0x08
     e60:	2f 83       	std	Y+7, r18	; 0x07
     e62:	8f 81       	ldd	r24, Y+7	; 0x07
     e64:	98 85       	ldd	r25, Y+8	; 0x08
     e66:	81 30       	cpi	r24, 0x01	; 1
     e68:	91 05       	cpc	r25, r1
     e6a:	59 f1       	breq	.+86     	; 0xec2 <DIO_setpinvalue+0xa0>
     e6c:	2f 81       	ldd	r18, Y+7	; 0x07
     e6e:	38 85       	ldd	r19, Y+8	; 0x08
     e70:	22 30       	cpi	r18, 0x02	; 2
     e72:	31 05       	cpc	r19, r1
     e74:	2c f4       	brge	.+10     	; 0xe80 <DIO_setpinvalue+0x5e>
     e76:	8f 81       	ldd	r24, Y+7	; 0x07
     e78:	98 85       	ldd	r25, Y+8	; 0x08
     e7a:	00 97       	sbiw	r24, 0x00	; 0
     e7c:	69 f0       	breq	.+26     	; 0xe98 <DIO_setpinvalue+0x76>
     e7e:	5f c0       	rjmp	.+190    	; 0xf3e <DIO_setpinvalue+0x11c>
     e80:	2f 81       	ldd	r18, Y+7	; 0x07
     e82:	38 85       	ldd	r19, Y+8	; 0x08
     e84:	22 30       	cpi	r18, 0x02	; 2
     e86:	31 05       	cpc	r19, r1
     e88:	89 f1       	breq	.+98     	; 0xeec <DIO_setpinvalue+0xca>
     e8a:	8f 81       	ldd	r24, Y+7	; 0x07
     e8c:	98 85       	ldd	r25, Y+8	; 0x08
     e8e:	83 30       	cpi	r24, 0x03	; 3
     e90:	91 05       	cpc	r25, r1
     e92:	09 f4       	brne	.+2      	; 0xe96 <DIO_setpinvalue+0x74>
     e94:	40 c0       	rjmp	.+128    	; 0xf16 <DIO_setpinvalue+0xf4>
     e96:	53 c0       	rjmp	.+166    	; 0xf3e <DIO_setpinvalue+0x11c>
{
		case    DIO_portA:CLR_BIT(PORTA_REGISTER,copy_pinnumber); break;
     e98:	ab e3       	ldi	r26, 0x3B	; 59
     e9a:	b0 e0       	ldi	r27, 0x00	; 0
     e9c:	eb e3       	ldi	r30, 0x3B	; 59
     e9e:	f0 e0       	ldi	r31, 0x00	; 0
     ea0:	80 81       	ld	r24, Z
     ea2:	48 2f       	mov	r20, r24
     ea4:	8b 81       	ldd	r24, Y+3	; 0x03
     ea6:	28 2f       	mov	r18, r24
     ea8:	30 e0       	ldi	r19, 0x00	; 0
     eaa:	81 e0       	ldi	r24, 0x01	; 1
     eac:	90 e0       	ldi	r25, 0x00	; 0
     eae:	02 2e       	mov	r0, r18
     eb0:	02 c0       	rjmp	.+4      	; 0xeb6 <DIO_setpinvalue+0x94>
     eb2:	88 0f       	add	r24, r24
     eb4:	99 1f       	adc	r25, r25
     eb6:	0a 94       	dec	r0
     eb8:	e2 f7       	brpl	.-8      	; 0xeb2 <DIO_setpinvalue+0x90>
     eba:	80 95       	com	r24
     ebc:	84 23       	and	r24, r20
     ebe:	8c 93       	st	X, r24
     ec0:	3e c0       	rjmp	.+124    	; 0xf3e <DIO_setpinvalue+0x11c>
		case	DIO_portB:CLR_BIT(PORTB_REGISTER,copy_pinnumber); break;
     ec2:	a8 e3       	ldi	r26, 0x38	; 56
     ec4:	b0 e0       	ldi	r27, 0x00	; 0
     ec6:	e8 e3       	ldi	r30, 0x38	; 56
     ec8:	f0 e0       	ldi	r31, 0x00	; 0
     eca:	80 81       	ld	r24, Z
     ecc:	48 2f       	mov	r20, r24
     ece:	8b 81       	ldd	r24, Y+3	; 0x03
     ed0:	28 2f       	mov	r18, r24
     ed2:	30 e0       	ldi	r19, 0x00	; 0
     ed4:	81 e0       	ldi	r24, 0x01	; 1
     ed6:	90 e0       	ldi	r25, 0x00	; 0
     ed8:	02 2e       	mov	r0, r18
     eda:	02 c0       	rjmp	.+4      	; 0xee0 <DIO_setpinvalue+0xbe>
     edc:	88 0f       	add	r24, r24
     ede:	99 1f       	adc	r25, r25
     ee0:	0a 94       	dec	r0
     ee2:	e2 f7       	brpl	.-8      	; 0xedc <DIO_setpinvalue+0xba>
     ee4:	80 95       	com	r24
     ee6:	84 23       	and	r24, r20
     ee8:	8c 93       	st	X, r24
     eea:	29 c0       	rjmp	.+82     	; 0xf3e <DIO_setpinvalue+0x11c>
		case 	DIO_portC:CLR_BIT(PORTC_REGISTER,copy_pinnumber); break;
     eec:	a5 e3       	ldi	r26, 0x35	; 53
     eee:	b0 e0       	ldi	r27, 0x00	; 0
     ef0:	e5 e3       	ldi	r30, 0x35	; 53
     ef2:	f0 e0       	ldi	r31, 0x00	; 0
     ef4:	80 81       	ld	r24, Z
     ef6:	48 2f       	mov	r20, r24
     ef8:	8b 81       	ldd	r24, Y+3	; 0x03
     efa:	28 2f       	mov	r18, r24
     efc:	30 e0       	ldi	r19, 0x00	; 0
     efe:	81 e0       	ldi	r24, 0x01	; 1
     f00:	90 e0       	ldi	r25, 0x00	; 0
     f02:	02 2e       	mov	r0, r18
     f04:	02 c0       	rjmp	.+4      	; 0xf0a <DIO_setpinvalue+0xe8>
     f06:	88 0f       	add	r24, r24
     f08:	99 1f       	adc	r25, r25
     f0a:	0a 94       	dec	r0
     f0c:	e2 f7       	brpl	.-8      	; 0xf06 <DIO_setpinvalue+0xe4>
     f0e:	80 95       	com	r24
     f10:	84 23       	and	r24, r20
     f12:	8c 93       	st	X, r24
     f14:	14 c0       	rjmp	.+40     	; 0xf3e <DIO_setpinvalue+0x11c>
		case	DIO_portD:CLR_BIT(PORTD_REGISTER,copy_pinnumber); break;
     f16:	a2 e3       	ldi	r26, 0x32	; 50
     f18:	b0 e0       	ldi	r27, 0x00	; 0
     f1a:	e2 e3       	ldi	r30, 0x32	; 50
     f1c:	f0 e0       	ldi	r31, 0x00	; 0
     f1e:	80 81       	ld	r24, Z
     f20:	48 2f       	mov	r20, r24
     f22:	8b 81       	ldd	r24, Y+3	; 0x03
     f24:	28 2f       	mov	r18, r24
     f26:	30 e0       	ldi	r19, 0x00	; 0
     f28:	81 e0       	ldi	r24, 0x01	; 1
     f2a:	90 e0       	ldi	r25, 0x00	; 0
     f2c:	02 2e       	mov	r0, r18
     f2e:	02 c0       	rjmp	.+4      	; 0xf34 <DIO_setpinvalue+0x112>
     f30:	88 0f       	add	r24, r24
     f32:	99 1f       	adc	r25, r25
     f34:	0a 94       	dec	r0
     f36:	e2 f7       	brpl	.-8      	; 0xf30 <DIO_setpinvalue+0x10e>
     f38:	80 95       	com	r24
     f3a:	84 23       	and	r24, r20
     f3c:	8c 93       	st	X, r24
}
}
if(copy_pinvalue==PIN_HIGH)
     f3e:	8c 81       	ldd	r24, Y+4	; 0x04
     f40:	81 30       	cpi	r24, 0x01	; 1
     f42:	09 f0       	breq	.+2      	; 0xf46 <DIO_setpinvalue+0x124>
     f44:	6f c0       	rjmp	.+222    	; 0x1024 <DIO_setpinvalue+0x202>
{
switch(copy_port)
     f46:	8a 81       	ldd	r24, Y+2	; 0x02
     f48:	28 2f       	mov	r18, r24
     f4a:	30 e0       	ldi	r19, 0x00	; 0
     f4c:	3e 83       	std	Y+6, r19	; 0x06
     f4e:	2d 83       	std	Y+5, r18	; 0x05
     f50:	8d 81       	ldd	r24, Y+5	; 0x05
     f52:	9e 81       	ldd	r25, Y+6	; 0x06
     f54:	81 30       	cpi	r24, 0x01	; 1
     f56:	91 05       	cpc	r25, r1
     f58:	49 f1       	breq	.+82     	; 0xfac <DIO_setpinvalue+0x18a>
     f5a:	2d 81       	ldd	r18, Y+5	; 0x05
     f5c:	3e 81       	ldd	r19, Y+6	; 0x06
     f5e:	22 30       	cpi	r18, 0x02	; 2
     f60:	31 05       	cpc	r19, r1
     f62:	2c f4       	brge	.+10     	; 0xf6e <DIO_setpinvalue+0x14c>
     f64:	8d 81       	ldd	r24, Y+5	; 0x05
     f66:	9e 81       	ldd	r25, Y+6	; 0x06
     f68:	00 97       	sbiw	r24, 0x00	; 0
     f6a:	61 f0       	breq	.+24     	; 0xf84 <DIO_setpinvalue+0x162>
     f6c:	5e c0       	rjmp	.+188    	; 0x102a <DIO_setpinvalue+0x208>
     f6e:	2d 81       	ldd	r18, Y+5	; 0x05
     f70:	3e 81       	ldd	r19, Y+6	; 0x06
     f72:	22 30       	cpi	r18, 0x02	; 2
     f74:	31 05       	cpc	r19, r1
     f76:	71 f1       	breq	.+92     	; 0xfd4 <DIO_setpinvalue+0x1b2>
     f78:	8d 81       	ldd	r24, Y+5	; 0x05
     f7a:	9e 81       	ldd	r25, Y+6	; 0x06
     f7c:	83 30       	cpi	r24, 0x03	; 3
     f7e:	91 05       	cpc	r25, r1
     f80:	e9 f1       	breq	.+122    	; 0xffc <DIO_setpinvalue+0x1da>
     f82:	53 c0       	rjmp	.+166    	; 0x102a <DIO_setpinvalue+0x208>
{
	/* check on the port name */
	case	DIO_portA:SET_BIT(PORTA_REGISTER,copy_pinnumber); break;
     f84:	ab e3       	ldi	r26, 0x3B	; 59
     f86:	b0 e0       	ldi	r27, 0x00	; 0
     f88:	eb e3       	ldi	r30, 0x3B	; 59
     f8a:	f0 e0       	ldi	r31, 0x00	; 0
     f8c:	80 81       	ld	r24, Z
     f8e:	48 2f       	mov	r20, r24
     f90:	8b 81       	ldd	r24, Y+3	; 0x03
     f92:	28 2f       	mov	r18, r24
     f94:	30 e0       	ldi	r19, 0x00	; 0
     f96:	81 e0       	ldi	r24, 0x01	; 1
     f98:	90 e0       	ldi	r25, 0x00	; 0
     f9a:	02 2e       	mov	r0, r18
     f9c:	02 c0       	rjmp	.+4      	; 0xfa2 <DIO_setpinvalue+0x180>
     f9e:	88 0f       	add	r24, r24
     fa0:	99 1f       	adc	r25, r25
     fa2:	0a 94       	dec	r0
     fa4:	e2 f7       	brpl	.-8      	; 0xf9e <DIO_setpinvalue+0x17c>
     fa6:	84 2b       	or	r24, r20
     fa8:	8c 93       	st	X, r24
     faa:	3f c0       	rjmp	.+126    	; 0x102a <DIO_setpinvalue+0x208>
	case	DIO_portB:SET_BIT(PORTB_REGISTER,copy_pinnumber); break;
     fac:	a8 e3       	ldi	r26, 0x38	; 56
     fae:	b0 e0       	ldi	r27, 0x00	; 0
     fb0:	e8 e3       	ldi	r30, 0x38	; 56
     fb2:	f0 e0       	ldi	r31, 0x00	; 0
     fb4:	80 81       	ld	r24, Z
     fb6:	48 2f       	mov	r20, r24
     fb8:	8b 81       	ldd	r24, Y+3	; 0x03
     fba:	28 2f       	mov	r18, r24
     fbc:	30 e0       	ldi	r19, 0x00	; 0
     fbe:	81 e0       	ldi	r24, 0x01	; 1
     fc0:	90 e0       	ldi	r25, 0x00	; 0
     fc2:	02 2e       	mov	r0, r18
     fc4:	02 c0       	rjmp	.+4      	; 0xfca <DIO_setpinvalue+0x1a8>
     fc6:	88 0f       	add	r24, r24
     fc8:	99 1f       	adc	r25, r25
     fca:	0a 94       	dec	r0
     fcc:	e2 f7       	brpl	.-8      	; 0xfc6 <DIO_setpinvalue+0x1a4>
     fce:	84 2b       	or	r24, r20
     fd0:	8c 93       	st	X, r24
     fd2:	2b c0       	rjmp	.+86     	; 0x102a <DIO_setpinvalue+0x208>
	case	DIO_portC:SET_BIT(PORTC_REGISTER,copy_pinnumber); break;
     fd4:	a5 e3       	ldi	r26, 0x35	; 53
     fd6:	b0 e0       	ldi	r27, 0x00	; 0
     fd8:	e5 e3       	ldi	r30, 0x35	; 53
     fda:	f0 e0       	ldi	r31, 0x00	; 0
     fdc:	80 81       	ld	r24, Z
     fde:	48 2f       	mov	r20, r24
     fe0:	8b 81       	ldd	r24, Y+3	; 0x03
     fe2:	28 2f       	mov	r18, r24
     fe4:	30 e0       	ldi	r19, 0x00	; 0
     fe6:	81 e0       	ldi	r24, 0x01	; 1
     fe8:	90 e0       	ldi	r25, 0x00	; 0
     fea:	02 2e       	mov	r0, r18
     fec:	02 c0       	rjmp	.+4      	; 0xff2 <DIO_setpinvalue+0x1d0>
     fee:	88 0f       	add	r24, r24
     ff0:	99 1f       	adc	r25, r25
     ff2:	0a 94       	dec	r0
     ff4:	e2 f7       	brpl	.-8      	; 0xfee <DIO_setpinvalue+0x1cc>
     ff6:	84 2b       	or	r24, r20
     ff8:	8c 93       	st	X, r24
     ffa:	17 c0       	rjmp	.+46     	; 0x102a <DIO_setpinvalue+0x208>
	case	DIO_portD:SET_BIT(PORTD_REGISTER,copy_pinnumber); break;
     ffc:	a2 e3       	ldi	r26, 0x32	; 50
     ffe:	b0 e0       	ldi	r27, 0x00	; 0
    1000:	e2 e3       	ldi	r30, 0x32	; 50
    1002:	f0 e0       	ldi	r31, 0x00	; 0
    1004:	80 81       	ld	r24, Z
    1006:	48 2f       	mov	r20, r24
    1008:	8b 81       	ldd	r24, Y+3	; 0x03
    100a:	28 2f       	mov	r18, r24
    100c:	30 e0       	ldi	r19, 0x00	; 0
    100e:	81 e0       	ldi	r24, 0x01	; 1
    1010:	90 e0       	ldi	r25, 0x00	; 0
    1012:	02 2e       	mov	r0, r18
    1014:	02 c0       	rjmp	.+4      	; 0x101a <DIO_setpinvalue+0x1f8>
    1016:	88 0f       	add	r24, r24
    1018:	99 1f       	adc	r25, r25
    101a:	0a 94       	dec	r0
    101c:	e2 f7       	brpl	.-8      	; 0x1016 <DIO_setpinvalue+0x1f4>
    101e:	84 2b       	or	r24, r20
    1020:	8c 93       	st	X, r24
    1022:	03 c0       	rjmp	.+6      	; 0x102a <DIO_setpinvalue+0x208>
}
}
else
{
	LOC_STATE=DIO_Nok;
    1024:	19 82       	std	Y+1, r1	; 0x01
    1026:	01 c0       	rjmp	.+2      	; 0x102a <DIO_setpinvalue+0x208>
}
}
else
{
	LOC_STATE=DIO_Nok;
    1028:	19 82       	std	Y+1, r1	; 0x01
}
return LOC_STATE;
    102a:	89 81       	ldd	r24, Y+1	; 0x01
}
    102c:	28 96       	adiw	r28, 0x08	; 8
    102e:	0f b6       	in	r0, 0x3f	; 63
    1030:	f8 94       	cli
    1032:	de bf       	out	0x3e, r29	; 62
    1034:	0f be       	out	0x3f, r0	; 63
    1036:	cd bf       	out	0x3d, r28	; 61
    1038:	cf 91       	pop	r28
    103a:	df 91       	pop	r29
    103c:	08 95       	ret

0000103e <DIO_getpinvalue>:

*/	


DIO_errorstate DIO_getpinvalue(u8 copy_port,u8 copy_pinnumber , u8* pinvalue             )
{
    103e:	df 93       	push	r29
    1040:	cf 93       	push	r28
    1042:	cd b7       	in	r28, 0x3d	; 61
    1044:	de b7       	in	r29, 0x3e	; 62
    1046:	27 97       	sbiw	r28, 0x07	; 7
    1048:	0f b6       	in	r0, 0x3f	; 63
    104a:	f8 94       	cli
    104c:	de bf       	out	0x3e, r29	; 62
    104e:	0f be       	out	0x3f, r0	; 63
    1050:	cd bf       	out	0x3d, r28	; 61
    1052:	8a 83       	std	Y+2, r24	; 0x02
    1054:	6b 83       	std	Y+3, r22	; 0x03
    1056:	5d 83       	std	Y+5, r21	; 0x05
    1058:	4c 83       	std	Y+4, r20	; 0x04
DIO_errorstate LOC_STATE=DIO_ok;
    105a:	81 e0       	ldi	r24, 0x01	; 1
    105c:	89 83       	std	Y+1, r24	; 0x01
/* check if the given paramter is in valid range */
if((copy_port<=DIO_portD)&&(copy_pinnumber<=PIN7))
    105e:	8a 81       	ldd	r24, Y+2	; 0x02
    1060:	84 30       	cpi	r24, 0x04	; 4
    1062:	08 f0       	brcs	.+2      	; 0x1066 <DIO_getpinvalue+0x28>
    1064:	a6 c0       	rjmp	.+332    	; 0x11b2 <DIO_getpinvalue+0x174>
    1066:	8b 81       	ldd	r24, Y+3	; 0x03
    1068:	88 30       	cpi	r24, 0x08	; 8
    106a:	08 f0       	brcs	.+2      	; 0x106e <DIO_getpinvalue+0x30>
    106c:	a2 c0       	rjmp	.+324    	; 0x11b2 <DIO_getpinvalue+0x174>
{
switch(copy_port)
    106e:	8a 81       	ldd	r24, Y+2	; 0x02
    1070:	28 2f       	mov	r18, r24
    1072:	30 e0       	ldi	r19, 0x00	; 0
    1074:	3f 83       	std	Y+7, r19	; 0x07
    1076:	2e 83       	std	Y+6, r18	; 0x06
    1078:	4e 81       	ldd	r20, Y+6	; 0x06
    107a:	5f 81       	ldd	r21, Y+7	; 0x07
    107c:	41 30       	cpi	r20, 0x01	; 1
    107e:	51 05       	cpc	r21, r1
    1080:	c1 f1       	breq	.+112    	; 0x10f2 <DIO_getpinvalue+0xb4>
    1082:	8e 81       	ldd	r24, Y+6	; 0x06
    1084:	9f 81       	ldd	r25, Y+7	; 0x07
    1086:	82 30       	cpi	r24, 0x02	; 2
    1088:	91 05       	cpc	r25, r1
    108a:	34 f4       	brge	.+12     	; 0x1098 <DIO_getpinvalue+0x5a>
    108c:	2e 81       	ldd	r18, Y+6	; 0x06
    108e:	3f 81       	ldd	r19, Y+7	; 0x07
    1090:	21 15       	cp	r18, r1
    1092:	31 05       	cpc	r19, r1
    1094:	71 f0       	breq	.+28     	; 0x10b2 <DIO_getpinvalue+0x74>
    1096:	8e c0       	rjmp	.+284    	; 0x11b4 <DIO_getpinvalue+0x176>
    1098:	4e 81       	ldd	r20, Y+6	; 0x06
    109a:	5f 81       	ldd	r21, Y+7	; 0x07
    109c:	42 30       	cpi	r20, 0x02	; 2
    109e:	51 05       	cpc	r21, r1
    10a0:	09 f4       	brne	.+2      	; 0x10a4 <DIO_getpinvalue+0x66>
    10a2:	47 c0       	rjmp	.+142    	; 0x1132 <DIO_getpinvalue+0xf4>
    10a4:	8e 81       	ldd	r24, Y+6	; 0x06
    10a6:	9f 81       	ldd	r25, Y+7	; 0x07
    10a8:	83 30       	cpi	r24, 0x03	; 3
    10aa:	91 05       	cpc	r25, r1
    10ac:	09 f4       	brne	.+2      	; 0x10b0 <DIO_getpinvalue+0x72>
    10ae:	61 c0       	rjmp	.+194    	; 0x1172 <DIO_getpinvalue+0x134>
    10b0:	81 c0       	rjmp	.+258    	; 0x11b4 <DIO_getpinvalue+0x176>
{
	/* check on the port name */
	case	DIO_portA:* pinvalue  = GET_BIT(PINA_REGISTER,copy_pinnumber);break;
    10b2:	e9 e3       	ldi	r30, 0x39	; 57
    10b4:	f0 e0       	ldi	r31, 0x00	; 0
    10b6:	80 81       	ld	r24, Z
    10b8:	48 2f       	mov	r20, r24
    10ba:	50 e0       	ldi	r21, 0x00	; 0
    10bc:	8b 81       	ldd	r24, Y+3	; 0x03
    10be:	28 2f       	mov	r18, r24
    10c0:	30 e0       	ldi	r19, 0x00	; 0
    10c2:	81 e0       	ldi	r24, 0x01	; 1
    10c4:	90 e0       	ldi	r25, 0x00	; 0
    10c6:	02 c0       	rjmp	.+4      	; 0x10cc <DIO_getpinvalue+0x8e>
    10c8:	88 0f       	add	r24, r24
    10ca:	99 1f       	adc	r25, r25
    10cc:	2a 95       	dec	r18
    10ce:	e2 f7       	brpl	.-8      	; 0x10c8 <DIO_getpinvalue+0x8a>
    10d0:	9a 01       	movw	r18, r20
    10d2:	28 23       	and	r18, r24
    10d4:	39 23       	and	r19, r25
    10d6:	8b 81       	ldd	r24, Y+3	; 0x03
    10d8:	88 2f       	mov	r24, r24
    10da:	90 e0       	ldi	r25, 0x00	; 0
    10dc:	a9 01       	movw	r20, r18
    10de:	02 c0       	rjmp	.+4      	; 0x10e4 <DIO_getpinvalue+0xa6>
    10e0:	55 95       	asr	r21
    10e2:	47 95       	ror	r20
    10e4:	8a 95       	dec	r24
    10e6:	e2 f7       	brpl	.-8      	; 0x10e0 <DIO_getpinvalue+0xa2>
    10e8:	ca 01       	movw	r24, r20
    10ea:	ec 81       	ldd	r30, Y+4	; 0x04
    10ec:	fd 81       	ldd	r31, Y+5	; 0x05
    10ee:	80 83       	st	Z, r24
    10f0:	61 c0       	rjmp	.+194    	; 0x11b4 <DIO_getpinvalue+0x176>
	case	DIO_portB:* pinvalue  = GET_BIT(PINB_REGISTER,copy_pinnumber);break;
    10f2:	e6 e3       	ldi	r30, 0x36	; 54
    10f4:	f0 e0       	ldi	r31, 0x00	; 0
    10f6:	80 81       	ld	r24, Z
    10f8:	48 2f       	mov	r20, r24
    10fa:	50 e0       	ldi	r21, 0x00	; 0
    10fc:	8b 81       	ldd	r24, Y+3	; 0x03
    10fe:	28 2f       	mov	r18, r24
    1100:	30 e0       	ldi	r19, 0x00	; 0
    1102:	81 e0       	ldi	r24, 0x01	; 1
    1104:	90 e0       	ldi	r25, 0x00	; 0
    1106:	02 c0       	rjmp	.+4      	; 0x110c <DIO_getpinvalue+0xce>
    1108:	88 0f       	add	r24, r24
    110a:	99 1f       	adc	r25, r25
    110c:	2a 95       	dec	r18
    110e:	e2 f7       	brpl	.-8      	; 0x1108 <DIO_getpinvalue+0xca>
    1110:	9a 01       	movw	r18, r20
    1112:	28 23       	and	r18, r24
    1114:	39 23       	and	r19, r25
    1116:	8b 81       	ldd	r24, Y+3	; 0x03
    1118:	88 2f       	mov	r24, r24
    111a:	90 e0       	ldi	r25, 0x00	; 0
    111c:	a9 01       	movw	r20, r18
    111e:	02 c0       	rjmp	.+4      	; 0x1124 <DIO_getpinvalue+0xe6>
    1120:	55 95       	asr	r21
    1122:	47 95       	ror	r20
    1124:	8a 95       	dec	r24
    1126:	e2 f7       	brpl	.-8      	; 0x1120 <DIO_getpinvalue+0xe2>
    1128:	ca 01       	movw	r24, r20
    112a:	ec 81       	ldd	r30, Y+4	; 0x04
    112c:	fd 81       	ldd	r31, Y+5	; 0x05
    112e:	80 83       	st	Z, r24
    1130:	41 c0       	rjmp	.+130    	; 0x11b4 <DIO_getpinvalue+0x176>
	case	DIO_portC:* pinvalue  = GET_BIT(PINC_REGISTER,copy_pinnumber);break;
    1132:	e3 e3       	ldi	r30, 0x33	; 51
    1134:	f0 e0       	ldi	r31, 0x00	; 0
    1136:	80 81       	ld	r24, Z
    1138:	48 2f       	mov	r20, r24
    113a:	50 e0       	ldi	r21, 0x00	; 0
    113c:	8b 81       	ldd	r24, Y+3	; 0x03
    113e:	28 2f       	mov	r18, r24
    1140:	30 e0       	ldi	r19, 0x00	; 0
    1142:	81 e0       	ldi	r24, 0x01	; 1
    1144:	90 e0       	ldi	r25, 0x00	; 0
    1146:	02 c0       	rjmp	.+4      	; 0x114c <DIO_getpinvalue+0x10e>
    1148:	88 0f       	add	r24, r24
    114a:	99 1f       	adc	r25, r25
    114c:	2a 95       	dec	r18
    114e:	e2 f7       	brpl	.-8      	; 0x1148 <DIO_getpinvalue+0x10a>
    1150:	9a 01       	movw	r18, r20
    1152:	28 23       	and	r18, r24
    1154:	39 23       	and	r19, r25
    1156:	8b 81       	ldd	r24, Y+3	; 0x03
    1158:	88 2f       	mov	r24, r24
    115a:	90 e0       	ldi	r25, 0x00	; 0
    115c:	a9 01       	movw	r20, r18
    115e:	02 c0       	rjmp	.+4      	; 0x1164 <DIO_getpinvalue+0x126>
    1160:	55 95       	asr	r21
    1162:	47 95       	ror	r20
    1164:	8a 95       	dec	r24
    1166:	e2 f7       	brpl	.-8      	; 0x1160 <DIO_getpinvalue+0x122>
    1168:	ca 01       	movw	r24, r20
    116a:	ec 81       	ldd	r30, Y+4	; 0x04
    116c:	fd 81       	ldd	r31, Y+5	; 0x05
    116e:	80 83       	st	Z, r24
    1170:	21 c0       	rjmp	.+66     	; 0x11b4 <DIO_getpinvalue+0x176>
	case	DIO_portD:* pinvalue  = GET_BIT(PIND_REGISTER,copy_pinnumber);break;
    1172:	e0 e3       	ldi	r30, 0x30	; 48
    1174:	f0 e0       	ldi	r31, 0x00	; 0
    1176:	80 81       	ld	r24, Z
    1178:	48 2f       	mov	r20, r24
    117a:	50 e0       	ldi	r21, 0x00	; 0
    117c:	8b 81       	ldd	r24, Y+3	; 0x03
    117e:	28 2f       	mov	r18, r24
    1180:	30 e0       	ldi	r19, 0x00	; 0
    1182:	81 e0       	ldi	r24, 0x01	; 1
    1184:	90 e0       	ldi	r25, 0x00	; 0
    1186:	02 c0       	rjmp	.+4      	; 0x118c <DIO_getpinvalue+0x14e>
    1188:	88 0f       	add	r24, r24
    118a:	99 1f       	adc	r25, r25
    118c:	2a 95       	dec	r18
    118e:	e2 f7       	brpl	.-8      	; 0x1188 <DIO_getpinvalue+0x14a>
    1190:	9a 01       	movw	r18, r20
    1192:	28 23       	and	r18, r24
    1194:	39 23       	and	r19, r25
    1196:	8b 81       	ldd	r24, Y+3	; 0x03
    1198:	88 2f       	mov	r24, r24
    119a:	90 e0       	ldi	r25, 0x00	; 0
    119c:	a9 01       	movw	r20, r18
    119e:	02 c0       	rjmp	.+4      	; 0x11a4 <DIO_getpinvalue+0x166>
    11a0:	55 95       	asr	r21
    11a2:	47 95       	ror	r20
    11a4:	8a 95       	dec	r24
    11a6:	e2 f7       	brpl	.-8      	; 0x11a0 <DIO_getpinvalue+0x162>
    11a8:	ca 01       	movw	r24, r20
    11aa:	ec 81       	ldd	r30, Y+4	; 0x04
    11ac:	fd 81       	ldd	r31, Y+5	; 0x05
    11ae:	80 83       	st	Z, r24
    11b0:	01 c0       	rjmp	.+2      	; 0x11b4 <DIO_getpinvalue+0x176>
}
}
else
{
	LOC_STATE=DIO_Nok;
    11b2:	19 82       	std	Y+1, r1	; 0x01
}
return LOC_STATE ;
    11b4:	89 81       	ldd	r24, Y+1	; 0x01
}
    11b6:	27 96       	adiw	r28, 0x07	; 7
    11b8:	0f b6       	in	r0, 0x3f	; 63
    11ba:	f8 94       	cli
    11bc:	de bf       	out	0x3e, r29	; 62
    11be:	0f be       	out	0x3f, r0	; 63
    11c0:	cd bf       	out	0x3d, r28	; 61
    11c2:	cf 91       	pop	r28
    11c4:	df 91       	pop	r29
    11c6:	08 95       	ret

000011c8 <DIO_togelpinvalue>:
	return : its statues (DIO_Nok,DIO_ok)

*/

DIO_errorstate DIO_togelpinvalue(u8 copy_port,u8 copy_pinnumber                          )
{
    11c8:	df 93       	push	r29
    11ca:	cf 93       	push	r28
    11cc:	00 d0       	rcall	.+0      	; 0x11ce <DIO_togelpinvalue+0x6>
    11ce:	00 d0       	rcall	.+0      	; 0x11d0 <DIO_togelpinvalue+0x8>
    11d0:	0f 92       	push	r0
    11d2:	cd b7       	in	r28, 0x3d	; 61
    11d4:	de b7       	in	r29, 0x3e	; 62
    11d6:	8a 83       	std	Y+2, r24	; 0x02
    11d8:	6b 83       	std	Y+3, r22	; 0x03
DIO_errorstate LOC_STATE=DIO_ok;
    11da:	81 e0       	ldi	r24, 0x01	; 1
    11dc:	89 83       	std	Y+1, r24	; 0x01
/* check if the given paramter is in valid range */
if((copy_port<=DIO_portD)&&(copy_pinnumber<=PIN7))
    11de:	8a 81       	ldd	r24, Y+2	; 0x02
    11e0:	84 30       	cpi	r24, 0x04	; 4
    11e2:	08 f0       	brcs	.+2      	; 0x11e6 <DIO_togelpinvalue+0x1e>
    11e4:	73 c0       	rjmp	.+230    	; 0x12cc <DIO_togelpinvalue+0x104>
    11e6:	8b 81       	ldd	r24, Y+3	; 0x03
    11e8:	88 30       	cpi	r24, 0x08	; 8
    11ea:	08 f0       	brcs	.+2      	; 0x11ee <DIO_togelpinvalue+0x26>
    11ec:	6f c0       	rjmp	.+222    	; 0x12cc <DIO_togelpinvalue+0x104>
{
switch(copy_port){
    11ee:	8a 81       	ldd	r24, Y+2	; 0x02
    11f0:	28 2f       	mov	r18, r24
    11f2:	30 e0       	ldi	r19, 0x00	; 0
    11f4:	3d 83       	std	Y+5, r19	; 0x05
    11f6:	2c 83       	std	Y+4, r18	; 0x04
    11f8:	8c 81       	ldd	r24, Y+4	; 0x04
    11fa:	9d 81       	ldd	r25, Y+5	; 0x05
    11fc:	81 30       	cpi	r24, 0x01	; 1
    11fe:	91 05       	cpc	r25, r1
    1200:	49 f1       	breq	.+82     	; 0x1254 <DIO_togelpinvalue+0x8c>
    1202:	2c 81       	ldd	r18, Y+4	; 0x04
    1204:	3d 81       	ldd	r19, Y+5	; 0x05
    1206:	22 30       	cpi	r18, 0x02	; 2
    1208:	31 05       	cpc	r19, r1
    120a:	2c f4       	brge	.+10     	; 0x1216 <DIO_togelpinvalue+0x4e>
    120c:	8c 81       	ldd	r24, Y+4	; 0x04
    120e:	9d 81       	ldd	r25, Y+5	; 0x05
    1210:	00 97       	sbiw	r24, 0x00	; 0
    1212:	61 f0       	breq	.+24     	; 0x122c <DIO_togelpinvalue+0x64>
    1214:	5c c0       	rjmp	.+184    	; 0x12ce <DIO_togelpinvalue+0x106>
    1216:	2c 81       	ldd	r18, Y+4	; 0x04
    1218:	3d 81       	ldd	r19, Y+5	; 0x05
    121a:	22 30       	cpi	r18, 0x02	; 2
    121c:	31 05       	cpc	r19, r1
    121e:	71 f1       	breq	.+92     	; 0x127c <DIO_togelpinvalue+0xb4>
    1220:	8c 81       	ldd	r24, Y+4	; 0x04
    1222:	9d 81       	ldd	r25, Y+5	; 0x05
    1224:	83 30       	cpi	r24, 0x03	; 3
    1226:	91 05       	cpc	r25, r1
    1228:	e9 f1       	breq	.+122    	; 0x12a4 <DIO_togelpinvalue+0xdc>
    122a:	51 c0       	rjmp	.+162    	; 0x12ce <DIO_togelpinvalue+0x106>
	/* check on the port name */
	case	DIO_portA:TOG_BIT(PORTA_REGISTER,copy_pinnumber); break;
    122c:	ab e3       	ldi	r26, 0x3B	; 59
    122e:	b0 e0       	ldi	r27, 0x00	; 0
    1230:	eb e3       	ldi	r30, 0x3B	; 59
    1232:	f0 e0       	ldi	r31, 0x00	; 0
    1234:	80 81       	ld	r24, Z
    1236:	48 2f       	mov	r20, r24
    1238:	8b 81       	ldd	r24, Y+3	; 0x03
    123a:	28 2f       	mov	r18, r24
    123c:	30 e0       	ldi	r19, 0x00	; 0
    123e:	81 e0       	ldi	r24, 0x01	; 1
    1240:	90 e0       	ldi	r25, 0x00	; 0
    1242:	02 2e       	mov	r0, r18
    1244:	02 c0       	rjmp	.+4      	; 0x124a <DIO_togelpinvalue+0x82>
    1246:	88 0f       	add	r24, r24
    1248:	99 1f       	adc	r25, r25
    124a:	0a 94       	dec	r0
    124c:	e2 f7       	brpl	.-8      	; 0x1246 <DIO_togelpinvalue+0x7e>
    124e:	84 27       	eor	r24, r20
    1250:	8c 93       	st	X, r24
    1252:	3d c0       	rjmp	.+122    	; 0x12ce <DIO_togelpinvalue+0x106>
	case	DIO_portB:TOG_BIT(PORTB_REGISTER,copy_pinnumber); break;
    1254:	a8 e3       	ldi	r26, 0x38	; 56
    1256:	b0 e0       	ldi	r27, 0x00	; 0
    1258:	e8 e3       	ldi	r30, 0x38	; 56
    125a:	f0 e0       	ldi	r31, 0x00	; 0
    125c:	80 81       	ld	r24, Z
    125e:	48 2f       	mov	r20, r24
    1260:	8b 81       	ldd	r24, Y+3	; 0x03
    1262:	28 2f       	mov	r18, r24
    1264:	30 e0       	ldi	r19, 0x00	; 0
    1266:	81 e0       	ldi	r24, 0x01	; 1
    1268:	90 e0       	ldi	r25, 0x00	; 0
    126a:	02 2e       	mov	r0, r18
    126c:	02 c0       	rjmp	.+4      	; 0x1272 <DIO_togelpinvalue+0xaa>
    126e:	88 0f       	add	r24, r24
    1270:	99 1f       	adc	r25, r25
    1272:	0a 94       	dec	r0
    1274:	e2 f7       	brpl	.-8      	; 0x126e <DIO_togelpinvalue+0xa6>
    1276:	84 27       	eor	r24, r20
    1278:	8c 93       	st	X, r24
    127a:	29 c0       	rjmp	.+82     	; 0x12ce <DIO_togelpinvalue+0x106>
	case	DIO_portC:TOG_BIT(PORTC_REGISTER,copy_pinnumber); break;
    127c:	a5 e3       	ldi	r26, 0x35	; 53
    127e:	b0 e0       	ldi	r27, 0x00	; 0
    1280:	e5 e3       	ldi	r30, 0x35	; 53
    1282:	f0 e0       	ldi	r31, 0x00	; 0
    1284:	80 81       	ld	r24, Z
    1286:	48 2f       	mov	r20, r24
    1288:	8b 81       	ldd	r24, Y+3	; 0x03
    128a:	28 2f       	mov	r18, r24
    128c:	30 e0       	ldi	r19, 0x00	; 0
    128e:	81 e0       	ldi	r24, 0x01	; 1
    1290:	90 e0       	ldi	r25, 0x00	; 0
    1292:	02 2e       	mov	r0, r18
    1294:	02 c0       	rjmp	.+4      	; 0x129a <DIO_togelpinvalue+0xd2>
    1296:	88 0f       	add	r24, r24
    1298:	99 1f       	adc	r25, r25
    129a:	0a 94       	dec	r0
    129c:	e2 f7       	brpl	.-8      	; 0x1296 <DIO_togelpinvalue+0xce>
    129e:	84 27       	eor	r24, r20
    12a0:	8c 93       	st	X, r24
    12a2:	15 c0       	rjmp	.+42     	; 0x12ce <DIO_togelpinvalue+0x106>
	case	DIO_portD:TOG_BIT(PORTD_REGISTER,copy_pinnumber); break;
    12a4:	a2 e3       	ldi	r26, 0x32	; 50
    12a6:	b0 e0       	ldi	r27, 0x00	; 0
    12a8:	e2 e3       	ldi	r30, 0x32	; 50
    12aa:	f0 e0       	ldi	r31, 0x00	; 0
    12ac:	80 81       	ld	r24, Z
    12ae:	48 2f       	mov	r20, r24
    12b0:	8b 81       	ldd	r24, Y+3	; 0x03
    12b2:	28 2f       	mov	r18, r24
    12b4:	30 e0       	ldi	r19, 0x00	; 0
    12b6:	81 e0       	ldi	r24, 0x01	; 1
    12b8:	90 e0       	ldi	r25, 0x00	; 0
    12ba:	02 2e       	mov	r0, r18
    12bc:	02 c0       	rjmp	.+4      	; 0x12c2 <DIO_togelpinvalue+0xfa>
    12be:	88 0f       	add	r24, r24
    12c0:	99 1f       	adc	r25, r25
    12c2:	0a 94       	dec	r0
    12c4:	e2 f7       	brpl	.-8      	; 0x12be <DIO_togelpinvalue+0xf6>
    12c6:	84 27       	eor	r24, r20
    12c8:	8c 93       	st	X, r24
    12ca:	01 c0       	rjmp	.+2      	; 0x12ce <DIO_togelpinvalue+0x106>
}
}
else 
{
	LOC_STATE=DIO_Nok;
    12cc:	19 82       	std	Y+1, r1	; 0x01
}
return LOC_STATE ;
    12ce:	89 81       	ldd	r24, Y+1	; 0x01
}
    12d0:	0f 90       	pop	r0
    12d2:	0f 90       	pop	r0
    12d4:	0f 90       	pop	r0
    12d6:	0f 90       	pop	r0
    12d8:	0f 90       	pop	r0
    12da:	cf 91       	pop	r28
    12dc:	df 91       	pop	r29
    12de:	08 95       	ret

000012e0 <DIO_setportdirection>:
	return : its statues (DIO_Nok,DIO_ok)

*/

DIO_errorstate DIO_setportdirection (u8 copy_port , u8 copy_portdirection )
{
    12e0:	df 93       	push	r29
    12e2:	cf 93       	push	r28
    12e4:	00 d0       	rcall	.+0      	; 0x12e6 <DIO_setportdirection+0x6>
    12e6:	00 d0       	rcall	.+0      	; 0x12e8 <DIO_setportdirection+0x8>
    12e8:	0f 92       	push	r0
    12ea:	cd b7       	in	r28, 0x3d	; 61
    12ec:	de b7       	in	r29, 0x3e	; 62
    12ee:	8a 83       	std	Y+2, r24	; 0x02
    12f0:	6b 83       	std	Y+3, r22	; 0x03
	DIO_errorstate LOC_STATE = DIO_ok;
    12f2:	81 e0       	ldi	r24, 0x01	; 1
    12f4:	89 83       	std	Y+1, r24	; 0x01
	/* check on givin paramter is in valid range */
	
	if( copy_port<=DIO_portD ){
    12f6:	8a 81       	ldd	r24, Y+2	; 0x02
    12f8:	84 30       	cpi	r24, 0x04	; 4
    12fa:	98 f5       	brcc	.+102    	; 0x1362 <DIO_setportdirection+0x82>
		/* check on port name */
		switch(copy_port)
    12fc:	8a 81       	ldd	r24, Y+2	; 0x02
    12fe:	28 2f       	mov	r18, r24
    1300:	30 e0       	ldi	r19, 0x00	; 0
    1302:	3d 83       	std	Y+5, r19	; 0x05
    1304:	2c 83       	std	Y+4, r18	; 0x04
    1306:	8c 81       	ldd	r24, Y+4	; 0x04
    1308:	9d 81       	ldd	r25, Y+5	; 0x05
    130a:	81 30       	cpi	r24, 0x01	; 1
    130c:	91 05       	cpc	r25, r1
    130e:	d1 f0       	breq	.+52     	; 0x1344 <DIO_setportdirection+0x64>
    1310:	2c 81       	ldd	r18, Y+4	; 0x04
    1312:	3d 81       	ldd	r19, Y+5	; 0x05
    1314:	22 30       	cpi	r18, 0x02	; 2
    1316:	31 05       	cpc	r19, r1
    1318:	2c f4       	brge	.+10     	; 0x1324 <DIO_setportdirection+0x44>
    131a:	8c 81       	ldd	r24, Y+4	; 0x04
    131c:	9d 81       	ldd	r25, Y+5	; 0x05
    131e:	00 97       	sbiw	r24, 0x00	; 0
    1320:	61 f0       	breq	.+24     	; 0x133a <DIO_setportdirection+0x5a>
    1322:	20 c0       	rjmp	.+64     	; 0x1364 <DIO_setportdirection+0x84>
    1324:	2c 81       	ldd	r18, Y+4	; 0x04
    1326:	3d 81       	ldd	r19, Y+5	; 0x05
    1328:	22 30       	cpi	r18, 0x02	; 2
    132a:	31 05       	cpc	r19, r1
    132c:	81 f0       	breq	.+32     	; 0x134e <DIO_setportdirection+0x6e>
    132e:	8c 81       	ldd	r24, Y+4	; 0x04
    1330:	9d 81       	ldd	r25, Y+5	; 0x05
    1332:	83 30       	cpi	r24, 0x03	; 3
    1334:	91 05       	cpc	r25, r1
    1336:	81 f0       	breq	.+32     	; 0x1358 <DIO_setportdirection+0x78>
    1338:	15 c0       	rjmp	.+42     	; 0x1364 <DIO_setportdirection+0x84>
		{
		case	DIO_portA : DDRA_REGISTER = copy_portdirection ; break ;
    133a:	ea e3       	ldi	r30, 0x3A	; 58
    133c:	f0 e0       	ldi	r31, 0x00	; 0
    133e:	8b 81       	ldd	r24, Y+3	; 0x03
    1340:	80 83       	st	Z, r24
    1342:	10 c0       	rjmp	.+32     	; 0x1364 <DIO_setportdirection+0x84>
		case    DIO_portB : DDRB_REGISTER = copy_portdirection ; break ;
    1344:	e7 e3       	ldi	r30, 0x37	; 55
    1346:	f0 e0       	ldi	r31, 0x00	; 0
    1348:	8b 81       	ldd	r24, Y+3	; 0x03
    134a:	80 83       	st	Z, r24
    134c:	0b c0       	rjmp	.+22     	; 0x1364 <DIO_setportdirection+0x84>
		case	DIO_portC : DDRC_REGISTER = copy_portdirection ; break ;
    134e:	e4 e3       	ldi	r30, 0x34	; 52
    1350:	f0 e0       	ldi	r31, 0x00	; 0
    1352:	8b 81       	ldd	r24, Y+3	; 0x03
    1354:	80 83       	st	Z, r24
    1356:	06 c0       	rjmp	.+12     	; 0x1364 <DIO_setportdirection+0x84>
		case    DIO_portD : DDRD_REGISTER = copy_portdirection ; break ;
    1358:	e1 e3       	ldi	r30, 0x31	; 49
    135a:	f0 e0       	ldi	r31, 0x00	; 0
    135c:	8b 81       	ldd	r24, Y+3	; 0x03
    135e:	80 83       	st	Z, r24
    1360:	01 c0       	rjmp	.+2      	; 0x1364 <DIO_setportdirection+0x84>
		}
	}
	else 
	{
		LOC_STATE =DIO_Nok;
    1362:	19 82       	std	Y+1, r1	; 0x01
	}
	return LOC_STATE ;
    1364:	89 81       	ldd	r24, Y+1	; 0x01
}
    1366:	0f 90       	pop	r0
    1368:	0f 90       	pop	r0
    136a:	0f 90       	pop	r0
    136c:	0f 90       	pop	r0
    136e:	0f 90       	pop	r0
    1370:	cf 91       	pop	r28
    1372:	df 91       	pop	r29
    1374:	08 95       	ret

00001376 <DIO_setportvalue>:

*/


DIO_errorstate DIO_setportvalue     (u8 copy_port , u8 copy_portvalue     )
{
    1376:	df 93       	push	r29
    1378:	cf 93       	push	r28
    137a:	00 d0       	rcall	.+0      	; 0x137c <DIO_setportvalue+0x6>
    137c:	00 d0       	rcall	.+0      	; 0x137e <DIO_setportvalue+0x8>
    137e:	0f 92       	push	r0
    1380:	cd b7       	in	r28, 0x3d	; 61
    1382:	de b7       	in	r29, 0x3e	; 62
    1384:	8a 83       	std	Y+2, r24	; 0x02
    1386:	6b 83       	std	Y+3, r22	; 0x03
		DIO_errorstate LOC_STATE = DIO_ok;
    1388:	81 e0       	ldi	r24, 0x01	; 1
    138a:	89 83       	std	Y+1, r24	; 0x01
	/* check on givin paramter is in valid range */
	
	if( copy_port<=DIO_portD ){
    138c:	8a 81       	ldd	r24, Y+2	; 0x02
    138e:	84 30       	cpi	r24, 0x04	; 4
    1390:	98 f5       	brcc	.+102    	; 0x13f8 <DIO_setportvalue+0x82>
		
		/* check on port name */
		switch(copy_port)
    1392:	8a 81       	ldd	r24, Y+2	; 0x02
    1394:	28 2f       	mov	r18, r24
    1396:	30 e0       	ldi	r19, 0x00	; 0
    1398:	3d 83       	std	Y+5, r19	; 0x05
    139a:	2c 83       	std	Y+4, r18	; 0x04
    139c:	8c 81       	ldd	r24, Y+4	; 0x04
    139e:	9d 81       	ldd	r25, Y+5	; 0x05
    13a0:	81 30       	cpi	r24, 0x01	; 1
    13a2:	91 05       	cpc	r25, r1
    13a4:	d1 f0       	breq	.+52     	; 0x13da <DIO_setportvalue+0x64>
    13a6:	2c 81       	ldd	r18, Y+4	; 0x04
    13a8:	3d 81       	ldd	r19, Y+5	; 0x05
    13aa:	22 30       	cpi	r18, 0x02	; 2
    13ac:	31 05       	cpc	r19, r1
    13ae:	2c f4       	brge	.+10     	; 0x13ba <DIO_setportvalue+0x44>
    13b0:	8c 81       	ldd	r24, Y+4	; 0x04
    13b2:	9d 81       	ldd	r25, Y+5	; 0x05
    13b4:	00 97       	sbiw	r24, 0x00	; 0
    13b6:	61 f0       	breq	.+24     	; 0x13d0 <DIO_setportvalue+0x5a>
    13b8:	20 c0       	rjmp	.+64     	; 0x13fa <DIO_setportvalue+0x84>
    13ba:	2c 81       	ldd	r18, Y+4	; 0x04
    13bc:	3d 81       	ldd	r19, Y+5	; 0x05
    13be:	22 30       	cpi	r18, 0x02	; 2
    13c0:	31 05       	cpc	r19, r1
    13c2:	81 f0       	breq	.+32     	; 0x13e4 <DIO_setportvalue+0x6e>
    13c4:	8c 81       	ldd	r24, Y+4	; 0x04
    13c6:	9d 81       	ldd	r25, Y+5	; 0x05
    13c8:	83 30       	cpi	r24, 0x03	; 3
    13ca:	91 05       	cpc	r25, r1
    13cc:	81 f0       	breq	.+32     	; 0x13ee <DIO_setportvalue+0x78>
    13ce:	15 c0       	rjmp	.+42     	; 0x13fa <DIO_setportvalue+0x84>
		{
		case	DIO_portA : PORTA_REGISTER = copy_portvalue ; break ;
    13d0:	eb e3       	ldi	r30, 0x3B	; 59
    13d2:	f0 e0       	ldi	r31, 0x00	; 0
    13d4:	8b 81       	ldd	r24, Y+3	; 0x03
    13d6:	80 83       	st	Z, r24
    13d8:	10 c0       	rjmp	.+32     	; 0x13fa <DIO_setportvalue+0x84>
		case    DIO_portB : PORTB_REGISTER = copy_portvalue ; break ;
    13da:	e8 e3       	ldi	r30, 0x38	; 56
    13dc:	f0 e0       	ldi	r31, 0x00	; 0
    13de:	8b 81       	ldd	r24, Y+3	; 0x03
    13e0:	80 83       	st	Z, r24
    13e2:	0b c0       	rjmp	.+22     	; 0x13fa <DIO_setportvalue+0x84>
		case	DIO_portC : PORTC_REGISTER = copy_portvalue ; break ;
    13e4:	e5 e3       	ldi	r30, 0x35	; 53
    13e6:	f0 e0       	ldi	r31, 0x00	; 0
    13e8:	8b 81       	ldd	r24, Y+3	; 0x03
    13ea:	80 83       	st	Z, r24
    13ec:	06 c0       	rjmp	.+12     	; 0x13fa <DIO_setportvalue+0x84>
		case    DIO_portD : PORTD_REGISTER = copy_portvalue ; break ;
    13ee:	e2 e3       	ldi	r30, 0x32	; 50
    13f0:	f0 e0       	ldi	r31, 0x00	; 0
    13f2:	8b 81       	ldd	r24, Y+3	; 0x03
    13f4:	80 83       	st	Z, r24
    13f6:	01 c0       	rjmp	.+2      	; 0x13fa <DIO_setportvalue+0x84>
		}
	}
	else 
	{
		LOC_STATE =DIO_Nok;
    13f8:	19 82       	std	Y+1, r1	; 0x01
	}
	return LOC_STATE ;
    13fa:	89 81       	ldd	r24, Y+1	; 0x01
}
    13fc:	0f 90       	pop	r0
    13fe:	0f 90       	pop	r0
    1400:	0f 90       	pop	r0
    1402:	0f 90       	pop	r0
    1404:	0f 90       	pop	r0
    1406:	cf 91       	pop	r28
    1408:	df 91       	pop	r29
    140a:	08 95       	ret

0000140c <DIO_getportvalue>:
	return : its statues (DIO_Nok,DIO_ok)

*/

DIO_errorstate DIO_getportvalue     (u8 copy_port , u8 * ptr_data         )
{
    140c:	df 93       	push	r29
    140e:	cf 93       	push	r28
    1410:	00 d0       	rcall	.+0      	; 0x1412 <DIO_getportvalue+0x6>
    1412:	00 d0       	rcall	.+0      	; 0x1414 <DIO_getportvalue+0x8>
    1414:	00 d0       	rcall	.+0      	; 0x1416 <DIO_getportvalue+0xa>
    1416:	cd b7       	in	r28, 0x3d	; 61
    1418:	de b7       	in	r29, 0x3e	; 62
    141a:	8a 83       	std	Y+2, r24	; 0x02
    141c:	7c 83       	std	Y+4, r23	; 0x04
    141e:	6b 83       	std	Y+3, r22	; 0x03
			DIO_errorstate LOC_STATE = DIO_ok;
    1420:	81 e0       	ldi	r24, 0x01	; 1
    1422:	89 83       	std	Y+1, r24	; 0x01
	/* check on givin paramter is in valid range */
	
	if( copy_port<=DIO_portD ){
    1424:	8a 81       	ldd	r24, Y+2	; 0x02
    1426:	84 30       	cpi	r24, 0x04	; 4
    1428:	d8 f5       	brcc	.+118    	; 0x14a0 <DIO_getportvalue+0x94>
		
		/* check on port name */
		switch(copy_port)
    142a:	8a 81       	ldd	r24, Y+2	; 0x02
    142c:	28 2f       	mov	r18, r24
    142e:	30 e0       	ldi	r19, 0x00	; 0
    1430:	3e 83       	std	Y+6, r19	; 0x06
    1432:	2d 83       	std	Y+5, r18	; 0x05
    1434:	8d 81       	ldd	r24, Y+5	; 0x05
    1436:	9e 81       	ldd	r25, Y+6	; 0x06
    1438:	81 30       	cpi	r24, 0x01	; 1
    143a:	91 05       	cpc	r25, r1
    143c:	e1 f0       	breq	.+56     	; 0x1476 <DIO_getportvalue+0x6a>
    143e:	2d 81       	ldd	r18, Y+5	; 0x05
    1440:	3e 81       	ldd	r19, Y+6	; 0x06
    1442:	22 30       	cpi	r18, 0x02	; 2
    1444:	31 05       	cpc	r19, r1
    1446:	2c f4       	brge	.+10     	; 0x1452 <DIO_getportvalue+0x46>
    1448:	8d 81       	ldd	r24, Y+5	; 0x05
    144a:	9e 81       	ldd	r25, Y+6	; 0x06
    144c:	00 97       	sbiw	r24, 0x00	; 0
    144e:	61 f0       	breq	.+24     	; 0x1468 <DIO_getportvalue+0x5c>
    1450:	28 c0       	rjmp	.+80     	; 0x14a2 <DIO_getportvalue+0x96>
    1452:	2d 81       	ldd	r18, Y+5	; 0x05
    1454:	3e 81       	ldd	r19, Y+6	; 0x06
    1456:	22 30       	cpi	r18, 0x02	; 2
    1458:	31 05       	cpc	r19, r1
    145a:	a1 f0       	breq	.+40     	; 0x1484 <DIO_getportvalue+0x78>
    145c:	8d 81       	ldd	r24, Y+5	; 0x05
    145e:	9e 81       	ldd	r25, Y+6	; 0x06
    1460:	83 30       	cpi	r24, 0x03	; 3
    1462:	91 05       	cpc	r25, r1
    1464:	b1 f0       	breq	.+44     	; 0x1492 <DIO_getportvalue+0x86>
    1466:	1d c0       	rjmp	.+58     	; 0x14a2 <DIO_getportvalue+0x96>
		{
		case	DIO_portA :  *ptr_data =    PINA_REGISTER ; break ;
    1468:	e9 e3       	ldi	r30, 0x39	; 57
    146a:	f0 e0       	ldi	r31, 0x00	; 0
    146c:	80 81       	ld	r24, Z
    146e:	eb 81       	ldd	r30, Y+3	; 0x03
    1470:	fc 81       	ldd	r31, Y+4	; 0x04
    1472:	80 83       	st	Z, r24
    1474:	16 c0       	rjmp	.+44     	; 0x14a2 <DIO_getportvalue+0x96>
		case    DIO_portB :  *ptr_data =    PINB_REGISTER ; break ;
    1476:	e6 e3       	ldi	r30, 0x36	; 54
    1478:	f0 e0       	ldi	r31, 0x00	; 0
    147a:	80 81       	ld	r24, Z
    147c:	eb 81       	ldd	r30, Y+3	; 0x03
    147e:	fc 81       	ldd	r31, Y+4	; 0x04
    1480:	80 83       	st	Z, r24
    1482:	0f c0       	rjmp	.+30     	; 0x14a2 <DIO_getportvalue+0x96>
		case	DIO_portC :  *ptr_data =    PINC_REGISTER ; break ;
    1484:	e3 e3       	ldi	r30, 0x33	; 51
    1486:	f0 e0       	ldi	r31, 0x00	; 0
    1488:	80 81       	ld	r24, Z
    148a:	eb 81       	ldd	r30, Y+3	; 0x03
    148c:	fc 81       	ldd	r31, Y+4	; 0x04
    148e:	80 83       	st	Z, r24
    1490:	08 c0       	rjmp	.+16     	; 0x14a2 <DIO_getportvalue+0x96>
		case    DIO_portD :  *ptr_data =    PIND_REGISTER ; break ;
    1492:	e0 e3       	ldi	r30, 0x30	; 48
    1494:	f0 e0       	ldi	r31, 0x00	; 0
    1496:	80 81       	ld	r24, Z
    1498:	eb 81       	ldd	r30, Y+3	; 0x03
    149a:	fc 81       	ldd	r31, Y+4	; 0x04
    149c:	80 83       	st	Z, r24
    149e:	01 c0       	rjmp	.+2      	; 0x14a2 <DIO_getportvalue+0x96>
		}
	}
	else 
	{
		LOC_STATE =DIO_Nok;
    14a0:	19 82       	std	Y+1, r1	; 0x01
	}
	return LOC_STATE ;
    14a2:	89 81       	ldd	r24, Y+1	; 0x01
}
    14a4:	26 96       	adiw	r28, 0x06	; 6
    14a6:	0f b6       	in	r0, 0x3f	; 63
    14a8:	f8 94       	cli
    14aa:	de bf       	out	0x3e, r29	; 62
    14ac:	0f be       	out	0x3f, r0	; 63
    14ae:	cd bf       	out	0x3d, r28	; 61
    14b0:	cf 91       	pop	r28
    14b2:	df 91       	pop	r29
    14b4:	08 95       	ret

000014b6 <DIO_togelportvalue>:
	return : its statues (DIO_Nok,DIO_ok)

*/

DIO_errorstate DIO_togelportvalue   (u8 copy_port                         )
{
    14b6:	df 93       	push	r29
    14b8:	cf 93       	push	r28
    14ba:	00 d0       	rcall	.+0      	; 0x14bc <DIO_togelportvalue+0x6>
    14bc:	00 d0       	rcall	.+0      	; 0x14be <DIO_togelportvalue+0x8>
    14be:	cd b7       	in	r28, 0x3d	; 61
    14c0:	de b7       	in	r29, 0x3e	; 62
    14c2:	8a 83       	std	Y+2, r24	; 0x02
			DIO_errorstate LOC_STATE = DIO_ok;
    14c4:	81 e0       	ldi	r24, 0x01	; 1
    14c6:	89 83       	std	Y+1, r24	; 0x01
	/* check on givin paramter is in valid range */
	
	if( copy_port<=DIO_portD ){
    14c8:	8a 81       	ldd	r24, Y+2	; 0x02
    14ca:	84 30       	cpi	r24, 0x04	; 4
    14cc:	08 f0       	brcs	.+2      	; 0x14d0 <DIO_togelportvalue+0x1a>
    14ce:	3f c0       	rjmp	.+126    	; 0x154e <DIO_togelportvalue+0x98>
		
		/* check on port name */
		switch(copy_port)
    14d0:	8a 81       	ldd	r24, Y+2	; 0x02
    14d2:	28 2f       	mov	r18, r24
    14d4:	30 e0       	ldi	r19, 0x00	; 0
    14d6:	3c 83       	std	Y+4, r19	; 0x04
    14d8:	2b 83       	std	Y+3, r18	; 0x03
    14da:	8b 81       	ldd	r24, Y+3	; 0x03
    14dc:	9c 81       	ldd	r25, Y+4	; 0x04
    14de:	81 30       	cpi	r24, 0x01	; 1
    14e0:	91 05       	cpc	r25, r1
    14e2:	e9 f0       	breq	.+58     	; 0x151e <DIO_togelportvalue+0x68>
    14e4:	2b 81       	ldd	r18, Y+3	; 0x03
    14e6:	3c 81       	ldd	r19, Y+4	; 0x04
    14e8:	22 30       	cpi	r18, 0x02	; 2
    14ea:	31 05       	cpc	r19, r1
    14ec:	2c f4       	brge	.+10     	; 0x14f8 <DIO_togelportvalue+0x42>
    14ee:	8b 81       	ldd	r24, Y+3	; 0x03
    14f0:	9c 81       	ldd	r25, Y+4	; 0x04
    14f2:	00 97       	sbiw	r24, 0x00	; 0
    14f4:	61 f0       	breq	.+24     	; 0x150e <DIO_togelportvalue+0x58>
    14f6:	2c c0       	rjmp	.+88     	; 0x1550 <DIO_togelportvalue+0x9a>
    14f8:	2b 81       	ldd	r18, Y+3	; 0x03
    14fa:	3c 81       	ldd	r19, Y+4	; 0x04
    14fc:	22 30       	cpi	r18, 0x02	; 2
    14fe:	31 05       	cpc	r19, r1
    1500:	b1 f0       	breq	.+44     	; 0x152e <DIO_togelportvalue+0x78>
    1502:	8b 81       	ldd	r24, Y+3	; 0x03
    1504:	9c 81       	ldd	r25, Y+4	; 0x04
    1506:	83 30       	cpi	r24, 0x03	; 3
    1508:	91 05       	cpc	r25, r1
    150a:	c9 f0       	breq	.+50     	; 0x153e <DIO_togelportvalue+0x88>
    150c:	21 c0       	rjmp	.+66     	; 0x1550 <DIO_togelportvalue+0x9a>
		{
		case	DIO_portA :  PORTA_REGISTER =   ~ PORTA_REGISTER ; break ;
    150e:	ab e3       	ldi	r26, 0x3B	; 59
    1510:	b0 e0       	ldi	r27, 0x00	; 0
    1512:	eb e3       	ldi	r30, 0x3B	; 59
    1514:	f0 e0       	ldi	r31, 0x00	; 0
    1516:	80 81       	ld	r24, Z
    1518:	80 95       	com	r24
    151a:	8c 93       	st	X, r24
    151c:	19 c0       	rjmp	.+50     	; 0x1550 <DIO_togelportvalue+0x9a>
		case    DIO_portB :  PORTB_REGISTER =   ~ PORTB_REGISTER ; break ;
    151e:	a8 e3       	ldi	r26, 0x38	; 56
    1520:	b0 e0       	ldi	r27, 0x00	; 0
    1522:	e8 e3       	ldi	r30, 0x38	; 56
    1524:	f0 e0       	ldi	r31, 0x00	; 0
    1526:	80 81       	ld	r24, Z
    1528:	80 95       	com	r24
    152a:	8c 93       	st	X, r24
    152c:	11 c0       	rjmp	.+34     	; 0x1550 <DIO_togelportvalue+0x9a>
		case	DIO_portC :  PORTC_REGISTER =   ~ PORTC_REGISTER ; break ;
    152e:	a5 e3       	ldi	r26, 0x35	; 53
    1530:	b0 e0       	ldi	r27, 0x00	; 0
    1532:	e5 e3       	ldi	r30, 0x35	; 53
    1534:	f0 e0       	ldi	r31, 0x00	; 0
    1536:	80 81       	ld	r24, Z
    1538:	80 95       	com	r24
    153a:	8c 93       	st	X, r24
    153c:	09 c0       	rjmp	.+18     	; 0x1550 <DIO_togelportvalue+0x9a>
		case    DIO_portD :  PORTD_REGISTER =   ~ PORTD_REGISTER ; break ;
    153e:	a2 e3       	ldi	r26, 0x32	; 50
    1540:	b0 e0       	ldi	r27, 0x00	; 0
    1542:	e2 e3       	ldi	r30, 0x32	; 50
    1544:	f0 e0       	ldi	r31, 0x00	; 0
    1546:	80 81       	ld	r24, Z
    1548:	80 95       	com	r24
    154a:	8c 93       	st	X, r24
    154c:	01 c0       	rjmp	.+2      	; 0x1550 <DIO_togelportvalue+0x9a>
		}
	}
	else 
	{
		LOC_STATE =DIO_Nok;
    154e:	19 82       	std	Y+1, r1	; 0x01
	}
	return LOC_STATE ;
    1550:	89 81       	ldd	r24, Y+1	; 0x01
}
    1552:	0f 90       	pop	r0
    1554:	0f 90       	pop	r0
    1556:	0f 90       	pop	r0
    1558:	0f 90       	pop	r0
    155a:	cf 91       	pop	r28
    155c:	df 91       	pop	r29
    155e:	08 95       	ret

00001560 <DIO_writehighnibles>:

*/


DIO_errorstate DIO_writehighnibles (u8 copy_port , u8 copy_value )
{
    1560:	df 93       	push	r29
    1562:	cf 93       	push	r28
    1564:	00 d0       	rcall	.+0      	; 0x1566 <DIO_writehighnibles+0x6>
    1566:	00 d0       	rcall	.+0      	; 0x1568 <DIO_writehighnibles+0x8>
    1568:	0f 92       	push	r0
    156a:	cd b7       	in	r28, 0x3d	; 61
    156c:	de b7       	in	r29, 0x3e	; 62
    156e:	8a 83       	std	Y+2, r24	; 0x02
    1570:	6b 83       	std	Y+3, r22	; 0x03
				DIO_errorstate LOC_STATE = DIO_ok;
    1572:	81 e0       	ldi	r24, 0x01	; 1
    1574:	89 83       	std	Y+1, r24	; 0x01
	/* check on givin paramter is in valid range */
	
	if( copy_port<=DIO_portD ){
    1576:	8a 81       	ldd	r24, Y+2	; 0x02
    1578:	84 30       	cpi	r24, 0x04	; 4
    157a:	08 f0       	brcs	.+2      	; 0x157e <DIO_writehighnibles+0x1e>
    157c:	4f c0       	rjmp	.+158    	; 0x161c <DIO_writehighnibles+0xbc>
		copy_value = (copy_value<<4);
    157e:	8b 81       	ldd	r24, Y+3	; 0x03
    1580:	82 95       	swap	r24
    1582:	80 7f       	andi	r24, 0xF0	; 240
    1584:	8b 83       	std	Y+3, r24	; 0x03
		/* check on port name */
		switch(copy_port)
    1586:	8a 81       	ldd	r24, Y+2	; 0x02
    1588:	28 2f       	mov	r18, r24
    158a:	30 e0       	ldi	r19, 0x00	; 0
    158c:	3d 83       	std	Y+5, r19	; 0x05
    158e:	2c 83       	std	Y+4, r18	; 0x04
    1590:	8c 81       	ldd	r24, Y+4	; 0x04
    1592:	9d 81       	ldd	r25, Y+5	; 0x05
    1594:	81 30       	cpi	r24, 0x01	; 1
    1596:	91 05       	cpc	r25, r1
    1598:	01 f1       	breq	.+64     	; 0x15da <DIO_writehighnibles+0x7a>
    159a:	2c 81       	ldd	r18, Y+4	; 0x04
    159c:	3d 81       	ldd	r19, Y+5	; 0x05
    159e:	22 30       	cpi	r18, 0x02	; 2
    15a0:	31 05       	cpc	r19, r1
    15a2:	2c f4       	brge	.+10     	; 0x15ae <DIO_writehighnibles+0x4e>
    15a4:	8c 81       	ldd	r24, Y+4	; 0x04
    15a6:	9d 81       	ldd	r25, Y+5	; 0x05
    15a8:	00 97       	sbiw	r24, 0x00	; 0
    15aa:	61 f0       	breq	.+24     	; 0x15c4 <DIO_writehighnibles+0x64>
    15ac:	38 c0       	rjmp	.+112    	; 0x161e <DIO_writehighnibles+0xbe>
    15ae:	2c 81       	ldd	r18, Y+4	; 0x04
    15b0:	3d 81       	ldd	r19, Y+5	; 0x05
    15b2:	22 30       	cpi	r18, 0x02	; 2
    15b4:	31 05       	cpc	r19, r1
    15b6:	e1 f0       	breq	.+56     	; 0x15f0 <DIO_writehighnibles+0x90>
    15b8:	8c 81       	ldd	r24, Y+4	; 0x04
    15ba:	9d 81       	ldd	r25, Y+5	; 0x05
    15bc:	83 30       	cpi	r24, 0x03	; 3
    15be:	91 05       	cpc	r25, r1
    15c0:	11 f1       	breq	.+68     	; 0x1606 <DIO_writehighnibles+0xa6>
    15c2:	2d c0       	rjmp	.+90     	; 0x161e <DIO_writehighnibles+0xbe>
		{
		case	DIO_portA :  PORTA_REGISTER = ((PORTA_REGISTER & 0x0f )|(copy_value)) ; break ;
    15c4:	ab e3       	ldi	r26, 0x3B	; 59
    15c6:	b0 e0       	ldi	r27, 0x00	; 0
    15c8:	eb e3       	ldi	r30, 0x3B	; 59
    15ca:	f0 e0       	ldi	r31, 0x00	; 0
    15cc:	80 81       	ld	r24, Z
    15ce:	98 2f       	mov	r25, r24
    15d0:	9f 70       	andi	r25, 0x0F	; 15
    15d2:	8b 81       	ldd	r24, Y+3	; 0x03
    15d4:	89 2b       	or	r24, r25
    15d6:	8c 93       	st	X, r24
    15d8:	22 c0       	rjmp	.+68     	; 0x161e <DIO_writehighnibles+0xbe>
		case    DIO_portB :  PORTB_REGISTER = ((PORTB_REGISTER & 0x0f )|(copy_value)) ; break ;
    15da:	a8 e3       	ldi	r26, 0x38	; 56
    15dc:	b0 e0       	ldi	r27, 0x00	; 0
    15de:	e8 e3       	ldi	r30, 0x38	; 56
    15e0:	f0 e0       	ldi	r31, 0x00	; 0
    15e2:	80 81       	ld	r24, Z
    15e4:	98 2f       	mov	r25, r24
    15e6:	9f 70       	andi	r25, 0x0F	; 15
    15e8:	8b 81       	ldd	r24, Y+3	; 0x03
    15ea:	89 2b       	or	r24, r25
    15ec:	8c 93       	st	X, r24
    15ee:	17 c0       	rjmp	.+46     	; 0x161e <DIO_writehighnibles+0xbe>
		case	DIO_portC :  PORTC_REGISTER = ((PORTC_REGISTER & 0x0f )|(copy_value)) ; break ;
    15f0:	a5 e3       	ldi	r26, 0x35	; 53
    15f2:	b0 e0       	ldi	r27, 0x00	; 0
    15f4:	e5 e3       	ldi	r30, 0x35	; 53
    15f6:	f0 e0       	ldi	r31, 0x00	; 0
    15f8:	80 81       	ld	r24, Z
    15fa:	98 2f       	mov	r25, r24
    15fc:	9f 70       	andi	r25, 0x0F	; 15
    15fe:	8b 81       	ldd	r24, Y+3	; 0x03
    1600:	89 2b       	or	r24, r25
    1602:	8c 93       	st	X, r24
    1604:	0c c0       	rjmp	.+24     	; 0x161e <DIO_writehighnibles+0xbe>
		case    DIO_portD :  PORTD_REGISTER = ((PORTD_REGISTER & 0x0f )|(copy_value)) ; break ;
    1606:	a2 e3       	ldi	r26, 0x32	; 50
    1608:	b0 e0       	ldi	r27, 0x00	; 0
    160a:	e2 e3       	ldi	r30, 0x32	; 50
    160c:	f0 e0       	ldi	r31, 0x00	; 0
    160e:	80 81       	ld	r24, Z
    1610:	98 2f       	mov	r25, r24
    1612:	9f 70       	andi	r25, 0x0F	; 15
    1614:	8b 81       	ldd	r24, Y+3	; 0x03
    1616:	89 2b       	or	r24, r25
    1618:	8c 93       	st	X, r24
    161a:	01 c0       	rjmp	.+2      	; 0x161e <DIO_writehighnibles+0xbe>
		}
	}
	else 
	{
		LOC_STATE =DIO_Nok;
    161c:	19 82       	std	Y+1, r1	; 0x01
	}
	return LOC_STATE ;
    161e:	89 81       	ldd	r24, Y+1	; 0x01
}
    1620:	0f 90       	pop	r0
    1622:	0f 90       	pop	r0
    1624:	0f 90       	pop	r0
    1626:	0f 90       	pop	r0
    1628:	0f 90       	pop	r0
    162a:	cf 91       	pop	r28
    162c:	df 91       	pop	r29
    162e:	08 95       	ret

00001630 <DIO_writelownibles>:




DIO_errorstate DIO_writelownibles  (u8 copy_port , u8 copy_value )
{
    1630:	df 93       	push	r29
    1632:	cf 93       	push	r28
    1634:	00 d0       	rcall	.+0      	; 0x1636 <DIO_writelownibles+0x6>
    1636:	00 d0       	rcall	.+0      	; 0x1638 <DIO_writelownibles+0x8>
    1638:	0f 92       	push	r0
    163a:	cd b7       	in	r28, 0x3d	; 61
    163c:	de b7       	in	r29, 0x3e	; 62
    163e:	8a 83       	std	Y+2, r24	; 0x02
    1640:	6b 83       	std	Y+3, r22	; 0x03
				DIO_errorstate LOC_STATE = DIO_ok;
    1642:	81 e0       	ldi	r24, 0x01	; 1
    1644:	89 83       	std	Y+1, r24	; 0x01
	/* check on givin paramter is in valid range */
	
	if( copy_port<=DIO_portD ){
    1646:	8a 81       	ldd	r24, Y+2	; 0x02
    1648:	84 30       	cpi	r24, 0x04	; 4
    164a:	08 f0       	brcs	.+2      	; 0x164e <DIO_writelownibles+0x1e>
    164c:	4e c0       	rjmp	.+156    	; 0x16ea <DIO_writelownibles+0xba>
		copy_value = (copy_value&0x0f);
    164e:	8b 81       	ldd	r24, Y+3	; 0x03
    1650:	8f 70       	andi	r24, 0x0F	; 15
    1652:	8b 83       	std	Y+3, r24	; 0x03
		/* check on port name */
		switch(copy_port)
    1654:	8a 81       	ldd	r24, Y+2	; 0x02
    1656:	28 2f       	mov	r18, r24
    1658:	30 e0       	ldi	r19, 0x00	; 0
    165a:	3d 83       	std	Y+5, r19	; 0x05
    165c:	2c 83       	std	Y+4, r18	; 0x04
    165e:	8c 81       	ldd	r24, Y+4	; 0x04
    1660:	9d 81       	ldd	r25, Y+5	; 0x05
    1662:	81 30       	cpi	r24, 0x01	; 1
    1664:	91 05       	cpc	r25, r1
    1666:	01 f1       	breq	.+64     	; 0x16a8 <DIO_writelownibles+0x78>
    1668:	2c 81       	ldd	r18, Y+4	; 0x04
    166a:	3d 81       	ldd	r19, Y+5	; 0x05
    166c:	22 30       	cpi	r18, 0x02	; 2
    166e:	31 05       	cpc	r19, r1
    1670:	2c f4       	brge	.+10     	; 0x167c <DIO_writelownibles+0x4c>
    1672:	8c 81       	ldd	r24, Y+4	; 0x04
    1674:	9d 81       	ldd	r25, Y+5	; 0x05
    1676:	00 97       	sbiw	r24, 0x00	; 0
    1678:	61 f0       	breq	.+24     	; 0x1692 <DIO_writelownibles+0x62>
    167a:	38 c0       	rjmp	.+112    	; 0x16ec <DIO_writelownibles+0xbc>
    167c:	2c 81       	ldd	r18, Y+4	; 0x04
    167e:	3d 81       	ldd	r19, Y+5	; 0x05
    1680:	22 30       	cpi	r18, 0x02	; 2
    1682:	31 05       	cpc	r19, r1
    1684:	e1 f0       	breq	.+56     	; 0x16be <DIO_writelownibles+0x8e>
    1686:	8c 81       	ldd	r24, Y+4	; 0x04
    1688:	9d 81       	ldd	r25, Y+5	; 0x05
    168a:	83 30       	cpi	r24, 0x03	; 3
    168c:	91 05       	cpc	r25, r1
    168e:	11 f1       	breq	.+68     	; 0x16d4 <DIO_writelownibles+0xa4>
    1690:	2d c0       	rjmp	.+90     	; 0x16ec <DIO_writelownibles+0xbc>
		{
		case	DIO_portA :  PORTA_REGISTER = ((PORTA_REGISTER & 0xf0 )|(copy_value)) ; break ;
    1692:	ab e3       	ldi	r26, 0x3B	; 59
    1694:	b0 e0       	ldi	r27, 0x00	; 0
    1696:	eb e3       	ldi	r30, 0x3B	; 59
    1698:	f0 e0       	ldi	r31, 0x00	; 0
    169a:	80 81       	ld	r24, Z
    169c:	98 2f       	mov	r25, r24
    169e:	90 7f       	andi	r25, 0xF0	; 240
    16a0:	8b 81       	ldd	r24, Y+3	; 0x03
    16a2:	89 2b       	or	r24, r25
    16a4:	8c 93       	st	X, r24
    16a6:	22 c0       	rjmp	.+68     	; 0x16ec <DIO_writelownibles+0xbc>
		case    DIO_portB :  PORTB_REGISTER = ((PORTB_REGISTER & 0xf0 )|(copy_value)) ; break ;
    16a8:	a8 e3       	ldi	r26, 0x38	; 56
    16aa:	b0 e0       	ldi	r27, 0x00	; 0
    16ac:	e8 e3       	ldi	r30, 0x38	; 56
    16ae:	f0 e0       	ldi	r31, 0x00	; 0
    16b0:	80 81       	ld	r24, Z
    16b2:	98 2f       	mov	r25, r24
    16b4:	90 7f       	andi	r25, 0xF0	; 240
    16b6:	8b 81       	ldd	r24, Y+3	; 0x03
    16b8:	89 2b       	or	r24, r25
    16ba:	8c 93       	st	X, r24
    16bc:	17 c0       	rjmp	.+46     	; 0x16ec <DIO_writelownibles+0xbc>
		case	DIO_portC :  PORTC_REGISTER = ((PORTC_REGISTER & 0xf0 )|(copy_value)) ; break ;
    16be:	a5 e3       	ldi	r26, 0x35	; 53
    16c0:	b0 e0       	ldi	r27, 0x00	; 0
    16c2:	e5 e3       	ldi	r30, 0x35	; 53
    16c4:	f0 e0       	ldi	r31, 0x00	; 0
    16c6:	80 81       	ld	r24, Z
    16c8:	98 2f       	mov	r25, r24
    16ca:	90 7f       	andi	r25, 0xF0	; 240
    16cc:	8b 81       	ldd	r24, Y+3	; 0x03
    16ce:	89 2b       	or	r24, r25
    16d0:	8c 93       	st	X, r24
    16d2:	0c c0       	rjmp	.+24     	; 0x16ec <DIO_writelownibles+0xbc>
		case    DIO_portD :  PORTD_REGISTER = ((PORTD_REGISTER & 0xf0 )|(copy_value)) ; break ;
    16d4:	a2 e3       	ldi	r26, 0x32	; 50
    16d6:	b0 e0       	ldi	r27, 0x00	; 0
    16d8:	e2 e3       	ldi	r30, 0x32	; 50
    16da:	f0 e0       	ldi	r31, 0x00	; 0
    16dc:	80 81       	ld	r24, Z
    16de:	98 2f       	mov	r25, r24
    16e0:	90 7f       	andi	r25, 0xF0	; 240
    16e2:	8b 81       	ldd	r24, Y+3	; 0x03
    16e4:	89 2b       	or	r24, r25
    16e6:	8c 93       	st	X, r24
    16e8:	01 c0       	rjmp	.+2      	; 0x16ec <DIO_writelownibles+0xbc>
		}
	}
	else 
	{
		LOC_STATE =DIO_Nok;
    16ea:	19 82       	std	Y+1, r1	; 0x01
	}
	return LOC_STATE ;
    16ec:	89 81       	ldd	r24, Y+1	; 0x01
}
    16ee:	0f 90       	pop	r0
    16f0:	0f 90       	pop	r0
    16f2:	0f 90       	pop	r0
    16f4:	0f 90       	pop	r0
    16f6:	0f 90       	pop	r0
    16f8:	cf 91       	pop	r28
    16fa:	df 91       	pop	r29
    16fc:	08 95       	ret

000016fe <LED_init>:
#include "DIO_interface.h"
#include "LED_interface.h"


void LED_init (LED_TYPE led_config)
{
    16fe:	df 93       	push	r29
    1700:	cf 93       	push	r28
    1702:	00 d0       	rcall	.+0      	; 0x1704 <LED_init+0x6>
    1704:	0f 92       	push	r0
    1706:	cd b7       	in	r28, 0x3d	; 61
    1708:	de b7       	in	r29, 0x3e	; 62
    170a:	69 83       	std	Y+1, r22	; 0x01
    170c:	7a 83       	std	Y+2, r23	; 0x02
    170e:	8b 83       	std	Y+3, r24	; 0x03
	DIO_setpindirection(led_config.port,led_config.pin,DIO_pin_output);
    1710:	89 81       	ldd	r24, Y+1	; 0x01
    1712:	9a 81       	ldd	r25, Y+2	; 0x02
    1714:	69 2f       	mov	r22, r25
    1716:	41 e0       	ldi	r20, 0x01	; 1
    1718:	0e 94 02 06 	call	0xc04	; 0xc04 <DIO_setpindirection>
}
    171c:	0f 90       	pop	r0
    171e:	0f 90       	pop	r0
    1720:	0f 90       	pop	r0
    1722:	cf 91       	pop	r28
    1724:	df 91       	pop	r29
    1726:	08 95       	ret

00001728 <LED_turnon>:


void LED_turnon (LED_TYPE led_config){
    1728:	df 93       	push	r29
    172a:	cf 93       	push	r28
    172c:	00 d0       	rcall	.+0      	; 0x172e <LED_turnon+0x6>
    172e:	0f 92       	push	r0
    1730:	cd b7       	in	r28, 0x3d	; 61
    1732:	de b7       	in	r29, 0x3e	; 62
    1734:	69 83       	std	Y+1, r22	; 0x01
    1736:	7a 83       	std	Y+2, r23	; 0x02
    1738:	8b 83       	std	Y+3, r24	; 0x03
	if(led_config.active_state==0){
    173a:	8b 81       	ldd	r24, Y+3	; 0x03
    173c:	88 23       	and	r24, r24
    173e:	39 f4       	brne	.+14     	; 0x174e <LED_turnon+0x26>
		DIO_setpinvalue(led_config.port,led_config.pin,PIN_LOW);
    1740:	89 81       	ldd	r24, Y+1	; 0x01
    1742:	9a 81       	ldd	r25, Y+2	; 0x02
    1744:	69 2f       	mov	r22, r25
    1746:	40 e0       	ldi	r20, 0x00	; 0
    1748:	0e 94 11 07 	call	0xe22	; 0xe22 <DIO_setpinvalue>
    174c:	06 c0       	rjmp	.+12     	; 0x175a <LED_turnon+0x32>
	}
	else {
	DIO_setpinvalue(led_config.port,led_config.pin,PIN_HIGH);
    174e:	89 81       	ldd	r24, Y+1	; 0x01
    1750:	9a 81       	ldd	r25, Y+2	; 0x02
    1752:	69 2f       	mov	r22, r25
    1754:	41 e0       	ldi	r20, 0x01	; 1
    1756:	0e 94 11 07 	call	0xe22	; 0xe22 <DIO_setpinvalue>
}
}
    175a:	0f 90       	pop	r0
    175c:	0f 90       	pop	r0
    175e:	0f 90       	pop	r0
    1760:	cf 91       	pop	r28
    1762:	df 91       	pop	r29
    1764:	08 95       	ret

00001766 <LED_turnoff>:

void LED_turnoff (LED_TYPE led_config)
{
    1766:	df 93       	push	r29
    1768:	cf 93       	push	r28
    176a:	00 d0       	rcall	.+0      	; 0x176c <LED_turnoff+0x6>
    176c:	0f 92       	push	r0
    176e:	cd b7       	in	r28, 0x3d	; 61
    1770:	de b7       	in	r29, 0x3e	; 62
    1772:	69 83       	std	Y+1, r22	; 0x01
    1774:	7a 83       	std	Y+2, r23	; 0x02
    1776:	8b 83       	std	Y+3, r24	; 0x03
	if(led_config.active_state==0){
    1778:	8b 81       	ldd	r24, Y+3	; 0x03
    177a:	88 23       	and	r24, r24
    177c:	39 f4       	brne	.+14     	; 0x178c <LED_turnoff+0x26>
		DIO_setpinvalue(led_config.port,led_config.pin,PIN_HIGH);
    177e:	89 81       	ldd	r24, Y+1	; 0x01
    1780:	9a 81       	ldd	r25, Y+2	; 0x02
    1782:	69 2f       	mov	r22, r25
    1784:	41 e0       	ldi	r20, 0x01	; 1
    1786:	0e 94 11 07 	call	0xe22	; 0xe22 <DIO_setpinvalue>
    178a:	06 c0       	rjmp	.+12     	; 0x1798 <LED_turnoff+0x32>
	}else{
	DIO_setpinvalue(led_config.port,led_config.pin,PIN_LOW);
    178c:	89 81       	ldd	r24, Y+1	; 0x01
    178e:	9a 81       	ldd	r25, Y+2	; 0x02
    1790:	69 2f       	mov	r22, r25
    1792:	40 e0       	ldi	r20, 0x00	; 0
    1794:	0e 94 11 07 	call	0xe22	; 0xe22 <DIO_setpinvalue>
}
}
    1798:	0f 90       	pop	r0
    179a:	0f 90       	pop	r0
    179c:	0f 90       	pop	r0
    179e:	cf 91       	pop	r28
    17a0:	df 91       	pop	r29
    17a2:	08 95       	ret

000017a4 <LED_togel>:

void LED_togel (LED_TYPE led_config)
{
    17a4:	df 93       	push	r29
    17a6:	cf 93       	push	r28
    17a8:	00 d0       	rcall	.+0      	; 0x17aa <LED_togel+0x6>
    17aa:	0f 92       	push	r0
    17ac:	cd b7       	in	r28, 0x3d	; 61
    17ae:	de b7       	in	r29, 0x3e	; 62
    17b0:	69 83       	std	Y+1, r22	; 0x01
    17b2:	7a 83       	std	Y+2, r23	; 0x02
    17b4:	8b 83       	std	Y+3, r24	; 0x03
	DIO_togelpinvalue(led_config.port,led_config.pin);
    17b6:	89 81       	ldd	r24, Y+1	; 0x01
    17b8:	9a 81       	ldd	r25, Y+2	; 0x02
    17ba:	69 2f       	mov	r22, r25
    17bc:	0e 94 e4 08 	call	0x11c8	; 0x11c8 <DIO_togelpinvalue>
}
    17c0:	0f 90       	pop	r0
    17c2:	0f 90       	pop	r0
    17c4:	0f 90       	pop	r0
    17c6:	cf 91       	pop	r28
    17c8:	df 91       	pop	r29
    17ca:	08 95       	ret

000017cc <SSD_init>:
#include "SSD_private.h"

static u8 SSDnum[10]=SSD_NUM;
//static u8 SSDletters [8]=SSD_LETTERS;
void SSD_init (SSD_Type SSD_config)
{
    17cc:	df 93       	push	r29
    17ce:	cf 93       	push	r28
    17d0:	00 d0       	rcall	.+0      	; 0x17d2 <SSD_init+0x6>
    17d2:	00 d0       	rcall	.+0      	; 0x17d4 <SSD_init+0x8>
    17d4:	cd b7       	in	r28, 0x3d	; 61
    17d6:	de b7       	in	r29, 0x3e	; 62
    17d8:	69 83       	std	Y+1, r22	; 0x01
    17da:	7a 83       	std	Y+2, r23	; 0x02
    17dc:	8b 83       	std	Y+3, r24	; 0x03
    17de:	9c 83       	std	Y+4, r25	; 0x04
	DIO_setportdirection(SSD_config.ssd_port,DIO_PORT_OUTPUT);
    17e0:	8a 81       	ldd	r24, Y+2	; 0x02
    17e2:	6f ef       	ldi	r22, 0xFF	; 255
    17e4:	0e 94 70 09 	call	0x12e0	; 0x12e0 <DIO_setportdirection>
	DIO_setpindirection(SSD_config.enable_port,SSD_config.enable_pin,DIO_pin_output);
    17e8:	8b 81       	ldd	r24, Y+3	; 0x03
    17ea:	9c 81       	ldd	r25, Y+4	; 0x04
    17ec:	69 2f       	mov	r22, r25
    17ee:	41 e0       	ldi	r20, 0x01	; 1
    17f0:	0e 94 02 06 	call	0xc04	; 0xc04 <DIO_setpindirection>
}
    17f4:	0f 90       	pop	r0
    17f6:	0f 90       	pop	r0
    17f8:	0f 90       	pop	r0
    17fa:	0f 90       	pop	r0
    17fc:	cf 91       	pop	r28
    17fe:	df 91       	pop	r29
    1800:	08 95       	ret

00001802 <SSD_enable>:


void SSD_enable (SSD_Type SSD_config){
    1802:	df 93       	push	r29
    1804:	cf 93       	push	r28
    1806:	00 d0       	rcall	.+0      	; 0x1808 <SSD_enable+0x6>
    1808:	00 d0       	rcall	.+0      	; 0x180a <SSD_enable+0x8>
    180a:	cd b7       	in	r28, 0x3d	; 61
    180c:	de b7       	in	r29, 0x3e	; 62
    180e:	69 83       	std	Y+1, r22	; 0x01
    1810:	7a 83       	std	Y+2, r23	; 0x02
    1812:	8b 83       	std	Y+3, r24	; 0x03
    1814:	9c 83       	std	Y+4, r25	; 0x04
	if(SSD_config.ssd_type==SSD_COMMON_CATHODE){
    1816:	89 81       	ldd	r24, Y+1	; 0x01
    1818:	88 23       	and	r24, r24
    181a:	39 f4       	brne	.+14     	; 0x182a <SSD_enable+0x28>
		DIO_setpinvalue(SSD_config.enable_port,SSD_config.enable_pin,PIN_LOW);
    181c:	8b 81       	ldd	r24, Y+3	; 0x03
    181e:	9c 81       	ldd	r25, Y+4	; 0x04
    1820:	69 2f       	mov	r22, r25
    1822:	40 e0       	ldi	r20, 0x00	; 0
    1824:	0e 94 11 07 	call	0xe22	; 0xe22 <DIO_setpinvalue>
    1828:	06 c0       	rjmp	.+12     	; 0x1836 <SSD_enable+0x34>
	}
	else {
	DIO_setpinvalue(SSD_config.enable_port,SSD_config.enable_pin,PIN_HIGH);
    182a:	8b 81       	ldd	r24, Y+3	; 0x03
    182c:	9c 81       	ldd	r25, Y+4	; 0x04
    182e:	69 2f       	mov	r22, r25
    1830:	41 e0       	ldi	r20, 0x01	; 1
    1832:	0e 94 11 07 	call	0xe22	; 0xe22 <DIO_setpinvalue>
}
}
    1836:	0f 90       	pop	r0
    1838:	0f 90       	pop	r0
    183a:	0f 90       	pop	r0
    183c:	0f 90       	pop	r0
    183e:	cf 91       	pop	r28
    1840:	df 91       	pop	r29
    1842:	08 95       	ret

00001844 <SSD_disable>:

void SSD_disable (SSD_Type SSD_config)
{
    1844:	df 93       	push	r29
    1846:	cf 93       	push	r28
    1848:	00 d0       	rcall	.+0      	; 0x184a <SSD_disable+0x6>
    184a:	00 d0       	rcall	.+0      	; 0x184c <SSD_disable+0x8>
    184c:	cd b7       	in	r28, 0x3d	; 61
    184e:	de b7       	in	r29, 0x3e	; 62
    1850:	69 83       	std	Y+1, r22	; 0x01
    1852:	7a 83       	std	Y+2, r23	; 0x02
    1854:	8b 83       	std	Y+3, r24	; 0x03
    1856:	9c 83       	std	Y+4, r25	; 0x04
if(SSD_config.ssd_type==SSD_COMMON_CATHODE){
    1858:	89 81       	ldd	r24, Y+1	; 0x01
    185a:	88 23       	and	r24, r24
    185c:	39 f4       	brne	.+14     	; 0x186c <SSD_disable+0x28>
		DIO_setpinvalue(SSD_config.enable_port,SSD_config.enable_pin,PIN_HIGH);
    185e:	8b 81       	ldd	r24, Y+3	; 0x03
    1860:	9c 81       	ldd	r25, Y+4	; 0x04
    1862:	69 2f       	mov	r22, r25
    1864:	41 e0       	ldi	r20, 0x01	; 1
    1866:	0e 94 11 07 	call	0xe22	; 0xe22 <DIO_setpinvalue>
    186a:	06 c0       	rjmp	.+12     	; 0x1878 <SSD_disable+0x34>
	}
	else {
	DIO_setpinvalue(SSD_config.enable_port,SSD_config.enable_pin,PIN_LOW);
    186c:	8b 81       	ldd	r24, Y+3	; 0x03
    186e:	9c 81       	ldd	r25, Y+4	; 0x04
    1870:	69 2f       	mov	r22, r25
    1872:	40 e0       	ldi	r20, 0x00	; 0
    1874:	0e 94 11 07 	call	0xe22	; 0xe22 <DIO_setpinvalue>
}
}
    1878:	0f 90       	pop	r0
    187a:	0f 90       	pop	r0
    187c:	0f 90       	pop	r0
    187e:	0f 90       	pop	r0
    1880:	cf 91       	pop	r28
    1882:	df 91       	pop	r29
    1884:	08 95       	ret

00001886 <SSD_sendnumber>:

void SSD_sendnumber (SSD_Type SSD_config,u8 copy_number)
{
    1886:	df 93       	push	r29
    1888:	cf 93       	push	r28
    188a:	00 d0       	rcall	.+0      	; 0x188c <SSD_sendnumber+0x6>
    188c:	00 d0       	rcall	.+0      	; 0x188e <SSD_sendnumber+0x8>
    188e:	0f 92       	push	r0
    1890:	cd b7       	in	r28, 0x3d	; 61
    1892:	de b7       	in	r29, 0x3e	; 62
    1894:	69 83       	std	Y+1, r22	; 0x01
    1896:	7a 83       	std	Y+2, r23	; 0x02
    1898:	8b 83       	std	Y+3, r24	; 0x03
    189a:	9c 83       	std	Y+4, r25	; 0x04
    189c:	4d 83       	std	Y+5, r20	; 0x05
	if(SSD_config.ssd_type == SSD_COMMON_CATHODE ){
    189e:	89 81       	ldd	r24, Y+1	; 0x01
    18a0:	88 23       	and	r24, r24
    18a2:	69 f4       	brne	.+26     	; 0x18be <SSD_sendnumber+0x38>
	DIO_setportvalue(SSD_config.ssd_port,SSDnum[copy_number]);
    18a4:	2a 81       	ldd	r18, Y+2	; 0x02
    18a6:	8d 81       	ldd	r24, Y+5	; 0x05
    18a8:	88 2f       	mov	r24, r24
    18aa:	90 e0       	ldi	r25, 0x00	; 0
    18ac:	fc 01       	movw	r30, r24
    18ae:	e8 59       	subi	r30, 0x98	; 152
    18b0:	ff 4f       	sbci	r31, 0xFF	; 255
    18b2:	90 81       	ld	r25, Z
    18b4:	82 2f       	mov	r24, r18
    18b6:	69 2f       	mov	r22, r25
    18b8:	0e 94 bb 09 	call	0x1376	; 0x1376 <DIO_setportvalue>
    18bc:	11 c0       	rjmp	.+34     	; 0x18e0 <SSD_sendnumber+0x5a>
	}
	
	else if(SSD_config.ssd_type == SSD_COMMON_ANODE ){
    18be:	89 81       	ldd	r24, Y+1	; 0x01
    18c0:	81 30       	cpi	r24, 0x01	; 1
    18c2:	71 f4       	brne	.+28     	; 0x18e0 <SSD_sendnumber+0x5a>
	DIO_setportvalue(SSD_config.ssd_port,~(SSDnum[copy_number]));
    18c4:	2a 81       	ldd	r18, Y+2	; 0x02
    18c6:	8d 81       	ldd	r24, Y+5	; 0x05
    18c8:	88 2f       	mov	r24, r24
    18ca:	90 e0       	ldi	r25, 0x00	; 0
    18cc:	fc 01       	movw	r30, r24
    18ce:	e8 59       	subi	r30, 0x98	; 152
    18d0:	ff 4f       	sbci	r31, 0xFF	; 255
    18d2:	80 81       	ld	r24, Z
    18d4:	98 2f       	mov	r25, r24
    18d6:	90 95       	com	r25
    18d8:	82 2f       	mov	r24, r18
    18da:	69 2f       	mov	r22, r25
    18dc:	0e 94 bb 09 	call	0x1376	; 0x1376 <DIO_setportvalue>
	}
	
}
    18e0:	0f 90       	pop	r0
    18e2:	0f 90       	pop	r0
    18e4:	0f 90       	pop	r0
    18e6:	0f 90       	pop	r0
    18e8:	0f 90       	pop	r0
    18ea:	cf 91       	pop	r28
    18ec:	df 91       	pop	r29
    18ee:	08 95       	ret

000018f0 <main>:
#include"DIO_interface.h"
#include"LED_interface.h"

#include <util/delay.h>

void main(){
    18f0:	df 93       	push	r29
    18f2:	cf 93       	push	r28
    18f4:	cd b7       	in	r28, 0x3d	; 61
    18f6:	de b7       	in	r29, 0x3e	; 62
    18f8:	cb 54       	subi	r28, 0x4B	; 75
    18fa:	d0 40       	sbci	r29, 0x00	; 0
    18fc:	0f b6       	in	r0, 0x3f	; 63
    18fe:	f8 94       	cli
    1900:	de bf       	out	0x3e, r29	; 62
    1902:	0f be       	out	0x3f, r0	; 63
    1904:	cd bf       	out	0x3d, r28	; 61
	LED_TYPE led[]={ {LED_PORTA,LED_PIN0,LED_ACTIVE_HIGH},{LED_PORTA,LED_PIN1,LED_ACTIVE_HIGH},
			{LED_PORTA,LED_PIN2,LED_ACTIVE_HIGH},{LED_PORTA,LED_PIN3,LED_ACTIVE_HIGH},
			{LED_PORTA,LED_PIN4,LED_ACTIVE_HIGH},{LED_PORTA,LED_PIN5,LED_ACTIVE_HIGH},
			{LED_PORTA,LED_PIN6,LED_ACTIVE_HIGH},{LED_PORTA,LED_PIN7,LED_ACTIVE_HIGH}} ;
    1906:	ce 01       	movw	r24, r28
    1908:	83 96       	adiw	r24, 0x23	; 35
    190a:	24 96       	adiw	r28, 0x04	; 4
    190c:	9f af       	std	Y+63, r25	; 0x3f
    190e:	8e af       	std	Y+62, r24	; 0x3e
    1910:	24 97       	sbiw	r28, 0x04	; 4
    1912:	e5 e7       	ldi	r30, 0x75	; 117
    1914:	f0 e0       	ldi	r31, 0x00	; 0
    1916:	26 96       	adiw	r28, 0x06	; 6
    1918:	ff af       	std	Y+63, r31	; 0x3f
    191a:	ee af       	std	Y+62, r30	; 0x3e
    191c:	26 97       	sbiw	r28, 0x06	; 6
    191e:	f8 e1       	ldi	r31, 0x18	; 24
    1920:	27 96       	adiw	r28, 0x07	; 7
    1922:	ff af       	std	Y+63, r31	; 0x3f
    1924:	27 97       	sbiw	r28, 0x07	; 7
    1926:	26 96       	adiw	r28, 0x06	; 6
    1928:	ee ad       	ldd	r30, Y+62	; 0x3e
    192a:	ff ad       	ldd	r31, Y+63	; 0x3f
    192c:	26 97       	sbiw	r28, 0x06	; 6
    192e:	00 80       	ld	r0, Z
    1930:	26 96       	adiw	r28, 0x06	; 6
    1932:	8e ad       	ldd	r24, Y+62	; 0x3e
    1934:	9f ad       	ldd	r25, Y+63	; 0x3f
    1936:	26 97       	sbiw	r28, 0x06	; 6
    1938:	01 96       	adiw	r24, 0x01	; 1
    193a:	26 96       	adiw	r28, 0x06	; 6
    193c:	9f af       	std	Y+63, r25	; 0x3f
    193e:	8e af       	std	Y+62, r24	; 0x3e
    1940:	26 97       	sbiw	r28, 0x06	; 6
    1942:	24 96       	adiw	r28, 0x04	; 4
    1944:	ee ad       	ldd	r30, Y+62	; 0x3e
    1946:	ff ad       	ldd	r31, Y+63	; 0x3f
    1948:	24 97       	sbiw	r28, 0x04	; 4
    194a:	00 82       	st	Z, r0
    194c:	24 96       	adiw	r28, 0x04	; 4
    194e:	8e ad       	ldd	r24, Y+62	; 0x3e
    1950:	9f ad       	ldd	r25, Y+63	; 0x3f
    1952:	24 97       	sbiw	r28, 0x04	; 4
    1954:	01 96       	adiw	r24, 0x01	; 1
    1956:	24 96       	adiw	r28, 0x04	; 4
    1958:	9f af       	std	Y+63, r25	; 0x3f
    195a:	8e af       	std	Y+62, r24	; 0x3e
    195c:	24 97       	sbiw	r28, 0x04	; 4
    195e:	27 96       	adiw	r28, 0x07	; 7
    1960:	9f ad       	ldd	r25, Y+63	; 0x3f
    1962:	27 97       	sbiw	r28, 0x07	; 7
    1964:	91 50       	subi	r25, 0x01	; 1
    1966:	27 96       	adiw	r28, 0x07	; 7
    1968:	9f af       	std	Y+63, r25	; 0x3f
    196a:	27 97       	sbiw	r28, 0x07	; 7
    196c:	27 96       	adiw	r28, 0x07	; 7
    196e:	ef ad       	ldd	r30, Y+63	; 0x3f
    1970:	27 97       	sbiw	r28, 0x07	; 7
    1972:	ee 23       	and	r30, r30
    1974:	c1 f6       	brne	.-80     	; 0x1926 <main+0x36>
	BUZ_Type buz={BUZ_PORTB,BUZ_PIN0,BUZ_ACTIVE_HIGH};
    1976:	ce 01       	movw	r24, r28
    1978:	cb 96       	adiw	r24, 0x3b	; 59
    197a:	29 96       	adiw	r28, 0x09	; 9
    197c:	9f af       	std	Y+63, r25	; 0x3f
    197e:	8e af       	std	Y+62, r24	; 0x3e
    1980:	29 97       	sbiw	r28, 0x09	; 9
    1982:	e2 e7       	ldi	r30, 0x72	; 114
    1984:	f0 e0       	ldi	r31, 0x00	; 0
    1986:	2b 96       	adiw	r28, 0x0b	; 11
    1988:	ff af       	std	Y+63, r31	; 0x3f
    198a:	ee af       	std	Y+62, r30	; 0x3e
    198c:	2b 97       	sbiw	r28, 0x0b	; 11
    198e:	f3 e0       	ldi	r31, 0x03	; 3
    1990:	2c 96       	adiw	r28, 0x0c	; 12
    1992:	ff af       	std	Y+63, r31	; 0x3f
    1994:	2c 97       	sbiw	r28, 0x0c	; 12
    1996:	2b 96       	adiw	r28, 0x0b	; 11
    1998:	ee ad       	ldd	r30, Y+62	; 0x3e
    199a:	ff ad       	ldd	r31, Y+63	; 0x3f
    199c:	2b 97       	sbiw	r28, 0x0b	; 11
    199e:	00 80       	ld	r0, Z
    19a0:	2b 96       	adiw	r28, 0x0b	; 11
    19a2:	8e ad       	ldd	r24, Y+62	; 0x3e
    19a4:	9f ad       	ldd	r25, Y+63	; 0x3f
    19a6:	2b 97       	sbiw	r28, 0x0b	; 11
    19a8:	01 96       	adiw	r24, 0x01	; 1
    19aa:	2b 96       	adiw	r28, 0x0b	; 11
    19ac:	9f af       	std	Y+63, r25	; 0x3f
    19ae:	8e af       	std	Y+62, r24	; 0x3e
    19b0:	2b 97       	sbiw	r28, 0x0b	; 11
    19b2:	29 96       	adiw	r28, 0x09	; 9
    19b4:	ee ad       	ldd	r30, Y+62	; 0x3e
    19b6:	ff ad       	ldd	r31, Y+63	; 0x3f
    19b8:	29 97       	sbiw	r28, 0x09	; 9
    19ba:	00 82       	st	Z, r0
    19bc:	29 96       	adiw	r28, 0x09	; 9
    19be:	8e ad       	ldd	r24, Y+62	; 0x3e
    19c0:	9f ad       	ldd	r25, Y+63	; 0x3f
    19c2:	29 97       	sbiw	r28, 0x09	; 9
    19c4:	01 96       	adiw	r24, 0x01	; 1
    19c6:	29 96       	adiw	r28, 0x09	; 9
    19c8:	9f af       	std	Y+63, r25	; 0x3f
    19ca:	8e af       	std	Y+62, r24	; 0x3e
    19cc:	29 97       	sbiw	r28, 0x09	; 9
    19ce:	2c 96       	adiw	r28, 0x0c	; 12
    19d0:	9f ad       	ldd	r25, Y+63	; 0x3f
    19d2:	2c 97       	sbiw	r28, 0x0c	; 12
    19d4:	91 50       	subi	r25, 0x01	; 1
    19d6:	2c 96       	adiw	r28, 0x0c	; 12
    19d8:	9f af       	std	Y+63, r25	; 0x3f
    19da:	2c 97       	sbiw	r28, 0x0c	; 12
    19dc:	2c 96       	adiw	r28, 0x0c	; 12
    19de:	ef ad       	ldd	r30, Y+63	; 0x3f
    19e0:	2c 97       	sbiw	r28, 0x0c	; 12
    19e2:	ee 23       	and	r30, r30
    19e4:	c1 f6       	brne	.-80     	; 0x1996 <main+0xa6>
	SSD_Type ssd1={SSD_COMMON_ANODE,SSD_PORTC,SSD_PORTB,SSD_PIN1};
    19e6:	fe 01       	movw	r30, r28
    19e8:	fe 96       	adiw	r30, 0x3e	; 62
    19ea:	81 e0       	ldi	r24, 0x01	; 1
    19ec:	80 83       	st	Z, r24
    19ee:	fe 01       	movw	r30, r28
    19f0:	fe 96       	adiw	r30, 0x3e	; 62
    19f2:	82 e0       	ldi	r24, 0x02	; 2
    19f4:	81 83       	std	Z+1, r24	; 0x01
    19f6:	fe 01       	movw	r30, r28
    19f8:	fe 96       	adiw	r30, 0x3e	; 62
    19fa:	81 e0       	ldi	r24, 0x01	; 1
    19fc:	82 83       	std	Z+2, r24	; 0x02
    19fe:	fe 01       	movw	r30, r28
    1a00:	fe 96       	adiw	r30, 0x3e	; 62
    1a02:	81 e0       	ldi	r24, 0x01	; 1
    1a04:	83 83       	std	Z+3, r24	; 0x03
	for(int i=0;i<10;i++){
    1a06:	1a a2       	std	Y+34, r1	; 0x22
    1a08:	19 a2       	std	Y+33, r1	; 0x21
    1a0a:	18 c0       	rjmp	.+48     	; 0x1a3c <main+0x14c>
				LED_init(led[i]);
    1a0c:	29 a1       	ldd	r18, Y+33	; 0x21
    1a0e:	3a a1       	ldd	r19, Y+34	; 0x22
    1a10:	c9 01       	movw	r24, r18
    1a12:	88 0f       	add	r24, r24
    1a14:	99 1f       	adc	r25, r25
    1a16:	82 0f       	add	r24, r18
    1a18:	93 1f       	adc	r25, r19
    1a1a:	9e 01       	movw	r18, r28
    1a1c:	2f 5f       	subi	r18, 0xFF	; 255
    1a1e:	3f 4f       	sbci	r19, 0xFF	; 255
    1a20:	82 0f       	add	r24, r18
    1a22:	93 1f       	adc	r25, r19
    1a24:	fc 01       	movw	r30, r24
    1a26:	b2 96       	adiw	r30, 0x22	; 34
    1a28:	60 81       	ld	r22, Z
    1a2a:	71 81       	ldd	r23, Z+1	; 0x01
    1a2c:	82 81       	ldd	r24, Z+2	; 0x02
    1a2e:	0e 94 7f 0b 	call	0x16fe	; 0x16fe <LED_init>
			{LED_PORTA,LED_PIN2,LED_ACTIVE_HIGH},{LED_PORTA,LED_PIN3,LED_ACTIVE_HIGH},
			{LED_PORTA,LED_PIN4,LED_ACTIVE_HIGH},{LED_PORTA,LED_PIN5,LED_ACTIVE_HIGH},
			{LED_PORTA,LED_PIN6,LED_ACTIVE_HIGH},{LED_PORTA,LED_PIN7,LED_ACTIVE_HIGH}} ;
	BUZ_Type buz={BUZ_PORTB,BUZ_PIN0,BUZ_ACTIVE_HIGH};
	SSD_Type ssd1={SSD_COMMON_ANODE,SSD_PORTC,SSD_PORTB,SSD_PIN1};
	for(int i=0;i<10;i++){
    1a32:	89 a1       	ldd	r24, Y+33	; 0x21
    1a34:	9a a1       	ldd	r25, Y+34	; 0x22
    1a36:	01 96       	adiw	r24, 0x01	; 1
    1a38:	9a a3       	std	Y+34, r25	; 0x22
    1a3a:	89 a3       	std	Y+33, r24	; 0x21
    1a3c:	89 a1       	ldd	r24, Y+33	; 0x21
    1a3e:	9a a1       	ldd	r25, Y+34	; 0x22
    1a40:	8a 30       	cpi	r24, 0x0A	; 10
    1a42:	91 05       	cpc	r25, r1
    1a44:	1c f3       	brlt	.-58     	; 0x1a0c <main+0x11c>
				LED_init(led[i]);
}
	BUZ_init(buz);
    1a46:	6b ad       	ldd	r22, Y+59	; 0x3b
    1a48:	7c ad       	ldd	r23, Y+60	; 0x3c
    1a4a:	8d ad       	ldd	r24, Y+61	; 0x3d
    1a4c:	0e 94 9b 05 	call	0xb36	; 0xb36 <BUZ_init>
	SSD_init(ssd1);
    1a50:	fe 01       	movw	r30, r28
    1a52:	fe 96       	adiw	r30, 0x3e	; 62
    1a54:	80 81       	ld	r24, Z
    1a56:	91 81       	ldd	r25, Z+1	; 0x01
    1a58:	a2 81       	ldd	r26, Z+2	; 0x02
    1a5a:	b3 81       	ldd	r27, Z+3	; 0x03
    1a5c:	bc 01       	movw	r22, r24
    1a5e:	cd 01       	movw	r24, r26
    1a60:	0e 94 e6 0b 	call	0x17cc	; 0x17cc <SSD_init>
	SSD_enable(ssd1);
    1a64:	fe 01       	movw	r30, r28
    1a66:	fe 96       	adiw	r30, 0x3e	; 62
    1a68:	80 81       	ld	r24, Z
    1a6a:	91 81       	ldd	r25, Z+1	; 0x01
    1a6c:	a2 81       	ldd	r26, Z+2	; 0x02
    1a6e:	b3 81       	ldd	r27, Z+3	; 0x03
    1a70:	bc 01       	movw	r22, r24
    1a72:	cd 01       	movw	r24, r26
    1a74:	0e 94 01 0c 	call	0x1802	; 0x1802 <SSD_enable>

	while(1){
		for(int i=0;i<8;i++){
    1a78:	18 a2       	std	Y+32, r1	; 0x20
    1a7a:	1f 8e       	std	Y+31, r1	; 0x1f
    1a7c:	98 c0       	rjmp	.+304    	; 0x1bae <main+0x2be>
			LED_turnon(led[i]);
    1a7e:	2f 8d       	ldd	r18, Y+31	; 0x1f
    1a80:	38 a1       	ldd	r19, Y+32	; 0x20
    1a82:	c9 01       	movw	r24, r18
    1a84:	88 0f       	add	r24, r24
    1a86:	99 1f       	adc	r25, r25
    1a88:	82 0f       	add	r24, r18
    1a8a:	93 1f       	adc	r25, r19
    1a8c:	9e 01       	movw	r18, r28
    1a8e:	2f 5f       	subi	r18, 0xFF	; 255
    1a90:	3f 4f       	sbci	r19, 0xFF	; 255
    1a92:	82 0f       	add	r24, r18
    1a94:	93 1f       	adc	r25, r19
    1a96:	fc 01       	movw	r30, r24
    1a98:	b2 96       	adiw	r30, 0x22	; 34
    1a9a:	60 81       	ld	r22, Z
    1a9c:	71 81       	ldd	r23, Z+1	; 0x01
    1a9e:	82 81       	ldd	r24, Z+2	; 0x02
    1aa0:	0e 94 94 0b 	call	0x1728	; 0x1728 <LED_turnon>
			SSD_sendnumber(ssd1,i+1);
    1aa4:	8f 8d       	ldd	r24, Y+31	; 0x1f
    1aa6:	28 2f       	mov	r18, r24
    1aa8:	2f 5f       	subi	r18, 0xFF	; 255
    1aaa:	fe 01       	movw	r30, r28
    1aac:	fe 96       	adiw	r30, 0x3e	; 62
    1aae:	80 81       	ld	r24, Z
    1ab0:	91 81       	ldd	r25, Z+1	; 0x01
    1ab2:	a2 81       	ldd	r26, Z+2	; 0x02
    1ab4:	b3 81       	ldd	r27, Z+3	; 0x03
    1ab6:	bc 01       	movw	r22, r24
    1ab8:	cd 01       	movw	r24, r26
    1aba:	42 2f       	mov	r20, r18
    1abc:	0e 94 43 0c 	call	0x1886	; 0x1886 <SSD_sendnumber>
    1ac0:	80 e0       	ldi	r24, 0x00	; 0
    1ac2:	90 e0       	ldi	r25, 0x00	; 0
    1ac4:	aa e7       	ldi	r26, 0x7A	; 122
    1ac6:	b4 e4       	ldi	r27, 0x44	; 68
    1ac8:	89 8f       	std	Y+25, r24	; 0x19
    1aca:	9a 8f       	std	Y+26, r25	; 0x1a
    1acc:	ab 8f       	std	Y+27, r26	; 0x1b
    1ace:	bc 8f       	std	Y+28, r27	; 0x1c
 */
void
_delay_ms(double __ms)
{
	uint16_t __ticks;
	double __tmp = ((F_CPU) / 4e3) * __ms;
    1ad0:	69 8d       	ldd	r22, Y+25	; 0x19
    1ad2:	7a 8d       	ldd	r23, Y+26	; 0x1a
    1ad4:	8b 8d       	ldd	r24, Y+27	; 0x1b
    1ad6:	9c 8d       	ldd	r25, Y+28	; 0x1c
    1ad8:	20 e0       	ldi	r18, 0x00	; 0
    1ada:	30 e0       	ldi	r19, 0x00	; 0
    1adc:	4a ef       	ldi	r20, 0xFA	; 250
    1ade:	54 e4       	ldi	r21, 0x44	; 68
    1ae0:	0e 94 17 02 	call	0x42e	; 0x42e <__mulsf3>
    1ae4:	dc 01       	movw	r26, r24
    1ae6:	cb 01       	movw	r24, r22
    1ae8:	8d 8b       	std	Y+21, r24	; 0x15
    1aea:	9e 8b       	std	Y+22, r25	; 0x16
    1aec:	af 8b       	std	Y+23, r26	; 0x17
    1aee:	b8 8f       	std	Y+24, r27	; 0x18
	if (__tmp < 1.0)
    1af0:	6d 89       	ldd	r22, Y+21	; 0x15
    1af2:	7e 89       	ldd	r23, Y+22	; 0x16
    1af4:	8f 89       	ldd	r24, Y+23	; 0x17
    1af6:	98 8d       	ldd	r25, Y+24	; 0x18
    1af8:	20 e0       	ldi	r18, 0x00	; 0
    1afa:	30 e0       	ldi	r19, 0x00	; 0
    1afc:	40 e8       	ldi	r20, 0x80	; 128
    1afe:	5f e3       	ldi	r21, 0x3F	; 63
    1b00:	0e 94 71 03 	call	0x6e2	; 0x6e2 <__ltsf2>
    1b04:	88 23       	and	r24, r24
    1b06:	2c f4       	brge	.+10     	; 0x1b12 <main+0x222>
		__ticks = 1;
    1b08:	81 e0       	ldi	r24, 0x01	; 1
    1b0a:	90 e0       	ldi	r25, 0x00	; 0
    1b0c:	9c 8b       	std	Y+20, r25	; 0x14
    1b0e:	8b 8b       	std	Y+19, r24	; 0x13
    1b10:	3f c0       	rjmp	.+126    	; 0x1b90 <main+0x2a0>
	else if (__tmp > 65535)
    1b12:	6d 89       	ldd	r22, Y+21	; 0x15
    1b14:	7e 89       	ldd	r23, Y+22	; 0x16
    1b16:	8f 89       	ldd	r24, Y+23	; 0x17
    1b18:	98 8d       	ldd	r25, Y+24	; 0x18
    1b1a:	20 e0       	ldi	r18, 0x00	; 0
    1b1c:	3f ef       	ldi	r19, 0xFF	; 255
    1b1e:	4f e7       	ldi	r20, 0x7F	; 127
    1b20:	57 e4       	ldi	r21, 0x47	; 71
    1b22:	0e 94 11 03 	call	0x622	; 0x622 <__gtsf2>
    1b26:	18 16       	cp	r1, r24
    1b28:	4c f5       	brge	.+82     	; 0x1b7c <main+0x28c>
	{
		//	__ticks = requested delay in 1/10 ms
		__ticks = (uint16_t) (__ms * 10.0);
    1b2a:	69 8d       	ldd	r22, Y+25	; 0x19
    1b2c:	7a 8d       	ldd	r23, Y+26	; 0x1a
    1b2e:	8b 8d       	ldd	r24, Y+27	; 0x1b
    1b30:	9c 8d       	ldd	r25, Y+28	; 0x1c
    1b32:	20 e0       	ldi	r18, 0x00	; 0
    1b34:	30 e0       	ldi	r19, 0x00	; 0
    1b36:	40 e2       	ldi	r20, 0x20	; 32
    1b38:	51 e4       	ldi	r21, 0x41	; 65
    1b3a:	0e 94 17 02 	call	0x42e	; 0x42e <__mulsf3>
    1b3e:	dc 01       	movw	r26, r24
    1b40:	cb 01       	movw	r24, r22
    1b42:	bc 01       	movw	r22, r24
    1b44:	cd 01       	movw	r24, r26
    1b46:	0e 94 41 00 	call	0x82	; 0x82 <__fixunssfsi>
    1b4a:	dc 01       	movw	r26, r24
    1b4c:	cb 01       	movw	r24, r22
    1b4e:	9c 8b       	std	Y+20, r25	; 0x14
    1b50:	8b 8b       	std	Y+19, r24	; 0x13
    1b52:	0f c0       	rjmp	.+30     	; 0x1b72 <main+0x282>
    1b54:	88 ec       	ldi	r24, 0xC8	; 200
    1b56:	90 e0       	ldi	r25, 0x00	; 0
    1b58:	9a 8b       	std	Y+18, r25	; 0x12
    1b5a:	89 8b       	std	Y+17, r24	; 0x11
    milliseconds can be achieved.
 */
void
_delay_loop_2(uint16_t __count)
{
	__asm__ volatile (
    1b5c:	89 89       	ldd	r24, Y+17	; 0x11
    1b5e:	9a 89       	ldd	r25, Y+18	; 0x12
    1b60:	01 97       	sbiw	r24, 0x01	; 1
    1b62:	f1 f7       	brne	.-4      	; 0x1b60 <main+0x270>
    1b64:	9a 8b       	std	Y+18, r25	; 0x12
    1b66:	89 8b       	std	Y+17, r24	; 0x11
		while(__ticks)
		{
			// wait 1/10 ms
			_delay_loop_2(((F_CPU) / 4e3) / 10);
			__ticks --;
    1b68:	8b 89       	ldd	r24, Y+19	; 0x13
    1b6a:	9c 89       	ldd	r25, Y+20	; 0x14
    1b6c:	01 97       	sbiw	r24, 0x01	; 1
    1b6e:	9c 8b       	std	Y+20, r25	; 0x14
    1b70:	8b 8b       	std	Y+19, r24	; 0x13
		__ticks = 1;
	else if (__tmp > 65535)
	{
		//	__ticks = requested delay in 1/10 ms
		__ticks = (uint16_t) (__ms * 10.0);
		while(__ticks)
    1b72:	8b 89       	ldd	r24, Y+19	; 0x13
    1b74:	9c 89       	ldd	r25, Y+20	; 0x14
    1b76:	00 97       	sbiw	r24, 0x00	; 0
    1b78:	69 f7       	brne	.-38     	; 0x1b54 <main+0x264>
    1b7a:	14 c0       	rjmp	.+40     	; 0x1ba4 <main+0x2b4>
			__ticks --;
		}
		return;
	}
	else
		__ticks = (uint16_t)__tmp;
    1b7c:	6d 89       	ldd	r22, Y+21	; 0x15
    1b7e:	7e 89       	ldd	r23, Y+22	; 0x16
    1b80:	8f 89       	ldd	r24, Y+23	; 0x17
    1b82:	98 8d       	ldd	r25, Y+24	; 0x18
    1b84:	0e 94 41 00 	call	0x82	; 0x82 <__fixunssfsi>
    1b88:	dc 01       	movw	r26, r24
    1b8a:	cb 01       	movw	r24, r22
    1b8c:	9c 8b       	std	Y+20, r25	; 0x14
    1b8e:	8b 8b       	std	Y+19, r24	; 0x13
    1b90:	8b 89       	ldd	r24, Y+19	; 0x13
    1b92:	9c 89       	ldd	r25, Y+20	; 0x14
    1b94:	98 8b       	std	Y+16, r25	; 0x10
    1b96:	8f 87       	std	Y+15, r24	; 0x0f
    1b98:	8f 85       	ldd	r24, Y+15	; 0x0f
    1b9a:	98 89       	ldd	r25, Y+16	; 0x10
    1b9c:	01 97       	sbiw	r24, 0x01	; 1
    1b9e:	f1 f7       	brne	.-4      	; 0x1b9c <main+0x2ac>
    1ba0:	98 8b       	std	Y+16, r25	; 0x10
    1ba2:	8f 87       	std	Y+15, r24	; 0x0f
	BUZ_init(buz);
	SSD_init(ssd1);
	SSD_enable(ssd1);

	while(1){
		for(int i=0;i<8;i++){
    1ba4:	8f 8d       	ldd	r24, Y+31	; 0x1f
    1ba6:	98 a1       	ldd	r25, Y+32	; 0x20
    1ba8:	01 96       	adiw	r24, 0x01	; 1
    1baa:	98 a3       	std	Y+32, r25	; 0x20
    1bac:	8f 8f       	std	Y+31, r24	; 0x1f
    1bae:	8f 8d       	ldd	r24, Y+31	; 0x1f
    1bb0:	98 a1       	ldd	r25, Y+32	; 0x20
    1bb2:	88 30       	cpi	r24, 0x08	; 8
    1bb4:	91 05       	cpc	r25, r1
    1bb6:	0c f4       	brge	.+2      	; 0x1bba <main+0x2ca>
    1bb8:	62 cf       	rjmp	.-316    	; 0x1a7e <main+0x18e>
			LED_turnon(led[i]);
			SSD_sendnumber(ssd1,i+1);
			_delay_ms(1000);
		}
BUZ_turnon(buz);
    1bba:	6b ad       	ldd	r22, Y+59	; 0x3b
    1bbc:	7c ad       	ldd	r23, Y+60	; 0x3c
    1bbe:	8d ad       	ldd	r24, Y+61	; 0x3d
    1bc0:	0e 94 b0 05 	call	0xb60	; 0xb60 <BUZ_turnon>
    1bc4:	80 e0       	ldi	r24, 0x00	; 0
    1bc6:	90 e0       	ldi	r25, 0x00	; 0
    1bc8:	aa e7       	ldi	r26, 0x7A	; 122
    1bca:	b4 e4       	ldi	r27, 0x44	; 68
    1bcc:	8b 87       	std	Y+11, r24	; 0x0b
    1bce:	9c 87       	std	Y+12, r25	; 0x0c
    1bd0:	ad 87       	std	Y+13, r26	; 0x0d
    1bd2:	be 87       	std	Y+14, r27	; 0x0e
 */
void
_delay_ms(double __ms)
{
	uint16_t __ticks;
	double __tmp = ((F_CPU) / 4e3) * __ms;
    1bd4:	6b 85       	ldd	r22, Y+11	; 0x0b
    1bd6:	7c 85       	ldd	r23, Y+12	; 0x0c
    1bd8:	8d 85       	ldd	r24, Y+13	; 0x0d
    1bda:	9e 85       	ldd	r25, Y+14	; 0x0e
    1bdc:	20 e0       	ldi	r18, 0x00	; 0
    1bde:	30 e0       	ldi	r19, 0x00	; 0
    1be0:	4a ef       	ldi	r20, 0xFA	; 250
    1be2:	54 e4       	ldi	r21, 0x44	; 68
    1be4:	0e 94 17 02 	call	0x42e	; 0x42e <__mulsf3>
    1be8:	dc 01       	movw	r26, r24
    1bea:	cb 01       	movw	r24, r22
    1bec:	8f 83       	std	Y+7, r24	; 0x07
    1bee:	98 87       	std	Y+8, r25	; 0x08
    1bf0:	a9 87       	std	Y+9, r26	; 0x09
    1bf2:	ba 87       	std	Y+10, r27	; 0x0a
	if (__tmp < 1.0)
    1bf4:	6f 81       	ldd	r22, Y+7	; 0x07
    1bf6:	78 85       	ldd	r23, Y+8	; 0x08
    1bf8:	89 85       	ldd	r24, Y+9	; 0x09
    1bfa:	9a 85       	ldd	r25, Y+10	; 0x0a
    1bfc:	20 e0       	ldi	r18, 0x00	; 0
    1bfe:	30 e0       	ldi	r19, 0x00	; 0
    1c00:	40 e8       	ldi	r20, 0x80	; 128
    1c02:	5f e3       	ldi	r21, 0x3F	; 63
    1c04:	0e 94 71 03 	call	0x6e2	; 0x6e2 <__ltsf2>
    1c08:	88 23       	and	r24, r24
    1c0a:	2c f4       	brge	.+10     	; 0x1c16 <main+0x326>
		__ticks = 1;
    1c0c:	81 e0       	ldi	r24, 0x01	; 1
    1c0e:	90 e0       	ldi	r25, 0x00	; 0
    1c10:	9e 83       	std	Y+6, r25	; 0x06
    1c12:	8d 83       	std	Y+5, r24	; 0x05
    1c14:	3f c0       	rjmp	.+126    	; 0x1c94 <main+0x3a4>
	else if (__tmp > 65535)
    1c16:	6f 81       	ldd	r22, Y+7	; 0x07
    1c18:	78 85       	ldd	r23, Y+8	; 0x08
    1c1a:	89 85       	ldd	r24, Y+9	; 0x09
    1c1c:	9a 85       	ldd	r25, Y+10	; 0x0a
    1c1e:	20 e0       	ldi	r18, 0x00	; 0
    1c20:	3f ef       	ldi	r19, 0xFF	; 255
    1c22:	4f e7       	ldi	r20, 0x7F	; 127
    1c24:	57 e4       	ldi	r21, 0x47	; 71
    1c26:	0e 94 11 03 	call	0x622	; 0x622 <__gtsf2>
    1c2a:	18 16       	cp	r1, r24
    1c2c:	4c f5       	brge	.+82     	; 0x1c80 <main+0x390>
	{
		//	__ticks = requested delay in 1/10 ms
		__ticks = (uint16_t) (__ms * 10.0);
    1c2e:	6b 85       	ldd	r22, Y+11	; 0x0b
    1c30:	7c 85       	ldd	r23, Y+12	; 0x0c
    1c32:	8d 85       	ldd	r24, Y+13	; 0x0d
    1c34:	9e 85       	ldd	r25, Y+14	; 0x0e
    1c36:	20 e0       	ldi	r18, 0x00	; 0
    1c38:	30 e0       	ldi	r19, 0x00	; 0
    1c3a:	40 e2       	ldi	r20, 0x20	; 32
    1c3c:	51 e4       	ldi	r21, 0x41	; 65
    1c3e:	0e 94 17 02 	call	0x42e	; 0x42e <__mulsf3>
    1c42:	dc 01       	movw	r26, r24
    1c44:	cb 01       	movw	r24, r22
    1c46:	bc 01       	movw	r22, r24
    1c48:	cd 01       	movw	r24, r26
    1c4a:	0e 94 41 00 	call	0x82	; 0x82 <__fixunssfsi>
    1c4e:	dc 01       	movw	r26, r24
    1c50:	cb 01       	movw	r24, r22
    1c52:	9e 83       	std	Y+6, r25	; 0x06
    1c54:	8d 83       	std	Y+5, r24	; 0x05
    1c56:	0f c0       	rjmp	.+30     	; 0x1c76 <main+0x386>
    1c58:	88 ec       	ldi	r24, 0xC8	; 200
    1c5a:	90 e0       	ldi	r25, 0x00	; 0
    1c5c:	9c 83       	std	Y+4, r25	; 0x04
    1c5e:	8b 83       	std	Y+3, r24	; 0x03
    1c60:	8b 81       	ldd	r24, Y+3	; 0x03
    1c62:	9c 81       	ldd	r25, Y+4	; 0x04
    1c64:	01 97       	sbiw	r24, 0x01	; 1
    1c66:	f1 f7       	brne	.-4      	; 0x1c64 <main+0x374>
    1c68:	9c 83       	std	Y+4, r25	; 0x04
    1c6a:	8b 83       	std	Y+3, r24	; 0x03
		while(__ticks)
		{
			// wait 1/10 ms
			_delay_loop_2(((F_CPU) / 4e3) / 10);
			__ticks --;
    1c6c:	8d 81       	ldd	r24, Y+5	; 0x05
    1c6e:	9e 81       	ldd	r25, Y+6	; 0x06
    1c70:	01 97       	sbiw	r24, 0x01	; 1
    1c72:	9e 83       	std	Y+6, r25	; 0x06
    1c74:	8d 83       	std	Y+5, r24	; 0x05
		__ticks = 1;
	else if (__tmp > 65535)
	{
		//	__ticks = requested delay in 1/10 ms
		__ticks = (uint16_t) (__ms * 10.0);
		while(__ticks)
    1c76:	8d 81       	ldd	r24, Y+5	; 0x05
    1c78:	9e 81       	ldd	r25, Y+6	; 0x06
    1c7a:	00 97       	sbiw	r24, 0x00	; 0
    1c7c:	69 f7       	brne	.-38     	; 0x1c58 <main+0x368>
    1c7e:	14 c0       	rjmp	.+40     	; 0x1ca8 <main+0x3b8>
			__ticks --;
		}
		return;
	}
	else
		__ticks = (uint16_t)__tmp;
    1c80:	6f 81       	ldd	r22, Y+7	; 0x07
    1c82:	78 85       	ldd	r23, Y+8	; 0x08
    1c84:	89 85       	ldd	r24, Y+9	; 0x09
    1c86:	9a 85       	ldd	r25, Y+10	; 0x0a
    1c88:	0e 94 41 00 	call	0x82	; 0x82 <__fixunssfsi>
    1c8c:	dc 01       	movw	r26, r24
    1c8e:	cb 01       	movw	r24, r22
    1c90:	9e 83       	std	Y+6, r25	; 0x06
    1c92:	8d 83       	std	Y+5, r24	; 0x05
    1c94:	8d 81       	ldd	r24, Y+5	; 0x05
    1c96:	9e 81       	ldd	r25, Y+6	; 0x06
    1c98:	9a 83       	std	Y+2, r25	; 0x02
    1c9a:	89 83       	std	Y+1, r24	; 0x01
    1c9c:	89 81       	ldd	r24, Y+1	; 0x01
    1c9e:	9a 81       	ldd	r25, Y+2	; 0x02
    1ca0:	01 97       	sbiw	r24, 0x01	; 1
    1ca2:	f1 f7       	brne	.-4      	; 0x1ca0 <main+0x3b0>
    1ca4:	9a 83       	std	Y+2, r25	; 0x02
    1ca6:	89 83       	std	Y+1, r24	; 0x01
		_delay_ms(1000);
		for(int i=0;i<10;i++){
    1ca8:	1e 8e       	std	Y+30, r1	; 0x1e
    1caa:	1d 8e       	std	Y+29, r1	; 0x1d
    1cac:	18 c0       	rjmp	.+48     	; 0x1cde <main+0x3ee>
				LED_turnoff(led[i]);
    1cae:	2d 8d       	ldd	r18, Y+29	; 0x1d
    1cb0:	3e 8d       	ldd	r19, Y+30	; 0x1e
    1cb2:	c9 01       	movw	r24, r18
    1cb4:	88 0f       	add	r24, r24
    1cb6:	99 1f       	adc	r25, r25
    1cb8:	82 0f       	add	r24, r18
    1cba:	93 1f       	adc	r25, r19
    1cbc:	9e 01       	movw	r18, r28
    1cbe:	2f 5f       	subi	r18, 0xFF	; 255
    1cc0:	3f 4f       	sbci	r19, 0xFF	; 255
    1cc2:	82 0f       	add	r24, r18
    1cc4:	93 1f       	adc	r25, r19
    1cc6:	fc 01       	movw	r30, r24
    1cc8:	b2 96       	adiw	r30, 0x22	; 34
    1cca:	60 81       	ld	r22, Z
    1ccc:	71 81       	ldd	r23, Z+1	; 0x01
    1cce:	82 81       	ldd	r24, Z+2	; 0x02
    1cd0:	0e 94 b3 0b 	call	0x1766	; 0x1766 <LED_turnoff>
			SSD_sendnumber(ssd1,i+1);
			_delay_ms(1000);
		}
BUZ_turnon(buz);
		_delay_ms(1000);
		for(int i=0;i<10;i++){
    1cd4:	8d 8d       	ldd	r24, Y+29	; 0x1d
    1cd6:	9e 8d       	ldd	r25, Y+30	; 0x1e
    1cd8:	01 96       	adiw	r24, 0x01	; 1
    1cda:	9e 8f       	std	Y+30, r25	; 0x1e
    1cdc:	8d 8f       	std	Y+29, r24	; 0x1d
    1cde:	8d 8d       	ldd	r24, Y+29	; 0x1d
    1ce0:	9e 8d       	ldd	r25, Y+30	; 0x1e
    1ce2:	8a 30       	cpi	r24, 0x0A	; 10
    1ce4:	91 05       	cpc	r25, r1
    1ce6:	1c f3       	brlt	.-58     	; 0x1cae <main+0x3be>
    1ce8:	c7 ce       	rjmp	.-626    	; 0x1a78 <main+0x188>

00001cea <__prologue_saves__>:
    1cea:	2f 92       	push	r2
    1cec:	3f 92       	push	r3
    1cee:	4f 92       	push	r4
    1cf0:	5f 92       	push	r5
    1cf2:	6f 92       	push	r6
    1cf4:	7f 92       	push	r7
    1cf6:	8f 92       	push	r8
    1cf8:	9f 92       	push	r9
    1cfa:	af 92       	push	r10
    1cfc:	bf 92       	push	r11
    1cfe:	cf 92       	push	r12
    1d00:	df 92       	push	r13
    1d02:	ef 92       	push	r14
    1d04:	ff 92       	push	r15
    1d06:	0f 93       	push	r16
    1d08:	1f 93       	push	r17
    1d0a:	cf 93       	push	r28
    1d0c:	df 93       	push	r29
    1d0e:	cd b7       	in	r28, 0x3d	; 61
    1d10:	de b7       	in	r29, 0x3e	; 62
    1d12:	ca 1b       	sub	r28, r26
    1d14:	db 0b       	sbc	r29, r27
    1d16:	0f b6       	in	r0, 0x3f	; 63
    1d18:	f8 94       	cli
    1d1a:	de bf       	out	0x3e, r29	; 62
    1d1c:	0f be       	out	0x3f, r0	; 63
    1d1e:	cd bf       	out	0x3d, r28	; 61
    1d20:	09 94       	ijmp

00001d22 <__epilogue_restores__>:
    1d22:	2a 88       	ldd	r2, Y+18	; 0x12
    1d24:	39 88       	ldd	r3, Y+17	; 0x11
    1d26:	48 88       	ldd	r4, Y+16	; 0x10
    1d28:	5f 84       	ldd	r5, Y+15	; 0x0f
    1d2a:	6e 84       	ldd	r6, Y+14	; 0x0e
    1d2c:	7d 84       	ldd	r7, Y+13	; 0x0d
    1d2e:	8c 84       	ldd	r8, Y+12	; 0x0c
    1d30:	9b 84       	ldd	r9, Y+11	; 0x0b
    1d32:	aa 84       	ldd	r10, Y+10	; 0x0a
    1d34:	b9 84       	ldd	r11, Y+9	; 0x09
    1d36:	c8 84       	ldd	r12, Y+8	; 0x08
    1d38:	df 80       	ldd	r13, Y+7	; 0x07
    1d3a:	ee 80       	ldd	r14, Y+6	; 0x06
    1d3c:	fd 80       	ldd	r15, Y+5	; 0x05
    1d3e:	0c 81       	ldd	r16, Y+4	; 0x04
    1d40:	1b 81       	ldd	r17, Y+3	; 0x03
    1d42:	aa 81       	ldd	r26, Y+2	; 0x02
    1d44:	b9 81       	ldd	r27, Y+1	; 0x01
    1d46:	ce 0f       	add	r28, r30
    1d48:	d1 1d       	adc	r29, r1
    1d4a:	0f b6       	in	r0, 0x3f	; 63
    1d4c:	f8 94       	cli
    1d4e:	de bf       	out	0x3e, r29	; 62
    1d50:	0f be       	out	0x3f, r0	; 63
    1d52:	cd bf       	out	0x3d, r28	; 61
    1d54:	ed 01       	movw	r28, r26
    1d56:	08 95       	ret

00001d58 <_exit>:
    1d58:	f8 94       	cli

00001d5a <__stop_program>:
    1d5a:	ff cf       	rjmp	.-2      	; 0x1d5a <__stop_program>
