
KPD_LCD.elf:     file format elf32-avr

Sections:
Idx Name          Size      VMA       LMA       File off  Algn
  0 .text         00002134  00000000  00000000  00000074  2**1
                  CONTENTS, ALLOC, LOAD, READONLY, CODE
  1 .data         00000018  00800060  00002134  000021a8  2**0
                  CONTENTS, ALLOC, LOAD, DATA
  2 .stab         00001a64  00000000  00000000  000021c0  2**2
                  CONTENTS, READONLY, DEBUGGING
  3 .stabstr      00000c11  00000000  00000000  00003c24  2**0
                  CONTENTS, READONLY, DEBUGGING
  4 .debug_aranges 00000140  00000000  00000000  00004835  2**0
                  CONTENTS, READONLY, DEBUGGING
  5 .debug_pubnames 00000170  00000000  00000000  00004975  2**0
                  CONTENTS, READONLY, DEBUGGING
  6 .debug_info   00001c49  00000000  00000000  00004ae5  2**0
                  CONTENTS, READONLY, DEBUGGING
  7 .debug_abbrev 00000eeb  00000000  00000000  0000672e  2**0
                  CONTENTS, READONLY, DEBUGGING
  8 .debug_line   00000dad  00000000  00000000  00007619  2**0
                  CONTENTS, READONLY, DEBUGGING
  9 .debug_frame  00000160  00000000  00000000  000083c8  2**2
                  CONTENTS, READONLY, DEBUGGING
 10 .debug_str    0000028d  00000000  00000000  00008528  2**0
                  CONTENTS, READONLY, DEBUGGING
 11 .debug_loc    000007ce  00000000  00000000  000087b5  2**0
                  CONTENTS, READONLY, DEBUGGING
 12 .debug_ranges 00000050  00000000  00000000  00008f83  2**0
                  CONTENTS, READONLY, DEBUGGING

Disassembly of section .text:

00000000 <__vectors>:
       0:	0c 94 2a 00 	jmp	0x54	; 0x54 <__ctors_end>
       4:	0c 94 3f 00 	jmp	0x7e	; 0x7e <__bad_interrupt>
       8:	0c 94 3f 00 	jmp	0x7e	; 0x7e <__bad_interrupt>
       c:	0c 94 3f 00 	jmp	0x7e	; 0x7e <__bad_interrupt>
      10:	0c 94 3f 00 	jmp	0x7e	; 0x7e <__bad_interrupt>
      14:	0c 94 3f 00 	jmp	0x7e	; 0x7e <__bad_interrupt>
      18:	0c 94 3f 00 	jmp	0x7e	; 0x7e <__bad_interrupt>
      1c:	0c 94 3f 00 	jmp	0x7e	; 0x7e <__bad_interrupt>
      20:	0c 94 3f 00 	jmp	0x7e	; 0x7e <__bad_interrupt>
      24:	0c 94 3f 00 	jmp	0x7e	; 0x7e <__bad_interrupt>
      28:	0c 94 3f 00 	jmp	0x7e	; 0x7e <__bad_interrupt>
      2c:	0c 94 3f 00 	jmp	0x7e	; 0x7e <__bad_interrupt>
      30:	0c 94 3f 00 	jmp	0x7e	; 0x7e <__bad_interrupt>
      34:	0c 94 3f 00 	jmp	0x7e	; 0x7e <__bad_interrupt>
      38:	0c 94 3f 00 	jmp	0x7e	; 0x7e <__bad_interrupt>
      3c:	0c 94 3f 00 	jmp	0x7e	; 0x7e <__bad_interrupt>
      40:	0c 94 3f 00 	jmp	0x7e	; 0x7e <__bad_interrupt>
      44:	0c 94 3f 00 	jmp	0x7e	; 0x7e <__bad_interrupt>
      48:	0c 94 3f 00 	jmp	0x7e	; 0x7e <__bad_interrupt>
      4c:	0c 94 3f 00 	jmp	0x7e	; 0x7e <__bad_interrupt>
      50:	0c 94 3f 00 	jmp	0x7e	; 0x7e <__bad_interrupt>

00000054 <__ctors_end>:
      54:	11 24       	eor	r1, r1
      56:	1f be       	out	0x3f, r1	; 63
      58:	cf e5       	ldi	r28, 0x5F	; 95
      5a:	d8 e0       	ldi	r29, 0x08	; 8
      5c:	de bf       	out	0x3e, r29	; 62
      5e:	cd bf       	out	0x3d, r28	; 61

00000060 <__do_copy_data>:
      60:	10 e0       	ldi	r17, 0x00	; 0
      62:	a0 e6       	ldi	r26, 0x60	; 96
      64:	b0 e0       	ldi	r27, 0x00	; 0
      66:	e4 e3       	ldi	r30, 0x34	; 52
      68:	f1 e2       	ldi	r31, 0x21	; 33
      6a:	02 c0       	rjmp	.+4      	; 0x70 <.do_copy_data_start>

0000006c <.do_copy_data_loop>:
      6c:	05 90       	lpm	r0, Z+
      6e:	0d 92       	st	X+, r0

00000070 <.do_copy_data_start>:
      70:	a8 37       	cpi	r26, 0x78	; 120
      72:	b1 07       	cpc	r27, r17
      74:	d9 f7       	brne	.-10     	; 0x6c <.do_copy_data_loop>
      76:	0e 94 26 10 	call	0x204c	; 0x204c <main>
      7a:	0c 94 98 10 	jmp	0x2130	; 0x2130 <_exit>

0000007e <__bad_interrupt>:
      7e:	0c 94 00 00 	jmp	0	; 0x0 <__vectors>

00000082 <__fixunssfsi>:
      82:	ef 92       	push	r14
      84:	ff 92       	push	r15
      86:	0f 93       	push	r16
      88:	1f 93       	push	r17
      8a:	7b 01       	movw	r14, r22
      8c:	8c 01       	movw	r16, r24
      8e:	20 e0       	ldi	r18, 0x00	; 0
      90:	30 e0       	ldi	r19, 0x00	; 0
      92:	40 e0       	ldi	r20, 0x00	; 0
      94:	5f e4       	ldi	r21, 0x4F	; 79
      96:	0e 94 41 03 	call	0x682	; 0x682 <__gesf2>
      9a:	88 23       	and	r24, r24
      9c:	8c f0       	brlt	.+34     	; 0xc0 <__fixunssfsi+0x3e>
      9e:	c8 01       	movw	r24, r16
      a0:	b7 01       	movw	r22, r14
      a2:	20 e0       	ldi	r18, 0x00	; 0
      a4:	30 e0       	ldi	r19, 0x00	; 0
      a6:	40 e0       	ldi	r20, 0x00	; 0
      a8:	5f e4       	ldi	r21, 0x4F	; 79
      aa:	0e 94 b9 01 	call	0x372	; 0x372 <__subsf3>
      ae:	0e 94 a1 03 	call	0x742	; 0x742 <__fixsfsi>
      b2:	9b 01       	movw	r18, r22
      b4:	ac 01       	movw	r20, r24
      b6:	20 50       	subi	r18, 0x00	; 0
      b8:	30 40       	sbci	r19, 0x00	; 0
      ba:	40 40       	sbci	r20, 0x00	; 0
      bc:	50 48       	sbci	r21, 0x80	; 128
      be:	06 c0       	rjmp	.+12     	; 0xcc <__fixunssfsi+0x4a>
      c0:	c8 01       	movw	r24, r16
      c2:	b7 01       	movw	r22, r14
      c4:	0e 94 a1 03 	call	0x742	; 0x742 <__fixsfsi>
      c8:	9b 01       	movw	r18, r22
      ca:	ac 01       	movw	r20, r24
      cc:	b9 01       	movw	r22, r18
      ce:	ca 01       	movw	r24, r20
      d0:	1f 91       	pop	r17
      d2:	0f 91       	pop	r16
      d4:	ff 90       	pop	r15
      d6:	ef 90       	pop	r14
      d8:	08 95       	ret

000000da <_fpadd_parts>:
      da:	a0 e0       	ldi	r26, 0x00	; 0
      dc:	b0 e0       	ldi	r27, 0x00	; 0
      de:	e3 e7       	ldi	r30, 0x73	; 115
      e0:	f0 e0       	ldi	r31, 0x00	; 0
      e2:	0c 94 61 10 	jmp	0x20c2	; 0x20c2 <__prologue_saves__>
      e6:	dc 01       	movw	r26, r24
      e8:	2b 01       	movw	r4, r22
      ea:	fa 01       	movw	r30, r20
      ec:	9c 91       	ld	r25, X
      ee:	92 30       	cpi	r25, 0x02	; 2
      f0:	08 f4       	brcc	.+2      	; 0xf4 <_fpadd_parts+0x1a>
      f2:	39 c1       	rjmp	.+626    	; 0x366 <_fpadd_parts+0x28c>
      f4:	eb 01       	movw	r28, r22
      f6:	88 81       	ld	r24, Y
      f8:	82 30       	cpi	r24, 0x02	; 2
      fa:	08 f4       	brcc	.+2      	; 0xfe <_fpadd_parts+0x24>
      fc:	33 c1       	rjmp	.+614    	; 0x364 <_fpadd_parts+0x28a>
      fe:	94 30       	cpi	r25, 0x04	; 4
     100:	69 f4       	brne	.+26     	; 0x11c <_fpadd_parts+0x42>
     102:	84 30       	cpi	r24, 0x04	; 4
     104:	09 f0       	breq	.+2      	; 0x108 <_fpadd_parts+0x2e>
     106:	2f c1       	rjmp	.+606    	; 0x366 <_fpadd_parts+0x28c>
     108:	11 96       	adiw	r26, 0x01	; 1
     10a:	9c 91       	ld	r25, X
     10c:	11 97       	sbiw	r26, 0x01	; 1
     10e:	89 81       	ldd	r24, Y+1	; 0x01
     110:	98 17       	cp	r25, r24
     112:	09 f4       	brne	.+2      	; 0x116 <_fpadd_parts+0x3c>
     114:	28 c1       	rjmp	.+592    	; 0x366 <_fpadd_parts+0x28c>
     116:	a0 e6       	ldi	r26, 0x60	; 96
     118:	b0 e0       	ldi	r27, 0x00	; 0
     11a:	25 c1       	rjmp	.+586    	; 0x366 <_fpadd_parts+0x28c>
     11c:	84 30       	cpi	r24, 0x04	; 4
     11e:	09 f4       	brne	.+2      	; 0x122 <_fpadd_parts+0x48>
     120:	21 c1       	rjmp	.+578    	; 0x364 <_fpadd_parts+0x28a>
     122:	82 30       	cpi	r24, 0x02	; 2
     124:	a9 f4       	brne	.+42     	; 0x150 <_fpadd_parts+0x76>
     126:	92 30       	cpi	r25, 0x02	; 2
     128:	09 f0       	breq	.+2      	; 0x12c <_fpadd_parts+0x52>
     12a:	1d c1       	rjmp	.+570    	; 0x366 <_fpadd_parts+0x28c>
     12c:	9a 01       	movw	r18, r20
     12e:	ad 01       	movw	r20, r26
     130:	88 e0       	ldi	r24, 0x08	; 8
     132:	ea 01       	movw	r28, r20
     134:	09 90       	ld	r0, Y+
     136:	ae 01       	movw	r20, r28
     138:	e9 01       	movw	r28, r18
     13a:	09 92       	st	Y+, r0
     13c:	9e 01       	movw	r18, r28
     13e:	81 50       	subi	r24, 0x01	; 1
     140:	c1 f7       	brne	.-16     	; 0x132 <_fpadd_parts+0x58>
     142:	e2 01       	movw	r28, r4
     144:	89 81       	ldd	r24, Y+1	; 0x01
     146:	11 96       	adiw	r26, 0x01	; 1
     148:	9c 91       	ld	r25, X
     14a:	89 23       	and	r24, r25
     14c:	81 83       	std	Z+1, r24	; 0x01
     14e:	08 c1       	rjmp	.+528    	; 0x360 <_fpadd_parts+0x286>
     150:	92 30       	cpi	r25, 0x02	; 2
     152:	09 f4       	brne	.+2      	; 0x156 <_fpadd_parts+0x7c>
     154:	07 c1       	rjmp	.+526    	; 0x364 <_fpadd_parts+0x28a>
     156:	12 96       	adiw	r26, 0x02	; 2
     158:	2d 90       	ld	r2, X+
     15a:	3c 90       	ld	r3, X
     15c:	13 97       	sbiw	r26, 0x03	; 3
     15e:	eb 01       	movw	r28, r22
     160:	8a 81       	ldd	r24, Y+2	; 0x02
     162:	9b 81       	ldd	r25, Y+3	; 0x03
     164:	14 96       	adiw	r26, 0x04	; 4
     166:	ad 90       	ld	r10, X+
     168:	bd 90       	ld	r11, X+
     16a:	cd 90       	ld	r12, X+
     16c:	dc 90       	ld	r13, X
     16e:	17 97       	sbiw	r26, 0x07	; 7
     170:	ec 80       	ldd	r14, Y+4	; 0x04
     172:	fd 80       	ldd	r15, Y+5	; 0x05
     174:	0e 81       	ldd	r16, Y+6	; 0x06
     176:	1f 81       	ldd	r17, Y+7	; 0x07
     178:	91 01       	movw	r18, r2
     17a:	28 1b       	sub	r18, r24
     17c:	39 0b       	sbc	r19, r25
     17e:	b9 01       	movw	r22, r18
     180:	37 ff       	sbrs	r19, 7
     182:	04 c0       	rjmp	.+8      	; 0x18c <_fpadd_parts+0xb2>
     184:	66 27       	eor	r22, r22
     186:	77 27       	eor	r23, r23
     188:	62 1b       	sub	r22, r18
     18a:	73 0b       	sbc	r23, r19
     18c:	60 32       	cpi	r22, 0x20	; 32
     18e:	71 05       	cpc	r23, r1
     190:	0c f0       	brlt	.+2      	; 0x194 <_fpadd_parts+0xba>
     192:	61 c0       	rjmp	.+194    	; 0x256 <_fpadd_parts+0x17c>
     194:	12 16       	cp	r1, r18
     196:	13 06       	cpc	r1, r19
     198:	6c f5       	brge	.+90     	; 0x1f4 <_fpadd_parts+0x11a>
     19a:	37 01       	movw	r6, r14
     19c:	48 01       	movw	r8, r16
     19e:	06 2e       	mov	r0, r22
     1a0:	04 c0       	rjmp	.+8      	; 0x1aa <_fpadd_parts+0xd0>
     1a2:	96 94       	lsr	r9
     1a4:	87 94       	ror	r8
     1a6:	77 94       	ror	r7
     1a8:	67 94       	ror	r6
     1aa:	0a 94       	dec	r0
     1ac:	d2 f7       	brpl	.-12     	; 0x1a2 <_fpadd_parts+0xc8>
     1ae:	21 e0       	ldi	r18, 0x01	; 1
     1b0:	30 e0       	ldi	r19, 0x00	; 0
     1b2:	40 e0       	ldi	r20, 0x00	; 0
     1b4:	50 e0       	ldi	r21, 0x00	; 0
     1b6:	04 c0       	rjmp	.+8      	; 0x1c0 <_fpadd_parts+0xe6>
     1b8:	22 0f       	add	r18, r18
     1ba:	33 1f       	adc	r19, r19
     1bc:	44 1f       	adc	r20, r20
     1be:	55 1f       	adc	r21, r21
     1c0:	6a 95       	dec	r22
     1c2:	d2 f7       	brpl	.-12     	; 0x1b8 <_fpadd_parts+0xde>
     1c4:	21 50       	subi	r18, 0x01	; 1
     1c6:	30 40       	sbci	r19, 0x00	; 0
     1c8:	40 40       	sbci	r20, 0x00	; 0
     1ca:	50 40       	sbci	r21, 0x00	; 0
     1cc:	2e 21       	and	r18, r14
     1ce:	3f 21       	and	r19, r15
     1d0:	40 23       	and	r20, r16
     1d2:	51 23       	and	r21, r17
     1d4:	21 15       	cp	r18, r1
     1d6:	31 05       	cpc	r19, r1
     1d8:	41 05       	cpc	r20, r1
     1da:	51 05       	cpc	r21, r1
     1dc:	21 f0       	breq	.+8      	; 0x1e6 <_fpadd_parts+0x10c>
     1de:	21 e0       	ldi	r18, 0x01	; 1
     1e0:	30 e0       	ldi	r19, 0x00	; 0
     1e2:	40 e0       	ldi	r20, 0x00	; 0
     1e4:	50 e0       	ldi	r21, 0x00	; 0
     1e6:	79 01       	movw	r14, r18
     1e8:	8a 01       	movw	r16, r20
     1ea:	e6 28       	or	r14, r6
     1ec:	f7 28       	or	r15, r7
     1ee:	08 29       	or	r16, r8
     1f0:	19 29       	or	r17, r9
     1f2:	3c c0       	rjmp	.+120    	; 0x26c <_fpadd_parts+0x192>
     1f4:	23 2b       	or	r18, r19
     1f6:	d1 f1       	breq	.+116    	; 0x26c <_fpadd_parts+0x192>
     1f8:	26 0e       	add	r2, r22
     1fa:	37 1e       	adc	r3, r23
     1fc:	35 01       	movw	r6, r10
     1fe:	46 01       	movw	r8, r12
     200:	06 2e       	mov	r0, r22
     202:	04 c0       	rjmp	.+8      	; 0x20c <_fpadd_parts+0x132>
     204:	96 94       	lsr	r9
     206:	87 94       	ror	r8
     208:	77 94       	ror	r7
     20a:	67 94       	ror	r6
     20c:	0a 94       	dec	r0
     20e:	d2 f7       	brpl	.-12     	; 0x204 <_fpadd_parts+0x12a>
     210:	21 e0       	ldi	r18, 0x01	; 1
     212:	30 e0       	ldi	r19, 0x00	; 0
     214:	40 e0       	ldi	r20, 0x00	; 0
     216:	50 e0       	ldi	r21, 0x00	; 0
     218:	04 c0       	rjmp	.+8      	; 0x222 <_fpadd_parts+0x148>
     21a:	22 0f       	add	r18, r18
     21c:	33 1f       	adc	r19, r19
     21e:	44 1f       	adc	r20, r20
     220:	55 1f       	adc	r21, r21
     222:	6a 95       	dec	r22
     224:	d2 f7       	brpl	.-12     	; 0x21a <_fpadd_parts+0x140>
     226:	21 50       	subi	r18, 0x01	; 1
     228:	30 40       	sbci	r19, 0x00	; 0
     22a:	40 40       	sbci	r20, 0x00	; 0
     22c:	50 40       	sbci	r21, 0x00	; 0
     22e:	2a 21       	and	r18, r10
     230:	3b 21       	and	r19, r11
     232:	4c 21       	and	r20, r12
     234:	5d 21       	and	r21, r13
     236:	21 15       	cp	r18, r1
     238:	31 05       	cpc	r19, r1
     23a:	41 05       	cpc	r20, r1
     23c:	51 05       	cpc	r21, r1
     23e:	21 f0       	breq	.+8      	; 0x248 <_fpadd_parts+0x16e>
     240:	21 e0       	ldi	r18, 0x01	; 1
     242:	30 e0       	ldi	r19, 0x00	; 0
     244:	40 e0       	ldi	r20, 0x00	; 0
     246:	50 e0       	ldi	r21, 0x00	; 0
     248:	59 01       	movw	r10, r18
     24a:	6a 01       	movw	r12, r20
     24c:	a6 28       	or	r10, r6
     24e:	b7 28       	or	r11, r7
     250:	c8 28       	or	r12, r8
     252:	d9 28       	or	r13, r9
     254:	0b c0       	rjmp	.+22     	; 0x26c <_fpadd_parts+0x192>
     256:	82 15       	cp	r24, r2
     258:	93 05       	cpc	r25, r3
     25a:	2c f0       	brlt	.+10     	; 0x266 <_fpadd_parts+0x18c>
     25c:	1c 01       	movw	r2, r24
     25e:	aa 24       	eor	r10, r10
     260:	bb 24       	eor	r11, r11
     262:	65 01       	movw	r12, r10
     264:	03 c0       	rjmp	.+6      	; 0x26c <_fpadd_parts+0x192>
     266:	ee 24       	eor	r14, r14
     268:	ff 24       	eor	r15, r15
     26a:	87 01       	movw	r16, r14
     26c:	11 96       	adiw	r26, 0x01	; 1
     26e:	9c 91       	ld	r25, X
     270:	d2 01       	movw	r26, r4
     272:	11 96       	adiw	r26, 0x01	; 1
     274:	8c 91       	ld	r24, X
     276:	98 17       	cp	r25, r24
     278:	09 f4       	brne	.+2      	; 0x27c <_fpadd_parts+0x1a2>
     27a:	45 c0       	rjmp	.+138    	; 0x306 <_fpadd_parts+0x22c>
     27c:	99 23       	and	r25, r25
     27e:	39 f0       	breq	.+14     	; 0x28e <_fpadd_parts+0x1b4>
     280:	a8 01       	movw	r20, r16
     282:	97 01       	movw	r18, r14
     284:	2a 19       	sub	r18, r10
     286:	3b 09       	sbc	r19, r11
     288:	4c 09       	sbc	r20, r12
     28a:	5d 09       	sbc	r21, r13
     28c:	06 c0       	rjmp	.+12     	; 0x29a <_fpadd_parts+0x1c0>
     28e:	a6 01       	movw	r20, r12
     290:	95 01       	movw	r18, r10
     292:	2e 19       	sub	r18, r14
     294:	3f 09       	sbc	r19, r15
     296:	40 0b       	sbc	r20, r16
     298:	51 0b       	sbc	r21, r17
     29a:	57 fd       	sbrc	r21, 7
     29c:	08 c0       	rjmp	.+16     	; 0x2ae <_fpadd_parts+0x1d4>
     29e:	11 82       	std	Z+1, r1	; 0x01
     2a0:	33 82       	std	Z+3, r3	; 0x03
     2a2:	22 82       	std	Z+2, r2	; 0x02
     2a4:	24 83       	std	Z+4, r18	; 0x04
     2a6:	35 83       	std	Z+5, r19	; 0x05
     2a8:	46 83       	std	Z+6, r20	; 0x06
     2aa:	57 83       	std	Z+7, r21	; 0x07
     2ac:	1d c0       	rjmp	.+58     	; 0x2e8 <_fpadd_parts+0x20e>
     2ae:	81 e0       	ldi	r24, 0x01	; 1
     2b0:	81 83       	std	Z+1, r24	; 0x01
     2b2:	33 82       	std	Z+3, r3	; 0x03
     2b4:	22 82       	std	Z+2, r2	; 0x02
     2b6:	88 27       	eor	r24, r24
     2b8:	99 27       	eor	r25, r25
     2ba:	dc 01       	movw	r26, r24
     2bc:	82 1b       	sub	r24, r18
     2be:	93 0b       	sbc	r25, r19
     2c0:	a4 0b       	sbc	r26, r20
     2c2:	b5 0b       	sbc	r27, r21
     2c4:	84 83       	std	Z+4, r24	; 0x04
     2c6:	95 83       	std	Z+5, r25	; 0x05
     2c8:	a6 83       	std	Z+6, r26	; 0x06
     2ca:	b7 83       	std	Z+7, r27	; 0x07
     2cc:	0d c0       	rjmp	.+26     	; 0x2e8 <_fpadd_parts+0x20e>
     2ce:	22 0f       	add	r18, r18
     2d0:	33 1f       	adc	r19, r19
     2d2:	44 1f       	adc	r20, r20
     2d4:	55 1f       	adc	r21, r21
     2d6:	24 83       	std	Z+4, r18	; 0x04
     2d8:	35 83       	std	Z+5, r19	; 0x05
     2da:	46 83       	std	Z+6, r20	; 0x06
     2dc:	57 83       	std	Z+7, r21	; 0x07
     2de:	82 81       	ldd	r24, Z+2	; 0x02
     2e0:	93 81       	ldd	r25, Z+3	; 0x03
     2e2:	01 97       	sbiw	r24, 0x01	; 1
     2e4:	93 83       	std	Z+3, r25	; 0x03
     2e6:	82 83       	std	Z+2, r24	; 0x02
     2e8:	24 81       	ldd	r18, Z+4	; 0x04
     2ea:	35 81       	ldd	r19, Z+5	; 0x05
     2ec:	46 81       	ldd	r20, Z+6	; 0x06
     2ee:	57 81       	ldd	r21, Z+7	; 0x07
     2f0:	da 01       	movw	r26, r20
     2f2:	c9 01       	movw	r24, r18
     2f4:	01 97       	sbiw	r24, 0x01	; 1
     2f6:	a1 09       	sbc	r26, r1
     2f8:	b1 09       	sbc	r27, r1
     2fa:	8f 5f       	subi	r24, 0xFF	; 255
     2fc:	9f 4f       	sbci	r25, 0xFF	; 255
     2fe:	af 4f       	sbci	r26, 0xFF	; 255
     300:	bf 43       	sbci	r27, 0x3F	; 63
     302:	28 f3       	brcs	.-54     	; 0x2ce <_fpadd_parts+0x1f4>
     304:	0b c0       	rjmp	.+22     	; 0x31c <_fpadd_parts+0x242>
     306:	91 83       	std	Z+1, r25	; 0x01
     308:	33 82       	std	Z+3, r3	; 0x03
     30a:	22 82       	std	Z+2, r2	; 0x02
     30c:	ea 0c       	add	r14, r10
     30e:	fb 1c       	adc	r15, r11
     310:	0c 1d       	adc	r16, r12
     312:	1d 1d       	adc	r17, r13
     314:	e4 82       	std	Z+4, r14	; 0x04
     316:	f5 82       	std	Z+5, r15	; 0x05
     318:	06 83       	std	Z+6, r16	; 0x06
     31a:	17 83       	std	Z+7, r17	; 0x07
     31c:	83 e0       	ldi	r24, 0x03	; 3
     31e:	80 83       	st	Z, r24
     320:	24 81       	ldd	r18, Z+4	; 0x04
     322:	35 81       	ldd	r19, Z+5	; 0x05
     324:	46 81       	ldd	r20, Z+6	; 0x06
     326:	57 81       	ldd	r21, Z+7	; 0x07
     328:	57 ff       	sbrs	r21, 7
     32a:	1a c0       	rjmp	.+52     	; 0x360 <_fpadd_parts+0x286>
     32c:	c9 01       	movw	r24, r18
     32e:	aa 27       	eor	r26, r26
     330:	97 fd       	sbrc	r25, 7
     332:	a0 95       	com	r26
     334:	ba 2f       	mov	r27, r26
     336:	81 70       	andi	r24, 0x01	; 1
     338:	90 70       	andi	r25, 0x00	; 0
     33a:	a0 70       	andi	r26, 0x00	; 0
     33c:	b0 70       	andi	r27, 0x00	; 0
     33e:	56 95       	lsr	r21
     340:	47 95       	ror	r20
     342:	37 95       	ror	r19
     344:	27 95       	ror	r18
     346:	82 2b       	or	r24, r18
     348:	93 2b       	or	r25, r19
     34a:	a4 2b       	or	r26, r20
     34c:	b5 2b       	or	r27, r21
     34e:	84 83       	std	Z+4, r24	; 0x04
     350:	95 83       	std	Z+5, r25	; 0x05
     352:	a6 83       	std	Z+6, r26	; 0x06
     354:	b7 83       	std	Z+7, r27	; 0x07
     356:	82 81       	ldd	r24, Z+2	; 0x02
     358:	93 81       	ldd	r25, Z+3	; 0x03
     35a:	01 96       	adiw	r24, 0x01	; 1
     35c:	93 83       	std	Z+3, r25	; 0x03
     35e:	82 83       	std	Z+2, r24	; 0x02
     360:	df 01       	movw	r26, r30
     362:	01 c0       	rjmp	.+2      	; 0x366 <_fpadd_parts+0x28c>
     364:	d2 01       	movw	r26, r4
     366:	cd 01       	movw	r24, r26
     368:	cd b7       	in	r28, 0x3d	; 61
     36a:	de b7       	in	r29, 0x3e	; 62
     36c:	e2 e1       	ldi	r30, 0x12	; 18
     36e:	0c 94 7d 10 	jmp	0x20fa	; 0x20fa <__epilogue_restores__>

00000372 <__subsf3>:
     372:	a0 e2       	ldi	r26, 0x20	; 32
     374:	b0 e0       	ldi	r27, 0x00	; 0
     376:	ef eb       	ldi	r30, 0xBF	; 191
     378:	f1 e0       	ldi	r31, 0x01	; 1
     37a:	0c 94 6d 10 	jmp	0x20da	; 0x20da <__prologue_saves__+0x18>
     37e:	69 83       	std	Y+1, r22	; 0x01
     380:	7a 83       	std	Y+2, r23	; 0x02
     382:	8b 83       	std	Y+3, r24	; 0x03
     384:	9c 83       	std	Y+4, r25	; 0x04
     386:	2d 83       	std	Y+5, r18	; 0x05
     388:	3e 83       	std	Y+6, r19	; 0x06
     38a:	4f 83       	std	Y+7, r20	; 0x07
     38c:	58 87       	std	Y+8, r21	; 0x08
     38e:	e9 e0       	ldi	r30, 0x09	; 9
     390:	ee 2e       	mov	r14, r30
     392:	f1 2c       	mov	r15, r1
     394:	ec 0e       	add	r14, r28
     396:	fd 1e       	adc	r15, r29
     398:	ce 01       	movw	r24, r28
     39a:	01 96       	adiw	r24, 0x01	; 1
     39c:	b7 01       	movw	r22, r14
     39e:	0e 94 ca 04 	call	0x994	; 0x994 <__unpack_f>
     3a2:	8e 01       	movw	r16, r28
     3a4:	0f 5e       	subi	r16, 0xEF	; 239
     3a6:	1f 4f       	sbci	r17, 0xFF	; 255
     3a8:	ce 01       	movw	r24, r28
     3aa:	05 96       	adiw	r24, 0x05	; 5
     3ac:	b8 01       	movw	r22, r16
     3ae:	0e 94 ca 04 	call	0x994	; 0x994 <__unpack_f>
     3b2:	8a 89       	ldd	r24, Y+18	; 0x12
     3b4:	91 e0       	ldi	r25, 0x01	; 1
     3b6:	89 27       	eor	r24, r25
     3b8:	8a 8b       	std	Y+18, r24	; 0x12
     3ba:	c7 01       	movw	r24, r14
     3bc:	b8 01       	movw	r22, r16
     3be:	ae 01       	movw	r20, r28
     3c0:	47 5e       	subi	r20, 0xE7	; 231
     3c2:	5f 4f       	sbci	r21, 0xFF	; 255
     3c4:	0e 94 6d 00 	call	0xda	; 0xda <_fpadd_parts>
     3c8:	0e 94 f5 03 	call	0x7ea	; 0x7ea <__pack_f>
     3cc:	a0 96       	adiw	r28, 0x20	; 32
     3ce:	e6 e0       	ldi	r30, 0x06	; 6
     3d0:	0c 94 89 10 	jmp	0x2112	; 0x2112 <__epilogue_restores__+0x18>

000003d4 <__addsf3>:
     3d4:	a0 e2       	ldi	r26, 0x20	; 32
     3d6:	b0 e0       	ldi	r27, 0x00	; 0
     3d8:	e0 ef       	ldi	r30, 0xF0	; 240
     3da:	f1 e0       	ldi	r31, 0x01	; 1
     3dc:	0c 94 6d 10 	jmp	0x20da	; 0x20da <__prologue_saves__+0x18>
     3e0:	69 83       	std	Y+1, r22	; 0x01
     3e2:	7a 83       	std	Y+2, r23	; 0x02
     3e4:	8b 83       	std	Y+3, r24	; 0x03
     3e6:	9c 83       	std	Y+4, r25	; 0x04
     3e8:	2d 83       	std	Y+5, r18	; 0x05
     3ea:	3e 83       	std	Y+6, r19	; 0x06
     3ec:	4f 83       	std	Y+7, r20	; 0x07
     3ee:	58 87       	std	Y+8, r21	; 0x08
     3f0:	f9 e0       	ldi	r31, 0x09	; 9
     3f2:	ef 2e       	mov	r14, r31
     3f4:	f1 2c       	mov	r15, r1
     3f6:	ec 0e       	add	r14, r28
     3f8:	fd 1e       	adc	r15, r29
     3fa:	ce 01       	movw	r24, r28
     3fc:	01 96       	adiw	r24, 0x01	; 1
     3fe:	b7 01       	movw	r22, r14
     400:	0e 94 ca 04 	call	0x994	; 0x994 <__unpack_f>
     404:	8e 01       	movw	r16, r28
     406:	0f 5e       	subi	r16, 0xEF	; 239
     408:	1f 4f       	sbci	r17, 0xFF	; 255
     40a:	ce 01       	movw	r24, r28
     40c:	05 96       	adiw	r24, 0x05	; 5
     40e:	b8 01       	movw	r22, r16
     410:	0e 94 ca 04 	call	0x994	; 0x994 <__unpack_f>
     414:	c7 01       	movw	r24, r14
     416:	b8 01       	movw	r22, r16
     418:	ae 01       	movw	r20, r28
     41a:	47 5e       	subi	r20, 0xE7	; 231
     41c:	5f 4f       	sbci	r21, 0xFF	; 255
     41e:	0e 94 6d 00 	call	0xda	; 0xda <_fpadd_parts>
     422:	0e 94 f5 03 	call	0x7ea	; 0x7ea <__pack_f>
     426:	a0 96       	adiw	r28, 0x20	; 32
     428:	e6 e0       	ldi	r30, 0x06	; 6
     42a:	0c 94 89 10 	jmp	0x2112	; 0x2112 <__epilogue_restores__+0x18>

0000042e <__mulsf3>:
     42e:	a0 e2       	ldi	r26, 0x20	; 32
     430:	b0 e0       	ldi	r27, 0x00	; 0
     432:	ed e1       	ldi	r30, 0x1D	; 29
     434:	f2 e0       	ldi	r31, 0x02	; 2
     436:	0c 94 61 10 	jmp	0x20c2	; 0x20c2 <__prologue_saves__>
     43a:	69 83       	std	Y+1, r22	; 0x01
     43c:	7a 83       	std	Y+2, r23	; 0x02
     43e:	8b 83       	std	Y+3, r24	; 0x03
     440:	9c 83       	std	Y+4, r25	; 0x04
     442:	2d 83       	std	Y+5, r18	; 0x05
     444:	3e 83       	std	Y+6, r19	; 0x06
     446:	4f 83       	std	Y+7, r20	; 0x07
     448:	58 87       	std	Y+8, r21	; 0x08
     44a:	ce 01       	movw	r24, r28
     44c:	01 96       	adiw	r24, 0x01	; 1
     44e:	be 01       	movw	r22, r28
     450:	67 5f       	subi	r22, 0xF7	; 247
     452:	7f 4f       	sbci	r23, 0xFF	; 255
     454:	0e 94 ca 04 	call	0x994	; 0x994 <__unpack_f>
     458:	ce 01       	movw	r24, r28
     45a:	05 96       	adiw	r24, 0x05	; 5
     45c:	be 01       	movw	r22, r28
     45e:	6f 5e       	subi	r22, 0xEF	; 239
     460:	7f 4f       	sbci	r23, 0xFF	; 255
     462:	0e 94 ca 04 	call	0x994	; 0x994 <__unpack_f>
     466:	99 85       	ldd	r25, Y+9	; 0x09
     468:	92 30       	cpi	r25, 0x02	; 2
     46a:	88 f0       	brcs	.+34     	; 0x48e <__mulsf3+0x60>
     46c:	89 89       	ldd	r24, Y+17	; 0x11
     46e:	82 30       	cpi	r24, 0x02	; 2
     470:	c8 f0       	brcs	.+50     	; 0x4a4 <__mulsf3+0x76>
     472:	94 30       	cpi	r25, 0x04	; 4
     474:	19 f4       	brne	.+6      	; 0x47c <__mulsf3+0x4e>
     476:	82 30       	cpi	r24, 0x02	; 2
     478:	51 f4       	brne	.+20     	; 0x48e <__mulsf3+0x60>
     47a:	04 c0       	rjmp	.+8      	; 0x484 <__mulsf3+0x56>
     47c:	84 30       	cpi	r24, 0x04	; 4
     47e:	29 f4       	brne	.+10     	; 0x48a <__mulsf3+0x5c>
     480:	92 30       	cpi	r25, 0x02	; 2
     482:	81 f4       	brne	.+32     	; 0x4a4 <__mulsf3+0x76>
     484:	80 e6       	ldi	r24, 0x60	; 96
     486:	90 e0       	ldi	r25, 0x00	; 0
     488:	c6 c0       	rjmp	.+396    	; 0x616 <__mulsf3+0x1e8>
     48a:	92 30       	cpi	r25, 0x02	; 2
     48c:	49 f4       	brne	.+18     	; 0x4a0 <__mulsf3+0x72>
     48e:	20 e0       	ldi	r18, 0x00	; 0
     490:	9a 85       	ldd	r25, Y+10	; 0x0a
     492:	8a 89       	ldd	r24, Y+18	; 0x12
     494:	98 13       	cpse	r25, r24
     496:	21 e0       	ldi	r18, 0x01	; 1
     498:	2a 87       	std	Y+10, r18	; 0x0a
     49a:	ce 01       	movw	r24, r28
     49c:	09 96       	adiw	r24, 0x09	; 9
     49e:	bb c0       	rjmp	.+374    	; 0x616 <__mulsf3+0x1e8>
     4a0:	82 30       	cpi	r24, 0x02	; 2
     4a2:	49 f4       	brne	.+18     	; 0x4b6 <__mulsf3+0x88>
     4a4:	20 e0       	ldi	r18, 0x00	; 0
     4a6:	9a 85       	ldd	r25, Y+10	; 0x0a
     4a8:	8a 89       	ldd	r24, Y+18	; 0x12
     4aa:	98 13       	cpse	r25, r24
     4ac:	21 e0       	ldi	r18, 0x01	; 1
     4ae:	2a 8b       	std	Y+18, r18	; 0x12
     4b0:	ce 01       	movw	r24, r28
     4b2:	41 96       	adiw	r24, 0x11	; 17
     4b4:	b0 c0       	rjmp	.+352    	; 0x616 <__mulsf3+0x1e8>
     4b6:	2d 84       	ldd	r2, Y+13	; 0x0d
     4b8:	3e 84       	ldd	r3, Y+14	; 0x0e
     4ba:	4f 84       	ldd	r4, Y+15	; 0x0f
     4bc:	58 88       	ldd	r5, Y+16	; 0x10
     4be:	6d 88       	ldd	r6, Y+21	; 0x15
     4c0:	7e 88       	ldd	r7, Y+22	; 0x16
     4c2:	8f 88       	ldd	r8, Y+23	; 0x17
     4c4:	98 8c       	ldd	r9, Y+24	; 0x18
     4c6:	ee 24       	eor	r14, r14
     4c8:	ff 24       	eor	r15, r15
     4ca:	87 01       	movw	r16, r14
     4cc:	aa 24       	eor	r10, r10
     4ce:	bb 24       	eor	r11, r11
     4d0:	65 01       	movw	r12, r10
     4d2:	40 e0       	ldi	r20, 0x00	; 0
     4d4:	50 e0       	ldi	r21, 0x00	; 0
     4d6:	60 e0       	ldi	r22, 0x00	; 0
     4d8:	70 e0       	ldi	r23, 0x00	; 0
     4da:	e0 e0       	ldi	r30, 0x00	; 0
     4dc:	f0 e0       	ldi	r31, 0x00	; 0
     4de:	c1 01       	movw	r24, r2
     4e0:	81 70       	andi	r24, 0x01	; 1
     4e2:	90 70       	andi	r25, 0x00	; 0
     4e4:	89 2b       	or	r24, r25
     4e6:	e9 f0       	breq	.+58     	; 0x522 <__mulsf3+0xf4>
     4e8:	e6 0c       	add	r14, r6
     4ea:	f7 1c       	adc	r15, r7
     4ec:	08 1d       	adc	r16, r8
     4ee:	19 1d       	adc	r17, r9
     4f0:	9a 01       	movw	r18, r20
     4f2:	ab 01       	movw	r20, r22
     4f4:	2a 0d       	add	r18, r10
     4f6:	3b 1d       	adc	r19, r11
     4f8:	4c 1d       	adc	r20, r12
     4fa:	5d 1d       	adc	r21, r13
     4fc:	80 e0       	ldi	r24, 0x00	; 0
     4fe:	90 e0       	ldi	r25, 0x00	; 0
     500:	a0 e0       	ldi	r26, 0x00	; 0
     502:	b0 e0       	ldi	r27, 0x00	; 0
     504:	e6 14       	cp	r14, r6
     506:	f7 04       	cpc	r15, r7
     508:	08 05       	cpc	r16, r8
     50a:	19 05       	cpc	r17, r9
     50c:	20 f4       	brcc	.+8      	; 0x516 <__mulsf3+0xe8>
     50e:	81 e0       	ldi	r24, 0x01	; 1
     510:	90 e0       	ldi	r25, 0x00	; 0
     512:	a0 e0       	ldi	r26, 0x00	; 0
     514:	b0 e0       	ldi	r27, 0x00	; 0
     516:	ba 01       	movw	r22, r20
     518:	a9 01       	movw	r20, r18
     51a:	48 0f       	add	r20, r24
     51c:	59 1f       	adc	r21, r25
     51e:	6a 1f       	adc	r22, r26
     520:	7b 1f       	adc	r23, r27
     522:	aa 0c       	add	r10, r10
     524:	bb 1c       	adc	r11, r11
     526:	cc 1c       	adc	r12, r12
     528:	dd 1c       	adc	r13, r13
     52a:	97 fe       	sbrs	r9, 7
     52c:	08 c0       	rjmp	.+16     	; 0x53e <__mulsf3+0x110>
     52e:	81 e0       	ldi	r24, 0x01	; 1
     530:	90 e0       	ldi	r25, 0x00	; 0
     532:	a0 e0       	ldi	r26, 0x00	; 0
     534:	b0 e0       	ldi	r27, 0x00	; 0
     536:	a8 2a       	or	r10, r24
     538:	b9 2a       	or	r11, r25
     53a:	ca 2a       	or	r12, r26
     53c:	db 2a       	or	r13, r27
     53e:	31 96       	adiw	r30, 0x01	; 1
     540:	e0 32       	cpi	r30, 0x20	; 32
     542:	f1 05       	cpc	r31, r1
     544:	49 f0       	breq	.+18     	; 0x558 <__mulsf3+0x12a>
     546:	66 0c       	add	r6, r6
     548:	77 1c       	adc	r7, r7
     54a:	88 1c       	adc	r8, r8
     54c:	99 1c       	adc	r9, r9
     54e:	56 94       	lsr	r5
     550:	47 94       	ror	r4
     552:	37 94       	ror	r3
     554:	27 94       	ror	r2
     556:	c3 cf       	rjmp	.-122    	; 0x4de <__mulsf3+0xb0>
     558:	fa 85       	ldd	r31, Y+10	; 0x0a
     55a:	ea 89       	ldd	r30, Y+18	; 0x12
     55c:	2b 89       	ldd	r18, Y+19	; 0x13
     55e:	3c 89       	ldd	r19, Y+20	; 0x14
     560:	8b 85       	ldd	r24, Y+11	; 0x0b
     562:	9c 85       	ldd	r25, Y+12	; 0x0c
     564:	28 0f       	add	r18, r24
     566:	39 1f       	adc	r19, r25
     568:	2e 5f       	subi	r18, 0xFE	; 254
     56a:	3f 4f       	sbci	r19, 0xFF	; 255
     56c:	17 c0       	rjmp	.+46     	; 0x59c <__mulsf3+0x16e>
     56e:	ca 01       	movw	r24, r20
     570:	81 70       	andi	r24, 0x01	; 1
     572:	90 70       	andi	r25, 0x00	; 0
     574:	89 2b       	or	r24, r25
     576:	61 f0       	breq	.+24     	; 0x590 <__mulsf3+0x162>
     578:	16 95       	lsr	r17
     57a:	07 95       	ror	r16
     57c:	f7 94       	ror	r15
     57e:	e7 94       	ror	r14
     580:	80 e0       	ldi	r24, 0x00	; 0
     582:	90 e0       	ldi	r25, 0x00	; 0
     584:	a0 e0       	ldi	r26, 0x00	; 0
     586:	b0 e8       	ldi	r27, 0x80	; 128
     588:	e8 2a       	or	r14, r24
     58a:	f9 2a       	or	r15, r25
     58c:	0a 2b       	or	r16, r26
     58e:	1b 2b       	or	r17, r27
     590:	76 95       	lsr	r23
     592:	67 95       	ror	r22
     594:	57 95       	ror	r21
     596:	47 95       	ror	r20
     598:	2f 5f       	subi	r18, 0xFF	; 255
     59a:	3f 4f       	sbci	r19, 0xFF	; 255
     59c:	77 fd       	sbrc	r23, 7
     59e:	e7 cf       	rjmp	.-50     	; 0x56e <__mulsf3+0x140>
     5a0:	0c c0       	rjmp	.+24     	; 0x5ba <__mulsf3+0x18c>
     5a2:	44 0f       	add	r20, r20
     5a4:	55 1f       	adc	r21, r21
     5a6:	66 1f       	adc	r22, r22
     5a8:	77 1f       	adc	r23, r23
     5aa:	17 fd       	sbrc	r17, 7
     5ac:	41 60       	ori	r20, 0x01	; 1
     5ae:	ee 0c       	add	r14, r14
     5b0:	ff 1c       	adc	r15, r15
     5b2:	00 1f       	adc	r16, r16
     5b4:	11 1f       	adc	r17, r17
     5b6:	21 50       	subi	r18, 0x01	; 1
     5b8:	30 40       	sbci	r19, 0x00	; 0
     5ba:	40 30       	cpi	r20, 0x00	; 0
     5bc:	90 e0       	ldi	r25, 0x00	; 0
     5be:	59 07       	cpc	r21, r25
     5c0:	90 e0       	ldi	r25, 0x00	; 0
     5c2:	69 07       	cpc	r22, r25
     5c4:	90 e4       	ldi	r25, 0x40	; 64
     5c6:	79 07       	cpc	r23, r25
     5c8:	60 f3       	brcs	.-40     	; 0x5a2 <__mulsf3+0x174>
     5ca:	2b 8f       	std	Y+27, r18	; 0x1b
     5cc:	3c 8f       	std	Y+28, r19	; 0x1c
     5ce:	db 01       	movw	r26, r22
     5d0:	ca 01       	movw	r24, r20
     5d2:	8f 77       	andi	r24, 0x7F	; 127
     5d4:	90 70       	andi	r25, 0x00	; 0
     5d6:	a0 70       	andi	r26, 0x00	; 0
     5d8:	b0 70       	andi	r27, 0x00	; 0
     5da:	80 34       	cpi	r24, 0x40	; 64
     5dc:	91 05       	cpc	r25, r1
     5de:	a1 05       	cpc	r26, r1
     5e0:	b1 05       	cpc	r27, r1
     5e2:	61 f4       	brne	.+24     	; 0x5fc <__mulsf3+0x1ce>
     5e4:	47 fd       	sbrc	r20, 7
     5e6:	0a c0       	rjmp	.+20     	; 0x5fc <__mulsf3+0x1ce>
     5e8:	e1 14       	cp	r14, r1
     5ea:	f1 04       	cpc	r15, r1
     5ec:	01 05       	cpc	r16, r1
     5ee:	11 05       	cpc	r17, r1
     5f0:	29 f0       	breq	.+10     	; 0x5fc <__mulsf3+0x1ce>
     5f2:	40 5c       	subi	r20, 0xC0	; 192
     5f4:	5f 4f       	sbci	r21, 0xFF	; 255
     5f6:	6f 4f       	sbci	r22, 0xFF	; 255
     5f8:	7f 4f       	sbci	r23, 0xFF	; 255
     5fa:	40 78       	andi	r20, 0x80	; 128
     5fc:	1a 8e       	std	Y+26, r1	; 0x1a
     5fe:	fe 17       	cp	r31, r30
     600:	11 f0       	breq	.+4      	; 0x606 <__mulsf3+0x1d8>
     602:	81 e0       	ldi	r24, 0x01	; 1
     604:	8a 8f       	std	Y+26, r24	; 0x1a
     606:	4d 8f       	std	Y+29, r20	; 0x1d
     608:	5e 8f       	std	Y+30, r21	; 0x1e
     60a:	6f 8f       	std	Y+31, r22	; 0x1f
     60c:	78 a3       	std	Y+32, r23	; 0x20
     60e:	83 e0       	ldi	r24, 0x03	; 3
     610:	89 8f       	std	Y+25, r24	; 0x19
     612:	ce 01       	movw	r24, r28
     614:	49 96       	adiw	r24, 0x19	; 25
     616:	0e 94 f5 03 	call	0x7ea	; 0x7ea <__pack_f>
     61a:	a0 96       	adiw	r28, 0x20	; 32
     61c:	e2 e1       	ldi	r30, 0x12	; 18
     61e:	0c 94 7d 10 	jmp	0x20fa	; 0x20fa <__epilogue_restores__>

00000622 <__gtsf2>:
     622:	a8 e1       	ldi	r26, 0x18	; 24
     624:	b0 e0       	ldi	r27, 0x00	; 0
     626:	e7 e1       	ldi	r30, 0x17	; 23
     628:	f3 e0       	ldi	r31, 0x03	; 3
     62a:	0c 94 6d 10 	jmp	0x20da	; 0x20da <__prologue_saves__+0x18>
     62e:	69 83       	std	Y+1, r22	; 0x01
     630:	7a 83       	std	Y+2, r23	; 0x02
     632:	8b 83       	std	Y+3, r24	; 0x03
     634:	9c 83       	std	Y+4, r25	; 0x04
     636:	2d 83       	std	Y+5, r18	; 0x05
     638:	3e 83       	std	Y+6, r19	; 0x06
     63a:	4f 83       	std	Y+7, r20	; 0x07
     63c:	58 87       	std	Y+8, r21	; 0x08
     63e:	89 e0       	ldi	r24, 0x09	; 9
     640:	e8 2e       	mov	r14, r24
     642:	f1 2c       	mov	r15, r1
     644:	ec 0e       	add	r14, r28
     646:	fd 1e       	adc	r15, r29
     648:	ce 01       	movw	r24, r28
     64a:	01 96       	adiw	r24, 0x01	; 1
     64c:	b7 01       	movw	r22, r14
     64e:	0e 94 ca 04 	call	0x994	; 0x994 <__unpack_f>
     652:	8e 01       	movw	r16, r28
     654:	0f 5e       	subi	r16, 0xEF	; 239
     656:	1f 4f       	sbci	r17, 0xFF	; 255
     658:	ce 01       	movw	r24, r28
     65a:	05 96       	adiw	r24, 0x05	; 5
     65c:	b8 01       	movw	r22, r16
     65e:	0e 94 ca 04 	call	0x994	; 0x994 <__unpack_f>
     662:	89 85       	ldd	r24, Y+9	; 0x09
     664:	82 30       	cpi	r24, 0x02	; 2
     666:	40 f0       	brcs	.+16     	; 0x678 <__gtsf2+0x56>
     668:	89 89       	ldd	r24, Y+17	; 0x11
     66a:	82 30       	cpi	r24, 0x02	; 2
     66c:	28 f0       	brcs	.+10     	; 0x678 <__gtsf2+0x56>
     66e:	c7 01       	movw	r24, r14
     670:	b8 01       	movw	r22, r16
     672:	0e 94 42 05 	call	0xa84	; 0xa84 <__fpcmp_parts_f>
     676:	01 c0       	rjmp	.+2      	; 0x67a <__gtsf2+0x58>
     678:	8f ef       	ldi	r24, 0xFF	; 255
     67a:	68 96       	adiw	r28, 0x18	; 24
     67c:	e6 e0       	ldi	r30, 0x06	; 6
     67e:	0c 94 89 10 	jmp	0x2112	; 0x2112 <__epilogue_restores__+0x18>

00000682 <__gesf2>:
     682:	a8 e1       	ldi	r26, 0x18	; 24
     684:	b0 e0       	ldi	r27, 0x00	; 0
     686:	e7 e4       	ldi	r30, 0x47	; 71
     688:	f3 e0       	ldi	r31, 0x03	; 3
     68a:	0c 94 6d 10 	jmp	0x20da	; 0x20da <__prologue_saves__+0x18>
     68e:	69 83       	std	Y+1, r22	; 0x01
     690:	7a 83       	std	Y+2, r23	; 0x02
     692:	8b 83       	std	Y+3, r24	; 0x03
     694:	9c 83       	std	Y+4, r25	; 0x04
     696:	2d 83       	std	Y+5, r18	; 0x05
     698:	3e 83       	std	Y+6, r19	; 0x06
     69a:	4f 83       	std	Y+7, r20	; 0x07
     69c:	58 87       	std	Y+8, r21	; 0x08
     69e:	89 e0       	ldi	r24, 0x09	; 9
     6a0:	e8 2e       	mov	r14, r24
     6a2:	f1 2c       	mov	r15, r1
     6a4:	ec 0e       	add	r14, r28
     6a6:	fd 1e       	adc	r15, r29
     6a8:	ce 01       	movw	r24, r28
     6aa:	01 96       	adiw	r24, 0x01	; 1
     6ac:	b7 01       	movw	r22, r14
     6ae:	0e 94 ca 04 	call	0x994	; 0x994 <__unpack_f>
     6b2:	8e 01       	movw	r16, r28
     6b4:	0f 5e       	subi	r16, 0xEF	; 239
     6b6:	1f 4f       	sbci	r17, 0xFF	; 255
     6b8:	ce 01       	movw	r24, r28
     6ba:	05 96       	adiw	r24, 0x05	; 5
     6bc:	b8 01       	movw	r22, r16
     6be:	0e 94 ca 04 	call	0x994	; 0x994 <__unpack_f>
     6c2:	89 85       	ldd	r24, Y+9	; 0x09
     6c4:	82 30       	cpi	r24, 0x02	; 2
     6c6:	40 f0       	brcs	.+16     	; 0x6d8 <__gesf2+0x56>
     6c8:	89 89       	ldd	r24, Y+17	; 0x11
     6ca:	82 30       	cpi	r24, 0x02	; 2
     6cc:	28 f0       	brcs	.+10     	; 0x6d8 <__gesf2+0x56>
     6ce:	c7 01       	movw	r24, r14
     6d0:	b8 01       	movw	r22, r16
     6d2:	0e 94 42 05 	call	0xa84	; 0xa84 <__fpcmp_parts_f>
     6d6:	01 c0       	rjmp	.+2      	; 0x6da <__gesf2+0x58>
     6d8:	8f ef       	ldi	r24, 0xFF	; 255
     6da:	68 96       	adiw	r28, 0x18	; 24
     6dc:	e6 e0       	ldi	r30, 0x06	; 6
     6de:	0c 94 89 10 	jmp	0x2112	; 0x2112 <__epilogue_restores__+0x18>

000006e2 <__ltsf2>:
     6e2:	a8 e1       	ldi	r26, 0x18	; 24
     6e4:	b0 e0       	ldi	r27, 0x00	; 0
     6e6:	e7 e7       	ldi	r30, 0x77	; 119
     6e8:	f3 e0       	ldi	r31, 0x03	; 3
     6ea:	0c 94 6d 10 	jmp	0x20da	; 0x20da <__prologue_saves__+0x18>
     6ee:	69 83       	std	Y+1, r22	; 0x01
     6f0:	7a 83       	std	Y+2, r23	; 0x02
     6f2:	8b 83       	std	Y+3, r24	; 0x03
     6f4:	9c 83       	std	Y+4, r25	; 0x04
     6f6:	2d 83       	std	Y+5, r18	; 0x05
     6f8:	3e 83       	std	Y+6, r19	; 0x06
     6fa:	4f 83       	std	Y+7, r20	; 0x07
     6fc:	58 87       	std	Y+8, r21	; 0x08
     6fe:	89 e0       	ldi	r24, 0x09	; 9
     700:	e8 2e       	mov	r14, r24
     702:	f1 2c       	mov	r15, r1
     704:	ec 0e       	add	r14, r28
     706:	fd 1e       	adc	r15, r29
     708:	ce 01       	movw	r24, r28
     70a:	01 96       	adiw	r24, 0x01	; 1
     70c:	b7 01       	movw	r22, r14
     70e:	0e 94 ca 04 	call	0x994	; 0x994 <__unpack_f>
     712:	8e 01       	movw	r16, r28
     714:	0f 5e       	subi	r16, 0xEF	; 239
     716:	1f 4f       	sbci	r17, 0xFF	; 255
     718:	ce 01       	movw	r24, r28
     71a:	05 96       	adiw	r24, 0x05	; 5
     71c:	b8 01       	movw	r22, r16
     71e:	0e 94 ca 04 	call	0x994	; 0x994 <__unpack_f>
     722:	89 85       	ldd	r24, Y+9	; 0x09
     724:	82 30       	cpi	r24, 0x02	; 2
     726:	40 f0       	brcs	.+16     	; 0x738 <__ltsf2+0x56>
     728:	89 89       	ldd	r24, Y+17	; 0x11
     72a:	82 30       	cpi	r24, 0x02	; 2
     72c:	28 f0       	brcs	.+10     	; 0x738 <__ltsf2+0x56>
     72e:	c7 01       	movw	r24, r14
     730:	b8 01       	movw	r22, r16
     732:	0e 94 42 05 	call	0xa84	; 0xa84 <__fpcmp_parts_f>
     736:	01 c0       	rjmp	.+2      	; 0x73a <__ltsf2+0x58>
     738:	81 e0       	ldi	r24, 0x01	; 1
     73a:	68 96       	adiw	r28, 0x18	; 24
     73c:	e6 e0       	ldi	r30, 0x06	; 6
     73e:	0c 94 89 10 	jmp	0x2112	; 0x2112 <__epilogue_restores__+0x18>

00000742 <__fixsfsi>:
     742:	ac e0       	ldi	r26, 0x0C	; 12
     744:	b0 e0       	ldi	r27, 0x00	; 0
     746:	e7 ea       	ldi	r30, 0xA7	; 167
     748:	f3 e0       	ldi	r31, 0x03	; 3
     74a:	0c 94 71 10 	jmp	0x20e2	; 0x20e2 <__prologue_saves__+0x20>
     74e:	69 83       	std	Y+1, r22	; 0x01
     750:	7a 83       	std	Y+2, r23	; 0x02
     752:	8b 83       	std	Y+3, r24	; 0x03
     754:	9c 83       	std	Y+4, r25	; 0x04
     756:	ce 01       	movw	r24, r28
     758:	01 96       	adiw	r24, 0x01	; 1
     75a:	be 01       	movw	r22, r28
     75c:	6b 5f       	subi	r22, 0xFB	; 251
     75e:	7f 4f       	sbci	r23, 0xFF	; 255
     760:	0e 94 ca 04 	call	0x994	; 0x994 <__unpack_f>
     764:	8d 81       	ldd	r24, Y+5	; 0x05
     766:	82 30       	cpi	r24, 0x02	; 2
     768:	61 f1       	breq	.+88     	; 0x7c2 <__fixsfsi+0x80>
     76a:	82 30       	cpi	r24, 0x02	; 2
     76c:	50 f1       	brcs	.+84     	; 0x7c2 <__fixsfsi+0x80>
     76e:	84 30       	cpi	r24, 0x04	; 4
     770:	21 f4       	brne	.+8      	; 0x77a <__fixsfsi+0x38>
     772:	8e 81       	ldd	r24, Y+6	; 0x06
     774:	88 23       	and	r24, r24
     776:	51 f1       	breq	.+84     	; 0x7cc <__fixsfsi+0x8a>
     778:	2e c0       	rjmp	.+92     	; 0x7d6 <__fixsfsi+0x94>
     77a:	2f 81       	ldd	r18, Y+7	; 0x07
     77c:	38 85       	ldd	r19, Y+8	; 0x08
     77e:	37 fd       	sbrc	r19, 7
     780:	20 c0       	rjmp	.+64     	; 0x7c2 <__fixsfsi+0x80>
     782:	6e 81       	ldd	r22, Y+6	; 0x06
     784:	2f 31       	cpi	r18, 0x1F	; 31
     786:	31 05       	cpc	r19, r1
     788:	1c f0       	brlt	.+6      	; 0x790 <__fixsfsi+0x4e>
     78a:	66 23       	and	r22, r22
     78c:	f9 f0       	breq	.+62     	; 0x7cc <__fixsfsi+0x8a>
     78e:	23 c0       	rjmp	.+70     	; 0x7d6 <__fixsfsi+0x94>
     790:	8e e1       	ldi	r24, 0x1E	; 30
     792:	90 e0       	ldi	r25, 0x00	; 0
     794:	82 1b       	sub	r24, r18
     796:	93 0b       	sbc	r25, r19
     798:	29 85       	ldd	r18, Y+9	; 0x09
     79a:	3a 85       	ldd	r19, Y+10	; 0x0a
     79c:	4b 85       	ldd	r20, Y+11	; 0x0b
     79e:	5c 85       	ldd	r21, Y+12	; 0x0c
     7a0:	04 c0       	rjmp	.+8      	; 0x7aa <__fixsfsi+0x68>
     7a2:	56 95       	lsr	r21
     7a4:	47 95       	ror	r20
     7a6:	37 95       	ror	r19
     7a8:	27 95       	ror	r18
     7aa:	8a 95       	dec	r24
     7ac:	d2 f7       	brpl	.-12     	; 0x7a2 <__fixsfsi+0x60>
     7ae:	66 23       	and	r22, r22
     7b0:	b1 f0       	breq	.+44     	; 0x7de <__fixsfsi+0x9c>
     7b2:	50 95       	com	r21
     7b4:	40 95       	com	r20
     7b6:	30 95       	com	r19
     7b8:	21 95       	neg	r18
     7ba:	3f 4f       	sbci	r19, 0xFF	; 255
     7bc:	4f 4f       	sbci	r20, 0xFF	; 255
     7be:	5f 4f       	sbci	r21, 0xFF	; 255
     7c0:	0e c0       	rjmp	.+28     	; 0x7de <__fixsfsi+0x9c>
     7c2:	20 e0       	ldi	r18, 0x00	; 0
     7c4:	30 e0       	ldi	r19, 0x00	; 0
     7c6:	40 e0       	ldi	r20, 0x00	; 0
     7c8:	50 e0       	ldi	r21, 0x00	; 0
     7ca:	09 c0       	rjmp	.+18     	; 0x7de <__fixsfsi+0x9c>
     7cc:	2f ef       	ldi	r18, 0xFF	; 255
     7ce:	3f ef       	ldi	r19, 0xFF	; 255
     7d0:	4f ef       	ldi	r20, 0xFF	; 255
     7d2:	5f e7       	ldi	r21, 0x7F	; 127
     7d4:	04 c0       	rjmp	.+8      	; 0x7de <__fixsfsi+0x9c>
     7d6:	20 e0       	ldi	r18, 0x00	; 0
     7d8:	30 e0       	ldi	r19, 0x00	; 0
     7da:	40 e0       	ldi	r20, 0x00	; 0
     7dc:	50 e8       	ldi	r21, 0x80	; 128
     7de:	b9 01       	movw	r22, r18
     7e0:	ca 01       	movw	r24, r20
     7e2:	2c 96       	adiw	r28, 0x0c	; 12
     7e4:	e2 e0       	ldi	r30, 0x02	; 2
     7e6:	0c 94 8d 10 	jmp	0x211a	; 0x211a <__epilogue_restores__+0x20>

000007ea <__pack_f>:
     7ea:	df 92       	push	r13
     7ec:	ef 92       	push	r14
     7ee:	ff 92       	push	r15
     7f0:	0f 93       	push	r16
     7f2:	1f 93       	push	r17
     7f4:	fc 01       	movw	r30, r24
     7f6:	e4 80       	ldd	r14, Z+4	; 0x04
     7f8:	f5 80       	ldd	r15, Z+5	; 0x05
     7fa:	06 81       	ldd	r16, Z+6	; 0x06
     7fc:	17 81       	ldd	r17, Z+7	; 0x07
     7fe:	d1 80       	ldd	r13, Z+1	; 0x01
     800:	80 81       	ld	r24, Z
     802:	82 30       	cpi	r24, 0x02	; 2
     804:	48 f4       	brcc	.+18     	; 0x818 <__pack_f+0x2e>
     806:	80 e0       	ldi	r24, 0x00	; 0
     808:	90 e0       	ldi	r25, 0x00	; 0
     80a:	a0 e1       	ldi	r26, 0x10	; 16
     80c:	b0 e0       	ldi	r27, 0x00	; 0
     80e:	e8 2a       	or	r14, r24
     810:	f9 2a       	or	r15, r25
     812:	0a 2b       	or	r16, r26
     814:	1b 2b       	or	r17, r27
     816:	a5 c0       	rjmp	.+330    	; 0x962 <__stack+0x103>
     818:	84 30       	cpi	r24, 0x04	; 4
     81a:	09 f4       	brne	.+2      	; 0x81e <__pack_f+0x34>
     81c:	9f c0       	rjmp	.+318    	; 0x95c <__stack+0xfd>
     81e:	82 30       	cpi	r24, 0x02	; 2
     820:	21 f4       	brne	.+8      	; 0x82a <__pack_f+0x40>
     822:	ee 24       	eor	r14, r14
     824:	ff 24       	eor	r15, r15
     826:	87 01       	movw	r16, r14
     828:	05 c0       	rjmp	.+10     	; 0x834 <__pack_f+0x4a>
     82a:	e1 14       	cp	r14, r1
     82c:	f1 04       	cpc	r15, r1
     82e:	01 05       	cpc	r16, r1
     830:	11 05       	cpc	r17, r1
     832:	19 f4       	brne	.+6      	; 0x83a <__pack_f+0x50>
     834:	e0 e0       	ldi	r30, 0x00	; 0
     836:	f0 e0       	ldi	r31, 0x00	; 0
     838:	96 c0       	rjmp	.+300    	; 0x966 <__stack+0x107>
     83a:	62 81       	ldd	r22, Z+2	; 0x02
     83c:	73 81       	ldd	r23, Z+3	; 0x03
     83e:	9f ef       	ldi	r25, 0xFF	; 255
     840:	62 38       	cpi	r22, 0x82	; 130
     842:	79 07       	cpc	r23, r25
     844:	0c f0       	brlt	.+2      	; 0x848 <__pack_f+0x5e>
     846:	5b c0       	rjmp	.+182    	; 0x8fe <__stack+0x9f>
     848:	22 e8       	ldi	r18, 0x82	; 130
     84a:	3f ef       	ldi	r19, 0xFF	; 255
     84c:	26 1b       	sub	r18, r22
     84e:	37 0b       	sbc	r19, r23
     850:	2a 31       	cpi	r18, 0x1A	; 26
     852:	31 05       	cpc	r19, r1
     854:	2c f0       	brlt	.+10     	; 0x860 <__stack+0x1>
     856:	20 e0       	ldi	r18, 0x00	; 0
     858:	30 e0       	ldi	r19, 0x00	; 0
     85a:	40 e0       	ldi	r20, 0x00	; 0
     85c:	50 e0       	ldi	r21, 0x00	; 0
     85e:	2a c0       	rjmp	.+84     	; 0x8b4 <__stack+0x55>
     860:	b8 01       	movw	r22, r16
     862:	a7 01       	movw	r20, r14
     864:	02 2e       	mov	r0, r18
     866:	04 c0       	rjmp	.+8      	; 0x870 <__stack+0x11>
     868:	76 95       	lsr	r23
     86a:	67 95       	ror	r22
     86c:	57 95       	ror	r21
     86e:	47 95       	ror	r20
     870:	0a 94       	dec	r0
     872:	d2 f7       	brpl	.-12     	; 0x868 <__stack+0x9>
     874:	81 e0       	ldi	r24, 0x01	; 1
     876:	90 e0       	ldi	r25, 0x00	; 0
     878:	a0 e0       	ldi	r26, 0x00	; 0
     87a:	b0 e0       	ldi	r27, 0x00	; 0
     87c:	04 c0       	rjmp	.+8      	; 0x886 <__stack+0x27>
     87e:	88 0f       	add	r24, r24
     880:	99 1f       	adc	r25, r25
     882:	aa 1f       	adc	r26, r26
     884:	bb 1f       	adc	r27, r27
     886:	2a 95       	dec	r18
     888:	d2 f7       	brpl	.-12     	; 0x87e <__stack+0x1f>
     88a:	01 97       	sbiw	r24, 0x01	; 1
     88c:	a1 09       	sbc	r26, r1
     88e:	b1 09       	sbc	r27, r1
     890:	8e 21       	and	r24, r14
     892:	9f 21       	and	r25, r15
     894:	a0 23       	and	r26, r16
     896:	b1 23       	and	r27, r17
     898:	00 97       	sbiw	r24, 0x00	; 0
     89a:	a1 05       	cpc	r26, r1
     89c:	b1 05       	cpc	r27, r1
     89e:	21 f0       	breq	.+8      	; 0x8a8 <__stack+0x49>
     8a0:	81 e0       	ldi	r24, 0x01	; 1
     8a2:	90 e0       	ldi	r25, 0x00	; 0
     8a4:	a0 e0       	ldi	r26, 0x00	; 0
     8a6:	b0 e0       	ldi	r27, 0x00	; 0
     8a8:	9a 01       	movw	r18, r20
     8aa:	ab 01       	movw	r20, r22
     8ac:	28 2b       	or	r18, r24
     8ae:	39 2b       	or	r19, r25
     8b0:	4a 2b       	or	r20, r26
     8b2:	5b 2b       	or	r21, r27
     8b4:	da 01       	movw	r26, r20
     8b6:	c9 01       	movw	r24, r18
     8b8:	8f 77       	andi	r24, 0x7F	; 127
     8ba:	90 70       	andi	r25, 0x00	; 0
     8bc:	a0 70       	andi	r26, 0x00	; 0
     8be:	b0 70       	andi	r27, 0x00	; 0
     8c0:	80 34       	cpi	r24, 0x40	; 64
     8c2:	91 05       	cpc	r25, r1
     8c4:	a1 05       	cpc	r26, r1
     8c6:	b1 05       	cpc	r27, r1
     8c8:	39 f4       	brne	.+14     	; 0x8d8 <__stack+0x79>
     8ca:	27 ff       	sbrs	r18, 7
     8cc:	09 c0       	rjmp	.+18     	; 0x8e0 <__stack+0x81>
     8ce:	20 5c       	subi	r18, 0xC0	; 192
     8d0:	3f 4f       	sbci	r19, 0xFF	; 255
     8d2:	4f 4f       	sbci	r20, 0xFF	; 255
     8d4:	5f 4f       	sbci	r21, 0xFF	; 255
     8d6:	04 c0       	rjmp	.+8      	; 0x8e0 <__stack+0x81>
     8d8:	21 5c       	subi	r18, 0xC1	; 193
     8da:	3f 4f       	sbci	r19, 0xFF	; 255
     8dc:	4f 4f       	sbci	r20, 0xFF	; 255
     8de:	5f 4f       	sbci	r21, 0xFF	; 255
     8e0:	e0 e0       	ldi	r30, 0x00	; 0
     8e2:	f0 e0       	ldi	r31, 0x00	; 0
     8e4:	20 30       	cpi	r18, 0x00	; 0
     8e6:	a0 e0       	ldi	r26, 0x00	; 0
     8e8:	3a 07       	cpc	r19, r26
     8ea:	a0 e0       	ldi	r26, 0x00	; 0
     8ec:	4a 07       	cpc	r20, r26
     8ee:	a0 e4       	ldi	r26, 0x40	; 64
     8f0:	5a 07       	cpc	r21, r26
     8f2:	10 f0       	brcs	.+4      	; 0x8f8 <__stack+0x99>
     8f4:	e1 e0       	ldi	r30, 0x01	; 1
     8f6:	f0 e0       	ldi	r31, 0x00	; 0
     8f8:	79 01       	movw	r14, r18
     8fa:	8a 01       	movw	r16, r20
     8fc:	27 c0       	rjmp	.+78     	; 0x94c <__stack+0xed>
     8fe:	60 38       	cpi	r22, 0x80	; 128
     900:	71 05       	cpc	r23, r1
     902:	64 f5       	brge	.+88     	; 0x95c <__stack+0xfd>
     904:	fb 01       	movw	r30, r22
     906:	e1 58       	subi	r30, 0x81	; 129
     908:	ff 4f       	sbci	r31, 0xFF	; 255
     90a:	d8 01       	movw	r26, r16
     90c:	c7 01       	movw	r24, r14
     90e:	8f 77       	andi	r24, 0x7F	; 127
     910:	90 70       	andi	r25, 0x00	; 0
     912:	a0 70       	andi	r26, 0x00	; 0
     914:	b0 70       	andi	r27, 0x00	; 0
     916:	80 34       	cpi	r24, 0x40	; 64
     918:	91 05       	cpc	r25, r1
     91a:	a1 05       	cpc	r26, r1
     91c:	b1 05       	cpc	r27, r1
     91e:	39 f4       	brne	.+14     	; 0x92e <__stack+0xcf>
     920:	e7 fe       	sbrs	r14, 7
     922:	0d c0       	rjmp	.+26     	; 0x93e <__stack+0xdf>
     924:	80 e4       	ldi	r24, 0x40	; 64
     926:	90 e0       	ldi	r25, 0x00	; 0
     928:	a0 e0       	ldi	r26, 0x00	; 0
     92a:	b0 e0       	ldi	r27, 0x00	; 0
     92c:	04 c0       	rjmp	.+8      	; 0x936 <__stack+0xd7>
     92e:	8f e3       	ldi	r24, 0x3F	; 63
     930:	90 e0       	ldi	r25, 0x00	; 0
     932:	a0 e0       	ldi	r26, 0x00	; 0
     934:	b0 e0       	ldi	r27, 0x00	; 0
     936:	e8 0e       	add	r14, r24
     938:	f9 1e       	adc	r15, r25
     93a:	0a 1f       	adc	r16, r26
     93c:	1b 1f       	adc	r17, r27
     93e:	17 ff       	sbrs	r17, 7
     940:	05 c0       	rjmp	.+10     	; 0x94c <__stack+0xed>
     942:	16 95       	lsr	r17
     944:	07 95       	ror	r16
     946:	f7 94       	ror	r15
     948:	e7 94       	ror	r14
     94a:	31 96       	adiw	r30, 0x01	; 1
     94c:	87 e0       	ldi	r24, 0x07	; 7
     94e:	16 95       	lsr	r17
     950:	07 95       	ror	r16
     952:	f7 94       	ror	r15
     954:	e7 94       	ror	r14
     956:	8a 95       	dec	r24
     958:	d1 f7       	brne	.-12     	; 0x94e <__stack+0xef>
     95a:	05 c0       	rjmp	.+10     	; 0x966 <__stack+0x107>
     95c:	ee 24       	eor	r14, r14
     95e:	ff 24       	eor	r15, r15
     960:	87 01       	movw	r16, r14
     962:	ef ef       	ldi	r30, 0xFF	; 255
     964:	f0 e0       	ldi	r31, 0x00	; 0
     966:	6e 2f       	mov	r22, r30
     968:	67 95       	ror	r22
     96a:	66 27       	eor	r22, r22
     96c:	67 95       	ror	r22
     96e:	90 2f       	mov	r25, r16
     970:	9f 77       	andi	r25, 0x7F	; 127
     972:	d7 94       	ror	r13
     974:	dd 24       	eor	r13, r13
     976:	d7 94       	ror	r13
     978:	8e 2f       	mov	r24, r30
     97a:	86 95       	lsr	r24
     97c:	49 2f       	mov	r20, r25
     97e:	46 2b       	or	r20, r22
     980:	58 2f       	mov	r21, r24
     982:	5d 29       	or	r21, r13
     984:	b7 01       	movw	r22, r14
     986:	ca 01       	movw	r24, r20
     988:	1f 91       	pop	r17
     98a:	0f 91       	pop	r16
     98c:	ff 90       	pop	r15
     98e:	ef 90       	pop	r14
     990:	df 90       	pop	r13
     992:	08 95       	ret

00000994 <__unpack_f>:
     994:	fc 01       	movw	r30, r24
     996:	db 01       	movw	r26, r22
     998:	40 81       	ld	r20, Z
     99a:	51 81       	ldd	r21, Z+1	; 0x01
     99c:	22 81       	ldd	r18, Z+2	; 0x02
     99e:	62 2f       	mov	r22, r18
     9a0:	6f 77       	andi	r22, 0x7F	; 127
     9a2:	70 e0       	ldi	r23, 0x00	; 0
     9a4:	22 1f       	adc	r18, r18
     9a6:	22 27       	eor	r18, r18
     9a8:	22 1f       	adc	r18, r18
     9aa:	93 81       	ldd	r25, Z+3	; 0x03
     9ac:	89 2f       	mov	r24, r25
     9ae:	88 0f       	add	r24, r24
     9b0:	82 2b       	or	r24, r18
     9b2:	28 2f       	mov	r18, r24
     9b4:	30 e0       	ldi	r19, 0x00	; 0
     9b6:	99 1f       	adc	r25, r25
     9b8:	99 27       	eor	r25, r25
     9ba:	99 1f       	adc	r25, r25
     9bc:	11 96       	adiw	r26, 0x01	; 1
     9be:	9c 93       	st	X, r25
     9c0:	11 97       	sbiw	r26, 0x01	; 1
     9c2:	21 15       	cp	r18, r1
     9c4:	31 05       	cpc	r19, r1
     9c6:	a9 f5       	brne	.+106    	; 0xa32 <__unpack_f+0x9e>
     9c8:	41 15       	cp	r20, r1
     9ca:	51 05       	cpc	r21, r1
     9cc:	61 05       	cpc	r22, r1
     9ce:	71 05       	cpc	r23, r1
     9d0:	11 f4       	brne	.+4      	; 0x9d6 <__unpack_f+0x42>
     9d2:	82 e0       	ldi	r24, 0x02	; 2
     9d4:	37 c0       	rjmp	.+110    	; 0xa44 <__unpack_f+0xb0>
     9d6:	82 e8       	ldi	r24, 0x82	; 130
     9d8:	9f ef       	ldi	r25, 0xFF	; 255
     9da:	13 96       	adiw	r26, 0x03	; 3
     9dc:	9c 93       	st	X, r25
     9de:	8e 93       	st	-X, r24
     9e0:	12 97       	sbiw	r26, 0x02	; 2
     9e2:	9a 01       	movw	r18, r20
     9e4:	ab 01       	movw	r20, r22
     9e6:	67 e0       	ldi	r22, 0x07	; 7
     9e8:	22 0f       	add	r18, r18
     9ea:	33 1f       	adc	r19, r19
     9ec:	44 1f       	adc	r20, r20
     9ee:	55 1f       	adc	r21, r21
     9f0:	6a 95       	dec	r22
     9f2:	d1 f7       	brne	.-12     	; 0x9e8 <__unpack_f+0x54>
     9f4:	83 e0       	ldi	r24, 0x03	; 3
     9f6:	8c 93       	st	X, r24
     9f8:	0d c0       	rjmp	.+26     	; 0xa14 <__unpack_f+0x80>
     9fa:	22 0f       	add	r18, r18
     9fc:	33 1f       	adc	r19, r19
     9fe:	44 1f       	adc	r20, r20
     a00:	55 1f       	adc	r21, r21
     a02:	12 96       	adiw	r26, 0x02	; 2
     a04:	8d 91       	ld	r24, X+
     a06:	9c 91       	ld	r25, X
     a08:	13 97       	sbiw	r26, 0x03	; 3
     a0a:	01 97       	sbiw	r24, 0x01	; 1
     a0c:	13 96       	adiw	r26, 0x03	; 3
     a0e:	9c 93       	st	X, r25
     a10:	8e 93       	st	-X, r24
     a12:	12 97       	sbiw	r26, 0x02	; 2
     a14:	20 30       	cpi	r18, 0x00	; 0
     a16:	80 e0       	ldi	r24, 0x00	; 0
     a18:	38 07       	cpc	r19, r24
     a1a:	80 e0       	ldi	r24, 0x00	; 0
     a1c:	48 07       	cpc	r20, r24
     a1e:	80 e4       	ldi	r24, 0x40	; 64
     a20:	58 07       	cpc	r21, r24
     a22:	58 f3       	brcs	.-42     	; 0x9fa <__unpack_f+0x66>
     a24:	14 96       	adiw	r26, 0x04	; 4
     a26:	2d 93       	st	X+, r18
     a28:	3d 93       	st	X+, r19
     a2a:	4d 93       	st	X+, r20
     a2c:	5c 93       	st	X, r21
     a2e:	17 97       	sbiw	r26, 0x07	; 7
     a30:	08 95       	ret
     a32:	2f 3f       	cpi	r18, 0xFF	; 255
     a34:	31 05       	cpc	r19, r1
     a36:	79 f4       	brne	.+30     	; 0xa56 <__unpack_f+0xc2>
     a38:	41 15       	cp	r20, r1
     a3a:	51 05       	cpc	r21, r1
     a3c:	61 05       	cpc	r22, r1
     a3e:	71 05       	cpc	r23, r1
     a40:	19 f4       	brne	.+6      	; 0xa48 <__unpack_f+0xb4>
     a42:	84 e0       	ldi	r24, 0x04	; 4
     a44:	8c 93       	st	X, r24
     a46:	08 95       	ret
     a48:	64 ff       	sbrs	r22, 4
     a4a:	03 c0       	rjmp	.+6      	; 0xa52 <__unpack_f+0xbe>
     a4c:	81 e0       	ldi	r24, 0x01	; 1
     a4e:	8c 93       	st	X, r24
     a50:	12 c0       	rjmp	.+36     	; 0xa76 <__unpack_f+0xe2>
     a52:	1c 92       	st	X, r1
     a54:	10 c0       	rjmp	.+32     	; 0xa76 <__unpack_f+0xe2>
     a56:	2f 57       	subi	r18, 0x7F	; 127
     a58:	30 40       	sbci	r19, 0x00	; 0
     a5a:	13 96       	adiw	r26, 0x03	; 3
     a5c:	3c 93       	st	X, r19
     a5e:	2e 93       	st	-X, r18
     a60:	12 97       	sbiw	r26, 0x02	; 2
     a62:	83 e0       	ldi	r24, 0x03	; 3
     a64:	8c 93       	st	X, r24
     a66:	87 e0       	ldi	r24, 0x07	; 7
     a68:	44 0f       	add	r20, r20
     a6a:	55 1f       	adc	r21, r21
     a6c:	66 1f       	adc	r22, r22
     a6e:	77 1f       	adc	r23, r23
     a70:	8a 95       	dec	r24
     a72:	d1 f7       	brne	.-12     	; 0xa68 <__unpack_f+0xd4>
     a74:	70 64       	ori	r23, 0x40	; 64
     a76:	14 96       	adiw	r26, 0x04	; 4
     a78:	4d 93       	st	X+, r20
     a7a:	5d 93       	st	X+, r21
     a7c:	6d 93       	st	X+, r22
     a7e:	7c 93       	st	X, r23
     a80:	17 97       	sbiw	r26, 0x07	; 7
     a82:	08 95       	ret

00000a84 <__fpcmp_parts_f>:
     a84:	1f 93       	push	r17
     a86:	dc 01       	movw	r26, r24
     a88:	fb 01       	movw	r30, r22
     a8a:	9c 91       	ld	r25, X
     a8c:	92 30       	cpi	r25, 0x02	; 2
     a8e:	08 f4       	brcc	.+2      	; 0xa92 <__fpcmp_parts_f+0xe>
     a90:	47 c0       	rjmp	.+142    	; 0xb20 <__fpcmp_parts_f+0x9c>
     a92:	80 81       	ld	r24, Z
     a94:	82 30       	cpi	r24, 0x02	; 2
     a96:	08 f4       	brcc	.+2      	; 0xa9a <__fpcmp_parts_f+0x16>
     a98:	43 c0       	rjmp	.+134    	; 0xb20 <__fpcmp_parts_f+0x9c>
     a9a:	94 30       	cpi	r25, 0x04	; 4
     a9c:	51 f4       	brne	.+20     	; 0xab2 <__fpcmp_parts_f+0x2e>
     a9e:	11 96       	adiw	r26, 0x01	; 1
     aa0:	1c 91       	ld	r17, X
     aa2:	84 30       	cpi	r24, 0x04	; 4
     aa4:	99 f5       	brne	.+102    	; 0xb0c <__fpcmp_parts_f+0x88>
     aa6:	81 81       	ldd	r24, Z+1	; 0x01
     aa8:	68 2f       	mov	r22, r24
     aaa:	70 e0       	ldi	r23, 0x00	; 0
     aac:	61 1b       	sub	r22, r17
     aae:	71 09       	sbc	r23, r1
     ab0:	3f c0       	rjmp	.+126    	; 0xb30 <__fpcmp_parts_f+0xac>
     ab2:	84 30       	cpi	r24, 0x04	; 4
     ab4:	21 f0       	breq	.+8      	; 0xabe <__fpcmp_parts_f+0x3a>
     ab6:	92 30       	cpi	r25, 0x02	; 2
     ab8:	31 f4       	brne	.+12     	; 0xac6 <__fpcmp_parts_f+0x42>
     aba:	82 30       	cpi	r24, 0x02	; 2
     abc:	b9 f1       	breq	.+110    	; 0xb2c <__fpcmp_parts_f+0xa8>
     abe:	81 81       	ldd	r24, Z+1	; 0x01
     ac0:	88 23       	and	r24, r24
     ac2:	89 f1       	breq	.+98     	; 0xb26 <__fpcmp_parts_f+0xa2>
     ac4:	2d c0       	rjmp	.+90     	; 0xb20 <__fpcmp_parts_f+0x9c>
     ac6:	11 96       	adiw	r26, 0x01	; 1
     ac8:	1c 91       	ld	r17, X
     aca:	11 97       	sbiw	r26, 0x01	; 1
     acc:	82 30       	cpi	r24, 0x02	; 2
     ace:	f1 f0       	breq	.+60     	; 0xb0c <__fpcmp_parts_f+0x88>
     ad0:	81 81       	ldd	r24, Z+1	; 0x01
     ad2:	18 17       	cp	r17, r24
     ad4:	d9 f4       	brne	.+54     	; 0xb0c <__fpcmp_parts_f+0x88>
     ad6:	12 96       	adiw	r26, 0x02	; 2
     ad8:	2d 91       	ld	r18, X+
     ada:	3c 91       	ld	r19, X
     adc:	13 97       	sbiw	r26, 0x03	; 3
     ade:	82 81       	ldd	r24, Z+2	; 0x02
     ae0:	93 81       	ldd	r25, Z+3	; 0x03
     ae2:	82 17       	cp	r24, r18
     ae4:	93 07       	cpc	r25, r19
     ae6:	94 f0       	brlt	.+36     	; 0xb0c <__fpcmp_parts_f+0x88>
     ae8:	28 17       	cp	r18, r24
     aea:	39 07       	cpc	r19, r25
     aec:	bc f0       	brlt	.+46     	; 0xb1c <__fpcmp_parts_f+0x98>
     aee:	14 96       	adiw	r26, 0x04	; 4
     af0:	8d 91       	ld	r24, X+
     af2:	9d 91       	ld	r25, X+
     af4:	0d 90       	ld	r0, X+
     af6:	bc 91       	ld	r27, X
     af8:	a0 2d       	mov	r26, r0
     afa:	24 81       	ldd	r18, Z+4	; 0x04
     afc:	35 81       	ldd	r19, Z+5	; 0x05
     afe:	46 81       	ldd	r20, Z+6	; 0x06
     b00:	57 81       	ldd	r21, Z+7	; 0x07
     b02:	28 17       	cp	r18, r24
     b04:	39 07       	cpc	r19, r25
     b06:	4a 07       	cpc	r20, r26
     b08:	5b 07       	cpc	r21, r27
     b0a:	18 f4       	brcc	.+6      	; 0xb12 <__fpcmp_parts_f+0x8e>
     b0c:	11 23       	and	r17, r17
     b0e:	41 f0       	breq	.+16     	; 0xb20 <__fpcmp_parts_f+0x9c>
     b10:	0a c0       	rjmp	.+20     	; 0xb26 <__fpcmp_parts_f+0xa2>
     b12:	82 17       	cp	r24, r18
     b14:	93 07       	cpc	r25, r19
     b16:	a4 07       	cpc	r26, r20
     b18:	b5 07       	cpc	r27, r21
     b1a:	40 f4       	brcc	.+16     	; 0xb2c <__fpcmp_parts_f+0xa8>
     b1c:	11 23       	and	r17, r17
     b1e:	19 f0       	breq	.+6      	; 0xb26 <__fpcmp_parts_f+0xa2>
     b20:	61 e0       	ldi	r22, 0x01	; 1
     b22:	70 e0       	ldi	r23, 0x00	; 0
     b24:	05 c0       	rjmp	.+10     	; 0xb30 <__fpcmp_parts_f+0xac>
     b26:	6f ef       	ldi	r22, 0xFF	; 255
     b28:	7f ef       	ldi	r23, 0xFF	; 255
     b2a:	02 c0       	rjmp	.+4      	; 0xb30 <__fpcmp_parts_f+0xac>
     b2c:	60 e0       	ldi	r22, 0x00	; 0
     b2e:	70 e0       	ldi	r23, 0x00	; 0
     b30:	cb 01       	movw	r24, r22
     b32:	1f 91       	pop	r17
     b34:	08 95       	ret

00000b36 <DIO_setpindirection>:
	return : its statues (DIO_Nok,DIO_ok)

*/	

DIO_errorstate DIO_setpindirection(u8 copy_port,u8 copy_pinnumber , u8 copy_pindirection )
{
     b36:	df 93       	push	r29
     b38:	cf 93       	push	r28
     b3a:	cd b7       	in	r28, 0x3d	; 61
     b3c:	de b7       	in	r29, 0x3e	; 62
     b3e:	28 97       	sbiw	r28, 0x08	; 8
     b40:	0f b6       	in	r0, 0x3f	; 63
     b42:	f8 94       	cli
     b44:	de bf       	out	0x3e, r29	; 62
     b46:	0f be       	out	0x3f, r0	; 63
     b48:	cd bf       	out	0x3d, r28	; 61
     b4a:	8a 83       	std	Y+2, r24	; 0x02
     b4c:	6b 83       	std	Y+3, r22	; 0x03
     b4e:	4c 83       	std	Y+4, r20	; 0x04
DIO_errorstate LOC_STATE =DIO_ok;
     b50:	81 e0       	ldi	r24, 0x01	; 1
     b52:	89 83       	std	Y+1, r24	; 0x01

/* check if the given paramter is in valid range */

if((copy_port<=DIO_portD) && (copy_pinnumber<=PIN7))
     b54:	8a 81       	ldd	r24, Y+2	; 0x02
     b56:	84 30       	cpi	r24, 0x04	; 4
     b58:	08 f0       	brcs	.+2      	; 0xb5c <DIO_setpindirection+0x26>
     b5a:	f1 c0       	rjmp	.+482    	; 0xd3e <DIO_setpindirection+0x208>
     b5c:	8b 81       	ldd	r24, Y+3	; 0x03
     b5e:	88 30       	cpi	r24, 0x08	; 8
     b60:	08 f0       	brcs	.+2      	; 0xb64 <DIO_setpindirection+0x2e>
     b62:	ed c0       	rjmp	.+474    	; 0xd3e <DIO_setpindirection+0x208>
{
	
if(copy_pindirection==DIO_pin_input)
     b64:	8c 81       	ldd	r24, Y+4	; 0x04
     b66:	88 23       	and	r24, r24
     b68:	09 f0       	breq	.+2      	; 0xb6c <DIO_setpindirection+0x36>
     b6a:	74 c0       	rjmp	.+232    	; 0xc54 <DIO_setpindirection+0x11e>
{
/* check on the port name */
switch(copy_port)
     b6c:	8a 81       	ldd	r24, Y+2	; 0x02
     b6e:	28 2f       	mov	r18, r24
     b70:	30 e0       	ldi	r19, 0x00	; 0
     b72:	38 87       	std	Y+8, r19	; 0x08
     b74:	2f 83       	std	Y+7, r18	; 0x07
     b76:	8f 81       	ldd	r24, Y+7	; 0x07
     b78:	98 85       	ldd	r25, Y+8	; 0x08
     b7a:	81 30       	cpi	r24, 0x01	; 1
     b7c:	91 05       	cpc	r25, r1
     b7e:	59 f1       	breq	.+86     	; 0xbd6 <DIO_setpindirection+0xa0>
     b80:	2f 81       	ldd	r18, Y+7	; 0x07
     b82:	38 85       	ldd	r19, Y+8	; 0x08
     b84:	22 30       	cpi	r18, 0x02	; 2
     b86:	31 05       	cpc	r19, r1
     b88:	2c f4       	brge	.+10     	; 0xb94 <DIO_setpindirection+0x5e>
     b8a:	8f 81       	ldd	r24, Y+7	; 0x07
     b8c:	98 85       	ldd	r25, Y+8	; 0x08
     b8e:	00 97       	sbiw	r24, 0x00	; 0
     b90:	69 f0       	breq	.+26     	; 0xbac <DIO_setpindirection+0x76>
     b92:	d6 c0       	rjmp	.+428    	; 0xd40 <DIO_setpindirection+0x20a>
     b94:	2f 81       	ldd	r18, Y+7	; 0x07
     b96:	38 85       	ldd	r19, Y+8	; 0x08
     b98:	22 30       	cpi	r18, 0x02	; 2
     b9a:	31 05       	cpc	r19, r1
     b9c:	89 f1       	breq	.+98     	; 0xc00 <DIO_setpindirection+0xca>
     b9e:	8f 81       	ldd	r24, Y+7	; 0x07
     ba0:	98 85       	ldd	r25, Y+8	; 0x08
     ba2:	83 30       	cpi	r24, 0x03	; 3
     ba4:	91 05       	cpc	r25, r1
     ba6:	09 f4       	brne	.+2      	; 0xbaa <DIO_setpindirection+0x74>
     ba8:	40 c0       	rjmp	.+128    	; 0xc2a <DIO_setpindirection+0xf4>
     baa:	ca c0       	rjmp	.+404    	; 0xd40 <DIO_setpindirection+0x20a>
{
	case	DIO_portA:CLR_BIT(DDRA_REGISTER,copy_pinnumber); break;
     bac:	aa e3       	ldi	r26, 0x3A	; 58
     bae:	b0 e0       	ldi	r27, 0x00	; 0
     bb0:	ea e3       	ldi	r30, 0x3A	; 58
     bb2:	f0 e0       	ldi	r31, 0x00	; 0
     bb4:	80 81       	ld	r24, Z
     bb6:	48 2f       	mov	r20, r24
     bb8:	8b 81       	ldd	r24, Y+3	; 0x03
     bba:	28 2f       	mov	r18, r24
     bbc:	30 e0       	ldi	r19, 0x00	; 0
     bbe:	81 e0       	ldi	r24, 0x01	; 1
     bc0:	90 e0       	ldi	r25, 0x00	; 0
     bc2:	02 2e       	mov	r0, r18
     bc4:	02 c0       	rjmp	.+4      	; 0xbca <DIO_setpindirection+0x94>
     bc6:	88 0f       	add	r24, r24
     bc8:	99 1f       	adc	r25, r25
     bca:	0a 94       	dec	r0
     bcc:	e2 f7       	brpl	.-8      	; 0xbc6 <DIO_setpindirection+0x90>
     bce:	80 95       	com	r24
     bd0:	84 23       	and	r24, r20
     bd2:	8c 93       	st	X, r24
     bd4:	b5 c0       	rjmp	.+362    	; 0xd40 <DIO_setpindirection+0x20a>
	case	DIO_portB:CLR_BIT(DDRB_REGISTER,copy_pinnumber); break;
     bd6:	a7 e3       	ldi	r26, 0x37	; 55
     bd8:	b0 e0       	ldi	r27, 0x00	; 0
     bda:	e7 e3       	ldi	r30, 0x37	; 55
     bdc:	f0 e0       	ldi	r31, 0x00	; 0
     bde:	80 81       	ld	r24, Z
     be0:	48 2f       	mov	r20, r24
     be2:	8b 81       	ldd	r24, Y+3	; 0x03
     be4:	28 2f       	mov	r18, r24
     be6:	30 e0       	ldi	r19, 0x00	; 0
     be8:	81 e0       	ldi	r24, 0x01	; 1
     bea:	90 e0       	ldi	r25, 0x00	; 0
     bec:	02 2e       	mov	r0, r18
     bee:	02 c0       	rjmp	.+4      	; 0xbf4 <DIO_setpindirection+0xbe>
     bf0:	88 0f       	add	r24, r24
     bf2:	99 1f       	adc	r25, r25
     bf4:	0a 94       	dec	r0
     bf6:	e2 f7       	brpl	.-8      	; 0xbf0 <DIO_setpindirection+0xba>
     bf8:	80 95       	com	r24
     bfa:	84 23       	and	r24, r20
     bfc:	8c 93       	st	X, r24
     bfe:	a0 c0       	rjmp	.+320    	; 0xd40 <DIO_setpindirection+0x20a>
	case	DIO_portC:CLR_BIT(DDRC_REGISTER,copy_pinnumber); break;
     c00:	a4 e3       	ldi	r26, 0x34	; 52
     c02:	b0 e0       	ldi	r27, 0x00	; 0
     c04:	e4 e3       	ldi	r30, 0x34	; 52
     c06:	f0 e0       	ldi	r31, 0x00	; 0
     c08:	80 81       	ld	r24, Z
     c0a:	48 2f       	mov	r20, r24
     c0c:	8b 81       	ldd	r24, Y+3	; 0x03
     c0e:	28 2f       	mov	r18, r24
     c10:	30 e0       	ldi	r19, 0x00	; 0
     c12:	81 e0       	ldi	r24, 0x01	; 1
     c14:	90 e0       	ldi	r25, 0x00	; 0
     c16:	02 2e       	mov	r0, r18
     c18:	02 c0       	rjmp	.+4      	; 0xc1e <DIO_setpindirection+0xe8>
     c1a:	88 0f       	add	r24, r24
     c1c:	99 1f       	adc	r25, r25
     c1e:	0a 94       	dec	r0
     c20:	e2 f7       	brpl	.-8      	; 0xc1a <DIO_setpindirection+0xe4>
     c22:	80 95       	com	r24
     c24:	84 23       	and	r24, r20
     c26:	8c 93       	st	X, r24
     c28:	8b c0       	rjmp	.+278    	; 0xd40 <DIO_setpindirection+0x20a>
	case	DIO_portD:CLR_BIT(DDRD_REGISTER,copy_pinnumber); break;
     c2a:	a1 e3       	ldi	r26, 0x31	; 49
     c2c:	b0 e0       	ldi	r27, 0x00	; 0
     c2e:	e1 e3       	ldi	r30, 0x31	; 49
     c30:	f0 e0       	ldi	r31, 0x00	; 0
     c32:	80 81       	ld	r24, Z
     c34:	48 2f       	mov	r20, r24
     c36:	8b 81       	ldd	r24, Y+3	; 0x03
     c38:	28 2f       	mov	r18, r24
     c3a:	30 e0       	ldi	r19, 0x00	; 0
     c3c:	81 e0       	ldi	r24, 0x01	; 1
     c3e:	90 e0       	ldi	r25, 0x00	; 0
     c40:	02 2e       	mov	r0, r18
     c42:	02 c0       	rjmp	.+4      	; 0xc48 <DIO_setpindirection+0x112>
     c44:	88 0f       	add	r24, r24
     c46:	99 1f       	adc	r25, r25
     c48:	0a 94       	dec	r0
     c4a:	e2 f7       	brpl	.-8      	; 0xc44 <DIO_setpindirection+0x10e>
     c4c:	80 95       	com	r24
     c4e:	84 23       	and	r24, r20
     c50:	8c 93       	st	X, r24
     c52:	76 c0       	rjmp	.+236    	; 0xd40 <DIO_setpindirection+0x20a>
}
}
else if(copy_pindirection== DIO_pin_output)
     c54:	8c 81       	ldd	r24, Y+4	; 0x04
     c56:	81 30       	cpi	r24, 0x01	; 1
     c58:	09 f0       	breq	.+2      	; 0xc5c <DIO_setpindirection+0x126>
     c5a:	6f c0       	rjmp	.+222    	; 0xd3a <DIO_setpindirection+0x204>
{
/* check on the port name */
switch(copy_port){
     c5c:	8a 81       	ldd	r24, Y+2	; 0x02
     c5e:	28 2f       	mov	r18, r24
     c60:	30 e0       	ldi	r19, 0x00	; 0
     c62:	3e 83       	std	Y+6, r19	; 0x06
     c64:	2d 83       	std	Y+5, r18	; 0x05
     c66:	8d 81       	ldd	r24, Y+5	; 0x05
     c68:	9e 81       	ldd	r25, Y+6	; 0x06
     c6a:	81 30       	cpi	r24, 0x01	; 1
     c6c:	91 05       	cpc	r25, r1
     c6e:	49 f1       	breq	.+82     	; 0xcc2 <DIO_setpindirection+0x18c>
     c70:	2d 81       	ldd	r18, Y+5	; 0x05
     c72:	3e 81       	ldd	r19, Y+6	; 0x06
     c74:	22 30       	cpi	r18, 0x02	; 2
     c76:	31 05       	cpc	r19, r1
     c78:	2c f4       	brge	.+10     	; 0xc84 <DIO_setpindirection+0x14e>
     c7a:	8d 81       	ldd	r24, Y+5	; 0x05
     c7c:	9e 81       	ldd	r25, Y+6	; 0x06
     c7e:	00 97       	sbiw	r24, 0x00	; 0
     c80:	61 f0       	breq	.+24     	; 0xc9a <DIO_setpindirection+0x164>
     c82:	5e c0       	rjmp	.+188    	; 0xd40 <DIO_setpindirection+0x20a>
     c84:	2d 81       	ldd	r18, Y+5	; 0x05
     c86:	3e 81       	ldd	r19, Y+6	; 0x06
     c88:	22 30       	cpi	r18, 0x02	; 2
     c8a:	31 05       	cpc	r19, r1
     c8c:	71 f1       	breq	.+92     	; 0xcea <DIO_setpindirection+0x1b4>
     c8e:	8d 81       	ldd	r24, Y+5	; 0x05
     c90:	9e 81       	ldd	r25, Y+6	; 0x06
     c92:	83 30       	cpi	r24, 0x03	; 3
     c94:	91 05       	cpc	r25, r1
     c96:	e9 f1       	breq	.+122    	; 0xd12 <DIO_setpindirection+0x1dc>
     c98:	53 c0       	rjmp	.+166    	; 0xd40 <DIO_setpindirection+0x20a>
	case	DIO_portA:SET_BIT(DDRA_REGISTER,copy_pinnumber); break;
     c9a:	aa e3       	ldi	r26, 0x3A	; 58
     c9c:	b0 e0       	ldi	r27, 0x00	; 0
     c9e:	ea e3       	ldi	r30, 0x3A	; 58
     ca0:	f0 e0       	ldi	r31, 0x00	; 0
     ca2:	80 81       	ld	r24, Z
     ca4:	48 2f       	mov	r20, r24
     ca6:	8b 81       	ldd	r24, Y+3	; 0x03
     ca8:	28 2f       	mov	r18, r24
     caa:	30 e0       	ldi	r19, 0x00	; 0
     cac:	81 e0       	ldi	r24, 0x01	; 1
     cae:	90 e0       	ldi	r25, 0x00	; 0
     cb0:	02 2e       	mov	r0, r18
     cb2:	02 c0       	rjmp	.+4      	; 0xcb8 <DIO_setpindirection+0x182>
     cb4:	88 0f       	add	r24, r24
     cb6:	99 1f       	adc	r25, r25
     cb8:	0a 94       	dec	r0
     cba:	e2 f7       	brpl	.-8      	; 0xcb4 <DIO_setpindirection+0x17e>
     cbc:	84 2b       	or	r24, r20
     cbe:	8c 93       	st	X, r24
     cc0:	3f c0       	rjmp	.+126    	; 0xd40 <DIO_setpindirection+0x20a>
	case	DIO_portB:SET_BIT(DDRB_REGISTER,copy_pinnumber); break;
     cc2:	a7 e3       	ldi	r26, 0x37	; 55
     cc4:	b0 e0       	ldi	r27, 0x00	; 0
     cc6:	e7 e3       	ldi	r30, 0x37	; 55
     cc8:	f0 e0       	ldi	r31, 0x00	; 0
     cca:	80 81       	ld	r24, Z
     ccc:	48 2f       	mov	r20, r24
     cce:	8b 81       	ldd	r24, Y+3	; 0x03
     cd0:	28 2f       	mov	r18, r24
     cd2:	30 e0       	ldi	r19, 0x00	; 0
     cd4:	81 e0       	ldi	r24, 0x01	; 1
     cd6:	90 e0       	ldi	r25, 0x00	; 0
     cd8:	02 2e       	mov	r0, r18
     cda:	02 c0       	rjmp	.+4      	; 0xce0 <DIO_setpindirection+0x1aa>
     cdc:	88 0f       	add	r24, r24
     cde:	99 1f       	adc	r25, r25
     ce0:	0a 94       	dec	r0
     ce2:	e2 f7       	brpl	.-8      	; 0xcdc <DIO_setpindirection+0x1a6>
     ce4:	84 2b       	or	r24, r20
     ce6:	8c 93       	st	X, r24
     ce8:	2b c0       	rjmp	.+86     	; 0xd40 <DIO_setpindirection+0x20a>
	case 	DIO_portC:SET_BIT(DDRC_REGISTER,copy_pinnumber); break;
     cea:	a4 e3       	ldi	r26, 0x34	; 52
     cec:	b0 e0       	ldi	r27, 0x00	; 0
     cee:	e4 e3       	ldi	r30, 0x34	; 52
     cf0:	f0 e0       	ldi	r31, 0x00	; 0
     cf2:	80 81       	ld	r24, Z
     cf4:	48 2f       	mov	r20, r24
     cf6:	8b 81       	ldd	r24, Y+3	; 0x03
     cf8:	28 2f       	mov	r18, r24
     cfa:	30 e0       	ldi	r19, 0x00	; 0
     cfc:	81 e0       	ldi	r24, 0x01	; 1
     cfe:	90 e0       	ldi	r25, 0x00	; 0
     d00:	02 2e       	mov	r0, r18
     d02:	02 c0       	rjmp	.+4      	; 0xd08 <DIO_setpindirection+0x1d2>
     d04:	88 0f       	add	r24, r24
     d06:	99 1f       	adc	r25, r25
     d08:	0a 94       	dec	r0
     d0a:	e2 f7       	brpl	.-8      	; 0xd04 <DIO_setpindirection+0x1ce>
     d0c:	84 2b       	or	r24, r20
     d0e:	8c 93       	st	X, r24
     d10:	17 c0       	rjmp	.+46     	; 0xd40 <DIO_setpindirection+0x20a>
	case	DIO_portD:SET_BIT(DDRD_REGISTER,copy_pinnumber); break;
     d12:	a1 e3       	ldi	r26, 0x31	; 49
     d14:	b0 e0       	ldi	r27, 0x00	; 0
     d16:	e1 e3       	ldi	r30, 0x31	; 49
     d18:	f0 e0       	ldi	r31, 0x00	; 0
     d1a:	80 81       	ld	r24, Z
     d1c:	48 2f       	mov	r20, r24
     d1e:	8b 81       	ldd	r24, Y+3	; 0x03
     d20:	28 2f       	mov	r18, r24
     d22:	30 e0       	ldi	r19, 0x00	; 0
     d24:	81 e0       	ldi	r24, 0x01	; 1
     d26:	90 e0       	ldi	r25, 0x00	; 0
     d28:	02 2e       	mov	r0, r18
     d2a:	02 c0       	rjmp	.+4      	; 0xd30 <DIO_setpindirection+0x1fa>
     d2c:	88 0f       	add	r24, r24
     d2e:	99 1f       	adc	r25, r25
     d30:	0a 94       	dec	r0
     d32:	e2 f7       	brpl	.-8      	; 0xd2c <DIO_setpindirection+0x1f6>
     d34:	84 2b       	or	r24, r20
     d36:	8c 93       	st	X, r24
     d38:	03 c0       	rjmp	.+6      	; 0xd40 <DIO_setpindirection+0x20a>
}
}
else {
	LOC_STATE=DIO_Nok;
     d3a:	19 82       	std	Y+1, r1	; 0x01
     d3c:	01 c0       	rjmp	.+2      	; 0xd40 <DIO_setpindirection+0x20a>
}
}
else{
	LOC_STATE=DIO_Nok;
     d3e:	19 82       	std	Y+1, r1	; 0x01
}
return LOC_STATE;
     d40:	89 81       	ldd	r24, Y+1	; 0x01
}
     d42:	28 96       	adiw	r28, 0x08	; 8
     d44:	0f b6       	in	r0, 0x3f	; 63
     d46:	f8 94       	cli
     d48:	de bf       	out	0x3e, r29	; 62
     d4a:	0f be       	out	0x3f, r0	; 63
     d4c:	cd bf       	out	0x3d, r28	; 61
     d4e:	cf 91       	pop	r28
     d50:	df 91       	pop	r29
     d52:	08 95       	ret

00000d54 <DIO_setpinvalue>:
	return : its statues (DIO_Nok,DIO_ok)

*/	

DIO_errorstate DIO_setpinvalue(u8 copy_port,u8 copy_pinnumber , u8 copy_pinvalue         )
{
     d54:	df 93       	push	r29
     d56:	cf 93       	push	r28
     d58:	cd b7       	in	r28, 0x3d	; 61
     d5a:	de b7       	in	r29, 0x3e	; 62
     d5c:	28 97       	sbiw	r28, 0x08	; 8
     d5e:	0f b6       	in	r0, 0x3f	; 63
     d60:	f8 94       	cli
     d62:	de bf       	out	0x3e, r29	; 62
     d64:	0f be       	out	0x3f, r0	; 63
     d66:	cd bf       	out	0x3d, r28	; 61
     d68:	8a 83       	std	Y+2, r24	; 0x02
     d6a:	6b 83       	std	Y+3, r22	; 0x03
     d6c:	4c 83       	std	Y+4, r20	; 0x04
DIO_errorstate LOC_STATE =DIO_ok;
     d6e:	81 e0       	ldi	r24, 0x01	; 1
     d70:	89 83       	std	Y+1, r24	; 0x01
/* check if the given paramter is in valid range */
if((copy_port<=DIO_portD)&&(copy_pinnumber<=PIN7))
     d72:	8a 81       	ldd	r24, Y+2	; 0x02
     d74:	84 30       	cpi	r24, 0x04	; 4
     d76:	08 f0       	brcs	.+2      	; 0xd7a <DIO_setpinvalue+0x26>
     d78:	f0 c0       	rjmp	.+480    	; 0xf5a <DIO_setpinvalue+0x206>
     d7a:	8b 81       	ldd	r24, Y+3	; 0x03
     d7c:	88 30       	cpi	r24, 0x08	; 8
     d7e:	08 f0       	brcs	.+2      	; 0xd82 <DIO_setpinvalue+0x2e>
     d80:	ec c0       	rjmp	.+472    	; 0xf5a <DIO_setpinvalue+0x206>
{
if(copy_pinvalue==PIN_LOW)
     d82:	8c 81       	ldd	r24, Y+4	; 0x04
     d84:	88 23       	and	r24, r24
     d86:	09 f0       	breq	.+2      	; 0xd8a <DIO_setpinvalue+0x36>
     d88:	73 c0       	rjmp	.+230    	; 0xe70 <DIO_setpinvalue+0x11c>
{
	/* check on the port name */
switch(copy_port)
     d8a:	8a 81       	ldd	r24, Y+2	; 0x02
     d8c:	28 2f       	mov	r18, r24
     d8e:	30 e0       	ldi	r19, 0x00	; 0
     d90:	38 87       	std	Y+8, r19	; 0x08
     d92:	2f 83       	std	Y+7, r18	; 0x07
     d94:	8f 81       	ldd	r24, Y+7	; 0x07
     d96:	98 85       	ldd	r25, Y+8	; 0x08
     d98:	81 30       	cpi	r24, 0x01	; 1
     d9a:	91 05       	cpc	r25, r1
     d9c:	59 f1       	breq	.+86     	; 0xdf4 <DIO_setpinvalue+0xa0>
     d9e:	2f 81       	ldd	r18, Y+7	; 0x07
     da0:	38 85       	ldd	r19, Y+8	; 0x08
     da2:	22 30       	cpi	r18, 0x02	; 2
     da4:	31 05       	cpc	r19, r1
     da6:	2c f4       	brge	.+10     	; 0xdb2 <DIO_setpinvalue+0x5e>
     da8:	8f 81       	ldd	r24, Y+7	; 0x07
     daa:	98 85       	ldd	r25, Y+8	; 0x08
     dac:	00 97       	sbiw	r24, 0x00	; 0
     dae:	69 f0       	breq	.+26     	; 0xdca <DIO_setpinvalue+0x76>
     db0:	5f c0       	rjmp	.+190    	; 0xe70 <DIO_setpinvalue+0x11c>
     db2:	2f 81       	ldd	r18, Y+7	; 0x07
     db4:	38 85       	ldd	r19, Y+8	; 0x08
     db6:	22 30       	cpi	r18, 0x02	; 2
     db8:	31 05       	cpc	r19, r1
     dba:	89 f1       	breq	.+98     	; 0xe1e <DIO_setpinvalue+0xca>
     dbc:	8f 81       	ldd	r24, Y+7	; 0x07
     dbe:	98 85       	ldd	r25, Y+8	; 0x08
     dc0:	83 30       	cpi	r24, 0x03	; 3
     dc2:	91 05       	cpc	r25, r1
     dc4:	09 f4       	brne	.+2      	; 0xdc8 <DIO_setpinvalue+0x74>
     dc6:	40 c0       	rjmp	.+128    	; 0xe48 <DIO_setpinvalue+0xf4>
     dc8:	53 c0       	rjmp	.+166    	; 0xe70 <DIO_setpinvalue+0x11c>
{
		case    DIO_portA:CLR_BIT(PORTA_REGISTER,copy_pinnumber); break;
     dca:	ab e3       	ldi	r26, 0x3B	; 59
     dcc:	b0 e0       	ldi	r27, 0x00	; 0
     dce:	eb e3       	ldi	r30, 0x3B	; 59
     dd0:	f0 e0       	ldi	r31, 0x00	; 0
     dd2:	80 81       	ld	r24, Z
     dd4:	48 2f       	mov	r20, r24
     dd6:	8b 81       	ldd	r24, Y+3	; 0x03
     dd8:	28 2f       	mov	r18, r24
     dda:	30 e0       	ldi	r19, 0x00	; 0
     ddc:	81 e0       	ldi	r24, 0x01	; 1
     dde:	90 e0       	ldi	r25, 0x00	; 0
     de0:	02 2e       	mov	r0, r18
     de2:	02 c0       	rjmp	.+4      	; 0xde8 <DIO_setpinvalue+0x94>
     de4:	88 0f       	add	r24, r24
     de6:	99 1f       	adc	r25, r25
     de8:	0a 94       	dec	r0
     dea:	e2 f7       	brpl	.-8      	; 0xde4 <DIO_setpinvalue+0x90>
     dec:	80 95       	com	r24
     dee:	84 23       	and	r24, r20
     df0:	8c 93       	st	X, r24
     df2:	3e c0       	rjmp	.+124    	; 0xe70 <DIO_setpinvalue+0x11c>
		case	DIO_portB:CLR_BIT(PORTB_REGISTER,copy_pinnumber); break;
     df4:	a8 e3       	ldi	r26, 0x38	; 56
     df6:	b0 e0       	ldi	r27, 0x00	; 0
     df8:	e8 e3       	ldi	r30, 0x38	; 56
     dfa:	f0 e0       	ldi	r31, 0x00	; 0
     dfc:	80 81       	ld	r24, Z
     dfe:	48 2f       	mov	r20, r24
     e00:	8b 81       	ldd	r24, Y+3	; 0x03
     e02:	28 2f       	mov	r18, r24
     e04:	30 e0       	ldi	r19, 0x00	; 0
     e06:	81 e0       	ldi	r24, 0x01	; 1
     e08:	90 e0       	ldi	r25, 0x00	; 0
     e0a:	02 2e       	mov	r0, r18
     e0c:	02 c0       	rjmp	.+4      	; 0xe12 <DIO_setpinvalue+0xbe>
     e0e:	88 0f       	add	r24, r24
     e10:	99 1f       	adc	r25, r25
     e12:	0a 94       	dec	r0
     e14:	e2 f7       	brpl	.-8      	; 0xe0e <DIO_setpinvalue+0xba>
     e16:	80 95       	com	r24
     e18:	84 23       	and	r24, r20
     e1a:	8c 93       	st	X, r24
     e1c:	29 c0       	rjmp	.+82     	; 0xe70 <DIO_setpinvalue+0x11c>
		case 	DIO_portC:CLR_BIT(PORTC_REGISTER,copy_pinnumber); break;
     e1e:	a5 e3       	ldi	r26, 0x35	; 53
     e20:	b0 e0       	ldi	r27, 0x00	; 0
     e22:	e5 e3       	ldi	r30, 0x35	; 53
     e24:	f0 e0       	ldi	r31, 0x00	; 0
     e26:	80 81       	ld	r24, Z
     e28:	48 2f       	mov	r20, r24
     e2a:	8b 81       	ldd	r24, Y+3	; 0x03
     e2c:	28 2f       	mov	r18, r24
     e2e:	30 e0       	ldi	r19, 0x00	; 0
     e30:	81 e0       	ldi	r24, 0x01	; 1
     e32:	90 e0       	ldi	r25, 0x00	; 0
     e34:	02 2e       	mov	r0, r18
     e36:	02 c0       	rjmp	.+4      	; 0xe3c <DIO_setpinvalue+0xe8>
     e38:	88 0f       	add	r24, r24
     e3a:	99 1f       	adc	r25, r25
     e3c:	0a 94       	dec	r0
     e3e:	e2 f7       	brpl	.-8      	; 0xe38 <DIO_setpinvalue+0xe4>
     e40:	80 95       	com	r24
     e42:	84 23       	and	r24, r20
     e44:	8c 93       	st	X, r24
     e46:	14 c0       	rjmp	.+40     	; 0xe70 <DIO_setpinvalue+0x11c>
		case	DIO_portD:CLR_BIT(PORTD_REGISTER,copy_pinnumber); break;
     e48:	a2 e3       	ldi	r26, 0x32	; 50
     e4a:	b0 e0       	ldi	r27, 0x00	; 0
     e4c:	e2 e3       	ldi	r30, 0x32	; 50
     e4e:	f0 e0       	ldi	r31, 0x00	; 0
     e50:	80 81       	ld	r24, Z
     e52:	48 2f       	mov	r20, r24
     e54:	8b 81       	ldd	r24, Y+3	; 0x03
     e56:	28 2f       	mov	r18, r24
     e58:	30 e0       	ldi	r19, 0x00	; 0
     e5a:	81 e0       	ldi	r24, 0x01	; 1
     e5c:	90 e0       	ldi	r25, 0x00	; 0
     e5e:	02 2e       	mov	r0, r18
     e60:	02 c0       	rjmp	.+4      	; 0xe66 <DIO_setpinvalue+0x112>
     e62:	88 0f       	add	r24, r24
     e64:	99 1f       	adc	r25, r25
     e66:	0a 94       	dec	r0
     e68:	e2 f7       	brpl	.-8      	; 0xe62 <DIO_setpinvalue+0x10e>
     e6a:	80 95       	com	r24
     e6c:	84 23       	and	r24, r20
     e6e:	8c 93       	st	X, r24
}
}
if(copy_pinvalue==PIN_HIGH)
     e70:	8c 81       	ldd	r24, Y+4	; 0x04
     e72:	81 30       	cpi	r24, 0x01	; 1
     e74:	09 f0       	breq	.+2      	; 0xe78 <DIO_setpinvalue+0x124>
     e76:	6f c0       	rjmp	.+222    	; 0xf56 <DIO_setpinvalue+0x202>
{
switch(copy_port)
     e78:	8a 81       	ldd	r24, Y+2	; 0x02
     e7a:	28 2f       	mov	r18, r24
     e7c:	30 e0       	ldi	r19, 0x00	; 0
     e7e:	3e 83       	std	Y+6, r19	; 0x06
     e80:	2d 83       	std	Y+5, r18	; 0x05
     e82:	8d 81       	ldd	r24, Y+5	; 0x05
     e84:	9e 81       	ldd	r25, Y+6	; 0x06
     e86:	81 30       	cpi	r24, 0x01	; 1
     e88:	91 05       	cpc	r25, r1
     e8a:	49 f1       	breq	.+82     	; 0xede <DIO_setpinvalue+0x18a>
     e8c:	2d 81       	ldd	r18, Y+5	; 0x05
     e8e:	3e 81       	ldd	r19, Y+6	; 0x06
     e90:	22 30       	cpi	r18, 0x02	; 2
     e92:	31 05       	cpc	r19, r1
     e94:	2c f4       	brge	.+10     	; 0xea0 <DIO_setpinvalue+0x14c>
     e96:	8d 81       	ldd	r24, Y+5	; 0x05
     e98:	9e 81       	ldd	r25, Y+6	; 0x06
     e9a:	00 97       	sbiw	r24, 0x00	; 0
     e9c:	61 f0       	breq	.+24     	; 0xeb6 <DIO_setpinvalue+0x162>
     e9e:	5e c0       	rjmp	.+188    	; 0xf5c <DIO_setpinvalue+0x208>
     ea0:	2d 81       	ldd	r18, Y+5	; 0x05
     ea2:	3e 81       	ldd	r19, Y+6	; 0x06
     ea4:	22 30       	cpi	r18, 0x02	; 2
     ea6:	31 05       	cpc	r19, r1
     ea8:	71 f1       	breq	.+92     	; 0xf06 <DIO_setpinvalue+0x1b2>
     eaa:	8d 81       	ldd	r24, Y+5	; 0x05
     eac:	9e 81       	ldd	r25, Y+6	; 0x06
     eae:	83 30       	cpi	r24, 0x03	; 3
     eb0:	91 05       	cpc	r25, r1
     eb2:	e9 f1       	breq	.+122    	; 0xf2e <DIO_setpinvalue+0x1da>
     eb4:	53 c0       	rjmp	.+166    	; 0xf5c <DIO_setpinvalue+0x208>
{
	/* check on the port name */
	case	DIO_portA:SET_BIT(PORTA_REGISTER,copy_pinnumber); break;
     eb6:	ab e3       	ldi	r26, 0x3B	; 59
     eb8:	b0 e0       	ldi	r27, 0x00	; 0
     eba:	eb e3       	ldi	r30, 0x3B	; 59
     ebc:	f0 e0       	ldi	r31, 0x00	; 0
     ebe:	80 81       	ld	r24, Z
     ec0:	48 2f       	mov	r20, r24
     ec2:	8b 81       	ldd	r24, Y+3	; 0x03
     ec4:	28 2f       	mov	r18, r24
     ec6:	30 e0       	ldi	r19, 0x00	; 0
     ec8:	81 e0       	ldi	r24, 0x01	; 1
     eca:	90 e0       	ldi	r25, 0x00	; 0
     ecc:	02 2e       	mov	r0, r18
     ece:	02 c0       	rjmp	.+4      	; 0xed4 <DIO_setpinvalue+0x180>
     ed0:	88 0f       	add	r24, r24
     ed2:	99 1f       	adc	r25, r25
     ed4:	0a 94       	dec	r0
     ed6:	e2 f7       	brpl	.-8      	; 0xed0 <DIO_setpinvalue+0x17c>
     ed8:	84 2b       	or	r24, r20
     eda:	8c 93       	st	X, r24
     edc:	3f c0       	rjmp	.+126    	; 0xf5c <DIO_setpinvalue+0x208>
	case	DIO_portB:SET_BIT(PORTB_REGISTER,copy_pinnumber); break;
     ede:	a8 e3       	ldi	r26, 0x38	; 56
     ee0:	b0 e0       	ldi	r27, 0x00	; 0
     ee2:	e8 e3       	ldi	r30, 0x38	; 56
     ee4:	f0 e0       	ldi	r31, 0x00	; 0
     ee6:	80 81       	ld	r24, Z
     ee8:	48 2f       	mov	r20, r24
     eea:	8b 81       	ldd	r24, Y+3	; 0x03
     eec:	28 2f       	mov	r18, r24
     eee:	30 e0       	ldi	r19, 0x00	; 0
     ef0:	81 e0       	ldi	r24, 0x01	; 1
     ef2:	90 e0       	ldi	r25, 0x00	; 0
     ef4:	02 2e       	mov	r0, r18
     ef6:	02 c0       	rjmp	.+4      	; 0xefc <DIO_setpinvalue+0x1a8>
     ef8:	88 0f       	add	r24, r24
     efa:	99 1f       	adc	r25, r25
     efc:	0a 94       	dec	r0
     efe:	e2 f7       	brpl	.-8      	; 0xef8 <DIO_setpinvalue+0x1a4>
     f00:	84 2b       	or	r24, r20
     f02:	8c 93       	st	X, r24
     f04:	2b c0       	rjmp	.+86     	; 0xf5c <DIO_setpinvalue+0x208>
	case	DIO_portC:SET_BIT(PORTC_REGISTER,copy_pinnumber); break;
     f06:	a5 e3       	ldi	r26, 0x35	; 53
     f08:	b0 e0       	ldi	r27, 0x00	; 0
     f0a:	e5 e3       	ldi	r30, 0x35	; 53
     f0c:	f0 e0       	ldi	r31, 0x00	; 0
     f0e:	80 81       	ld	r24, Z
     f10:	48 2f       	mov	r20, r24
     f12:	8b 81       	ldd	r24, Y+3	; 0x03
     f14:	28 2f       	mov	r18, r24
     f16:	30 e0       	ldi	r19, 0x00	; 0
     f18:	81 e0       	ldi	r24, 0x01	; 1
     f1a:	90 e0       	ldi	r25, 0x00	; 0
     f1c:	02 2e       	mov	r0, r18
     f1e:	02 c0       	rjmp	.+4      	; 0xf24 <DIO_setpinvalue+0x1d0>
     f20:	88 0f       	add	r24, r24
     f22:	99 1f       	adc	r25, r25
     f24:	0a 94       	dec	r0
     f26:	e2 f7       	brpl	.-8      	; 0xf20 <DIO_setpinvalue+0x1cc>
     f28:	84 2b       	or	r24, r20
     f2a:	8c 93       	st	X, r24
     f2c:	17 c0       	rjmp	.+46     	; 0xf5c <DIO_setpinvalue+0x208>
	case	DIO_portD:SET_BIT(PORTD_REGISTER,copy_pinnumber); break;
     f2e:	a2 e3       	ldi	r26, 0x32	; 50
     f30:	b0 e0       	ldi	r27, 0x00	; 0
     f32:	e2 e3       	ldi	r30, 0x32	; 50
     f34:	f0 e0       	ldi	r31, 0x00	; 0
     f36:	80 81       	ld	r24, Z
     f38:	48 2f       	mov	r20, r24
     f3a:	8b 81       	ldd	r24, Y+3	; 0x03
     f3c:	28 2f       	mov	r18, r24
     f3e:	30 e0       	ldi	r19, 0x00	; 0
     f40:	81 e0       	ldi	r24, 0x01	; 1
     f42:	90 e0       	ldi	r25, 0x00	; 0
     f44:	02 2e       	mov	r0, r18
     f46:	02 c0       	rjmp	.+4      	; 0xf4c <DIO_setpinvalue+0x1f8>
     f48:	88 0f       	add	r24, r24
     f4a:	99 1f       	adc	r25, r25
     f4c:	0a 94       	dec	r0
     f4e:	e2 f7       	brpl	.-8      	; 0xf48 <DIO_setpinvalue+0x1f4>
     f50:	84 2b       	or	r24, r20
     f52:	8c 93       	st	X, r24
     f54:	03 c0       	rjmp	.+6      	; 0xf5c <DIO_setpinvalue+0x208>
}
}
else
{
	LOC_STATE=DIO_Nok;
     f56:	19 82       	std	Y+1, r1	; 0x01
     f58:	01 c0       	rjmp	.+2      	; 0xf5c <DIO_setpinvalue+0x208>
}
}
else
{
	LOC_STATE=DIO_Nok;
     f5a:	19 82       	std	Y+1, r1	; 0x01
}
return LOC_STATE;
     f5c:	89 81       	ldd	r24, Y+1	; 0x01
}
     f5e:	28 96       	adiw	r28, 0x08	; 8
     f60:	0f b6       	in	r0, 0x3f	; 63
     f62:	f8 94       	cli
     f64:	de bf       	out	0x3e, r29	; 62
     f66:	0f be       	out	0x3f, r0	; 63
     f68:	cd bf       	out	0x3d, r28	; 61
     f6a:	cf 91       	pop	r28
     f6c:	df 91       	pop	r29
     f6e:	08 95       	ret

00000f70 <DIO_getpinvalue>:

*/	


DIO_errorstate DIO_getpinvalue(u8 copy_port,u8 copy_pinnumber , u8* pinvalue             )
{
     f70:	df 93       	push	r29
     f72:	cf 93       	push	r28
     f74:	cd b7       	in	r28, 0x3d	; 61
     f76:	de b7       	in	r29, 0x3e	; 62
     f78:	27 97       	sbiw	r28, 0x07	; 7
     f7a:	0f b6       	in	r0, 0x3f	; 63
     f7c:	f8 94       	cli
     f7e:	de bf       	out	0x3e, r29	; 62
     f80:	0f be       	out	0x3f, r0	; 63
     f82:	cd bf       	out	0x3d, r28	; 61
     f84:	8a 83       	std	Y+2, r24	; 0x02
     f86:	6b 83       	std	Y+3, r22	; 0x03
     f88:	5d 83       	std	Y+5, r21	; 0x05
     f8a:	4c 83       	std	Y+4, r20	; 0x04
DIO_errorstate LOC_STATE=DIO_ok;
     f8c:	81 e0       	ldi	r24, 0x01	; 1
     f8e:	89 83       	std	Y+1, r24	; 0x01
/* check if the given paramter is in valid range */
if((copy_port<=DIO_portD)&&(copy_pinnumber<=PIN7))
     f90:	8a 81       	ldd	r24, Y+2	; 0x02
     f92:	84 30       	cpi	r24, 0x04	; 4
     f94:	08 f0       	brcs	.+2      	; 0xf98 <DIO_getpinvalue+0x28>
     f96:	a6 c0       	rjmp	.+332    	; 0x10e4 <DIO_getpinvalue+0x174>
     f98:	8b 81       	ldd	r24, Y+3	; 0x03
     f9a:	88 30       	cpi	r24, 0x08	; 8
     f9c:	08 f0       	brcs	.+2      	; 0xfa0 <DIO_getpinvalue+0x30>
     f9e:	a2 c0       	rjmp	.+324    	; 0x10e4 <DIO_getpinvalue+0x174>
{
switch(copy_port)
     fa0:	8a 81       	ldd	r24, Y+2	; 0x02
     fa2:	28 2f       	mov	r18, r24
     fa4:	30 e0       	ldi	r19, 0x00	; 0
     fa6:	3f 83       	std	Y+7, r19	; 0x07
     fa8:	2e 83       	std	Y+6, r18	; 0x06
     faa:	4e 81       	ldd	r20, Y+6	; 0x06
     fac:	5f 81       	ldd	r21, Y+7	; 0x07
     fae:	41 30       	cpi	r20, 0x01	; 1
     fb0:	51 05       	cpc	r21, r1
     fb2:	c1 f1       	breq	.+112    	; 0x1024 <DIO_getpinvalue+0xb4>
     fb4:	8e 81       	ldd	r24, Y+6	; 0x06
     fb6:	9f 81       	ldd	r25, Y+7	; 0x07
     fb8:	82 30       	cpi	r24, 0x02	; 2
     fba:	91 05       	cpc	r25, r1
     fbc:	34 f4       	brge	.+12     	; 0xfca <DIO_getpinvalue+0x5a>
     fbe:	2e 81       	ldd	r18, Y+6	; 0x06
     fc0:	3f 81       	ldd	r19, Y+7	; 0x07
     fc2:	21 15       	cp	r18, r1
     fc4:	31 05       	cpc	r19, r1
     fc6:	71 f0       	breq	.+28     	; 0xfe4 <DIO_getpinvalue+0x74>
     fc8:	8e c0       	rjmp	.+284    	; 0x10e6 <DIO_getpinvalue+0x176>
     fca:	4e 81       	ldd	r20, Y+6	; 0x06
     fcc:	5f 81       	ldd	r21, Y+7	; 0x07
     fce:	42 30       	cpi	r20, 0x02	; 2
     fd0:	51 05       	cpc	r21, r1
     fd2:	09 f4       	brne	.+2      	; 0xfd6 <DIO_getpinvalue+0x66>
     fd4:	47 c0       	rjmp	.+142    	; 0x1064 <DIO_getpinvalue+0xf4>
     fd6:	8e 81       	ldd	r24, Y+6	; 0x06
     fd8:	9f 81       	ldd	r25, Y+7	; 0x07
     fda:	83 30       	cpi	r24, 0x03	; 3
     fdc:	91 05       	cpc	r25, r1
     fde:	09 f4       	brne	.+2      	; 0xfe2 <DIO_getpinvalue+0x72>
     fe0:	61 c0       	rjmp	.+194    	; 0x10a4 <DIO_getpinvalue+0x134>
     fe2:	81 c0       	rjmp	.+258    	; 0x10e6 <DIO_getpinvalue+0x176>
{
	/* check on the port name */
	case	DIO_portA:* pinvalue  = GET_BIT(PINA_REGISTER,copy_pinnumber);break;
     fe4:	e9 e3       	ldi	r30, 0x39	; 57
     fe6:	f0 e0       	ldi	r31, 0x00	; 0
     fe8:	80 81       	ld	r24, Z
     fea:	48 2f       	mov	r20, r24
     fec:	50 e0       	ldi	r21, 0x00	; 0
     fee:	8b 81       	ldd	r24, Y+3	; 0x03
     ff0:	28 2f       	mov	r18, r24
     ff2:	30 e0       	ldi	r19, 0x00	; 0
     ff4:	81 e0       	ldi	r24, 0x01	; 1
     ff6:	90 e0       	ldi	r25, 0x00	; 0
     ff8:	02 c0       	rjmp	.+4      	; 0xffe <DIO_getpinvalue+0x8e>
     ffa:	88 0f       	add	r24, r24
     ffc:	99 1f       	adc	r25, r25
     ffe:	2a 95       	dec	r18
    1000:	e2 f7       	brpl	.-8      	; 0xffa <DIO_getpinvalue+0x8a>
    1002:	9a 01       	movw	r18, r20
    1004:	28 23       	and	r18, r24
    1006:	39 23       	and	r19, r25
    1008:	8b 81       	ldd	r24, Y+3	; 0x03
    100a:	88 2f       	mov	r24, r24
    100c:	90 e0       	ldi	r25, 0x00	; 0
    100e:	a9 01       	movw	r20, r18
    1010:	02 c0       	rjmp	.+4      	; 0x1016 <DIO_getpinvalue+0xa6>
    1012:	55 95       	asr	r21
    1014:	47 95       	ror	r20
    1016:	8a 95       	dec	r24
    1018:	e2 f7       	brpl	.-8      	; 0x1012 <DIO_getpinvalue+0xa2>
    101a:	ca 01       	movw	r24, r20
    101c:	ec 81       	ldd	r30, Y+4	; 0x04
    101e:	fd 81       	ldd	r31, Y+5	; 0x05
    1020:	80 83       	st	Z, r24
    1022:	61 c0       	rjmp	.+194    	; 0x10e6 <DIO_getpinvalue+0x176>
	case	DIO_portB:* pinvalue  = GET_BIT(PINB_REGISTER,copy_pinnumber);break;
    1024:	e6 e3       	ldi	r30, 0x36	; 54
    1026:	f0 e0       	ldi	r31, 0x00	; 0
    1028:	80 81       	ld	r24, Z
    102a:	48 2f       	mov	r20, r24
    102c:	50 e0       	ldi	r21, 0x00	; 0
    102e:	8b 81       	ldd	r24, Y+3	; 0x03
    1030:	28 2f       	mov	r18, r24
    1032:	30 e0       	ldi	r19, 0x00	; 0
    1034:	81 e0       	ldi	r24, 0x01	; 1
    1036:	90 e0       	ldi	r25, 0x00	; 0
    1038:	02 c0       	rjmp	.+4      	; 0x103e <DIO_getpinvalue+0xce>
    103a:	88 0f       	add	r24, r24
    103c:	99 1f       	adc	r25, r25
    103e:	2a 95       	dec	r18
    1040:	e2 f7       	brpl	.-8      	; 0x103a <DIO_getpinvalue+0xca>
    1042:	9a 01       	movw	r18, r20
    1044:	28 23       	and	r18, r24
    1046:	39 23       	and	r19, r25
    1048:	8b 81       	ldd	r24, Y+3	; 0x03
    104a:	88 2f       	mov	r24, r24
    104c:	90 e0       	ldi	r25, 0x00	; 0
    104e:	a9 01       	movw	r20, r18
    1050:	02 c0       	rjmp	.+4      	; 0x1056 <DIO_getpinvalue+0xe6>
    1052:	55 95       	asr	r21
    1054:	47 95       	ror	r20
    1056:	8a 95       	dec	r24
    1058:	e2 f7       	brpl	.-8      	; 0x1052 <DIO_getpinvalue+0xe2>
    105a:	ca 01       	movw	r24, r20
    105c:	ec 81       	ldd	r30, Y+4	; 0x04
    105e:	fd 81       	ldd	r31, Y+5	; 0x05
    1060:	80 83       	st	Z, r24
    1062:	41 c0       	rjmp	.+130    	; 0x10e6 <DIO_getpinvalue+0x176>
	case	DIO_portC:* pinvalue  = GET_BIT(PINC_REGISTER,copy_pinnumber);break;
    1064:	e3 e3       	ldi	r30, 0x33	; 51
    1066:	f0 e0       	ldi	r31, 0x00	; 0
    1068:	80 81       	ld	r24, Z
    106a:	48 2f       	mov	r20, r24
    106c:	50 e0       	ldi	r21, 0x00	; 0
    106e:	8b 81       	ldd	r24, Y+3	; 0x03
    1070:	28 2f       	mov	r18, r24
    1072:	30 e0       	ldi	r19, 0x00	; 0
    1074:	81 e0       	ldi	r24, 0x01	; 1
    1076:	90 e0       	ldi	r25, 0x00	; 0
    1078:	02 c0       	rjmp	.+4      	; 0x107e <DIO_getpinvalue+0x10e>
    107a:	88 0f       	add	r24, r24
    107c:	99 1f       	adc	r25, r25
    107e:	2a 95       	dec	r18
    1080:	e2 f7       	brpl	.-8      	; 0x107a <DIO_getpinvalue+0x10a>
    1082:	9a 01       	movw	r18, r20
    1084:	28 23       	and	r18, r24
    1086:	39 23       	and	r19, r25
    1088:	8b 81       	ldd	r24, Y+3	; 0x03
    108a:	88 2f       	mov	r24, r24
    108c:	90 e0       	ldi	r25, 0x00	; 0
    108e:	a9 01       	movw	r20, r18
    1090:	02 c0       	rjmp	.+4      	; 0x1096 <DIO_getpinvalue+0x126>
    1092:	55 95       	asr	r21
    1094:	47 95       	ror	r20
    1096:	8a 95       	dec	r24
    1098:	e2 f7       	brpl	.-8      	; 0x1092 <DIO_getpinvalue+0x122>
    109a:	ca 01       	movw	r24, r20
    109c:	ec 81       	ldd	r30, Y+4	; 0x04
    109e:	fd 81       	ldd	r31, Y+5	; 0x05
    10a0:	80 83       	st	Z, r24
    10a2:	21 c0       	rjmp	.+66     	; 0x10e6 <DIO_getpinvalue+0x176>
	case	DIO_portD:* pinvalue  = GET_BIT(PIND_REGISTER,copy_pinnumber);break;
    10a4:	e0 e3       	ldi	r30, 0x30	; 48
    10a6:	f0 e0       	ldi	r31, 0x00	; 0
    10a8:	80 81       	ld	r24, Z
    10aa:	48 2f       	mov	r20, r24
    10ac:	50 e0       	ldi	r21, 0x00	; 0
    10ae:	8b 81       	ldd	r24, Y+3	; 0x03
    10b0:	28 2f       	mov	r18, r24
    10b2:	30 e0       	ldi	r19, 0x00	; 0
    10b4:	81 e0       	ldi	r24, 0x01	; 1
    10b6:	90 e0       	ldi	r25, 0x00	; 0
    10b8:	02 c0       	rjmp	.+4      	; 0x10be <DIO_getpinvalue+0x14e>
    10ba:	88 0f       	add	r24, r24
    10bc:	99 1f       	adc	r25, r25
    10be:	2a 95       	dec	r18
    10c0:	e2 f7       	brpl	.-8      	; 0x10ba <DIO_getpinvalue+0x14a>
    10c2:	9a 01       	movw	r18, r20
    10c4:	28 23       	and	r18, r24
    10c6:	39 23       	and	r19, r25
    10c8:	8b 81       	ldd	r24, Y+3	; 0x03
    10ca:	88 2f       	mov	r24, r24
    10cc:	90 e0       	ldi	r25, 0x00	; 0
    10ce:	a9 01       	movw	r20, r18
    10d0:	02 c0       	rjmp	.+4      	; 0x10d6 <DIO_getpinvalue+0x166>
    10d2:	55 95       	asr	r21
    10d4:	47 95       	ror	r20
    10d6:	8a 95       	dec	r24
    10d8:	e2 f7       	brpl	.-8      	; 0x10d2 <DIO_getpinvalue+0x162>
    10da:	ca 01       	movw	r24, r20
    10dc:	ec 81       	ldd	r30, Y+4	; 0x04
    10de:	fd 81       	ldd	r31, Y+5	; 0x05
    10e0:	80 83       	st	Z, r24
    10e2:	01 c0       	rjmp	.+2      	; 0x10e6 <DIO_getpinvalue+0x176>
}
}
else
{
	LOC_STATE=DIO_Nok;
    10e4:	19 82       	std	Y+1, r1	; 0x01
}
return LOC_STATE ;
    10e6:	89 81       	ldd	r24, Y+1	; 0x01
}
    10e8:	27 96       	adiw	r28, 0x07	; 7
    10ea:	0f b6       	in	r0, 0x3f	; 63
    10ec:	f8 94       	cli
    10ee:	de bf       	out	0x3e, r29	; 62
    10f0:	0f be       	out	0x3f, r0	; 63
    10f2:	cd bf       	out	0x3d, r28	; 61
    10f4:	cf 91       	pop	r28
    10f6:	df 91       	pop	r29
    10f8:	08 95       	ret

000010fa <DIO_togelpinvalue>:
	return : its statues (DIO_Nok,DIO_ok)

*/

DIO_errorstate DIO_togelpinvalue(u8 copy_port,u8 copy_pinnumber                          )
{
    10fa:	df 93       	push	r29
    10fc:	cf 93       	push	r28
    10fe:	00 d0       	rcall	.+0      	; 0x1100 <DIO_togelpinvalue+0x6>
    1100:	00 d0       	rcall	.+0      	; 0x1102 <DIO_togelpinvalue+0x8>
    1102:	0f 92       	push	r0
    1104:	cd b7       	in	r28, 0x3d	; 61
    1106:	de b7       	in	r29, 0x3e	; 62
    1108:	8a 83       	std	Y+2, r24	; 0x02
    110a:	6b 83       	std	Y+3, r22	; 0x03
DIO_errorstate LOC_STATE=DIO_ok;
    110c:	81 e0       	ldi	r24, 0x01	; 1
    110e:	89 83       	std	Y+1, r24	; 0x01
/* check if the given paramter is in valid range */
if((copy_port<=DIO_portD)&&(copy_pinnumber<=PIN7))
    1110:	8a 81       	ldd	r24, Y+2	; 0x02
    1112:	84 30       	cpi	r24, 0x04	; 4
    1114:	08 f0       	brcs	.+2      	; 0x1118 <DIO_togelpinvalue+0x1e>
    1116:	73 c0       	rjmp	.+230    	; 0x11fe <DIO_togelpinvalue+0x104>
    1118:	8b 81       	ldd	r24, Y+3	; 0x03
    111a:	88 30       	cpi	r24, 0x08	; 8
    111c:	08 f0       	brcs	.+2      	; 0x1120 <DIO_togelpinvalue+0x26>
    111e:	6f c0       	rjmp	.+222    	; 0x11fe <DIO_togelpinvalue+0x104>
{
switch(copy_port){
    1120:	8a 81       	ldd	r24, Y+2	; 0x02
    1122:	28 2f       	mov	r18, r24
    1124:	30 e0       	ldi	r19, 0x00	; 0
    1126:	3d 83       	std	Y+5, r19	; 0x05
    1128:	2c 83       	std	Y+4, r18	; 0x04
    112a:	8c 81       	ldd	r24, Y+4	; 0x04
    112c:	9d 81       	ldd	r25, Y+5	; 0x05
    112e:	81 30       	cpi	r24, 0x01	; 1
    1130:	91 05       	cpc	r25, r1
    1132:	49 f1       	breq	.+82     	; 0x1186 <DIO_togelpinvalue+0x8c>
    1134:	2c 81       	ldd	r18, Y+4	; 0x04
    1136:	3d 81       	ldd	r19, Y+5	; 0x05
    1138:	22 30       	cpi	r18, 0x02	; 2
    113a:	31 05       	cpc	r19, r1
    113c:	2c f4       	brge	.+10     	; 0x1148 <DIO_togelpinvalue+0x4e>
    113e:	8c 81       	ldd	r24, Y+4	; 0x04
    1140:	9d 81       	ldd	r25, Y+5	; 0x05
    1142:	00 97       	sbiw	r24, 0x00	; 0
    1144:	61 f0       	breq	.+24     	; 0x115e <DIO_togelpinvalue+0x64>
    1146:	5c c0       	rjmp	.+184    	; 0x1200 <DIO_togelpinvalue+0x106>
    1148:	2c 81       	ldd	r18, Y+4	; 0x04
    114a:	3d 81       	ldd	r19, Y+5	; 0x05
    114c:	22 30       	cpi	r18, 0x02	; 2
    114e:	31 05       	cpc	r19, r1
    1150:	71 f1       	breq	.+92     	; 0x11ae <DIO_togelpinvalue+0xb4>
    1152:	8c 81       	ldd	r24, Y+4	; 0x04
    1154:	9d 81       	ldd	r25, Y+5	; 0x05
    1156:	83 30       	cpi	r24, 0x03	; 3
    1158:	91 05       	cpc	r25, r1
    115a:	e9 f1       	breq	.+122    	; 0x11d6 <DIO_togelpinvalue+0xdc>
    115c:	51 c0       	rjmp	.+162    	; 0x1200 <DIO_togelpinvalue+0x106>
	/* check on the port name */
	case	DIO_portA:TOG_BIT(PORTA_REGISTER,copy_pinnumber); break;
    115e:	ab e3       	ldi	r26, 0x3B	; 59
    1160:	b0 e0       	ldi	r27, 0x00	; 0
    1162:	eb e3       	ldi	r30, 0x3B	; 59
    1164:	f0 e0       	ldi	r31, 0x00	; 0
    1166:	80 81       	ld	r24, Z
    1168:	48 2f       	mov	r20, r24
    116a:	8b 81       	ldd	r24, Y+3	; 0x03
    116c:	28 2f       	mov	r18, r24
    116e:	30 e0       	ldi	r19, 0x00	; 0
    1170:	81 e0       	ldi	r24, 0x01	; 1
    1172:	90 e0       	ldi	r25, 0x00	; 0
    1174:	02 2e       	mov	r0, r18
    1176:	02 c0       	rjmp	.+4      	; 0x117c <DIO_togelpinvalue+0x82>
    1178:	88 0f       	add	r24, r24
    117a:	99 1f       	adc	r25, r25
    117c:	0a 94       	dec	r0
    117e:	e2 f7       	brpl	.-8      	; 0x1178 <DIO_togelpinvalue+0x7e>
    1180:	84 27       	eor	r24, r20
    1182:	8c 93       	st	X, r24
    1184:	3d c0       	rjmp	.+122    	; 0x1200 <DIO_togelpinvalue+0x106>
	case	DIO_portB:TOG_BIT(PORTB_REGISTER,copy_pinnumber); break;
    1186:	a8 e3       	ldi	r26, 0x38	; 56
    1188:	b0 e0       	ldi	r27, 0x00	; 0
    118a:	e8 e3       	ldi	r30, 0x38	; 56
    118c:	f0 e0       	ldi	r31, 0x00	; 0
    118e:	80 81       	ld	r24, Z
    1190:	48 2f       	mov	r20, r24
    1192:	8b 81       	ldd	r24, Y+3	; 0x03
    1194:	28 2f       	mov	r18, r24
    1196:	30 e0       	ldi	r19, 0x00	; 0
    1198:	81 e0       	ldi	r24, 0x01	; 1
    119a:	90 e0       	ldi	r25, 0x00	; 0
    119c:	02 2e       	mov	r0, r18
    119e:	02 c0       	rjmp	.+4      	; 0x11a4 <DIO_togelpinvalue+0xaa>
    11a0:	88 0f       	add	r24, r24
    11a2:	99 1f       	adc	r25, r25
    11a4:	0a 94       	dec	r0
    11a6:	e2 f7       	brpl	.-8      	; 0x11a0 <DIO_togelpinvalue+0xa6>
    11a8:	84 27       	eor	r24, r20
    11aa:	8c 93       	st	X, r24
    11ac:	29 c0       	rjmp	.+82     	; 0x1200 <DIO_togelpinvalue+0x106>
	case	DIO_portC:TOG_BIT(PORTC_REGISTER,copy_pinnumber); break;
    11ae:	a5 e3       	ldi	r26, 0x35	; 53
    11b0:	b0 e0       	ldi	r27, 0x00	; 0
    11b2:	e5 e3       	ldi	r30, 0x35	; 53
    11b4:	f0 e0       	ldi	r31, 0x00	; 0
    11b6:	80 81       	ld	r24, Z
    11b8:	48 2f       	mov	r20, r24
    11ba:	8b 81       	ldd	r24, Y+3	; 0x03
    11bc:	28 2f       	mov	r18, r24
    11be:	30 e0       	ldi	r19, 0x00	; 0
    11c0:	81 e0       	ldi	r24, 0x01	; 1
    11c2:	90 e0       	ldi	r25, 0x00	; 0
    11c4:	02 2e       	mov	r0, r18
    11c6:	02 c0       	rjmp	.+4      	; 0x11cc <DIO_togelpinvalue+0xd2>
    11c8:	88 0f       	add	r24, r24
    11ca:	99 1f       	adc	r25, r25
    11cc:	0a 94       	dec	r0
    11ce:	e2 f7       	brpl	.-8      	; 0x11c8 <DIO_togelpinvalue+0xce>
    11d0:	84 27       	eor	r24, r20
    11d2:	8c 93       	st	X, r24
    11d4:	15 c0       	rjmp	.+42     	; 0x1200 <DIO_togelpinvalue+0x106>
	case	DIO_portD:TOG_BIT(PORTD_REGISTER,copy_pinnumber); break;
    11d6:	a2 e3       	ldi	r26, 0x32	; 50
    11d8:	b0 e0       	ldi	r27, 0x00	; 0
    11da:	e2 e3       	ldi	r30, 0x32	; 50
    11dc:	f0 e0       	ldi	r31, 0x00	; 0
    11de:	80 81       	ld	r24, Z
    11e0:	48 2f       	mov	r20, r24
    11e2:	8b 81       	ldd	r24, Y+3	; 0x03
    11e4:	28 2f       	mov	r18, r24
    11e6:	30 e0       	ldi	r19, 0x00	; 0
    11e8:	81 e0       	ldi	r24, 0x01	; 1
    11ea:	90 e0       	ldi	r25, 0x00	; 0
    11ec:	02 2e       	mov	r0, r18
    11ee:	02 c0       	rjmp	.+4      	; 0x11f4 <DIO_togelpinvalue+0xfa>
    11f0:	88 0f       	add	r24, r24
    11f2:	99 1f       	adc	r25, r25
    11f4:	0a 94       	dec	r0
    11f6:	e2 f7       	brpl	.-8      	; 0x11f0 <DIO_togelpinvalue+0xf6>
    11f8:	84 27       	eor	r24, r20
    11fa:	8c 93       	st	X, r24
    11fc:	01 c0       	rjmp	.+2      	; 0x1200 <DIO_togelpinvalue+0x106>
}
}
else 
{
	LOC_STATE=DIO_Nok;
    11fe:	19 82       	std	Y+1, r1	; 0x01
}
return LOC_STATE ;
    1200:	89 81       	ldd	r24, Y+1	; 0x01
}
    1202:	0f 90       	pop	r0
    1204:	0f 90       	pop	r0
    1206:	0f 90       	pop	r0
    1208:	0f 90       	pop	r0
    120a:	0f 90       	pop	r0
    120c:	cf 91       	pop	r28
    120e:	df 91       	pop	r29
    1210:	08 95       	ret

00001212 <DIO_setportdirection>:
	return : its statues (DIO_Nok,DIO_ok)

*/

DIO_errorstate DIO_setportdirection (u8 copy_port , u8 copy_portdirection )
{
    1212:	df 93       	push	r29
    1214:	cf 93       	push	r28
    1216:	00 d0       	rcall	.+0      	; 0x1218 <DIO_setportdirection+0x6>
    1218:	00 d0       	rcall	.+0      	; 0x121a <DIO_setportdirection+0x8>
    121a:	0f 92       	push	r0
    121c:	cd b7       	in	r28, 0x3d	; 61
    121e:	de b7       	in	r29, 0x3e	; 62
    1220:	8a 83       	std	Y+2, r24	; 0x02
    1222:	6b 83       	std	Y+3, r22	; 0x03
	DIO_errorstate LOC_STATE = DIO_ok;
    1224:	81 e0       	ldi	r24, 0x01	; 1
    1226:	89 83       	std	Y+1, r24	; 0x01
	/* check on givin paramter is in valid range */
	
	if( copy_port<=DIO_portD ){
    1228:	8a 81       	ldd	r24, Y+2	; 0x02
    122a:	84 30       	cpi	r24, 0x04	; 4
    122c:	98 f5       	brcc	.+102    	; 0x1294 <DIO_setportdirection+0x82>
		/* check on port name */
		switch(copy_port)
    122e:	8a 81       	ldd	r24, Y+2	; 0x02
    1230:	28 2f       	mov	r18, r24
    1232:	30 e0       	ldi	r19, 0x00	; 0
    1234:	3d 83       	std	Y+5, r19	; 0x05
    1236:	2c 83       	std	Y+4, r18	; 0x04
    1238:	8c 81       	ldd	r24, Y+4	; 0x04
    123a:	9d 81       	ldd	r25, Y+5	; 0x05
    123c:	81 30       	cpi	r24, 0x01	; 1
    123e:	91 05       	cpc	r25, r1
    1240:	d1 f0       	breq	.+52     	; 0x1276 <DIO_setportdirection+0x64>
    1242:	2c 81       	ldd	r18, Y+4	; 0x04
    1244:	3d 81       	ldd	r19, Y+5	; 0x05
    1246:	22 30       	cpi	r18, 0x02	; 2
    1248:	31 05       	cpc	r19, r1
    124a:	2c f4       	brge	.+10     	; 0x1256 <DIO_setportdirection+0x44>
    124c:	8c 81       	ldd	r24, Y+4	; 0x04
    124e:	9d 81       	ldd	r25, Y+5	; 0x05
    1250:	00 97       	sbiw	r24, 0x00	; 0
    1252:	61 f0       	breq	.+24     	; 0x126c <DIO_setportdirection+0x5a>
    1254:	20 c0       	rjmp	.+64     	; 0x1296 <DIO_setportdirection+0x84>
    1256:	2c 81       	ldd	r18, Y+4	; 0x04
    1258:	3d 81       	ldd	r19, Y+5	; 0x05
    125a:	22 30       	cpi	r18, 0x02	; 2
    125c:	31 05       	cpc	r19, r1
    125e:	81 f0       	breq	.+32     	; 0x1280 <DIO_setportdirection+0x6e>
    1260:	8c 81       	ldd	r24, Y+4	; 0x04
    1262:	9d 81       	ldd	r25, Y+5	; 0x05
    1264:	83 30       	cpi	r24, 0x03	; 3
    1266:	91 05       	cpc	r25, r1
    1268:	81 f0       	breq	.+32     	; 0x128a <DIO_setportdirection+0x78>
    126a:	15 c0       	rjmp	.+42     	; 0x1296 <DIO_setportdirection+0x84>
		{
		case	DIO_portA : DDRA_REGISTER = copy_portdirection ; break ;
    126c:	ea e3       	ldi	r30, 0x3A	; 58
    126e:	f0 e0       	ldi	r31, 0x00	; 0
    1270:	8b 81       	ldd	r24, Y+3	; 0x03
    1272:	80 83       	st	Z, r24
    1274:	10 c0       	rjmp	.+32     	; 0x1296 <DIO_setportdirection+0x84>
		case    DIO_portB : DDRB_REGISTER = copy_portdirection ; break ;
    1276:	e7 e3       	ldi	r30, 0x37	; 55
    1278:	f0 e0       	ldi	r31, 0x00	; 0
    127a:	8b 81       	ldd	r24, Y+3	; 0x03
    127c:	80 83       	st	Z, r24
    127e:	0b c0       	rjmp	.+22     	; 0x1296 <DIO_setportdirection+0x84>
		case	DIO_portC : DDRC_REGISTER = copy_portdirection ; break ;
    1280:	e4 e3       	ldi	r30, 0x34	; 52
    1282:	f0 e0       	ldi	r31, 0x00	; 0
    1284:	8b 81       	ldd	r24, Y+3	; 0x03
    1286:	80 83       	st	Z, r24
    1288:	06 c0       	rjmp	.+12     	; 0x1296 <DIO_setportdirection+0x84>
		case    DIO_portD : DDRD_REGISTER = copy_portdirection ; break ;
    128a:	e1 e3       	ldi	r30, 0x31	; 49
    128c:	f0 e0       	ldi	r31, 0x00	; 0
    128e:	8b 81       	ldd	r24, Y+3	; 0x03
    1290:	80 83       	st	Z, r24
    1292:	01 c0       	rjmp	.+2      	; 0x1296 <DIO_setportdirection+0x84>
		}
	}
	else 
	{
		LOC_STATE =DIO_Nok;
    1294:	19 82       	std	Y+1, r1	; 0x01
	}
	return LOC_STATE ;
    1296:	89 81       	ldd	r24, Y+1	; 0x01
}
    1298:	0f 90       	pop	r0
    129a:	0f 90       	pop	r0
    129c:	0f 90       	pop	r0
    129e:	0f 90       	pop	r0
    12a0:	0f 90       	pop	r0
    12a2:	cf 91       	pop	r28
    12a4:	df 91       	pop	r29
    12a6:	08 95       	ret

000012a8 <DIO_setportvalue>:

*/


DIO_errorstate DIO_setportvalue     (u8 copy_port , u8 copy_portvalue     )
{
    12a8:	df 93       	push	r29
    12aa:	cf 93       	push	r28
    12ac:	00 d0       	rcall	.+0      	; 0x12ae <DIO_setportvalue+0x6>
    12ae:	00 d0       	rcall	.+0      	; 0x12b0 <DIO_setportvalue+0x8>
    12b0:	0f 92       	push	r0
    12b2:	cd b7       	in	r28, 0x3d	; 61
    12b4:	de b7       	in	r29, 0x3e	; 62
    12b6:	8a 83       	std	Y+2, r24	; 0x02
    12b8:	6b 83       	std	Y+3, r22	; 0x03
		DIO_errorstate LOC_STATE = DIO_ok;
    12ba:	81 e0       	ldi	r24, 0x01	; 1
    12bc:	89 83       	std	Y+1, r24	; 0x01
	/* check on givin paramter is in valid range */
	
	if( copy_port<=DIO_portD ){
    12be:	8a 81       	ldd	r24, Y+2	; 0x02
    12c0:	84 30       	cpi	r24, 0x04	; 4
    12c2:	98 f5       	brcc	.+102    	; 0x132a <DIO_setportvalue+0x82>
		
		/* check on port name */
		switch(copy_port)
    12c4:	8a 81       	ldd	r24, Y+2	; 0x02
    12c6:	28 2f       	mov	r18, r24
    12c8:	30 e0       	ldi	r19, 0x00	; 0
    12ca:	3d 83       	std	Y+5, r19	; 0x05
    12cc:	2c 83       	std	Y+4, r18	; 0x04
    12ce:	8c 81       	ldd	r24, Y+4	; 0x04
    12d0:	9d 81       	ldd	r25, Y+5	; 0x05
    12d2:	81 30       	cpi	r24, 0x01	; 1
    12d4:	91 05       	cpc	r25, r1
    12d6:	d1 f0       	breq	.+52     	; 0x130c <DIO_setportvalue+0x64>
    12d8:	2c 81       	ldd	r18, Y+4	; 0x04
    12da:	3d 81       	ldd	r19, Y+5	; 0x05
    12dc:	22 30       	cpi	r18, 0x02	; 2
    12de:	31 05       	cpc	r19, r1
    12e0:	2c f4       	brge	.+10     	; 0x12ec <DIO_setportvalue+0x44>
    12e2:	8c 81       	ldd	r24, Y+4	; 0x04
    12e4:	9d 81       	ldd	r25, Y+5	; 0x05
    12e6:	00 97       	sbiw	r24, 0x00	; 0
    12e8:	61 f0       	breq	.+24     	; 0x1302 <DIO_setportvalue+0x5a>
    12ea:	20 c0       	rjmp	.+64     	; 0x132c <DIO_setportvalue+0x84>
    12ec:	2c 81       	ldd	r18, Y+4	; 0x04
    12ee:	3d 81       	ldd	r19, Y+5	; 0x05
    12f0:	22 30       	cpi	r18, 0x02	; 2
    12f2:	31 05       	cpc	r19, r1
    12f4:	81 f0       	breq	.+32     	; 0x1316 <DIO_setportvalue+0x6e>
    12f6:	8c 81       	ldd	r24, Y+4	; 0x04
    12f8:	9d 81       	ldd	r25, Y+5	; 0x05
    12fa:	83 30       	cpi	r24, 0x03	; 3
    12fc:	91 05       	cpc	r25, r1
    12fe:	81 f0       	breq	.+32     	; 0x1320 <DIO_setportvalue+0x78>
    1300:	15 c0       	rjmp	.+42     	; 0x132c <DIO_setportvalue+0x84>
		{
		case	DIO_portA : PORTA_REGISTER = copy_portvalue ; break ;
    1302:	eb e3       	ldi	r30, 0x3B	; 59
    1304:	f0 e0       	ldi	r31, 0x00	; 0
    1306:	8b 81       	ldd	r24, Y+3	; 0x03
    1308:	80 83       	st	Z, r24
    130a:	10 c0       	rjmp	.+32     	; 0x132c <DIO_setportvalue+0x84>
		case    DIO_portB : PORTB_REGISTER = copy_portvalue ; break ;
    130c:	e8 e3       	ldi	r30, 0x38	; 56
    130e:	f0 e0       	ldi	r31, 0x00	; 0
    1310:	8b 81       	ldd	r24, Y+3	; 0x03
    1312:	80 83       	st	Z, r24
    1314:	0b c0       	rjmp	.+22     	; 0x132c <DIO_setportvalue+0x84>
		case	DIO_portC : PORTC_REGISTER = copy_portvalue ; break ;
    1316:	e5 e3       	ldi	r30, 0x35	; 53
    1318:	f0 e0       	ldi	r31, 0x00	; 0
    131a:	8b 81       	ldd	r24, Y+3	; 0x03
    131c:	80 83       	st	Z, r24
    131e:	06 c0       	rjmp	.+12     	; 0x132c <DIO_setportvalue+0x84>
		case    DIO_portD : PORTD_REGISTER = copy_portvalue ; break ;
    1320:	e2 e3       	ldi	r30, 0x32	; 50
    1322:	f0 e0       	ldi	r31, 0x00	; 0
    1324:	8b 81       	ldd	r24, Y+3	; 0x03
    1326:	80 83       	st	Z, r24
    1328:	01 c0       	rjmp	.+2      	; 0x132c <DIO_setportvalue+0x84>
		}
	}
	else 
	{
		LOC_STATE =DIO_Nok;
    132a:	19 82       	std	Y+1, r1	; 0x01
	}
	return LOC_STATE ;
    132c:	89 81       	ldd	r24, Y+1	; 0x01
}
    132e:	0f 90       	pop	r0
    1330:	0f 90       	pop	r0
    1332:	0f 90       	pop	r0
    1334:	0f 90       	pop	r0
    1336:	0f 90       	pop	r0
    1338:	cf 91       	pop	r28
    133a:	df 91       	pop	r29
    133c:	08 95       	ret

0000133e <DIO_getportvalue>:
	return : its statues (DIO_Nok,DIO_ok)

*/

DIO_errorstate DIO_getportvalue     (u8 copy_port , u8 * ptr_data         )
{
    133e:	df 93       	push	r29
    1340:	cf 93       	push	r28
    1342:	00 d0       	rcall	.+0      	; 0x1344 <DIO_getportvalue+0x6>
    1344:	00 d0       	rcall	.+0      	; 0x1346 <DIO_getportvalue+0x8>
    1346:	00 d0       	rcall	.+0      	; 0x1348 <DIO_getportvalue+0xa>
    1348:	cd b7       	in	r28, 0x3d	; 61
    134a:	de b7       	in	r29, 0x3e	; 62
    134c:	8a 83       	std	Y+2, r24	; 0x02
    134e:	7c 83       	std	Y+4, r23	; 0x04
    1350:	6b 83       	std	Y+3, r22	; 0x03
			DIO_errorstate LOC_STATE = DIO_ok;
    1352:	81 e0       	ldi	r24, 0x01	; 1
    1354:	89 83       	std	Y+1, r24	; 0x01
	/* check on givin paramter is in valid range */
	
	if( copy_port<=DIO_portD ){
    1356:	8a 81       	ldd	r24, Y+2	; 0x02
    1358:	84 30       	cpi	r24, 0x04	; 4
    135a:	d8 f5       	brcc	.+118    	; 0x13d2 <DIO_getportvalue+0x94>
		
		/* check on port name */
		switch(copy_port)
    135c:	8a 81       	ldd	r24, Y+2	; 0x02
    135e:	28 2f       	mov	r18, r24
    1360:	30 e0       	ldi	r19, 0x00	; 0
    1362:	3e 83       	std	Y+6, r19	; 0x06
    1364:	2d 83       	std	Y+5, r18	; 0x05
    1366:	8d 81       	ldd	r24, Y+5	; 0x05
    1368:	9e 81       	ldd	r25, Y+6	; 0x06
    136a:	81 30       	cpi	r24, 0x01	; 1
    136c:	91 05       	cpc	r25, r1
    136e:	e1 f0       	breq	.+56     	; 0x13a8 <DIO_getportvalue+0x6a>
    1370:	2d 81       	ldd	r18, Y+5	; 0x05
    1372:	3e 81       	ldd	r19, Y+6	; 0x06
    1374:	22 30       	cpi	r18, 0x02	; 2
    1376:	31 05       	cpc	r19, r1
    1378:	2c f4       	brge	.+10     	; 0x1384 <DIO_getportvalue+0x46>
    137a:	8d 81       	ldd	r24, Y+5	; 0x05
    137c:	9e 81       	ldd	r25, Y+6	; 0x06
    137e:	00 97       	sbiw	r24, 0x00	; 0
    1380:	61 f0       	breq	.+24     	; 0x139a <DIO_getportvalue+0x5c>
    1382:	28 c0       	rjmp	.+80     	; 0x13d4 <DIO_getportvalue+0x96>
    1384:	2d 81       	ldd	r18, Y+5	; 0x05
    1386:	3e 81       	ldd	r19, Y+6	; 0x06
    1388:	22 30       	cpi	r18, 0x02	; 2
    138a:	31 05       	cpc	r19, r1
    138c:	a1 f0       	breq	.+40     	; 0x13b6 <DIO_getportvalue+0x78>
    138e:	8d 81       	ldd	r24, Y+5	; 0x05
    1390:	9e 81       	ldd	r25, Y+6	; 0x06
    1392:	83 30       	cpi	r24, 0x03	; 3
    1394:	91 05       	cpc	r25, r1
    1396:	b1 f0       	breq	.+44     	; 0x13c4 <DIO_getportvalue+0x86>
    1398:	1d c0       	rjmp	.+58     	; 0x13d4 <DIO_getportvalue+0x96>
		{
		case	DIO_portA :  *ptr_data =    PINA_REGISTER ; break ;
    139a:	e9 e3       	ldi	r30, 0x39	; 57
    139c:	f0 e0       	ldi	r31, 0x00	; 0
    139e:	80 81       	ld	r24, Z
    13a0:	eb 81       	ldd	r30, Y+3	; 0x03
    13a2:	fc 81       	ldd	r31, Y+4	; 0x04
    13a4:	80 83       	st	Z, r24
    13a6:	16 c0       	rjmp	.+44     	; 0x13d4 <DIO_getportvalue+0x96>
		case    DIO_portB :  *ptr_data =    PINB_REGISTER ; break ;
    13a8:	e6 e3       	ldi	r30, 0x36	; 54
    13aa:	f0 e0       	ldi	r31, 0x00	; 0
    13ac:	80 81       	ld	r24, Z
    13ae:	eb 81       	ldd	r30, Y+3	; 0x03
    13b0:	fc 81       	ldd	r31, Y+4	; 0x04
    13b2:	80 83       	st	Z, r24
    13b4:	0f c0       	rjmp	.+30     	; 0x13d4 <DIO_getportvalue+0x96>
		case	DIO_portC :  *ptr_data =    PINC_REGISTER ; break ;
    13b6:	e3 e3       	ldi	r30, 0x33	; 51
    13b8:	f0 e0       	ldi	r31, 0x00	; 0
    13ba:	80 81       	ld	r24, Z
    13bc:	eb 81       	ldd	r30, Y+3	; 0x03
    13be:	fc 81       	ldd	r31, Y+4	; 0x04
    13c0:	80 83       	st	Z, r24
    13c2:	08 c0       	rjmp	.+16     	; 0x13d4 <DIO_getportvalue+0x96>
		case    DIO_portD :  *ptr_data =    PIND_REGISTER ; break ;
    13c4:	e0 e3       	ldi	r30, 0x30	; 48
    13c6:	f0 e0       	ldi	r31, 0x00	; 0
    13c8:	80 81       	ld	r24, Z
    13ca:	eb 81       	ldd	r30, Y+3	; 0x03
    13cc:	fc 81       	ldd	r31, Y+4	; 0x04
    13ce:	80 83       	st	Z, r24
    13d0:	01 c0       	rjmp	.+2      	; 0x13d4 <DIO_getportvalue+0x96>
		}
	}
	else 
	{
		LOC_STATE =DIO_Nok;
    13d2:	19 82       	std	Y+1, r1	; 0x01
	}
	return LOC_STATE ;
    13d4:	89 81       	ldd	r24, Y+1	; 0x01
}
    13d6:	26 96       	adiw	r28, 0x06	; 6
    13d8:	0f b6       	in	r0, 0x3f	; 63
    13da:	f8 94       	cli
    13dc:	de bf       	out	0x3e, r29	; 62
    13de:	0f be       	out	0x3f, r0	; 63
    13e0:	cd bf       	out	0x3d, r28	; 61
    13e2:	cf 91       	pop	r28
    13e4:	df 91       	pop	r29
    13e6:	08 95       	ret

000013e8 <DIO_togelportvalue>:
	return : its statues (DIO_Nok,DIO_ok)

*/

DIO_errorstate DIO_togelportvalue   (u8 copy_port                         )
{
    13e8:	df 93       	push	r29
    13ea:	cf 93       	push	r28
    13ec:	00 d0       	rcall	.+0      	; 0x13ee <DIO_togelportvalue+0x6>
    13ee:	00 d0       	rcall	.+0      	; 0x13f0 <DIO_togelportvalue+0x8>
    13f0:	cd b7       	in	r28, 0x3d	; 61
    13f2:	de b7       	in	r29, 0x3e	; 62
    13f4:	8a 83       	std	Y+2, r24	; 0x02
			DIO_errorstate LOC_STATE = DIO_ok;
    13f6:	81 e0       	ldi	r24, 0x01	; 1
    13f8:	89 83       	std	Y+1, r24	; 0x01
	/* check on givin paramter is in valid range */
	
	if( copy_port<=DIO_portD ){
    13fa:	8a 81       	ldd	r24, Y+2	; 0x02
    13fc:	84 30       	cpi	r24, 0x04	; 4
    13fe:	08 f0       	brcs	.+2      	; 0x1402 <DIO_togelportvalue+0x1a>
    1400:	3f c0       	rjmp	.+126    	; 0x1480 <DIO_togelportvalue+0x98>
		
		/* check on port name */
		switch(copy_port)
    1402:	8a 81       	ldd	r24, Y+2	; 0x02
    1404:	28 2f       	mov	r18, r24
    1406:	30 e0       	ldi	r19, 0x00	; 0
    1408:	3c 83       	std	Y+4, r19	; 0x04
    140a:	2b 83       	std	Y+3, r18	; 0x03
    140c:	8b 81       	ldd	r24, Y+3	; 0x03
    140e:	9c 81       	ldd	r25, Y+4	; 0x04
    1410:	81 30       	cpi	r24, 0x01	; 1
    1412:	91 05       	cpc	r25, r1
    1414:	e9 f0       	breq	.+58     	; 0x1450 <DIO_togelportvalue+0x68>
    1416:	2b 81       	ldd	r18, Y+3	; 0x03
    1418:	3c 81       	ldd	r19, Y+4	; 0x04
    141a:	22 30       	cpi	r18, 0x02	; 2
    141c:	31 05       	cpc	r19, r1
    141e:	2c f4       	brge	.+10     	; 0x142a <DIO_togelportvalue+0x42>
    1420:	8b 81       	ldd	r24, Y+3	; 0x03
    1422:	9c 81       	ldd	r25, Y+4	; 0x04
    1424:	00 97       	sbiw	r24, 0x00	; 0
    1426:	61 f0       	breq	.+24     	; 0x1440 <DIO_togelportvalue+0x58>
    1428:	2c c0       	rjmp	.+88     	; 0x1482 <DIO_togelportvalue+0x9a>
    142a:	2b 81       	ldd	r18, Y+3	; 0x03
    142c:	3c 81       	ldd	r19, Y+4	; 0x04
    142e:	22 30       	cpi	r18, 0x02	; 2
    1430:	31 05       	cpc	r19, r1
    1432:	b1 f0       	breq	.+44     	; 0x1460 <DIO_togelportvalue+0x78>
    1434:	8b 81       	ldd	r24, Y+3	; 0x03
    1436:	9c 81       	ldd	r25, Y+4	; 0x04
    1438:	83 30       	cpi	r24, 0x03	; 3
    143a:	91 05       	cpc	r25, r1
    143c:	c9 f0       	breq	.+50     	; 0x1470 <DIO_togelportvalue+0x88>
    143e:	21 c0       	rjmp	.+66     	; 0x1482 <DIO_togelportvalue+0x9a>
		{
		case	DIO_portA :  PORTA_REGISTER =   ~ PORTA_REGISTER ; break ;
    1440:	ab e3       	ldi	r26, 0x3B	; 59
    1442:	b0 e0       	ldi	r27, 0x00	; 0
    1444:	eb e3       	ldi	r30, 0x3B	; 59
    1446:	f0 e0       	ldi	r31, 0x00	; 0
    1448:	80 81       	ld	r24, Z
    144a:	80 95       	com	r24
    144c:	8c 93       	st	X, r24
    144e:	19 c0       	rjmp	.+50     	; 0x1482 <DIO_togelportvalue+0x9a>
		case    DIO_portB :  PORTB_REGISTER =   ~ PORTB_REGISTER ; break ;
    1450:	a8 e3       	ldi	r26, 0x38	; 56
    1452:	b0 e0       	ldi	r27, 0x00	; 0
    1454:	e8 e3       	ldi	r30, 0x38	; 56
    1456:	f0 e0       	ldi	r31, 0x00	; 0
    1458:	80 81       	ld	r24, Z
    145a:	80 95       	com	r24
    145c:	8c 93       	st	X, r24
    145e:	11 c0       	rjmp	.+34     	; 0x1482 <DIO_togelportvalue+0x9a>
		case	DIO_portC :  PORTC_REGISTER =   ~ PORTC_REGISTER ; break ;
    1460:	a5 e3       	ldi	r26, 0x35	; 53
    1462:	b0 e0       	ldi	r27, 0x00	; 0
    1464:	e5 e3       	ldi	r30, 0x35	; 53
    1466:	f0 e0       	ldi	r31, 0x00	; 0
    1468:	80 81       	ld	r24, Z
    146a:	80 95       	com	r24
    146c:	8c 93       	st	X, r24
    146e:	09 c0       	rjmp	.+18     	; 0x1482 <DIO_togelportvalue+0x9a>
		case    DIO_portD :  PORTD_REGISTER =   ~ PORTD_REGISTER ; break ;
    1470:	a2 e3       	ldi	r26, 0x32	; 50
    1472:	b0 e0       	ldi	r27, 0x00	; 0
    1474:	e2 e3       	ldi	r30, 0x32	; 50
    1476:	f0 e0       	ldi	r31, 0x00	; 0
    1478:	80 81       	ld	r24, Z
    147a:	80 95       	com	r24
    147c:	8c 93       	st	X, r24
    147e:	01 c0       	rjmp	.+2      	; 0x1482 <DIO_togelportvalue+0x9a>
		}
	}
	else 
	{
		LOC_STATE =DIO_Nok;
    1480:	19 82       	std	Y+1, r1	; 0x01
	}
	return LOC_STATE ;
    1482:	89 81       	ldd	r24, Y+1	; 0x01
}
    1484:	0f 90       	pop	r0
    1486:	0f 90       	pop	r0
    1488:	0f 90       	pop	r0
    148a:	0f 90       	pop	r0
    148c:	cf 91       	pop	r28
    148e:	df 91       	pop	r29
    1490:	08 95       	ret

00001492 <DIO_writehighnibles>:

*/


DIO_errorstate DIO_writehighnibles (u8 copy_port , u8 copy_value )
{
    1492:	df 93       	push	r29
    1494:	cf 93       	push	r28
    1496:	00 d0       	rcall	.+0      	; 0x1498 <DIO_writehighnibles+0x6>
    1498:	00 d0       	rcall	.+0      	; 0x149a <DIO_writehighnibles+0x8>
    149a:	0f 92       	push	r0
    149c:	cd b7       	in	r28, 0x3d	; 61
    149e:	de b7       	in	r29, 0x3e	; 62
    14a0:	8a 83       	std	Y+2, r24	; 0x02
    14a2:	6b 83       	std	Y+3, r22	; 0x03
				DIO_errorstate LOC_STATE = DIO_ok;
    14a4:	81 e0       	ldi	r24, 0x01	; 1
    14a6:	89 83       	std	Y+1, r24	; 0x01
	/* check on givin paramter is in valid range */
	
	if( copy_port<=DIO_portD ){
    14a8:	8a 81       	ldd	r24, Y+2	; 0x02
    14aa:	84 30       	cpi	r24, 0x04	; 4
    14ac:	08 f0       	brcs	.+2      	; 0x14b0 <DIO_writehighnibles+0x1e>
    14ae:	4f c0       	rjmp	.+158    	; 0x154e <DIO_writehighnibles+0xbc>
		copy_value = (copy_value<<4);
    14b0:	8b 81       	ldd	r24, Y+3	; 0x03
    14b2:	82 95       	swap	r24
    14b4:	80 7f       	andi	r24, 0xF0	; 240
    14b6:	8b 83       	std	Y+3, r24	; 0x03
		/* check on port name */
		switch(copy_port)
    14b8:	8a 81       	ldd	r24, Y+2	; 0x02
    14ba:	28 2f       	mov	r18, r24
    14bc:	30 e0       	ldi	r19, 0x00	; 0
    14be:	3d 83       	std	Y+5, r19	; 0x05
    14c0:	2c 83       	std	Y+4, r18	; 0x04
    14c2:	8c 81       	ldd	r24, Y+4	; 0x04
    14c4:	9d 81       	ldd	r25, Y+5	; 0x05
    14c6:	81 30       	cpi	r24, 0x01	; 1
    14c8:	91 05       	cpc	r25, r1
    14ca:	01 f1       	breq	.+64     	; 0x150c <DIO_writehighnibles+0x7a>
    14cc:	2c 81       	ldd	r18, Y+4	; 0x04
    14ce:	3d 81       	ldd	r19, Y+5	; 0x05
    14d0:	22 30       	cpi	r18, 0x02	; 2
    14d2:	31 05       	cpc	r19, r1
    14d4:	2c f4       	brge	.+10     	; 0x14e0 <DIO_writehighnibles+0x4e>
    14d6:	8c 81       	ldd	r24, Y+4	; 0x04
    14d8:	9d 81       	ldd	r25, Y+5	; 0x05
    14da:	00 97       	sbiw	r24, 0x00	; 0
    14dc:	61 f0       	breq	.+24     	; 0x14f6 <DIO_writehighnibles+0x64>
    14de:	38 c0       	rjmp	.+112    	; 0x1550 <DIO_writehighnibles+0xbe>
    14e0:	2c 81       	ldd	r18, Y+4	; 0x04
    14e2:	3d 81       	ldd	r19, Y+5	; 0x05
    14e4:	22 30       	cpi	r18, 0x02	; 2
    14e6:	31 05       	cpc	r19, r1
    14e8:	e1 f0       	breq	.+56     	; 0x1522 <DIO_writehighnibles+0x90>
    14ea:	8c 81       	ldd	r24, Y+4	; 0x04
    14ec:	9d 81       	ldd	r25, Y+5	; 0x05
    14ee:	83 30       	cpi	r24, 0x03	; 3
    14f0:	91 05       	cpc	r25, r1
    14f2:	11 f1       	breq	.+68     	; 0x1538 <DIO_writehighnibles+0xa6>
    14f4:	2d c0       	rjmp	.+90     	; 0x1550 <DIO_writehighnibles+0xbe>
		{
		case	DIO_portA :  PORTA_REGISTER = ((PORTA_REGISTER & 0x0f )|(copy_value)) ; break ;
    14f6:	ab e3       	ldi	r26, 0x3B	; 59
    14f8:	b0 e0       	ldi	r27, 0x00	; 0
    14fa:	eb e3       	ldi	r30, 0x3B	; 59
    14fc:	f0 e0       	ldi	r31, 0x00	; 0
    14fe:	80 81       	ld	r24, Z
    1500:	98 2f       	mov	r25, r24
    1502:	9f 70       	andi	r25, 0x0F	; 15
    1504:	8b 81       	ldd	r24, Y+3	; 0x03
    1506:	89 2b       	or	r24, r25
    1508:	8c 93       	st	X, r24
    150a:	22 c0       	rjmp	.+68     	; 0x1550 <DIO_writehighnibles+0xbe>
		case    DIO_portB :  PORTB_REGISTER = ((PORTB_REGISTER & 0x0f )|(copy_value)) ; break ;
    150c:	a8 e3       	ldi	r26, 0x38	; 56
    150e:	b0 e0       	ldi	r27, 0x00	; 0
    1510:	e8 e3       	ldi	r30, 0x38	; 56
    1512:	f0 e0       	ldi	r31, 0x00	; 0
    1514:	80 81       	ld	r24, Z
    1516:	98 2f       	mov	r25, r24
    1518:	9f 70       	andi	r25, 0x0F	; 15
    151a:	8b 81       	ldd	r24, Y+3	; 0x03
    151c:	89 2b       	or	r24, r25
    151e:	8c 93       	st	X, r24
    1520:	17 c0       	rjmp	.+46     	; 0x1550 <DIO_writehighnibles+0xbe>
		case	DIO_portC :  PORTC_REGISTER = ((PORTC_REGISTER & 0x0f )|(copy_value)) ; break ;
    1522:	a5 e3       	ldi	r26, 0x35	; 53
    1524:	b0 e0       	ldi	r27, 0x00	; 0
    1526:	e5 e3       	ldi	r30, 0x35	; 53
    1528:	f0 e0       	ldi	r31, 0x00	; 0
    152a:	80 81       	ld	r24, Z
    152c:	98 2f       	mov	r25, r24
    152e:	9f 70       	andi	r25, 0x0F	; 15
    1530:	8b 81       	ldd	r24, Y+3	; 0x03
    1532:	89 2b       	or	r24, r25
    1534:	8c 93       	st	X, r24
    1536:	0c c0       	rjmp	.+24     	; 0x1550 <DIO_writehighnibles+0xbe>
		case    DIO_portD :  PORTD_REGISTER = ((PORTD_REGISTER & 0x0f )|(copy_value)) ; break ;
    1538:	a2 e3       	ldi	r26, 0x32	; 50
    153a:	b0 e0       	ldi	r27, 0x00	; 0
    153c:	e2 e3       	ldi	r30, 0x32	; 50
    153e:	f0 e0       	ldi	r31, 0x00	; 0
    1540:	80 81       	ld	r24, Z
    1542:	98 2f       	mov	r25, r24
    1544:	9f 70       	andi	r25, 0x0F	; 15
    1546:	8b 81       	ldd	r24, Y+3	; 0x03
    1548:	89 2b       	or	r24, r25
    154a:	8c 93       	st	X, r24
    154c:	01 c0       	rjmp	.+2      	; 0x1550 <DIO_writehighnibles+0xbe>
		}
	}
	else 
	{
		LOC_STATE =DIO_Nok;
    154e:	19 82       	std	Y+1, r1	; 0x01
	}
	return LOC_STATE ;
    1550:	89 81       	ldd	r24, Y+1	; 0x01
}
    1552:	0f 90       	pop	r0
    1554:	0f 90       	pop	r0
    1556:	0f 90       	pop	r0
    1558:	0f 90       	pop	r0
    155a:	0f 90       	pop	r0
    155c:	cf 91       	pop	r28
    155e:	df 91       	pop	r29
    1560:	08 95       	ret

00001562 <DIO_writelownibles>:




DIO_errorstate DIO_writelownibles  (u8 copy_port , u8 copy_value )
{
    1562:	df 93       	push	r29
    1564:	cf 93       	push	r28
    1566:	00 d0       	rcall	.+0      	; 0x1568 <DIO_writelownibles+0x6>
    1568:	00 d0       	rcall	.+0      	; 0x156a <DIO_writelownibles+0x8>
    156a:	0f 92       	push	r0
    156c:	cd b7       	in	r28, 0x3d	; 61
    156e:	de b7       	in	r29, 0x3e	; 62
    1570:	8a 83       	std	Y+2, r24	; 0x02
    1572:	6b 83       	std	Y+3, r22	; 0x03
				DIO_errorstate LOC_STATE = DIO_ok;
    1574:	81 e0       	ldi	r24, 0x01	; 1
    1576:	89 83       	std	Y+1, r24	; 0x01
	/* check on givin paramter is in valid range */
	
	if( copy_port<=DIO_portD ){
    1578:	8a 81       	ldd	r24, Y+2	; 0x02
    157a:	84 30       	cpi	r24, 0x04	; 4
    157c:	08 f0       	brcs	.+2      	; 0x1580 <DIO_writelownibles+0x1e>
    157e:	4e c0       	rjmp	.+156    	; 0x161c <DIO_writelownibles+0xba>
		copy_value = (copy_value&0x0f);
    1580:	8b 81       	ldd	r24, Y+3	; 0x03
    1582:	8f 70       	andi	r24, 0x0F	; 15
    1584:	8b 83       	std	Y+3, r24	; 0x03
		/* check on port name */
		switch(copy_port)
    1586:	8a 81       	ldd	r24, Y+2	; 0x02
    1588:	28 2f       	mov	r18, r24
    158a:	30 e0       	ldi	r19, 0x00	; 0
    158c:	3d 83       	std	Y+5, r19	; 0x05
    158e:	2c 83       	std	Y+4, r18	; 0x04
    1590:	8c 81       	ldd	r24, Y+4	; 0x04
    1592:	9d 81       	ldd	r25, Y+5	; 0x05
    1594:	81 30       	cpi	r24, 0x01	; 1
    1596:	91 05       	cpc	r25, r1
    1598:	01 f1       	breq	.+64     	; 0x15da <DIO_writelownibles+0x78>
    159a:	2c 81       	ldd	r18, Y+4	; 0x04
    159c:	3d 81       	ldd	r19, Y+5	; 0x05
    159e:	22 30       	cpi	r18, 0x02	; 2
    15a0:	31 05       	cpc	r19, r1
    15a2:	2c f4       	brge	.+10     	; 0x15ae <DIO_writelownibles+0x4c>
    15a4:	8c 81       	ldd	r24, Y+4	; 0x04
    15a6:	9d 81       	ldd	r25, Y+5	; 0x05
    15a8:	00 97       	sbiw	r24, 0x00	; 0
    15aa:	61 f0       	breq	.+24     	; 0x15c4 <DIO_writelownibles+0x62>
    15ac:	38 c0       	rjmp	.+112    	; 0x161e <DIO_writelownibles+0xbc>
    15ae:	2c 81       	ldd	r18, Y+4	; 0x04
    15b0:	3d 81       	ldd	r19, Y+5	; 0x05
    15b2:	22 30       	cpi	r18, 0x02	; 2
    15b4:	31 05       	cpc	r19, r1
    15b6:	e1 f0       	breq	.+56     	; 0x15f0 <DIO_writelownibles+0x8e>
    15b8:	8c 81       	ldd	r24, Y+4	; 0x04
    15ba:	9d 81       	ldd	r25, Y+5	; 0x05
    15bc:	83 30       	cpi	r24, 0x03	; 3
    15be:	91 05       	cpc	r25, r1
    15c0:	11 f1       	breq	.+68     	; 0x1606 <DIO_writelownibles+0xa4>
    15c2:	2d c0       	rjmp	.+90     	; 0x161e <DIO_writelownibles+0xbc>
		{
		case	DIO_portA :  PORTA_REGISTER = ((PORTA_REGISTER & 0xf0 )|(copy_value)) ; break ;
    15c4:	ab e3       	ldi	r26, 0x3B	; 59
    15c6:	b0 e0       	ldi	r27, 0x00	; 0
    15c8:	eb e3       	ldi	r30, 0x3B	; 59
    15ca:	f0 e0       	ldi	r31, 0x00	; 0
    15cc:	80 81       	ld	r24, Z
    15ce:	98 2f       	mov	r25, r24
    15d0:	90 7f       	andi	r25, 0xF0	; 240
    15d2:	8b 81       	ldd	r24, Y+3	; 0x03
    15d4:	89 2b       	or	r24, r25
    15d6:	8c 93       	st	X, r24
    15d8:	22 c0       	rjmp	.+68     	; 0x161e <DIO_writelownibles+0xbc>
		case    DIO_portB :  PORTB_REGISTER = ((PORTB_REGISTER & 0xf0 )|(copy_value)) ; break ;
    15da:	a8 e3       	ldi	r26, 0x38	; 56
    15dc:	b0 e0       	ldi	r27, 0x00	; 0
    15de:	e8 e3       	ldi	r30, 0x38	; 56
    15e0:	f0 e0       	ldi	r31, 0x00	; 0
    15e2:	80 81       	ld	r24, Z
    15e4:	98 2f       	mov	r25, r24
    15e6:	90 7f       	andi	r25, 0xF0	; 240
    15e8:	8b 81       	ldd	r24, Y+3	; 0x03
    15ea:	89 2b       	or	r24, r25
    15ec:	8c 93       	st	X, r24
    15ee:	17 c0       	rjmp	.+46     	; 0x161e <DIO_writelownibles+0xbc>
		case	DIO_portC :  PORTC_REGISTER = ((PORTC_REGISTER & 0xf0 )|(copy_value)) ; break ;
    15f0:	a5 e3       	ldi	r26, 0x35	; 53
    15f2:	b0 e0       	ldi	r27, 0x00	; 0
    15f4:	e5 e3       	ldi	r30, 0x35	; 53
    15f6:	f0 e0       	ldi	r31, 0x00	; 0
    15f8:	80 81       	ld	r24, Z
    15fa:	98 2f       	mov	r25, r24
    15fc:	90 7f       	andi	r25, 0xF0	; 240
    15fe:	8b 81       	ldd	r24, Y+3	; 0x03
    1600:	89 2b       	or	r24, r25
    1602:	8c 93       	st	X, r24
    1604:	0c c0       	rjmp	.+24     	; 0x161e <DIO_writelownibles+0xbc>
		case    DIO_portD :  PORTD_REGISTER = ((PORTD_REGISTER & 0xf0 )|(copy_value)) ; break ;
    1606:	a2 e3       	ldi	r26, 0x32	; 50
    1608:	b0 e0       	ldi	r27, 0x00	; 0
    160a:	e2 e3       	ldi	r30, 0x32	; 50
    160c:	f0 e0       	ldi	r31, 0x00	; 0
    160e:	80 81       	ld	r24, Z
    1610:	98 2f       	mov	r25, r24
    1612:	90 7f       	andi	r25, 0xF0	; 240
    1614:	8b 81       	ldd	r24, Y+3	; 0x03
    1616:	89 2b       	or	r24, r25
    1618:	8c 93       	st	X, r24
    161a:	01 c0       	rjmp	.+2      	; 0x161e <DIO_writelownibles+0xbc>
		}
	}
	else 
	{
		LOC_STATE =DIO_Nok;
    161c:	19 82       	std	Y+1, r1	; 0x01
	}
	return LOC_STATE ;
    161e:	89 81       	ldd	r24, Y+1	; 0x01
}
    1620:	0f 90       	pop	r0
    1622:	0f 90       	pop	r0
    1624:	0f 90       	pop	r0
    1626:	0f 90       	pop	r0
    1628:	0f 90       	pop	r0
    162a:	cf 91       	pop	r28
    162c:	df 91       	pop	r29
    162e:	08 95       	ret

00001630 <KPD_init>:
#include <util/delay.h>



void KPD_init()
{
    1630:	df 93       	push	r29
    1632:	cf 93       	push	r28
    1634:	cd b7       	in	r28, 0x3d	; 61
    1636:	de b7       	in	r29, 0x3e	; 62
	DIO_setpindirection(KPD_PORT,KPD_ROW1_PIN,DIO_pin_input);
    1638:	82 e0       	ldi	r24, 0x02	; 2
    163a:	60 e0       	ldi	r22, 0x00	; 0
    163c:	40 e0       	ldi	r20, 0x00	; 0
    163e:	0e 94 9b 05 	call	0xb36	; 0xb36 <DIO_setpindirection>
	DIO_setpindirection(KPD_PORT,KPD_ROW2_PIN,DIO_pin_input);
    1642:	82 e0       	ldi	r24, 0x02	; 2
    1644:	61 e0       	ldi	r22, 0x01	; 1
    1646:	40 e0       	ldi	r20, 0x00	; 0
    1648:	0e 94 9b 05 	call	0xb36	; 0xb36 <DIO_setpindirection>
	DIO_setpindirection(KPD_PORT,KPD_ROW3_PIN,DIO_pin_input);
    164c:	82 e0       	ldi	r24, 0x02	; 2
    164e:	62 e0       	ldi	r22, 0x02	; 2
    1650:	40 e0       	ldi	r20, 0x00	; 0
    1652:	0e 94 9b 05 	call	0xb36	; 0xb36 <DIO_setpindirection>
	DIO_setpindirection(KPD_PORT,KPD_ROW4_PIN,DIO_pin_input);
    1656:	82 e0       	ldi	r24, 0x02	; 2
    1658:	63 e0       	ldi	r22, 0x03	; 3
    165a:	40 e0       	ldi	r20, 0x00	; 0
    165c:	0e 94 9b 05 	call	0xb36	; 0xb36 <DIO_setpindirection>
	
	/////////////////////////////////////////////////////////
	
	DIO_setpinvalue(KPD_PORT,KPD_ROW1_PIN,PIN_HIGH);
    1660:	82 e0       	ldi	r24, 0x02	; 2
    1662:	60 e0       	ldi	r22, 0x00	; 0
    1664:	41 e0       	ldi	r20, 0x01	; 1
    1666:	0e 94 aa 06 	call	0xd54	; 0xd54 <DIO_setpinvalue>
	DIO_setpinvalue(KPD_PORT,KPD_ROW2_PIN,PIN_HIGH);
    166a:	82 e0       	ldi	r24, 0x02	; 2
    166c:	61 e0       	ldi	r22, 0x01	; 1
    166e:	41 e0       	ldi	r20, 0x01	; 1
    1670:	0e 94 aa 06 	call	0xd54	; 0xd54 <DIO_setpinvalue>
	DIO_setpinvalue(KPD_PORT,KPD_ROW3_PIN,PIN_HIGH);
    1674:	82 e0       	ldi	r24, 0x02	; 2
    1676:	62 e0       	ldi	r22, 0x02	; 2
    1678:	41 e0       	ldi	r20, 0x01	; 1
    167a:	0e 94 aa 06 	call	0xd54	; 0xd54 <DIO_setpinvalue>
	DIO_setpinvalue(KPD_PORT,KPD_ROW4_PIN,PIN_HIGH);
    167e:	82 e0       	ldi	r24, 0x02	; 2
    1680:	63 e0       	ldi	r22, 0x03	; 3
    1682:	41 e0       	ldi	r20, 0x01	; 1
    1684:	0e 94 aa 06 	call	0xd54	; 0xd54 <DIO_setpinvalue>
	
	/////////////////////////////////////////////////
	
	DIO_setpindirection(KPD_PORT,KPD_COL1_PIN,DIO_pin_output);
    1688:	82 e0       	ldi	r24, 0x02	; 2
    168a:	64 e0       	ldi	r22, 0x04	; 4
    168c:	41 e0       	ldi	r20, 0x01	; 1
    168e:	0e 94 9b 05 	call	0xb36	; 0xb36 <DIO_setpindirection>
	DIO_setpindirection(KPD_PORT,KPD_COL2_PIN,DIO_pin_output);
    1692:	82 e0       	ldi	r24, 0x02	; 2
    1694:	65 e0       	ldi	r22, 0x05	; 5
    1696:	41 e0       	ldi	r20, 0x01	; 1
    1698:	0e 94 9b 05 	call	0xb36	; 0xb36 <DIO_setpindirection>
	DIO_setpindirection(KPD_PORT,KPD_COL3_PIN,DIO_pin_output);
    169c:	82 e0       	ldi	r24, 0x02	; 2
    169e:	66 e0       	ldi	r22, 0x06	; 6
    16a0:	41 e0       	ldi	r20, 0x01	; 1
    16a2:	0e 94 9b 05 	call	0xb36	; 0xb36 <DIO_setpindirection>
	DIO_setpindirection(KPD_PORT,KPD_COL4_PIN,DIO_pin_output);
    16a6:	82 e0       	ldi	r24, 0x02	; 2
    16a8:	67 e0       	ldi	r22, 0x07	; 7
    16aa:	41 e0       	ldi	r20, 0x01	; 1
    16ac:	0e 94 9b 05 	call	0xb36	; 0xb36 <DIO_setpindirection>
	
	
	////////////////////////////////////////////////////////
	
	DIO_setpinvalue(KPD_PORT,KPD_COL1_PIN,PIN_HIGH);
    16b0:	82 e0       	ldi	r24, 0x02	; 2
    16b2:	64 e0       	ldi	r22, 0x04	; 4
    16b4:	41 e0       	ldi	r20, 0x01	; 1
    16b6:	0e 94 aa 06 	call	0xd54	; 0xd54 <DIO_setpinvalue>
	DIO_setpinvalue(KPD_PORT,KPD_COL2_PIN,PIN_HIGH);
    16ba:	82 e0       	ldi	r24, 0x02	; 2
    16bc:	65 e0       	ldi	r22, 0x05	; 5
    16be:	41 e0       	ldi	r20, 0x01	; 1
    16c0:	0e 94 aa 06 	call	0xd54	; 0xd54 <DIO_setpinvalue>
	DIO_setpinvalue(KPD_PORT,KPD_COL3_PIN,PIN_HIGH);
    16c4:	82 e0       	ldi	r24, 0x02	; 2
    16c6:	66 e0       	ldi	r22, 0x06	; 6
    16c8:	41 e0       	ldi	r20, 0x01	; 1
    16ca:	0e 94 aa 06 	call	0xd54	; 0xd54 <DIO_setpinvalue>
	DIO_setpinvalue(KPD_PORT,KPD_COL4_PIN,PIN_HIGH);
    16ce:	82 e0       	ldi	r24, 0x02	; 2
    16d0:	67 e0       	ldi	r22, 0x07	; 7
    16d2:	41 e0       	ldi	r20, 0x01	; 1
    16d4:	0e 94 aa 06 	call	0xd54	; 0xd54 <DIO_setpinvalue>
	
	
	////////////////////////////////////////////////////////
	
}
    16d8:	cf 91       	pop	r28
    16da:	df 91       	pop	r29
    16dc:	08 95       	ret

000016de <KPD_getpressed>:

u8 KPD_getpressed()
{
    16de:	df 93       	push	r29
    16e0:	cf 93       	push	r28
    16e2:	cd b7       	in	r28, 0x3d	; 61
    16e4:	de b7       	in	r29, 0x3e	; 62
    16e6:	62 97       	sbiw	r28, 0x12	; 18
    16e8:	0f b6       	in	r0, 0x3f	; 63
    16ea:	f8 94       	cli
    16ec:	de bf       	out	0x3e, r29	; 62
    16ee:	0f be       	out	0x3f, r0	; 63
    16f0:	cd bf       	out	0x3d, r28	; 61
	u8 LOC_datareturn=KPD_NOT_PRESSED;
    16f2:	8f ef       	ldi	r24, 0xFF	; 255
    16f4:	89 8b       	std	Y+17, r24	; 0x11
	u8 LOC_getpressed;
	u8 LOC_COL;
	u8 LOC_ROW;

	for(LOC_COL=0+KPD_INIT_COL;LOC_COL<KPD_END_COL+1;LOC_COL++)
    16f6:	84 e0       	ldi	r24, 0x04	; 4
    16f8:	88 8b       	std	Y+16, r24	; 0x10
    16fa:	c1 c0       	rjmp	.+386    	; 0x187e <KPD_getpressed+0x1a0>
	{
		DIO_setpinvalue(KPD_PORT,LOC_COL,PIN_LOW);
    16fc:	82 e0       	ldi	r24, 0x02	; 2
    16fe:	68 89       	ldd	r22, Y+16	; 0x10
    1700:	40 e0       	ldi	r20, 0x00	; 0
    1702:	0e 94 aa 06 	call	0xd54	; 0xd54 <DIO_setpinvalue>


		for(LOC_ROW=0+KPD_INIT_ROW;LOC_ROW<KPD_END_ROW+1;LOC_ROW++)
    1706:	1f 86       	std	Y+15, r1	; 0x0f
    1708:	ae c0       	rjmp	.+348    	; 0x1866 <KPD_getpressed+0x188>
		{
			DIO_getpinvalue(KPD_PORT,LOC_ROW,&LOC_getpressed);
    170a:	9e 01       	movw	r18, r28
    170c:	2e 5e       	subi	r18, 0xEE	; 238
    170e:	3f 4f       	sbci	r19, 0xFF	; 255
    1710:	82 e0       	ldi	r24, 0x02	; 2
    1712:	6f 85       	ldd	r22, Y+15	; 0x0f
    1714:	a9 01       	movw	r20, r18
    1716:	0e 94 b8 07 	call	0xf70	; 0xf70 <DIO_getpinvalue>
			if(LOC_getpressed==0)
    171a:	8a 89       	ldd	r24, Y+18	; 0x12
    171c:	88 23       	and	r24, r24
    171e:	09 f0       	breq	.+2      	; 0x1722 <KPD_getpressed+0x44>
    1720:	9f c0       	rjmp	.+318    	; 0x1860 <KPD_getpressed+0x182>
    1722:	80 e0       	ldi	r24, 0x00	; 0
    1724:	90 e0       	ldi	r25, 0x00	; 0
    1726:	a8 e4       	ldi	r26, 0x48	; 72
    1728:	b2 e4       	ldi	r27, 0x42	; 66
    172a:	8b 87       	std	Y+11, r24	; 0x0b
    172c:	9c 87       	std	Y+12, r25	; 0x0c
    172e:	ad 87       	std	Y+13, r26	; 0x0d
    1730:	be 87       	std	Y+14, r27	; 0x0e
 */
void
_delay_ms(double __ms)
{
	uint16_t __ticks;
	double __tmp = ((F_CPU) / 4e3) * __ms;
    1732:	6b 85       	ldd	r22, Y+11	; 0x0b
    1734:	7c 85       	ldd	r23, Y+12	; 0x0c
    1736:	8d 85       	ldd	r24, Y+13	; 0x0d
    1738:	9e 85       	ldd	r25, Y+14	; 0x0e
    173a:	20 e0       	ldi	r18, 0x00	; 0
    173c:	30 e0       	ldi	r19, 0x00	; 0
    173e:	4a e7       	ldi	r20, 0x7A	; 122
    1740:	53 e4       	ldi	r21, 0x43	; 67
    1742:	0e 94 17 02 	call	0x42e	; 0x42e <__mulsf3>
    1746:	dc 01       	movw	r26, r24
    1748:	cb 01       	movw	r24, r22
    174a:	8f 83       	std	Y+7, r24	; 0x07
    174c:	98 87       	std	Y+8, r25	; 0x08
    174e:	a9 87       	std	Y+9, r26	; 0x09
    1750:	ba 87       	std	Y+10, r27	; 0x0a
	if (__tmp < 1.0)
    1752:	6f 81       	ldd	r22, Y+7	; 0x07
    1754:	78 85       	ldd	r23, Y+8	; 0x08
    1756:	89 85       	ldd	r24, Y+9	; 0x09
    1758:	9a 85       	ldd	r25, Y+10	; 0x0a
    175a:	20 e0       	ldi	r18, 0x00	; 0
    175c:	30 e0       	ldi	r19, 0x00	; 0
    175e:	40 e8       	ldi	r20, 0x80	; 128
    1760:	5f e3       	ldi	r21, 0x3F	; 63
    1762:	0e 94 71 03 	call	0x6e2	; 0x6e2 <__ltsf2>
    1766:	88 23       	and	r24, r24
    1768:	2c f4       	brge	.+10     	; 0x1774 <KPD_getpressed+0x96>
		__ticks = 1;
    176a:	81 e0       	ldi	r24, 0x01	; 1
    176c:	90 e0       	ldi	r25, 0x00	; 0
    176e:	9e 83       	std	Y+6, r25	; 0x06
    1770:	8d 83       	std	Y+5, r24	; 0x05
    1772:	3f c0       	rjmp	.+126    	; 0x17f2 <KPD_getpressed+0x114>
	else if (__tmp > 65535)
    1774:	6f 81       	ldd	r22, Y+7	; 0x07
    1776:	78 85       	ldd	r23, Y+8	; 0x08
    1778:	89 85       	ldd	r24, Y+9	; 0x09
    177a:	9a 85       	ldd	r25, Y+10	; 0x0a
    177c:	20 e0       	ldi	r18, 0x00	; 0
    177e:	3f ef       	ldi	r19, 0xFF	; 255
    1780:	4f e7       	ldi	r20, 0x7F	; 127
    1782:	57 e4       	ldi	r21, 0x47	; 71
    1784:	0e 94 11 03 	call	0x622	; 0x622 <__gtsf2>
    1788:	18 16       	cp	r1, r24
    178a:	4c f5       	brge	.+82     	; 0x17de <KPD_getpressed+0x100>
	{
		//	__ticks = requested delay in 1/10 ms
		__ticks = (uint16_t) (__ms * 10.0);
    178c:	6b 85       	ldd	r22, Y+11	; 0x0b
    178e:	7c 85       	ldd	r23, Y+12	; 0x0c
    1790:	8d 85       	ldd	r24, Y+13	; 0x0d
    1792:	9e 85       	ldd	r25, Y+14	; 0x0e
    1794:	20 e0       	ldi	r18, 0x00	; 0
    1796:	30 e0       	ldi	r19, 0x00	; 0
    1798:	40 e2       	ldi	r20, 0x20	; 32
    179a:	51 e4       	ldi	r21, 0x41	; 65
    179c:	0e 94 17 02 	call	0x42e	; 0x42e <__mulsf3>
    17a0:	dc 01       	movw	r26, r24
    17a2:	cb 01       	movw	r24, r22
    17a4:	bc 01       	movw	r22, r24
    17a6:	cd 01       	movw	r24, r26
    17a8:	0e 94 41 00 	call	0x82	; 0x82 <__fixunssfsi>
    17ac:	dc 01       	movw	r26, r24
    17ae:	cb 01       	movw	r24, r22
    17b0:	9e 83       	std	Y+6, r25	; 0x06
    17b2:	8d 83       	std	Y+5, r24	; 0x05
    17b4:	0f c0       	rjmp	.+30     	; 0x17d4 <KPD_getpressed+0xf6>
    17b6:	89 e1       	ldi	r24, 0x19	; 25
    17b8:	90 e0       	ldi	r25, 0x00	; 0
    17ba:	9c 83       	std	Y+4, r25	; 0x04
    17bc:	8b 83       	std	Y+3, r24	; 0x03
    milliseconds can be achieved.
 */
void
_delay_loop_2(uint16_t __count)
{
	__asm__ volatile (
    17be:	8b 81       	ldd	r24, Y+3	; 0x03
    17c0:	9c 81       	ldd	r25, Y+4	; 0x04
    17c2:	01 97       	sbiw	r24, 0x01	; 1
    17c4:	f1 f7       	brne	.-4      	; 0x17c2 <KPD_getpressed+0xe4>
    17c6:	9c 83       	std	Y+4, r25	; 0x04
    17c8:	8b 83       	std	Y+3, r24	; 0x03
		while(__ticks)
		{
			// wait 1/10 ms
			_delay_loop_2(((F_CPU) / 4e3) / 10);
			__ticks --;
    17ca:	8d 81       	ldd	r24, Y+5	; 0x05
    17cc:	9e 81       	ldd	r25, Y+6	; 0x06
    17ce:	01 97       	sbiw	r24, 0x01	; 1
    17d0:	9e 83       	std	Y+6, r25	; 0x06
    17d2:	8d 83       	std	Y+5, r24	; 0x05
		__ticks = 1;
	else if (__tmp > 65535)
	{
		//	__ticks = requested delay in 1/10 ms
		__ticks = (uint16_t) (__ms * 10.0);
		while(__ticks)
    17d4:	8d 81       	ldd	r24, Y+5	; 0x05
    17d6:	9e 81       	ldd	r25, Y+6	; 0x06
    17d8:	00 97       	sbiw	r24, 0x00	; 0
    17da:	69 f7       	brne	.-38     	; 0x17b6 <KPD_getpressed+0xd8>
    17dc:	14 c0       	rjmp	.+40     	; 0x1806 <KPD_getpressed+0x128>
			__ticks --;
		}
		return;
	}
	else
		__ticks = (uint16_t)__tmp;
    17de:	6f 81       	ldd	r22, Y+7	; 0x07
    17e0:	78 85       	ldd	r23, Y+8	; 0x08
    17e2:	89 85       	ldd	r24, Y+9	; 0x09
    17e4:	9a 85       	ldd	r25, Y+10	; 0x0a
    17e6:	0e 94 41 00 	call	0x82	; 0x82 <__fixunssfsi>
    17ea:	dc 01       	movw	r26, r24
    17ec:	cb 01       	movw	r24, r22
    17ee:	9e 83       	std	Y+6, r25	; 0x06
    17f0:	8d 83       	std	Y+5, r24	; 0x05
    17f2:	8d 81       	ldd	r24, Y+5	; 0x05
    17f4:	9e 81       	ldd	r25, Y+6	; 0x06
    17f6:	9a 83       	std	Y+2, r25	; 0x02
    17f8:	89 83       	std	Y+1, r24	; 0x01
    17fa:	89 81       	ldd	r24, Y+1	; 0x01
    17fc:	9a 81       	ldd	r25, Y+2	; 0x02
    17fe:	01 97       	sbiw	r24, 0x01	; 1
    1800:	f1 f7       	brne	.-4      	; 0x17fe <KPD_getpressed+0x120>
    1802:	9a 83       	std	Y+2, r25	; 0x02
    1804:	89 83       	std	Y+1, r24	; 0x01
			{
				_delay_ms(50);

				DIO_getpinvalue(KPD_PORT,LOC_ROW,&LOC_getpressed);
    1806:	9e 01       	movw	r18, r28
    1808:	2e 5e       	subi	r18, 0xEE	; 238
    180a:	3f 4f       	sbci	r19, 0xFF	; 255
    180c:	82 e0       	ldi	r24, 0x02	; 2
    180e:	6f 85       	ldd	r22, Y+15	; 0x0f
    1810:	a9 01       	movw	r20, r18
    1812:	0e 94 b8 07 	call	0xf70	; 0xf70 <DIO_getpinvalue>
				if(LOC_getpressed==0)
    1816:	8a 89       	ldd	r24, Y+18	; 0x12
    1818:	88 23       	and	r24, r24
    181a:	f1 f4       	brne	.+60     	; 0x1858 <KPD_getpressed+0x17a>
				{
					LOC_datareturn=KPD_button[LOC_ROW-KPD_INIT_ROW][LOC_COL-KPD_INIT_COL];
    181c:	8f 85       	ldd	r24, Y+15	; 0x0f
    181e:	48 2f       	mov	r20, r24
    1820:	50 e0       	ldi	r21, 0x00	; 0
    1822:	88 89       	ldd	r24, Y+16	; 0x10
    1824:	88 2f       	mov	r24, r24
    1826:	90 e0       	ldi	r25, 0x00	; 0
    1828:	9c 01       	movw	r18, r24
    182a:	24 50       	subi	r18, 0x04	; 4
    182c:	30 40       	sbci	r19, 0x00	; 0
    182e:	ca 01       	movw	r24, r20
    1830:	88 0f       	add	r24, r24
    1832:	99 1f       	adc	r25, r25
    1834:	88 0f       	add	r24, r24
    1836:	99 1f       	adc	r25, r25
    1838:	82 0f       	add	r24, r18
    183a:	93 1f       	adc	r25, r19
    183c:	fc 01       	movw	r30, r24
    183e:	e8 59       	subi	r30, 0x98	; 152
    1840:	ff 4f       	sbci	r31, 0xFF	; 255
    1842:	80 81       	ld	r24, Z
    1844:	89 8b       	std	Y+17, r24	; 0x11
    1846:	08 c0       	rjmp	.+16     	; 0x1858 <KPD_getpressed+0x17a>
				}

				while(LOC_getpressed==0)
				{
					DIO_getpinvalue(KPD_PORT,LOC_ROW,&LOC_getpressed);
    1848:	9e 01       	movw	r18, r28
    184a:	2e 5e       	subi	r18, 0xEE	; 238
    184c:	3f 4f       	sbci	r19, 0xFF	; 255
    184e:	82 e0       	ldi	r24, 0x02	; 2
    1850:	6f 85       	ldd	r22, Y+15	; 0x0f
    1852:	a9 01       	movw	r20, r18
    1854:	0e 94 b8 07 	call	0xf70	; 0xf70 <DIO_getpinvalue>
				if(LOC_getpressed==0)
				{
					LOC_datareturn=KPD_button[LOC_ROW-KPD_INIT_ROW][LOC_COL-KPD_INIT_COL];
				}

				while(LOC_getpressed==0)
    1858:	8a 89       	ldd	r24, Y+18	; 0x12
    185a:	88 23       	and	r24, r24
    185c:	a9 f3       	breq	.-22     	; 0x1848 <KPD_getpressed+0x16a>
    185e:	07 c0       	rjmp	.+14     	; 0x186e <KPD_getpressed+0x190>
	for(LOC_COL=0+KPD_INIT_COL;LOC_COL<KPD_END_COL+1;LOC_COL++)
	{
		DIO_setpinvalue(KPD_PORT,LOC_COL,PIN_LOW);


		for(LOC_ROW=0+KPD_INIT_ROW;LOC_ROW<KPD_END_ROW+1;LOC_ROW++)
    1860:	8f 85       	ldd	r24, Y+15	; 0x0f
    1862:	8f 5f       	subi	r24, 0xFF	; 255
    1864:	8f 87       	std	Y+15, r24	; 0x0f
    1866:	8f 85       	ldd	r24, Y+15	; 0x0f
    1868:	84 30       	cpi	r24, 0x04	; 4
    186a:	08 f4       	brcc	.+2      	; 0x186e <KPD_getpressed+0x190>
    186c:	4e cf       	rjmp	.-356    	; 0x170a <KPD_getpressed+0x2c>
				break;

			}

		}
		DIO_setpinvalue(KPD_PORT,LOC_COL,PIN_HIGH);
    186e:	82 e0       	ldi	r24, 0x02	; 2
    1870:	68 89       	ldd	r22, Y+16	; 0x10
    1872:	41 e0       	ldi	r20, 0x01	; 1
    1874:	0e 94 aa 06 	call	0xd54	; 0xd54 <DIO_setpinvalue>
	u8 LOC_datareturn=KPD_NOT_PRESSED;
	u8 LOC_getpressed;
	u8 LOC_COL;
	u8 LOC_ROW;

	for(LOC_COL=0+KPD_INIT_COL;LOC_COL<KPD_END_COL+1;LOC_COL++)
    1878:	88 89       	ldd	r24, Y+16	; 0x10
    187a:	8f 5f       	subi	r24, 0xFF	; 255
    187c:	88 8b       	std	Y+16, r24	; 0x10
    187e:	88 89       	ldd	r24, Y+16	; 0x10
    1880:	88 30       	cpi	r24, 0x08	; 8
    1882:	08 f4       	brcc	.+2      	; 0x1886 <KPD_getpressed+0x1a8>
    1884:	3b cf       	rjmp	.-394    	; 0x16fc <KPD_getpressed+0x1e>
		DIO_setpinvalue(KPD_PORT,LOC_COL,PIN_HIGH);

	}


	return LOC_datareturn;
    1886:	89 89       	ldd	r24, Y+17	; 0x11


}
    1888:	62 96       	adiw	r28, 0x12	; 18
    188a:	0f b6       	in	r0, 0x3f	; 63
    188c:	f8 94       	cli
    188e:	de bf       	out	0x3e, r29	; 62
    1890:	0f be       	out	0x3f, r0	; 63
    1892:	cd bf       	out	0x3d, r28	; 61
    1894:	cf 91       	pop	r28
    1896:	df 91       	pop	r29
    1898:	08 95       	ret

0000189a <LCD_init>:
#include "LCD_interface.h"
#include "DIO_interface.h"
#include "LCD_private.h"
#include "LCD_config.h"

void LCD_init(){
    189a:	df 93       	push	r29
    189c:	cf 93       	push	r28
    189e:	cd b7       	in	r28, 0x3d	; 61
    18a0:	de b7       	in	r29, 0x3e	; 62
    18a2:	e8 97       	sbiw	r28, 0x38	; 56
    18a4:	0f b6       	in	r0, 0x3f	; 63
    18a6:	f8 94       	cli
    18a8:	de bf       	out	0x3e, r29	; 62
    18aa:	0f be       	out	0x3f, r0	; 63
    18ac:	cd bf       	out	0x3d, r28	; 61
    18ae:	80 e0       	ldi	r24, 0x00	; 0
    18b0:	90 e0       	ldi	r25, 0x00	; 0
    18b2:	a0 e2       	ldi	r26, 0x20	; 32
    18b4:	b2 e4       	ldi	r27, 0x42	; 66
    18b6:	8d ab       	std	Y+53, r24	; 0x35
    18b8:	9e ab       	std	Y+54, r25	; 0x36
    18ba:	af ab       	std	Y+55, r26	; 0x37
    18bc:	b8 af       	std	Y+56, r27	; 0x38
 */
void
_delay_ms(double __ms)
{
	uint16_t __ticks;
	double __tmp = ((F_CPU) / 4e3) * __ms;
    18be:	6d a9       	ldd	r22, Y+53	; 0x35
    18c0:	7e a9       	ldd	r23, Y+54	; 0x36
    18c2:	8f a9       	ldd	r24, Y+55	; 0x37
    18c4:	98 ad       	ldd	r25, Y+56	; 0x38
    18c6:	20 e0       	ldi	r18, 0x00	; 0
    18c8:	30 e0       	ldi	r19, 0x00	; 0
    18ca:	4a e7       	ldi	r20, 0x7A	; 122
    18cc:	53 e4       	ldi	r21, 0x43	; 67
    18ce:	0e 94 17 02 	call	0x42e	; 0x42e <__mulsf3>
    18d2:	dc 01       	movw	r26, r24
    18d4:	cb 01       	movw	r24, r22
    18d6:	89 ab       	std	Y+49, r24	; 0x31
    18d8:	9a ab       	std	Y+50, r25	; 0x32
    18da:	ab ab       	std	Y+51, r26	; 0x33
    18dc:	bc ab       	std	Y+52, r27	; 0x34
	if (__tmp < 1.0)
    18de:	69 a9       	ldd	r22, Y+49	; 0x31
    18e0:	7a a9       	ldd	r23, Y+50	; 0x32
    18e2:	8b a9       	ldd	r24, Y+51	; 0x33
    18e4:	9c a9       	ldd	r25, Y+52	; 0x34
    18e6:	20 e0       	ldi	r18, 0x00	; 0
    18e8:	30 e0       	ldi	r19, 0x00	; 0
    18ea:	40 e8       	ldi	r20, 0x80	; 128
    18ec:	5f e3       	ldi	r21, 0x3F	; 63
    18ee:	0e 94 71 03 	call	0x6e2	; 0x6e2 <__ltsf2>
    18f2:	88 23       	and	r24, r24
    18f4:	2c f4       	brge	.+10     	; 0x1900 <LCD_init+0x66>
		__ticks = 1;
    18f6:	81 e0       	ldi	r24, 0x01	; 1
    18f8:	90 e0       	ldi	r25, 0x00	; 0
    18fa:	98 ab       	std	Y+48, r25	; 0x30
    18fc:	8f a7       	std	Y+47, r24	; 0x2f
    18fe:	3f c0       	rjmp	.+126    	; 0x197e <LCD_init+0xe4>
	else if (__tmp > 65535)
    1900:	69 a9       	ldd	r22, Y+49	; 0x31
    1902:	7a a9       	ldd	r23, Y+50	; 0x32
    1904:	8b a9       	ldd	r24, Y+51	; 0x33
    1906:	9c a9       	ldd	r25, Y+52	; 0x34
    1908:	20 e0       	ldi	r18, 0x00	; 0
    190a:	3f ef       	ldi	r19, 0xFF	; 255
    190c:	4f e7       	ldi	r20, 0x7F	; 127
    190e:	57 e4       	ldi	r21, 0x47	; 71
    1910:	0e 94 11 03 	call	0x622	; 0x622 <__gtsf2>
    1914:	18 16       	cp	r1, r24
    1916:	4c f5       	brge	.+82     	; 0x196a <LCD_init+0xd0>
	{
		//	__ticks = requested delay in 1/10 ms
		__ticks = (uint16_t) (__ms * 10.0);
    1918:	6d a9       	ldd	r22, Y+53	; 0x35
    191a:	7e a9       	ldd	r23, Y+54	; 0x36
    191c:	8f a9       	ldd	r24, Y+55	; 0x37
    191e:	98 ad       	ldd	r25, Y+56	; 0x38
    1920:	20 e0       	ldi	r18, 0x00	; 0
    1922:	30 e0       	ldi	r19, 0x00	; 0
    1924:	40 e2       	ldi	r20, 0x20	; 32
    1926:	51 e4       	ldi	r21, 0x41	; 65
    1928:	0e 94 17 02 	call	0x42e	; 0x42e <__mulsf3>
    192c:	dc 01       	movw	r26, r24
    192e:	cb 01       	movw	r24, r22
    1930:	bc 01       	movw	r22, r24
    1932:	cd 01       	movw	r24, r26
    1934:	0e 94 41 00 	call	0x82	; 0x82 <__fixunssfsi>
    1938:	dc 01       	movw	r26, r24
    193a:	cb 01       	movw	r24, r22
    193c:	98 ab       	std	Y+48, r25	; 0x30
    193e:	8f a7       	std	Y+47, r24	; 0x2f
    1940:	0f c0       	rjmp	.+30     	; 0x1960 <LCD_init+0xc6>
    1942:	89 e1       	ldi	r24, 0x19	; 25
    1944:	90 e0       	ldi	r25, 0x00	; 0
    1946:	9e a7       	std	Y+46, r25	; 0x2e
    1948:	8d a7       	std	Y+45, r24	; 0x2d
    194a:	8d a5       	ldd	r24, Y+45	; 0x2d
    194c:	9e a5       	ldd	r25, Y+46	; 0x2e
    194e:	01 97       	sbiw	r24, 0x01	; 1
    1950:	f1 f7       	brne	.-4      	; 0x194e <LCD_init+0xb4>
    1952:	9e a7       	std	Y+46, r25	; 0x2e
    1954:	8d a7       	std	Y+45, r24	; 0x2d
		while(__ticks)
		{
			// wait 1/10 ms
			_delay_loop_2(((F_CPU) / 4e3) / 10);
			__ticks --;
    1956:	8f a5       	ldd	r24, Y+47	; 0x2f
    1958:	98 a9       	ldd	r25, Y+48	; 0x30
    195a:	01 97       	sbiw	r24, 0x01	; 1
    195c:	98 ab       	std	Y+48, r25	; 0x30
    195e:	8f a7       	std	Y+47, r24	; 0x2f
		__ticks = 1;
	else if (__tmp > 65535)
	{
		//	__ticks = requested delay in 1/10 ms
		__ticks = (uint16_t) (__ms * 10.0);
		while(__ticks)
    1960:	8f a5       	ldd	r24, Y+47	; 0x2f
    1962:	98 a9       	ldd	r25, Y+48	; 0x30
    1964:	00 97       	sbiw	r24, 0x00	; 0
    1966:	69 f7       	brne	.-38     	; 0x1942 <LCD_init+0xa8>
    1968:	14 c0       	rjmp	.+40     	; 0x1992 <LCD_init+0xf8>
			__ticks --;
		}
		return;
	}
	else
		__ticks = (uint16_t)__tmp;
    196a:	69 a9       	ldd	r22, Y+49	; 0x31
    196c:	7a a9       	ldd	r23, Y+50	; 0x32
    196e:	8b a9       	ldd	r24, Y+51	; 0x33
    1970:	9c a9       	ldd	r25, Y+52	; 0x34
    1972:	0e 94 41 00 	call	0x82	; 0x82 <__fixunssfsi>
    1976:	dc 01       	movw	r26, r24
    1978:	cb 01       	movw	r24, r22
    197a:	98 ab       	std	Y+48, r25	; 0x30
    197c:	8f a7       	std	Y+47, r24	; 0x2f
    197e:	8f a5       	ldd	r24, Y+47	; 0x2f
    1980:	98 a9       	ldd	r25, Y+48	; 0x30
    1982:	9c a7       	std	Y+44, r25	; 0x2c
    1984:	8b a7       	std	Y+43, r24	; 0x2b
    1986:	8b a5       	ldd	r24, Y+43	; 0x2b
    1988:	9c a5       	ldd	r25, Y+44	; 0x2c
    198a:	01 97       	sbiw	r24, 0x01	; 1
    198c:	f1 f7       	brne	.-4      	; 0x198a <LCD_init+0xf0>
    198e:	9c a7       	std	Y+44, r25	; 0x2c
    1990:	8b a7       	std	Y+43, r24	; 0x2b
	_delay_ms(40);
	#if LCD_MODE == 8
	
		DIO_setportdirection(LCD_DATA_PORT,DIO_PORT_OUTPUT);
    1992:	80 e0       	ldi	r24, 0x00	; 0
    1994:	6f ef       	ldi	r22, 0xFF	; 255
    1996:	0e 94 09 09 	call	0x1212	; 0x1212 <DIO_setportdirection>
		DIO_setpindirection(LCD_COMMAND_PORT,LCD_RW,DIO_pin_output);
    199a:	81 e0       	ldi	r24, 0x01	; 1
    199c:	61 e0       	ldi	r22, 0x01	; 1
    199e:	41 e0       	ldi	r20, 0x01	; 1
    19a0:	0e 94 9b 05 	call	0xb36	; 0xb36 <DIO_setpindirection>
		DIO_setpindirection(LCD_COMMAND_PORT,LCD_EN,DIO_pin_output);
    19a4:	81 e0       	ldi	r24, 0x01	; 1
    19a6:	62 e0       	ldi	r22, 0x02	; 2
    19a8:	41 e0       	ldi	r20, 0x01	; 1
    19aa:	0e 94 9b 05 	call	0xb36	; 0xb36 <DIO_setpindirection>
		DIO_setpindirection(LCD_COMMAND_PORT,LCD_RS,DIO_pin_output);
    19ae:	81 e0       	ldi	r24, 0x01	; 1
    19b0:	60 e0       	ldi	r22, 0x00	; 0
    19b2:	41 e0       	ldi	r20, 0x01	; 1
    19b4:	0e 94 9b 05 	call	0xb36	; 0xb36 <DIO_setpindirection>
		
		LCD_sendcommand(0x38);
    19b8:	88 e3       	ldi	r24, 0x38	; 56
    19ba:	0e 94 47 0e 	call	0x1c8e	; 0x1c8e <LCD_sendcommand>
    19be:	80 e0       	ldi	r24, 0x00	; 0
    19c0:	90 e0       	ldi	r25, 0x00	; 0
    19c2:	a0 e8       	ldi	r26, 0x80	; 128
    19c4:	bf e3       	ldi	r27, 0x3F	; 63
    19c6:	8f a3       	std	Y+39, r24	; 0x27
    19c8:	98 a7       	std	Y+40, r25	; 0x28
    19ca:	a9 a7       	std	Y+41, r26	; 0x29
    19cc:	ba a7       	std	Y+42, r27	; 0x2a
 */
void
_delay_ms(double __ms)
{
	uint16_t __ticks;
	double __tmp = ((F_CPU) / 4e3) * __ms;
    19ce:	6f a1       	ldd	r22, Y+39	; 0x27
    19d0:	78 a5       	ldd	r23, Y+40	; 0x28
    19d2:	89 a5       	ldd	r24, Y+41	; 0x29
    19d4:	9a a5       	ldd	r25, Y+42	; 0x2a
    19d6:	20 e0       	ldi	r18, 0x00	; 0
    19d8:	30 e0       	ldi	r19, 0x00	; 0
    19da:	4a e7       	ldi	r20, 0x7A	; 122
    19dc:	53 e4       	ldi	r21, 0x43	; 67
    19de:	0e 94 17 02 	call	0x42e	; 0x42e <__mulsf3>
    19e2:	dc 01       	movw	r26, r24
    19e4:	cb 01       	movw	r24, r22
    19e6:	8b a3       	std	Y+35, r24	; 0x23
    19e8:	9c a3       	std	Y+36, r25	; 0x24
    19ea:	ad a3       	std	Y+37, r26	; 0x25
    19ec:	be a3       	std	Y+38, r27	; 0x26
	if (__tmp < 1.0)
    19ee:	6b a1       	ldd	r22, Y+35	; 0x23
    19f0:	7c a1       	ldd	r23, Y+36	; 0x24
    19f2:	8d a1       	ldd	r24, Y+37	; 0x25
    19f4:	9e a1       	ldd	r25, Y+38	; 0x26
    19f6:	20 e0       	ldi	r18, 0x00	; 0
    19f8:	30 e0       	ldi	r19, 0x00	; 0
    19fa:	40 e8       	ldi	r20, 0x80	; 128
    19fc:	5f e3       	ldi	r21, 0x3F	; 63
    19fe:	0e 94 71 03 	call	0x6e2	; 0x6e2 <__ltsf2>
    1a02:	88 23       	and	r24, r24
    1a04:	2c f4       	brge	.+10     	; 0x1a10 <LCD_init+0x176>
		__ticks = 1;
    1a06:	81 e0       	ldi	r24, 0x01	; 1
    1a08:	90 e0       	ldi	r25, 0x00	; 0
    1a0a:	9a a3       	std	Y+34, r25	; 0x22
    1a0c:	89 a3       	std	Y+33, r24	; 0x21
    1a0e:	3f c0       	rjmp	.+126    	; 0x1a8e <LCD_init+0x1f4>
	else if (__tmp > 65535)
    1a10:	6b a1       	ldd	r22, Y+35	; 0x23
    1a12:	7c a1       	ldd	r23, Y+36	; 0x24
    1a14:	8d a1       	ldd	r24, Y+37	; 0x25
    1a16:	9e a1       	ldd	r25, Y+38	; 0x26
    1a18:	20 e0       	ldi	r18, 0x00	; 0
    1a1a:	3f ef       	ldi	r19, 0xFF	; 255
    1a1c:	4f e7       	ldi	r20, 0x7F	; 127
    1a1e:	57 e4       	ldi	r21, 0x47	; 71
    1a20:	0e 94 11 03 	call	0x622	; 0x622 <__gtsf2>
    1a24:	18 16       	cp	r1, r24
    1a26:	4c f5       	brge	.+82     	; 0x1a7a <LCD_init+0x1e0>
	{
		//	__ticks = requested delay in 1/10 ms
		__ticks = (uint16_t) (__ms * 10.0);
    1a28:	6f a1       	ldd	r22, Y+39	; 0x27
    1a2a:	78 a5       	ldd	r23, Y+40	; 0x28
    1a2c:	89 a5       	ldd	r24, Y+41	; 0x29
    1a2e:	9a a5       	ldd	r25, Y+42	; 0x2a
    1a30:	20 e0       	ldi	r18, 0x00	; 0
    1a32:	30 e0       	ldi	r19, 0x00	; 0
    1a34:	40 e2       	ldi	r20, 0x20	; 32
    1a36:	51 e4       	ldi	r21, 0x41	; 65
    1a38:	0e 94 17 02 	call	0x42e	; 0x42e <__mulsf3>
    1a3c:	dc 01       	movw	r26, r24
    1a3e:	cb 01       	movw	r24, r22
    1a40:	bc 01       	movw	r22, r24
    1a42:	cd 01       	movw	r24, r26
    1a44:	0e 94 41 00 	call	0x82	; 0x82 <__fixunssfsi>
    1a48:	dc 01       	movw	r26, r24
    1a4a:	cb 01       	movw	r24, r22
    1a4c:	9a a3       	std	Y+34, r25	; 0x22
    1a4e:	89 a3       	std	Y+33, r24	; 0x21
    1a50:	0f c0       	rjmp	.+30     	; 0x1a70 <LCD_init+0x1d6>
    1a52:	89 e1       	ldi	r24, 0x19	; 25
    1a54:	90 e0       	ldi	r25, 0x00	; 0
    1a56:	98 a3       	std	Y+32, r25	; 0x20
    1a58:	8f 8f       	std	Y+31, r24	; 0x1f
    1a5a:	8f 8d       	ldd	r24, Y+31	; 0x1f
    1a5c:	98 a1       	ldd	r25, Y+32	; 0x20
    1a5e:	01 97       	sbiw	r24, 0x01	; 1
    1a60:	f1 f7       	brne	.-4      	; 0x1a5e <LCD_init+0x1c4>
    1a62:	98 a3       	std	Y+32, r25	; 0x20
    1a64:	8f 8f       	std	Y+31, r24	; 0x1f
		while(__ticks)
		{
			// wait 1/10 ms
			_delay_loop_2(((F_CPU) / 4e3) / 10);
			__ticks --;
    1a66:	89 a1       	ldd	r24, Y+33	; 0x21
    1a68:	9a a1       	ldd	r25, Y+34	; 0x22
    1a6a:	01 97       	sbiw	r24, 0x01	; 1
    1a6c:	9a a3       	std	Y+34, r25	; 0x22
    1a6e:	89 a3       	std	Y+33, r24	; 0x21
		__ticks = 1;
	else if (__tmp > 65535)
	{
		//	__ticks = requested delay in 1/10 ms
		__ticks = (uint16_t) (__ms * 10.0);
		while(__ticks)
    1a70:	89 a1       	ldd	r24, Y+33	; 0x21
    1a72:	9a a1       	ldd	r25, Y+34	; 0x22
    1a74:	00 97       	sbiw	r24, 0x00	; 0
    1a76:	69 f7       	brne	.-38     	; 0x1a52 <LCD_init+0x1b8>
    1a78:	14 c0       	rjmp	.+40     	; 0x1aa2 <LCD_init+0x208>
			__ticks --;
		}
		return;
	}
	else
		__ticks = (uint16_t)__tmp;
    1a7a:	6b a1       	ldd	r22, Y+35	; 0x23
    1a7c:	7c a1       	ldd	r23, Y+36	; 0x24
    1a7e:	8d a1       	ldd	r24, Y+37	; 0x25
    1a80:	9e a1       	ldd	r25, Y+38	; 0x26
    1a82:	0e 94 41 00 	call	0x82	; 0x82 <__fixunssfsi>
    1a86:	dc 01       	movw	r26, r24
    1a88:	cb 01       	movw	r24, r22
    1a8a:	9a a3       	std	Y+34, r25	; 0x22
    1a8c:	89 a3       	std	Y+33, r24	; 0x21
    1a8e:	89 a1       	ldd	r24, Y+33	; 0x21
    1a90:	9a a1       	ldd	r25, Y+34	; 0x22
    1a92:	9e 8f       	std	Y+30, r25	; 0x1e
    1a94:	8d 8f       	std	Y+29, r24	; 0x1d
    1a96:	8d 8d       	ldd	r24, Y+29	; 0x1d
    1a98:	9e 8d       	ldd	r25, Y+30	; 0x1e
    1a9a:	01 97       	sbiw	r24, 0x01	; 1
    1a9c:	f1 f7       	brne	.-4      	; 0x1a9a <LCD_init+0x200>
    1a9e:	9e 8f       	std	Y+30, r25	; 0x1e
    1aa0:	8d 8f       	std	Y+29, r24	; 0x1d
		_delay_ms(1);
		
		LCD_sendcommand(LCD_displayon_cursoroff);
    1aa2:	8c e0       	ldi	r24, 0x0C	; 12
    1aa4:	0e 94 47 0e 	call	0x1c8e	; 0x1c8e <LCD_sendcommand>
    1aa8:	80 e0       	ldi	r24, 0x00	; 0
    1aaa:	90 e0       	ldi	r25, 0x00	; 0
    1aac:	a0 e8       	ldi	r26, 0x80	; 128
    1aae:	bf e3       	ldi	r27, 0x3F	; 63
    1ab0:	89 8f       	std	Y+25, r24	; 0x19
    1ab2:	9a 8f       	std	Y+26, r25	; 0x1a
    1ab4:	ab 8f       	std	Y+27, r26	; 0x1b
    1ab6:	bc 8f       	std	Y+28, r27	; 0x1c
 */
void
_delay_ms(double __ms)
{
	uint16_t __ticks;
	double __tmp = ((F_CPU) / 4e3) * __ms;
    1ab8:	69 8d       	ldd	r22, Y+25	; 0x19
    1aba:	7a 8d       	ldd	r23, Y+26	; 0x1a
    1abc:	8b 8d       	ldd	r24, Y+27	; 0x1b
    1abe:	9c 8d       	ldd	r25, Y+28	; 0x1c
    1ac0:	20 e0       	ldi	r18, 0x00	; 0
    1ac2:	30 e0       	ldi	r19, 0x00	; 0
    1ac4:	4a e7       	ldi	r20, 0x7A	; 122
    1ac6:	53 e4       	ldi	r21, 0x43	; 67
    1ac8:	0e 94 17 02 	call	0x42e	; 0x42e <__mulsf3>
    1acc:	dc 01       	movw	r26, r24
    1ace:	cb 01       	movw	r24, r22
    1ad0:	8d 8b       	std	Y+21, r24	; 0x15
    1ad2:	9e 8b       	std	Y+22, r25	; 0x16
    1ad4:	af 8b       	std	Y+23, r26	; 0x17
    1ad6:	b8 8f       	std	Y+24, r27	; 0x18
	if (__tmp < 1.0)
    1ad8:	6d 89       	ldd	r22, Y+21	; 0x15
    1ada:	7e 89       	ldd	r23, Y+22	; 0x16
    1adc:	8f 89       	ldd	r24, Y+23	; 0x17
    1ade:	98 8d       	ldd	r25, Y+24	; 0x18
    1ae0:	20 e0       	ldi	r18, 0x00	; 0
    1ae2:	30 e0       	ldi	r19, 0x00	; 0
    1ae4:	40 e8       	ldi	r20, 0x80	; 128
    1ae6:	5f e3       	ldi	r21, 0x3F	; 63
    1ae8:	0e 94 71 03 	call	0x6e2	; 0x6e2 <__ltsf2>
    1aec:	88 23       	and	r24, r24
    1aee:	2c f4       	brge	.+10     	; 0x1afa <LCD_init+0x260>
		__ticks = 1;
    1af0:	81 e0       	ldi	r24, 0x01	; 1
    1af2:	90 e0       	ldi	r25, 0x00	; 0
    1af4:	9c 8b       	std	Y+20, r25	; 0x14
    1af6:	8b 8b       	std	Y+19, r24	; 0x13
    1af8:	3f c0       	rjmp	.+126    	; 0x1b78 <LCD_init+0x2de>
	else if (__tmp > 65535)
    1afa:	6d 89       	ldd	r22, Y+21	; 0x15
    1afc:	7e 89       	ldd	r23, Y+22	; 0x16
    1afe:	8f 89       	ldd	r24, Y+23	; 0x17
    1b00:	98 8d       	ldd	r25, Y+24	; 0x18
    1b02:	20 e0       	ldi	r18, 0x00	; 0
    1b04:	3f ef       	ldi	r19, 0xFF	; 255
    1b06:	4f e7       	ldi	r20, 0x7F	; 127
    1b08:	57 e4       	ldi	r21, 0x47	; 71
    1b0a:	0e 94 11 03 	call	0x622	; 0x622 <__gtsf2>
    1b0e:	18 16       	cp	r1, r24
    1b10:	4c f5       	brge	.+82     	; 0x1b64 <LCD_init+0x2ca>
	{
		//	__ticks = requested delay in 1/10 ms
		__ticks = (uint16_t) (__ms * 10.0);
    1b12:	69 8d       	ldd	r22, Y+25	; 0x19
    1b14:	7a 8d       	ldd	r23, Y+26	; 0x1a
    1b16:	8b 8d       	ldd	r24, Y+27	; 0x1b
    1b18:	9c 8d       	ldd	r25, Y+28	; 0x1c
    1b1a:	20 e0       	ldi	r18, 0x00	; 0
    1b1c:	30 e0       	ldi	r19, 0x00	; 0
    1b1e:	40 e2       	ldi	r20, 0x20	; 32
    1b20:	51 e4       	ldi	r21, 0x41	; 65
    1b22:	0e 94 17 02 	call	0x42e	; 0x42e <__mulsf3>
    1b26:	dc 01       	movw	r26, r24
    1b28:	cb 01       	movw	r24, r22
    1b2a:	bc 01       	movw	r22, r24
    1b2c:	cd 01       	movw	r24, r26
    1b2e:	0e 94 41 00 	call	0x82	; 0x82 <__fixunssfsi>
    1b32:	dc 01       	movw	r26, r24
    1b34:	cb 01       	movw	r24, r22
    1b36:	9c 8b       	std	Y+20, r25	; 0x14
    1b38:	8b 8b       	std	Y+19, r24	; 0x13
    1b3a:	0f c0       	rjmp	.+30     	; 0x1b5a <LCD_init+0x2c0>
    1b3c:	89 e1       	ldi	r24, 0x19	; 25
    1b3e:	90 e0       	ldi	r25, 0x00	; 0
    1b40:	9a 8b       	std	Y+18, r25	; 0x12
    1b42:	89 8b       	std	Y+17, r24	; 0x11
    1b44:	89 89       	ldd	r24, Y+17	; 0x11
    1b46:	9a 89       	ldd	r25, Y+18	; 0x12
    1b48:	01 97       	sbiw	r24, 0x01	; 1
    1b4a:	f1 f7       	brne	.-4      	; 0x1b48 <LCD_init+0x2ae>
    1b4c:	9a 8b       	std	Y+18, r25	; 0x12
    1b4e:	89 8b       	std	Y+17, r24	; 0x11
		while(__ticks)
		{
			// wait 1/10 ms
			_delay_loop_2(((F_CPU) / 4e3) / 10);
			__ticks --;
    1b50:	8b 89       	ldd	r24, Y+19	; 0x13
    1b52:	9c 89       	ldd	r25, Y+20	; 0x14
    1b54:	01 97       	sbiw	r24, 0x01	; 1
    1b56:	9c 8b       	std	Y+20, r25	; 0x14
    1b58:	8b 8b       	std	Y+19, r24	; 0x13
		__ticks = 1;
	else if (__tmp > 65535)
	{
		//	__ticks = requested delay in 1/10 ms
		__ticks = (uint16_t) (__ms * 10.0);
		while(__ticks)
    1b5a:	8b 89       	ldd	r24, Y+19	; 0x13
    1b5c:	9c 89       	ldd	r25, Y+20	; 0x14
    1b5e:	00 97       	sbiw	r24, 0x00	; 0
    1b60:	69 f7       	brne	.-38     	; 0x1b3c <LCD_init+0x2a2>
    1b62:	14 c0       	rjmp	.+40     	; 0x1b8c <LCD_init+0x2f2>
			__ticks --;
		}
		return;
	}
	else
		__ticks = (uint16_t)__tmp;
    1b64:	6d 89       	ldd	r22, Y+21	; 0x15
    1b66:	7e 89       	ldd	r23, Y+22	; 0x16
    1b68:	8f 89       	ldd	r24, Y+23	; 0x17
    1b6a:	98 8d       	ldd	r25, Y+24	; 0x18
    1b6c:	0e 94 41 00 	call	0x82	; 0x82 <__fixunssfsi>
    1b70:	dc 01       	movw	r26, r24
    1b72:	cb 01       	movw	r24, r22
    1b74:	9c 8b       	std	Y+20, r25	; 0x14
    1b76:	8b 8b       	std	Y+19, r24	; 0x13
    1b78:	8b 89       	ldd	r24, Y+19	; 0x13
    1b7a:	9c 89       	ldd	r25, Y+20	; 0x14
    1b7c:	98 8b       	std	Y+16, r25	; 0x10
    1b7e:	8f 87       	std	Y+15, r24	; 0x0f
    1b80:	8f 85       	ldd	r24, Y+15	; 0x0f
    1b82:	98 89       	ldd	r25, Y+16	; 0x10
    1b84:	01 97       	sbiw	r24, 0x01	; 1
    1b86:	f1 f7       	brne	.-4      	; 0x1b84 <LCD_init+0x2ea>
    1b88:	98 8b       	std	Y+16, r25	; 0x10
    1b8a:	8f 87       	std	Y+15, r24	; 0x0f
		_delay_ms(1);
		LCD_sendcommand(LCD_displayclear);
    1b8c:	81 e0       	ldi	r24, 0x01	; 1
    1b8e:	0e 94 47 0e 	call	0x1c8e	; 0x1c8e <LCD_sendcommand>
    1b92:	80 e0       	ldi	r24, 0x00	; 0
    1b94:	90 e0       	ldi	r25, 0x00	; 0
    1b96:	a0 e0       	ldi	r26, 0x00	; 0
    1b98:	b0 e4       	ldi	r27, 0x40	; 64
    1b9a:	8b 87       	std	Y+11, r24	; 0x0b
    1b9c:	9c 87       	std	Y+12, r25	; 0x0c
    1b9e:	ad 87       	std	Y+13, r26	; 0x0d
    1ba0:	be 87       	std	Y+14, r27	; 0x0e
 */
void
_delay_ms(double __ms)
{
	uint16_t __ticks;
	double __tmp = ((F_CPU) / 4e3) * __ms;
    1ba2:	6b 85       	ldd	r22, Y+11	; 0x0b
    1ba4:	7c 85       	ldd	r23, Y+12	; 0x0c
    1ba6:	8d 85       	ldd	r24, Y+13	; 0x0d
    1ba8:	9e 85       	ldd	r25, Y+14	; 0x0e
    1baa:	20 e0       	ldi	r18, 0x00	; 0
    1bac:	30 e0       	ldi	r19, 0x00	; 0
    1bae:	4a e7       	ldi	r20, 0x7A	; 122
    1bb0:	53 e4       	ldi	r21, 0x43	; 67
    1bb2:	0e 94 17 02 	call	0x42e	; 0x42e <__mulsf3>
    1bb6:	dc 01       	movw	r26, r24
    1bb8:	cb 01       	movw	r24, r22
    1bba:	8f 83       	std	Y+7, r24	; 0x07
    1bbc:	98 87       	std	Y+8, r25	; 0x08
    1bbe:	a9 87       	std	Y+9, r26	; 0x09
    1bc0:	ba 87       	std	Y+10, r27	; 0x0a
	if (__tmp < 1.0)
    1bc2:	6f 81       	ldd	r22, Y+7	; 0x07
    1bc4:	78 85       	ldd	r23, Y+8	; 0x08
    1bc6:	89 85       	ldd	r24, Y+9	; 0x09
    1bc8:	9a 85       	ldd	r25, Y+10	; 0x0a
    1bca:	20 e0       	ldi	r18, 0x00	; 0
    1bcc:	30 e0       	ldi	r19, 0x00	; 0
    1bce:	40 e8       	ldi	r20, 0x80	; 128
    1bd0:	5f e3       	ldi	r21, 0x3F	; 63
    1bd2:	0e 94 71 03 	call	0x6e2	; 0x6e2 <__ltsf2>
    1bd6:	88 23       	and	r24, r24
    1bd8:	2c f4       	brge	.+10     	; 0x1be4 <LCD_init+0x34a>
		__ticks = 1;
    1bda:	81 e0       	ldi	r24, 0x01	; 1
    1bdc:	90 e0       	ldi	r25, 0x00	; 0
    1bde:	9e 83       	std	Y+6, r25	; 0x06
    1be0:	8d 83       	std	Y+5, r24	; 0x05
    1be2:	3f c0       	rjmp	.+126    	; 0x1c62 <LCD_init+0x3c8>
	else if (__tmp > 65535)
    1be4:	6f 81       	ldd	r22, Y+7	; 0x07
    1be6:	78 85       	ldd	r23, Y+8	; 0x08
    1be8:	89 85       	ldd	r24, Y+9	; 0x09
    1bea:	9a 85       	ldd	r25, Y+10	; 0x0a
    1bec:	20 e0       	ldi	r18, 0x00	; 0
    1bee:	3f ef       	ldi	r19, 0xFF	; 255
    1bf0:	4f e7       	ldi	r20, 0x7F	; 127
    1bf2:	57 e4       	ldi	r21, 0x47	; 71
    1bf4:	0e 94 11 03 	call	0x622	; 0x622 <__gtsf2>
    1bf8:	18 16       	cp	r1, r24
    1bfa:	4c f5       	brge	.+82     	; 0x1c4e <LCD_init+0x3b4>
	{
		//	__ticks = requested delay in 1/10 ms
		__ticks = (uint16_t) (__ms * 10.0);
    1bfc:	6b 85       	ldd	r22, Y+11	; 0x0b
    1bfe:	7c 85       	ldd	r23, Y+12	; 0x0c
    1c00:	8d 85       	ldd	r24, Y+13	; 0x0d
    1c02:	9e 85       	ldd	r25, Y+14	; 0x0e
    1c04:	20 e0       	ldi	r18, 0x00	; 0
    1c06:	30 e0       	ldi	r19, 0x00	; 0
    1c08:	40 e2       	ldi	r20, 0x20	; 32
    1c0a:	51 e4       	ldi	r21, 0x41	; 65
    1c0c:	0e 94 17 02 	call	0x42e	; 0x42e <__mulsf3>
    1c10:	dc 01       	movw	r26, r24
    1c12:	cb 01       	movw	r24, r22
    1c14:	bc 01       	movw	r22, r24
    1c16:	cd 01       	movw	r24, r26
    1c18:	0e 94 41 00 	call	0x82	; 0x82 <__fixunssfsi>
    1c1c:	dc 01       	movw	r26, r24
    1c1e:	cb 01       	movw	r24, r22
    1c20:	9e 83       	std	Y+6, r25	; 0x06
    1c22:	8d 83       	std	Y+5, r24	; 0x05
    1c24:	0f c0       	rjmp	.+30     	; 0x1c44 <LCD_init+0x3aa>
    1c26:	89 e1       	ldi	r24, 0x19	; 25
    1c28:	90 e0       	ldi	r25, 0x00	; 0
    1c2a:	9c 83       	std	Y+4, r25	; 0x04
    1c2c:	8b 83       	std	Y+3, r24	; 0x03
    1c2e:	8b 81       	ldd	r24, Y+3	; 0x03
    1c30:	9c 81       	ldd	r25, Y+4	; 0x04
    1c32:	01 97       	sbiw	r24, 0x01	; 1
    1c34:	f1 f7       	brne	.-4      	; 0x1c32 <LCD_init+0x398>
    1c36:	9c 83       	std	Y+4, r25	; 0x04
    1c38:	8b 83       	std	Y+3, r24	; 0x03
		while(__ticks)
		{
			// wait 1/10 ms
			_delay_loop_2(((F_CPU) / 4e3) / 10);
			__ticks --;
    1c3a:	8d 81       	ldd	r24, Y+5	; 0x05
    1c3c:	9e 81       	ldd	r25, Y+6	; 0x06
    1c3e:	01 97       	sbiw	r24, 0x01	; 1
    1c40:	9e 83       	std	Y+6, r25	; 0x06
    1c42:	8d 83       	std	Y+5, r24	; 0x05
		__ticks = 1;
	else if (__tmp > 65535)
	{
		//	__ticks = requested delay in 1/10 ms
		__ticks = (uint16_t) (__ms * 10.0);
		while(__ticks)
    1c44:	8d 81       	ldd	r24, Y+5	; 0x05
    1c46:	9e 81       	ldd	r25, Y+6	; 0x06
    1c48:	00 97       	sbiw	r24, 0x00	; 0
    1c4a:	69 f7       	brne	.-38     	; 0x1c26 <LCD_init+0x38c>
    1c4c:	14 c0       	rjmp	.+40     	; 0x1c76 <LCD_init+0x3dc>
			__ticks --;
		}
		return;
	}
	else
		__ticks = (uint16_t)__tmp;
    1c4e:	6f 81       	ldd	r22, Y+7	; 0x07
    1c50:	78 85       	ldd	r23, Y+8	; 0x08
    1c52:	89 85       	ldd	r24, Y+9	; 0x09
    1c54:	9a 85       	ldd	r25, Y+10	; 0x0a
    1c56:	0e 94 41 00 	call	0x82	; 0x82 <__fixunssfsi>
    1c5a:	dc 01       	movw	r26, r24
    1c5c:	cb 01       	movw	r24, r22
    1c5e:	9e 83       	std	Y+6, r25	; 0x06
    1c60:	8d 83       	std	Y+5, r24	; 0x05
    1c62:	8d 81       	ldd	r24, Y+5	; 0x05
    1c64:	9e 81       	ldd	r25, Y+6	; 0x06
    1c66:	9a 83       	std	Y+2, r25	; 0x02
    1c68:	89 83       	std	Y+1, r24	; 0x01
    1c6a:	89 81       	ldd	r24, Y+1	; 0x01
    1c6c:	9a 81       	ldd	r25, Y+2	; 0x02
    1c6e:	01 97       	sbiw	r24, 0x01	; 1
    1c70:	f1 f7       	brne	.-4      	; 0x1c6e <LCD_init+0x3d4>
    1c72:	9a 83       	std	Y+2, r25	; 0x02
    1c74:	89 83       	std	Y+1, r24	; 0x01
		_delay_ms(2);
		LCD_sendcommand(LCD_entrymode);
    1c76:	86 e0       	ldi	r24, 0x06	; 6
    1c78:	0e 94 47 0e 	call	0x1c8e	; 0x1c8e <LCD_sendcommand>
		LCD_sendcommand(LCD_displayclear);
		_delay_ms(2);
		LCD_sendcommand(LCD_entrymode);
		
	#endif
}
    1c7c:	e8 96       	adiw	r28, 0x38	; 56
    1c7e:	0f b6       	in	r0, 0x3f	; 63
    1c80:	f8 94       	cli
    1c82:	de bf       	out	0x3e, r29	; 62
    1c84:	0f be       	out	0x3f, r0	; 63
    1c86:	cd bf       	out	0x3d, r28	; 61
    1c88:	cf 91       	pop	r28
    1c8a:	df 91       	pop	r29
    1c8c:	08 95       	ret

00001c8e <LCD_sendcommand>:




void LCD_sendcommand(u8 copy_num){
    1c8e:	df 93       	push	r29
    1c90:	cf 93       	push	r28
    1c92:	0f 92       	push	r0
    1c94:	cd b7       	in	r28, 0x3d	; 61
    1c96:	de b7       	in	r29, 0x3e	; 62
    1c98:	89 83       	std	Y+1, r24	; 0x01
	#if LCD_MODE == 8
		
		DIO_setpinvalue(LCD_COMMAND_PORT,LCD_RS,PIN_LOW);
    1c9a:	81 e0       	ldi	r24, 0x01	; 1
    1c9c:	60 e0       	ldi	r22, 0x00	; 0
    1c9e:	40 e0       	ldi	r20, 0x00	; 0
    1ca0:	0e 94 aa 06 	call	0xd54	; 0xd54 <DIO_setpinvalue>
		DIO_setpinvalue(LCD_COMMAND_PORT,LCD_RW,PIN_LOW);
    1ca4:	81 e0       	ldi	r24, 0x01	; 1
    1ca6:	61 e0       	ldi	r22, 0x01	; 1
    1ca8:	40 e0       	ldi	r20, 0x00	; 0
    1caa:	0e 94 aa 06 	call	0xd54	; 0xd54 <DIO_setpinvalue>
		DIO_setportvalue(LCD_DATA_PORT,copy_num);
    1cae:	80 e0       	ldi	r24, 0x00	; 0
    1cb0:	69 81       	ldd	r22, Y+1	; 0x01
    1cb2:	0e 94 54 09 	call	0x12a8	; 0x12a8 <DIO_setportvalue>
		LCD_sendfallingedge();
    1cb6:	0e 94 61 0e 	call	0x1cc2	; 0x1cc2 <LCD_sendfallingedge>
		LCD_sendfallingedge();
		DIO_writehighnibles(LCD_DATA_PORT,copy_num);
		LCD_sendfallingedge();
	#endif
	
}
    1cba:	0f 90       	pop	r0
    1cbc:	cf 91       	pop	r28
    1cbe:	df 91       	pop	r29
    1cc0:	08 95       	ret

00001cc2 <LCD_sendfallingedge>:

static void LCD_sendfallingedge(){
    1cc2:	df 93       	push	r29
    1cc4:	cf 93       	push	r28
    1cc6:	cd b7       	in	r28, 0x3d	; 61
    1cc8:	de b7       	in	r29, 0x3e	; 62
    1cca:	6c 97       	sbiw	r28, 0x1c	; 28
    1ccc:	0f b6       	in	r0, 0x3f	; 63
    1cce:	f8 94       	cli
    1cd0:	de bf       	out	0x3e, r29	; 62
    1cd2:	0f be       	out	0x3f, r0	; 63
    1cd4:	cd bf       	out	0x3d, r28	; 61
		DIO_setpinvalue(LCD_COMMAND_PORT,LCD_EN,PIN_HIGH);
    1cd6:	81 e0       	ldi	r24, 0x01	; 1
    1cd8:	62 e0       	ldi	r22, 0x02	; 2
    1cda:	41 e0       	ldi	r20, 0x01	; 1
    1cdc:	0e 94 aa 06 	call	0xd54	; 0xd54 <DIO_setpinvalue>
    1ce0:	80 e0       	ldi	r24, 0x00	; 0
    1ce2:	90 e0       	ldi	r25, 0x00	; 0
    1ce4:	a0 e8       	ldi	r26, 0x80	; 128
    1ce6:	bf e3       	ldi	r27, 0x3F	; 63
    1ce8:	89 8f       	std	Y+25, r24	; 0x19
    1cea:	9a 8f       	std	Y+26, r25	; 0x1a
    1cec:	ab 8f       	std	Y+27, r26	; 0x1b
    1cee:	bc 8f       	std	Y+28, r27	; 0x1c
 */
void
_delay_ms(double __ms)
{
	uint16_t __ticks;
	double __tmp = ((F_CPU) / 4e3) * __ms;
    1cf0:	69 8d       	ldd	r22, Y+25	; 0x19
    1cf2:	7a 8d       	ldd	r23, Y+26	; 0x1a
    1cf4:	8b 8d       	ldd	r24, Y+27	; 0x1b
    1cf6:	9c 8d       	ldd	r25, Y+28	; 0x1c
    1cf8:	20 e0       	ldi	r18, 0x00	; 0
    1cfa:	30 e0       	ldi	r19, 0x00	; 0
    1cfc:	4a e7       	ldi	r20, 0x7A	; 122
    1cfe:	53 e4       	ldi	r21, 0x43	; 67
    1d00:	0e 94 17 02 	call	0x42e	; 0x42e <__mulsf3>
    1d04:	dc 01       	movw	r26, r24
    1d06:	cb 01       	movw	r24, r22
    1d08:	8d 8b       	std	Y+21, r24	; 0x15
    1d0a:	9e 8b       	std	Y+22, r25	; 0x16
    1d0c:	af 8b       	std	Y+23, r26	; 0x17
    1d0e:	b8 8f       	std	Y+24, r27	; 0x18
	if (__tmp < 1.0)
    1d10:	6d 89       	ldd	r22, Y+21	; 0x15
    1d12:	7e 89       	ldd	r23, Y+22	; 0x16
    1d14:	8f 89       	ldd	r24, Y+23	; 0x17
    1d16:	98 8d       	ldd	r25, Y+24	; 0x18
    1d18:	20 e0       	ldi	r18, 0x00	; 0
    1d1a:	30 e0       	ldi	r19, 0x00	; 0
    1d1c:	40 e8       	ldi	r20, 0x80	; 128
    1d1e:	5f e3       	ldi	r21, 0x3F	; 63
    1d20:	0e 94 71 03 	call	0x6e2	; 0x6e2 <__ltsf2>
    1d24:	88 23       	and	r24, r24
    1d26:	2c f4       	brge	.+10     	; 0x1d32 <LCD_sendfallingedge+0x70>
		__ticks = 1;
    1d28:	81 e0       	ldi	r24, 0x01	; 1
    1d2a:	90 e0       	ldi	r25, 0x00	; 0
    1d2c:	9c 8b       	std	Y+20, r25	; 0x14
    1d2e:	8b 8b       	std	Y+19, r24	; 0x13
    1d30:	3f c0       	rjmp	.+126    	; 0x1db0 <LCD_sendfallingedge+0xee>
	else if (__tmp > 65535)
    1d32:	6d 89       	ldd	r22, Y+21	; 0x15
    1d34:	7e 89       	ldd	r23, Y+22	; 0x16
    1d36:	8f 89       	ldd	r24, Y+23	; 0x17
    1d38:	98 8d       	ldd	r25, Y+24	; 0x18
    1d3a:	20 e0       	ldi	r18, 0x00	; 0
    1d3c:	3f ef       	ldi	r19, 0xFF	; 255
    1d3e:	4f e7       	ldi	r20, 0x7F	; 127
    1d40:	57 e4       	ldi	r21, 0x47	; 71
    1d42:	0e 94 11 03 	call	0x622	; 0x622 <__gtsf2>
    1d46:	18 16       	cp	r1, r24
    1d48:	4c f5       	brge	.+82     	; 0x1d9c <LCD_sendfallingedge+0xda>
	{
		//	__ticks = requested delay in 1/10 ms
		__ticks = (uint16_t) (__ms * 10.0);
    1d4a:	69 8d       	ldd	r22, Y+25	; 0x19
    1d4c:	7a 8d       	ldd	r23, Y+26	; 0x1a
    1d4e:	8b 8d       	ldd	r24, Y+27	; 0x1b
    1d50:	9c 8d       	ldd	r25, Y+28	; 0x1c
    1d52:	20 e0       	ldi	r18, 0x00	; 0
    1d54:	30 e0       	ldi	r19, 0x00	; 0
    1d56:	40 e2       	ldi	r20, 0x20	; 32
    1d58:	51 e4       	ldi	r21, 0x41	; 65
    1d5a:	0e 94 17 02 	call	0x42e	; 0x42e <__mulsf3>
    1d5e:	dc 01       	movw	r26, r24
    1d60:	cb 01       	movw	r24, r22
    1d62:	bc 01       	movw	r22, r24
    1d64:	cd 01       	movw	r24, r26
    1d66:	0e 94 41 00 	call	0x82	; 0x82 <__fixunssfsi>
    1d6a:	dc 01       	movw	r26, r24
    1d6c:	cb 01       	movw	r24, r22
    1d6e:	9c 8b       	std	Y+20, r25	; 0x14
    1d70:	8b 8b       	std	Y+19, r24	; 0x13
    1d72:	0f c0       	rjmp	.+30     	; 0x1d92 <LCD_sendfallingedge+0xd0>
    1d74:	89 e1       	ldi	r24, 0x19	; 25
    1d76:	90 e0       	ldi	r25, 0x00	; 0
    1d78:	9a 8b       	std	Y+18, r25	; 0x12
    1d7a:	89 8b       	std	Y+17, r24	; 0x11
    1d7c:	89 89       	ldd	r24, Y+17	; 0x11
    1d7e:	9a 89       	ldd	r25, Y+18	; 0x12
    1d80:	01 97       	sbiw	r24, 0x01	; 1
    1d82:	f1 f7       	brne	.-4      	; 0x1d80 <LCD_sendfallingedge+0xbe>
    1d84:	9a 8b       	std	Y+18, r25	; 0x12
    1d86:	89 8b       	std	Y+17, r24	; 0x11
		while(__ticks)
		{
			// wait 1/10 ms
			_delay_loop_2(((F_CPU) / 4e3) / 10);
			__ticks --;
    1d88:	8b 89       	ldd	r24, Y+19	; 0x13
    1d8a:	9c 89       	ldd	r25, Y+20	; 0x14
    1d8c:	01 97       	sbiw	r24, 0x01	; 1
    1d8e:	9c 8b       	std	Y+20, r25	; 0x14
    1d90:	8b 8b       	std	Y+19, r24	; 0x13
		__ticks = 1;
	else if (__tmp > 65535)
	{
		//	__ticks = requested delay in 1/10 ms
		__ticks = (uint16_t) (__ms * 10.0);
		while(__ticks)
    1d92:	8b 89       	ldd	r24, Y+19	; 0x13
    1d94:	9c 89       	ldd	r25, Y+20	; 0x14
    1d96:	00 97       	sbiw	r24, 0x00	; 0
    1d98:	69 f7       	brne	.-38     	; 0x1d74 <LCD_sendfallingedge+0xb2>
    1d9a:	14 c0       	rjmp	.+40     	; 0x1dc4 <LCD_sendfallingedge+0x102>
			__ticks --;
		}
		return;
	}
	else
		__ticks = (uint16_t)__tmp;
    1d9c:	6d 89       	ldd	r22, Y+21	; 0x15
    1d9e:	7e 89       	ldd	r23, Y+22	; 0x16
    1da0:	8f 89       	ldd	r24, Y+23	; 0x17
    1da2:	98 8d       	ldd	r25, Y+24	; 0x18
    1da4:	0e 94 41 00 	call	0x82	; 0x82 <__fixunssfsi>
    1da8:	dc 01       	movw	r26, r24
    1daa:	cb 01       	movw	r24, r22
    1dac:	9c 8b       	std	Y+20, r25	; 0x14
    1dae:	8b 8b       	std	Y+19, r24	; 0x13
    1db0:	8b 89       	ldd	r24, Y+19	; 0x13
    1db2:	9c 89       	ldd	r25, Y+20	; 0x14
    1db4:	98 8b       	std	Y+16, r25	; 0x10
    1db6:	8f 87       	std	Y+15, r24	; 0x0f
    1db8:	8f 85       	ldd	r24, Y+15	; 0x0f
    1dba:	98 89       	ldd	r25, Y+16	; 0x10
    1dbc:	01 97       	sbiw	r24, 0x01	; 1
    1dbe:	f1 f7       	brne	.-4      	; 0x1dbc <LCD_sendfallingedge+0xfa>
    1dc0:	98 8b       	std	Y+16, r25	; 0x10
    1dc2:	8f 87       	std	Y+15, r24	; 0x0f
		_delay_ms(1);
		DIO_setpinvalue(LCD_COMMAND_PORT,LCD_EN,PIN_LOW);
    1dc4:	81 e0       	ldi	r24, 0x01	; 1
    1dc6:	62 e0       	ldi	r22, 0x02	; 2
    1dc8:	40 e0       	ldi	r20, 0x00	; 0
    1dca:	0e 94 aa 06 	call	0xd54	; 0xd54 <DIO_setpinvalue>
    1dce:	80 e0       	ldi	r24, 0x00	; 0
    1dd0:	90 e0       	ldi	r25, 0x00	; 0
    1dd2:	a0 e8       	ldi	r26, 0x80	; 128
    1dd4:	bf e3       	ldi	r27, 0x3F	; 63
    1dd6:	8b 87       	std	Y+11, r24	; 0x0b
    1dd8:	9c 87       	std	Y+12, r25	; 0x0c
    1dda:	ad 87       	std	Y+13, r26	; 0x0d
    1ddc:	be 87       	std	Y+14, r27	; 0x0e
 */
void
_delay_ms(double __ms)
{
	uint16_t __ticks;
	double __tmp = ((F_CPU) / 4e3) * __ms;
    1dde:	6b 85       	ldd	r22, Y+11	; 0x0b
    1de0:	7c 85       	ldd	r23, Y+12	; 0x0c
    1de2:	8d 85       	ldd	r24, Y+13	; 0x0d
    1de4:	9e 85       	ldd	r25, Y+14	; 0x0e
    1de6:	20 e0       	ldi	r18, 0x00	; 0
    1de8:	30 e0       	ldi	r19, 0x00	; 0
    1dea:	4a e7       	ldi	r20, 0x7A	; 122
    1dec:	53 e4       	ldi	r21, 0x43	; 67
    1dee:	0e 94 17 02 	call	0x42e	; 0x42e <__mulsf3>
    1df2:	dc 01       	movw	r26, r24
    1df4:	cb 01       	movw	r24, r22
    1df6:	8f 83       	std	Y+7, r24	; 0x07
    1df8:	98 87       	std	Y+8, r25	; 0x08
    1dfa:	a9 87       	std	Y+9, r26	; 0x09
    1dfc:	ba 87       	std	Y+10, r27	; 0x0a
	if (__tmp < 1.0)
    1dfe:	6f 81       	ldd	r22, Y+7	; 0x07
    1e00:	78 85       	ldd	r23, Y+8	; 0x08
    1e02:	89 85       	ldd	r24, Y+9	; 0x09
    1e04:	9a 85       	ldd	r25, Y+10	; 0x0a
    1e06:	20 e0       	ldi	r18, 0x00	; 0
    1e08:	30 e0       	ldi	r19, 0x00	; 0
    1e0a:	40 e8       	ldi	r20, 0x80	; 128
    1e0c:	5f e3       	ldi	r21, 0x3F	; 63
    1e0e:	0e 94 71 03 	call	0x6e2	; 0x6e2 <__ltsf2>
    1e12:	88 23       	and	r24, r24
    1e14:	2c f4       	brge	.+10     	; 0x1e20 <LCD_sendfallingedge+0x15e>
		__ticks = 1;
    1e16:	81 e0       	ldi	r24, 0x01	; 1
    1e18:	90 e0       	ldi	r25, 0x00	; 0
    1e1a:	9e 83       	std	Y+6, r25	; 0x06
    1e1c:	8d 83       	std	Y+5, r24	; 0x05
    1e1e:	3f c0       	rjmp	.+126    	; 0x1e9e <LCD_sendfallingedge+0x1dc>
	else if (__tmp > 65535)
    1e20:	6f 81       	ldd	r22, Y+7	; 0x07
    1e22:	78 85       	ldd	r23, Y+8	; 0x08
    1e24:	89 85       	ldd	r24, Y+9	; 0x09
    1e26:	9a 85       	ldd	r25, Y+10	; 0x0a
    1e28:	20 e0       	ldi	r18, 0x00	; 0
    1e2a:	3f ef       	ldi	r19, 0xFF	; 255
    1e2c:	4f e7       	ldi	r20, 0x7F	; 127
    1e2e:	57 e4       	ldi	r21, 0x47	; 71
    1e30:	0e 94 11 03 	call	0x622	; 0x622 <__gtsf2>
    1e34:	18 16       	cp	r1, r24
    1e36:	4c f5       	brge	.+82     	; 0x1e8a <LCD_sendfallingedge+0x1c8>
	{
		//	__ticks = requested delay in 1/10 ms
		__ticks = (uint16_t) (__ms * 10.0);
    1e38:	6b 85       	ldd	r22, Y+11	; 0x0b
    1e3a:	7c 85       	ldd	r23, Y+12	; 0x0c
    1e3c:	8d 85       	ldd	r24, Y+13	; 0x0d
    1e3e:	9e 85       	ldd	r25, Y+14	; 0x0e
    1e40:	20 e0       	ldi	r18, 0x00	; 0
    1e42:	30 e0       	ldi	r19, 0x00	; 0
    1e44:	40 e2       	ldi	r20, 0x20	; 32
    1e46:	51 e4       	ldi	r21, 0x41	; 65
    1e48:	0e 94 17 02 	call	0x42e	; 0x42e <__mulsf3>
    1e4c:	dc 01       	movw	r26, r24
    1e4e:	cb 01       	movw	r24, r22
    1e50:	bc 01       	movw	r22, r24
    1e52:	cd 01       	movw	r24, r26
    1e54:	0e 94 41 00 	call	0x82	; 0x82 <__fixunssfsi>
    1e58:	dc 01       	movw	r26, r24
    1e5a:	cb 01       	movw	r24, r22
    1e5c:	9e 83       	std	Y+6, r25	; 0x06
    1e5e:	8d 83       	std	Y+5, r24	; 0x05
    1e60:	0f c0       	rjmp	.+30     	; 0x1e80 <LCD_sendfallingedge+0x1be>
    1e62:	89 e1       	ldi	r24, 0x19	; 25
    1e64:	90 e0       	ldi	r25, 0x00	; 0
    1e66:	9c 83       	std	Y+4, r25	; 0x04
    1e68:	8b 83       	std	Y+3, r24	; 0x03
    1e6a:	8b 81       	ldd	r24, Y+3	; 0x03
    1e6c:	9c 81       	ldd	r25, Y+4	; 0x04
    1e6e:	01 97       	sbiw	r24, 0x01	; 1
    1e70:	f1 f7       	brne	.-4      	; 0x1e6e <LCD_sendfallingedge+0x1ac>
    1e72:	9c 83       	std	Y+4, r25	; 0x04
    1e74:	8b 83       	std	Y+3, r24	; 0x03
		while(__ticks)
		{
			// wait 1/10 ms
			_delay_loop_2(((F_CPU) / 4e3) / 10);
			__ticks --;
    1e76:	8d 81       	ldd	r24, Y+5	; 0x05
    1e78:	9e 81       	ldd	r25, Y+6	; 0x06
    1e7a:	01 97       	sbiw	r24, 0x01	; 1
    1e7c:	9e 83       	std	Y+6, r25	; 0x06
    1e7e:	8d 83       	std	Y+5, r24	; 0x05
		__ticks = 1;
	else if (__tmp > 65535)
	{
		//	__ticks = requested delay in 1/10 ms
		__ticks = (uint16_t) (__ms * 10.0);
		while(__ticks)
    1e80:	8d 81       	ldd	r24, Y+5	; 0x05
    1e82:	9e 81       	ldd	r25, Y+6	; 0x06
    1e84:	00 97       	sbiw	r24, 0x00	; 0
    1e86:	69 f7       	brne	.-38     	; 0x1e62 <LCD_sendfallingedge+0x1a0>
    1e88:	14 c0       	rjmp	.+40     	; 0x1eb2 <LCD_sendfallingedge+0x1f0>
			__ticks --;
		}
		return;
	}
	else
		__ticks = (uint16_t)__tmp;
    1e8a:	6f 81       	ldd	r22, Y+7	; 0x07
    1e8c:	78 85       	ldd	r23, Y+8	; 0x08
    1e8e:	89 85       	ldd	r24, Y+9	; 0x09
    1e90:	9a 85       	ldd	r25, Y+10	; 0x0a
    1e92:	0e 94 41 00 	call	0x82	; 0x82 <__fixunssfsi>
    1e96:	dc 01       	movw	r26, r24
    1e98:	cb 01       	movw	r24, r22
    1e9a:	9e 83       	std	Y+6, r25	; 0x06
    1e9c:	8d 83       	std	Y+5, r24	; 0x05
    1e9e:	8d 81       	ldd	r24, Y+5	; 0x05
    1ea0:	9e 81       	ldd	r25, Y+6	; 0x06
    1ea2:	9a 83       	std	Y+2, r25	; 0x02
    1ea4:	89 83       	std	Y+1, r24	; 0x01
    1ea6:	89 81       	ldd	r24, Y+1	; 0x01
    1ea8:	9a 81       	ldd	r25, Y+2	; 0x02
    1eaa:	01 97       	sbiw	r24, 0x01	; 1
    1eac:	f1 f7       	brne	.-4      	; 0x1eaa <LCD_sendfallingedge+0x1e8>
    1eae:	9a 83       	std	Y+2, r25	; 0x02
    1eb0:	89 83       	std	Y+1, r24	; 0x01
		_delay_ms(1);
}
    1eb2:	6c 96       	adiw	r28, 0x1c	; 28
    1eb4:	0f b6       	in	r0, 0x3f	; 63
    1eb6:	f8 94       	cli
    1eb8:	de bf       	out	0x3e, r29	; 62
    1eba:	0f be       	out	0x3f, r0	; 63
    1ebc:	cd bf       	out	0x3d, r28	; 61
    1ebe:	cf 91       	pop	r28
    1ec0:	df 91       	pop	r29
    1ec2:	08 95       	ret

00001ec4 <LCD_senddata>:



void LCD_senddata(u8 copy_data)
{
    1ec4:	df 93       	push	r29
    1ec6:	cf 93       	push	r28
    1ec8:	0f 92       	push	r0
    1eca:	cd b7       	in	r28, 0x3d	; 61
    1ecc:	de b7       	in	r29, 0x3e	; 62
    1ece:	89 83       	std	Y+1, r24	; 0x01
	#if LCD_MODE==8
	
		DIO_setportvalue(LCD_DATA_PORT,copy_data);
    1ed0:	80 e0       	ldi	r24, 0x00	; 0
    1ed2:	69 81       	ldd	r22, Y+1	; 0x01
    1ed4:	0e 94 54 09 	call	0x12a8	; 0x12a8 <DIO_setportvalue>
		DIO_setpinvalue(LCD_COMMAND_PORT,LCD_RS,PIN_HIGH);
    1ed8:	81 e0       	ldi	r24, 0x01	; 1
    1eda:	60 e0       	ldi	r22, 0x00	; 0
    1edc:	41 e0       	ldi	r20, 0x01	; 1
    1ede:	0e 94 aa 06 	call	0xd54	; 0xd54 <DIO_setpinvalue>
		LCD_sendfallingedge();
    1ee2:	0e 94 61 0e 	call	0x1cc2	; 0x1cc2 <LCD_sendfallingedge>
		DIO_writehighnibles(LCD_DATA_PORT,(copy_data)>>4);
		LCD_sendfallingedge();
		DIO_writehighnibles(LCD_DATA_PORT,copy_data);
		LCD_sendfallingedge();
	#endif
}
    1ee6:	0f 90       	pop	r0
    1ee8:	cf 91       	pop	r28
    1eea:	df 91       	pop	r29
    1eec:	08 95       	ret

00001eee <LCD_voidsetcursor>:
void LCD_voidsetcursor(u8 copy_row,u8 copy_colum)
{
    1eee:	df 93       	push	r29
    1ef0:	cf 93       	push	r28
    1ef2:	00 d0       	rcall	.+0      	; 0x1ef4 <LCD_voidsetcursor+0x6>
    1ef4:	cd b7       	in	r28, 0x3d	; 61
    1ef6:	de b7       	in	r29, 0x3e	; 62
    1ef8:	89 83       	std	Y+1, r24	; 0x01
    1efa:	6a 83       	std	Y+2, r22	; 0x02
	
	if(copy_row<1||copy_row>2||copy_colum<1||copy_colum>16){
    1efc:	89 81       	ldd	r24, Y+1	; 0x01
    1efe:	88 23       	and	r24, r24
    1f00:	49 f0       	breq	.+18     	; 0x1f14 <LCD_voidsetcursor+0x26>
    1f02:	89 81       	ldd	r24, Y+1	; 0x01
    1f04:	83 30       	cpi	r24, 0x03	; 3
    1f06:	30 f4       	brcc	.+12     	; 0x1f14 <LCD_voidsetcursor+0x26>
    1f08:	8a 81       	ldd	r24, Y+2	; 0x02
    1f0a:	88 23       	and	r24, r24
    1f0c:	19 f0       	breq	.+6      	; 0x1f14 <LCD_voidsetcursor+0x26>
    1f0e:	8a 81       	ldd	r24, Y+2	; 0x02
    1f10:	81 31       	cpi	r24, 0x11	; 17
    1f12:	18 f0       	brcs	.+6      	; 0x1f1a <LCD_voidsetcursor+0x2c>
		
		LCD_sendcommand(LCD_setcursor);
    1f14:	80 e8       	ldi	r24, 0x80	; 128
    1f16:	0e 94 47 0e 	call	0x1c8e	; 0x1c8e <LCD_sendcommand>
		
	}
	if(copy_row==1){
    1f1a:	89 81       	ldd	r24, Y+1	; 0x01
    1f1c:	81 30       	cpi	r24, 0x01	; 1
    1f1e:	21 f4       	brne	.+8      	; 0x1f28 <LCD_voidsetcursor+0x3a>
		LCD_sendcommand(LCD_setcursor+(copy_colum-1));
    1f20:	8a 81       	ldd	r24, Y+2	; 0x02
    1f22:	81 58       	subi	r24, 0x81	; 129
    1f24:	0e 94 47 0e 	call	0x1c8e	; 0x1c8e <LCD_sendcommand>
		
	}
	
	if(copy_row==2){
    1f28:	89 81       	ldd	r24, Y+1	; 0x01
    1f2a:	82 30       	cpi	r24, 0x02	; 2
    1f2c:	21 f4       	brne	.+8      	; 0x1f36 <LCD_voidsetcursor+0x48>
		LCD_sendcommand(LCD_setcursor+64+(copy_colum-1));
    1f2e:	8a 81       	ldd	r24, Y+2	; 0x02
    1f30:	81 54       	subi	r24, 0x41	; 65
    1f32:	0e 94 47 0e 	call	0x1c8e	; 0x1c8e <LCD_sendcommand>
		
	}
	
}
    1f36:	0f 90       	pop	r0
    1f38:	0f 90       	pop	r0
    1f3a:	cf 91       	pop	r28
    1f3c:	df 91       	pop	r29
    1f3e:	08 95       	ret

00001f40 <LCD_sendnumber>:
void LCD_sendnumber(u8 copy_number)
{
    1f40:	df 93       	push	r29
    1f42:	cf 93       	push	r28
    1f44:	00 d0       	rcall	.+0      	; 0x1f46 <LCD_sendnumber+0x6>
    1f46:	0f 92       	push	r0
    1f48:	cd b7       	in	r28, 0x3d	; 61
    1f4a:	de b7       	in	r29, 0x3e	; 62
    1f4c:	8b 83       	std	Y+3, r24	; 0x03
	u32 LOC_u64Reversed = 1 ;
    1f4e:	81 e0       	ldi	r24, 0x01	; 1
    1f50:	90 e0       	ldi	r25, 0x00	; 0
    1f52:	9a 83       	std	Y+2, r25	; 0x02
    1f54:	89 83       	std	Y+1, r24	; 0x01

	if( copy_number == 0 ){ LCD_senddata('0'); }
    1f56:	8b 81       	ldd	r24, Y+3	; 0x03
    1f58:	88 23       	and	r24, r24
    1f5a:	11 f5       	brne	.+68     	; 0x1fa0 <LCD_sendnumber+0x60>
    1f5c:	80 e3       	ldi	r24, 0x30	; 48
    1f5e:	0e 94 62 0f 	call	0x1ec4	; 0x1ec4 <LCD_senddata>
    1f62:	3b c0       	rjmp	.+118    	; 0x1fda <LCD_sendnumber+0x9a>

	else{

		while( copy_number != 0 ){

			LOC_u64Reversed = ( LOC_u64Reversed * 10 ) + ( copy_number % 10 );
    1f64:	89 81       	ldd	r24, Y+1	; 0x01
    1f66:	9a 81       	ldd	r25, Y+2	; 0x02
    1f68:	9c 01       	movw	r18, r24
    1f6a:	22 0f       	add	r18, r18
    1f6c:	33 1f       	adc	r19, r19
    1f6e:	c9 01       	movw	r24, r18
    1f70:	88 0f       	add	r24, r24
    1f72:	99 1f       	adc	r25, r25
    1f74:	88 0f       	add	r24, r24
    1f76:	99 1f       	adc	r25, r25
    1f78:	28 0f       	add	r18, r24
    1f7a:	39 1f       	adc	r19, r25
    1f7c:	8b 81       	ldd	r24, Y+3	; 0x03
    1f7e:	9a e0       	ldi	r25, 0x0A	; 10
    1f80:	69 2f       	mov	r22, r25
    1f82:	0e 94 41 10 	call	0x2082	; 0x2082 <__udivmodqi4>
    1f86:	89 2f       	mov	r24, r25
    1f88:	88 2f       	mov	r24, r24
    1f8a:	90 e0       	ldi	r25, 0x00	; 0
    1f8c:	82 0f       	add	r24, r18
    1f8e:	93 1f       	adc	r25, r19
    1f90:	9a 83       	std	Y+2, r25	; 0x02
    1f92:	89 83       	std	Y+1, r24	; 0x01
			copy_number /= 10 ;
    1f94:	8b 81       	ldd	r24, Y+3	; 0x03
    1f96:	9a e0       	ldi	r25, 0x0A	; 10
    1f98:	69 2f       	mov	r22, r25
    1f9a:	0e 94 41 10 	call	0x2082	; 0x2082 <__udivmodqi4>
    1f9e:	8b 83       	std	Y+3, r24	; 0x03

	if( copy_number == 0 ){ LCD_senddata('0'); }

	else{

		while( copy_number != 0 ){
    1fa0:	8b 81       	ldd	r24, Y+3	; 0x03
    1fa2:	88 23       	and	r24, r24
    1fa4:	f9 f6       	brne	.-66     	; 0x1f64 <LCD_sendnumber+0x24>
    1fa6:	14 c0       	rjmp	.+40     	; 0x1fd0 <LCD_sendnumber+0x90>
			copy_number /= 10 ;

		}
		while( LOC_u64Reversed != 1 ){

			LCD_senddata( ( LOC_u64Reversed % 10 ) + 48 );
    1fa8:	89 81       	ldd	r24, Y+1	; 0x01
    1faa:	9a 81       	ldd	r25, Y+2	; 0x02
    1fac:	2a e0       	ldi	r18, 0x0A	; 10
    1fae:	30 e0       	ldi	r19, 0x00	; 0
    1fb0:	b9 01       	movw	r22, r18
    1fb2:	0e 94 4d 10 	call	0x209a	; 0x209a <__udivmodhi4>
    1fb6:	80 5d       	subi	r24, 0xD0	; 208
    1fb8:	0e 94 62 0f 	call	0x1ec4	; 0x1ec4 <LCD_senddata>
			LOC_u64Reversed /= 10 ;
    1fbc:	89 81       	ldd	r24, Y+1	; 0x01
    1fbe:	9a 81       	ldd	r25, Y+2	; 0x02
    1fc0:	2a e0       	ldi	r18, 0x0A	; 10
    1fc2:	30 e0       	ldi	r19, 0x00	; 0
    1fc4:	b9 01       	movw	r22, r18
    1fc6:	0e 94 4d 10 	call	0x209a	; 0x209a <__udivmodhi4>
    1fca:	cb 01       	movw	r24, r22
    1fcc:	9a 83       	std	Y+2, r25	; 0x02
    1fce:	89 83       	std	Y+1, r24	; 0x01

			LOC_u64Reversed = ( LOC_u64Reversed * 10 ) + ( copy_number % 10 );
			copy_number /= 10 ;

		}
		while( LOC_u64Reversed != 1 ){
    1fd0:	89 81       	ldd	r24, Y+1	; 0x01
    1fd2:	9a 81       	ldd	r25, Y+2	; 0x02
    1fd4:	81 30       	cpi	r24, 0x01	; 1
    1fd6:	91 05       	cpc	r25, r1
    1fd8:	39 f7       	brne	.-50     	; 0x1fa8 <LCD_sendnumber+0x68>
		}

	}


}
    1fda:	0f 90       	pop	r0
    1fdc:	0f 90       	pop	r0
    1fde:	0f 90       	pop	r0
    1fe0:	cf 91       	pop	r28
    1fe2:	df 91       	pop	r29
    1fe4:	08 95       	ret

00001fe6 <LCD_sendstring>:


void LCD_sendstring(u8 * ptr_data)
{
    1fe6:	df 93       	push	r29
    1fe8:	cf 93       	push	r28
    1fea:	00 d0       	rcall	.+0      	; 0x1fec <LCD_sendstring+0x6>
    1fec:	0f 92       	push	r0
    1fee:	cd b7       	in	r28, 0x3d	; 61
    1ff0:	de b7       	in	r29, 0x3e	; 62
    1ff2:	9b 83       	std	Y+3, r25	; 0x03
    1ff4:	8a 83       	std	Y+2, r24	; 0x02
	u8 LOC_char=0;
    1ff6:	19 82       	std	Y+1, r1	; 0x01
    1ff8:	0e c0       	rjmp	.+28     	; 0x2016 <LCD_sendstring+0x30>

	while(ptr_data [LOC_char]!='\0')
	{

		LCD_senddata(ptr_data[LOC_char]);
    1ffa:	89 81       	ldd	r24, Y+1	; 0x01
    1ffc:	28 2f       	mov	r18, r24
    1ffe:	30 e0       	ldi	r19, 0x00	; 0
    2000:	8a 81       	ldd	r24, Y+2	; 0x02
    2002:	9b 81       	ldd	r25, Y+3	; 0x03
    2004:	fc 01       	movw	r30, r24
    2006:	e2 0f       	add	r30, r18
    2008:	f3 1f       	adc	r31, r19
    200a:	80 81       	ld	r24, Z
    200c:	0e 94 62 0f 	call	0x1ec4	; 0x1ec4 <LCD_senddata>
		LOC_char++;
    2010:	89 81       	ldd	r24, Y+1	; 0x01
    2012:	8f 5f       	subi	r24, 0xFF	; 255
    2014:	89 83       	std	Y+1, r24	; 0x01

void LCD_sendstring(u8 * ptr_data)
{
	u8 LOC_char=0;

	while(ptr_data [LOC_char]!='\0')
    2016:	89 81       	ldd	r24, Y+1	; 0x01
    2018:	28 2f       	mov	r18, r24
    201a:	30 e0       	ldi	r19, 0x00	; 0
    201c:	8a 81       	ldd	r24, Y+2	; 0x02
    201e:	9b 81       	ldd	r25, Y+3	; 0x03
    2020:	fc 01       	movw	r30, r24
    2022:	e2 0f       	add	r30, r18
    2024:	f3 1f       	adc	r31, r19
    2026:	80 81       	ld	r24, Z
    2028:	88 23       	and	r24, r24
    202a:	39 f7       	brne	.-50     	; 0x1ffa <LCD_sendstring+0x14>

		LCD_senddata(ptr_data[LOC_char]);
		LOC_char++;
	}
	
}
    202c:	0f 90       	pop	r0
    202e:	0f 90       	pop	r0
    2030:	0f 90       	pop	r0
    2032:	cf 91       	pop	r28
    2034:	df 91       	pop	r29
    2036:	08 95       	ret

00002038 <LCD_cleardisplay>:
void LCD_cleardisplay(){
    2038:	df 93       	push	r29
    203a:	cf 93       	push	r28
    203c:	cd b7       	in	r28, 0x3d	; 61
    203e:	de b7       	in	r29, 0x3e	; 62
	LCD_sendcommand(LCD_displayclear);
    2040:	81 e0       	ldi	r24, 0x01	; 1
    2042:	0e 94 47 0e 	call	0x1c8e	; 0x1c8e <LCD_sendcommand>

}
    2046:	cf 91       	pop	r28
    2048:	df 91       	pop	r29
    204a:	08 95       	ret

0000204c <main>:



void main()

{
    204c:	df 93       	push	r29
    204e:	cf 93       	push	r28
    2050:	0f 92       	push	r0
    2052:	cd b7       	in	r28, 0x3d	; 61
    2054:	de b7       	in	r29, 0x3e	; 62
	u8 data2=KPD_NOT_PRESSED;
    2056:	8f ef       	ldi	r24, 0xFF	; 255
    2058:	89 83       	std	Y+1, r24	; 0x01
	LCD_init();
    205a:	0e 94 4d 0c 	call	0x189a	; 0x189a <LCD_init>
	KPD_init();
    205e:	0e 94 18 0b 	call	0x1630	; 0x1630 <KPD_init>

	while(1){
data2=KPD_getpressed();
    2062:	0e 94 6f 0b 	call	0x16de	; 0x16de <KPD_getpressed>
    2066:	89 83       	std	Y+1, r24	; 0x01
if(data2!=KPD_NOT_PRESSED){
    2068:	89 81       	ldd	r24, Y+1	; 0x01
    206a:	8f 3f       	cpi	r24, 0xFF	; 255
    206c:	d1 f3       	breq	.-12     	; 0x2062 <main+0x16>
if(data2=='?'){
    206e:	89 81       	ldd	r24, Y+1	; 0x01
    2070:	8f 33       	cpi	r24, 0x3F	; 63
    2072:	19 f4       	brne	.+6      	; 0x207a <main+0x2e>
	LCD_cleardisplay();
    2074:	0e 94 1c 10 	call	0x2038	; 0x2038 <LCD_cleardisplay>
    2078:	f4 cf       	rjmp	.-24     	; 0x2062 <main+0x16>
}
else {

	LCD_senddata(data2);
    207a:	89 81       	ldd	r24, Y+1	; 0x01
    207c:	0e 94 62 0f 	call	0x1ec4	; 0x1ec4 <LCD_senddata>
    2080:	f0 cf       	rjmp	.-32     	; 0x2062 <main+0x16>

00002082 <__udivmodqi4>:
    2082:	99 1b       	sub	r25, r25
    2084:	79 e0       	ldi	r23, 0x09	; 9
    2086:	04 c0       	rjmp	.+8      	; 0x2090 <__udivmodqi4_ep>

00002088 <__udivmodqi4_loop>:
    2088:	99 1f       	adc	r25, r25
    208a:	96 17       	cp	r25, r22
    208c:	08 f0       	brcs	.+2      	; 0x2090 <__udivmodqi4_ep>
    208e:	96 1b       	sub	r25, r22

00002090 <__udivmodqi4_ep>:
    2090:	88 1f       	adc	r24, r24
    2092:	7a 95       	dec	r23
    2094:	c9 f7       	brne	.-14     	; 0x2088 <__udivmodqi4_loop>
    2096:	80 95       	com	r24
    2098:	08 95       	ret

0000209a <__udivmodhi4>:
    209a:	aa 1b       	sub	r26, r26
    209c:	bb 1b       	sub	r27, r27
    209e:	51 e1       	ldi	r21, 0x11	; 17
    20a0:	07 c0       	rjmp	.+14     	; 0x20b0 <__udivmodhi4_ep>

000020a2 <__udivmodhi4_loop>:
    20a2:	aa 1f       	adc	r26, r26
    20a4:	bb 1f       	adc	r27, r27
    20a6:	a6 17       	cp	r26, r22
    20a8:	b7 07       	cpc	r27, r23
    20aa:	10 f0       	brcs	.+4      	; 0x20b0 <__udivmodhi4_ep>
    20ac:	a6 1b       	sub	r26, r22
    20ae:	b7 0b       	sbc	r27, r23

000020b0 <__udivmodhi4_ep>:
    20b0:	88 1f       	adc	r24, r24
    20b2:	99 1f       	adc	r25, r25
    20b4:	5a 95       	dec	r21
    20b6:	a9 f7       	brne	.-22     	; 0x20a2 <__udivmodhi4_loop>
    20b8:	80 95       	com	r24
    20ba:	90 95       	com	r25
    20bc:	bc 01       	movw	r22, r24
    20be:	cd 01       	movw	r24, r26
    20c0:	08 95       	ret

000020c2 <__prologue_saves__>:
    20c2:	2f 92       	push	r2
    20c4:	3f 92       	push	r3
    20c6:	4f 92       	push	r4
    20c8:	5f 92       	push	r5
    20ca:	6f 92       	push	r6
    20cc:	7f 92       	push	r7
    20ce:	8f 92       	push	r8
    20d0:	9f 92       	push	r9
    20d2:	af 92       	push	r10
    20d4:	bf 92       	push	r11
    20d6:	cf 92       	push	r12
    20d8:	df 92       	push	r13
    20da:	ef 92       	push	r14
    20dc:	ff 92       	push	r15
    20de:	0f 93       	push	r16
    20e0:	1f 93       	push	r17
    20e2:	cf 93       	push	r28
    20e4:	df 93       	push	r29
    20e6:	cd b7       	in	r28, 0x3d	; 61
    20e8:	de b7       	in	r29, 0x3e	; 62
    20ea:	ca 1b       	sub	r28, r26
    20ec:	db 0b       	sbc	r29, r27
    20ee:	0f b6       	in	r0, 0x3f	; 63
    20f0:	f8 94       	cli
    20f2:	de bf       	out	0x3e, r29	; 62
    20f4:	0f be       	out	0x3f, r0	; 63
    20f6:	cd bf       	out	0x3d, r28	; 61
    20f8:	09 94       	ijmp

000020fa <__epilogue_restores__>:
    20fa:	2a 88       	ldd	r2, Y+18	; 0x12
    20fc:	39 88       	ldd	r3, Y+17	; 0x11
    20fe:	48 88       	ldd	r4, Y+16	; 0x10
    2100:	5f 84       	ldd	r5, Y+15	; 0x0f
    2102:	6e 84       	ldd	r6, Y+14	; 0x0e
    2104:	7d 84       	ldd	r7, Y+13	; 0x0d
    2106:	8c 84       	ldd	r8, Y+12	; 0x0c
    2108:	9b 84       	ldd	r9, Y+11	; 0x0b
    210a:	aa 84       	ldd	r10, Y+10	; 0x0a
    210c:	b9 84       	ldd	r11, Y+9	; 0x09
    210e:	c8 84       	ldd	r12, Y+8	; 0x08
    2110:	df 80       	ldd	r13, Y+7	; 0x07
    2112:	ee 80       	ldd	r14, Y+6	; 0x06
    2114:	fd 80       	ldd	r15, Y+5	; 0x05
    2116:	0c 81       	ldd	r16, Y+4	; 0x04
    2118:	1b 81       	ldd	r17, Y+3	; 0x03
    211a:	aa 81       	ldd	r26, Y+2	; 0x02
    211c:	b9 81       	ldd	r27, Y+1	; 0x01
    211e:	ce 0f       	add	r28, r30
    2120:	d1 1d       	adc	r29, r1
    2122:	0f b6       	in	r0, 0x3f	; 63
    2124:	f8 94       	cli
    2126:	de bf       	out	0x3e, r29	; 62
    2128:	0f be       	out	0x3f, r0	; 63
    212a:	cd bf       	out	0x3d, r28	; 61
    212c:	ed 01       	movw	r28, r26
    212e:	08 95       	ret

00002130 <_exit>:
    2130:	f8 94       	cli

00002132 <__stop_program>:
    2132:	ff cf       	rjmp	.-2      	; 0x2132 <__stop_program>
