
UART_lap1.elf:     file format elf32-avr

Sections:
Idx Name          Size      VMA       LMA       File off  Algn
  0 .text         000025e0  00000000  00000000  00000094  2**1
                  CONTENTS, ALLOC, LOAD, READONLY, CODE
  1 .data         00000022  00800060  000025e0  00002674  2**0
                  CONTENTS, ALLOC, LOAD, DATA
  2 .bss          0000000c  00800082  00800082  00002696  2**0
                  ALLOC
  3 .stab         0000222c  00000000  00000000  00002698  2**2
                  CONTENTS, READONLY, DEBUGGING
  4 .stabstr      00000e46  00000000  00000000  000048c4  2**0
                  CONTENTS, READONLY, DEBUGGING
  5 .debug_aranges 00000140  00000000  00000000  0000570a  2**0
                  CONTENTS, READONLY, DEBUGGING
  6 .debug_pubnames 00000170  00000000  00000000  0000584a  2**0
                  CONTENTS, READONLY, DEBUGGING
  7 .debug_info   00001c49  00000000  00000000  000059ba  2**0
                  CONTENTS, READONLY, DEBUGGING
  8 .debug_abbrev 00000eeb  00000000  00000000  00007603  2**0
                  CONTENTS, READONLY, DEBUGGING
  9 .debug_line   00000dad  00000000  00000000  000084ee  2**0
                  CONTENTS, READONLY, DEBUGGING
 10 .debug_frame  00000160  00000000  00000000  0000929c  2**2
                  CONTENTS, READONLY, DEBUGGING
 11 .debug_str    0000028d  00000000  00000000  000093fc  2**0
                  CONTENTS, READONLY, DEBUGGING
 12 .debug_loc    000007ce  00000000  00000000  00009689  2**0
                  CONTENTS, READONLY, DEBUGGING
 13 .debug_ranges 00000050  00000000  00000000  00009e57  2**0
                  CONTENTS, READONLY, DEBUGGING

Disassembly of section .text:

00000000 <__vectors>:
       0:	0c 94 2a 00 	jmp	0x54	; 0x54 <__ctors_end>
       4:	0c 94 47 00 	jmp	0x8e	; 0x8e <__bad_interrupt>
       8:	0c 94 47 00 	jmp	0x8e	; 0x8e <__bad_interrupt>
       c:	0c 94 47 00 	jmp	0x8e	; 0x8e <__bad_interrupt>
      10:	0c 94 47 00 	jmp	0x8e	; 0x8e <__bad_interrupt>
      14:	0c 94 47 00 	jmp	0x8e	; 0x8e <__bad_interrupt>
      18:	0c 94 47 00 	jmp	0x8e	; 0x8e <__bad_interrupt>
      1c:	0c 94 47 00 	jmp	0x8e	; 0x8e <__bad_interrupt>
      20:	0c 94 47 00 	jmp	0x8e	; 0x8e <__bad_interrupt>
      24:	0c 94 47 00 	jmp	0x8e	; 0x8e <__bad_interrupt>
      28:	0c 94 47 00 	jmp	0x8e	; 0x8e <__bad_interrupt>
      2c:	0c 94 47 00 	jmp	0x8e	; 0x8e <__bad_interrupt>
      30:	0c 94 47 00 	jmp	0x8e	; 0x8e <__bad_interrupt>
      34:	0c 94 39 11 	jmp	0x2272	; 0x2272 <__vector_13>
      38:	0c 94 47 00 	jmp	0x8e	; 0x8e <__bad_interrupt>
      3c:	0c 94 97 11 	jmp	0x232e	; 0x232e <__vector_15>
      40:	0c 94 47 00 	jmp	0x8e	; 0x8e <__bad_interrupt>
      44:	0c 94 47 00 	jmp	0x8e	; 0x8e <__bad_interrupt>
      48:	0c 94 47 00 	jmp	0x8e	; 0x8e <__bad_interrupt>
      4c:	0c 94 47 00 	jmp	0x8e	; 0x8e <__bad_interrupt>
      50:	0c 94 47 00 	jmp	0x8e	; 0x8e <__bad_interrupt>

00000054 <__ctors_end>:
      54:	11 24       	eor	r1, r1
      56:	1f be       	out	0x3f, r1	; 63
      58:	cf e5       	ldi	r28, 0x5F	; 95
      5a:	d8 e0       	ldi	r29, 0x08	; 8
      5c:	de bf       	out	0x3e, r29	; 62
      5e:	cd bf       	out	0x3d, r28	; 61

00000060 <__do_copy_data>:
      60:	10 e0       	ldi	r17, 0x00	; 0
      62:	a0 e6       	ldi	r26, 0x60	; 96
      64:	b0 e0       	ldi	r27, 0x00	; 0
      66:	e0 ee       	ldi	r30, 0xE0	; 224
      68:	f5 e2       	ldi	r31, 0x25	; 37
      6a:	02 c0       	rjmp	.+4      	; 0x70 <.do_copy_data_start>

0000006c <.do_copy_data_loop>:
      6c:	05 90       	lpm	r0, Z+
      6e:	0d 92       	st	X+, r0

00000070 <.do_copy_data_start>:
      70:	a2 38       	cpi	r26, 0x82	; 130
      72:	b1 07       	cpc	r27, r17
      74:	d9 f7       	brne	.-10     	; 0x6c <.do_copy_data_loop>

00000076 <__do_clear_bss>:
      76:	10 e0       	ldi	r17, 0x00	; 0
      78:	a2 e8       	ldi	r26, 0x82	; 130
      7a:	b0 e0       	ldi	r27, 0x00	; 0
      7c:	01 c0       	rjmp	.+2      	; 0x80 <.do_clear_bss_start>

0000007e <.do_clear_bss_loop>:
      7e:	1d 92       	st	X+, r1

00000080 <.do_clear_bss_start>:
      80:	ae 38       	cpi	r26, 0x8E	; 142
      82:	b1 07       	cpc	r27, r17
      84:	e1 f7       	brne	.-8      	; 0x7e <.do_clear_bss_loop>
      86:	0e 94 02 12 	call	0x2404	; 0x2404 <main>
      8a:	0c 94 ee 12 	jmp	0x25dc	; 0x25dc <_exit>

0000008e <__bad_interrupt>:
      8e:	0c 94 00 00 	jmp	0	; 0x0 <__vectors>

00000092 <__fixunssfsi>:
      92:	ef 92       	push	r14
      94:	ff 92       	push	r15
      96:	0f 93       	push	r16
      98:	1f 93       	push	r17
      9a:	7b 01       	movw	r14, r22
      9c:	8c 01       	movw	r16, r24
      9e:	20 e0       	ldi	r18, 0x00	; 0
      a0:	30 e0       	ldi	r19, 0x00	; 0
      a2:	40 e0       	ldi	r20, 0x00	; 0
      a4:	5f e4       	ldi	r21, 0x4F	; 79
      a6:	0e 94 49 03 	call	0x692	; 0x692 <__gesf2>
      aa:	88 23       	and	r24, r24
      ac:	8c f0       	brlt	.+34     	; 0xd0 <__fixunssfsi+0x3e>
      ae:	c8 01       	movw	r24, r16
      b0:	b7 01       	movw	r22, r14
      b2:	20 e0       	ldi	r18, 0x00	; 0
      b4:	30 e0       	ldi	r19, 0x00	; 0
      b6:	40 e0       	ldi	r20, 0x00	; 0
      b8:	5f e4       	ldi	r21, 0x4F	; 79
      ba:	0e 94 c1 01 	call	0x382	; 0x382 <__subsf3>
      be:	0e 94 a9 03 	call	0x752	; 0x752 <__fixsfsi>
      c2:	9b 01       	movw	r18, r22
      c4:	ac 01       	movw	r20, r24
      c6:	20 50       	subi	r18, 0x00	; 0
      c8:	30 40       	sbci	r19, 0x00	; 0
      ca:	40 40       	sbci	r20, 0x00	; 0
      cc:	50 48       	sbci	r21, 0x80	; 128
      ce:	06 c0       	rjmp	.+12     	; 0xdc <__fixunssfsi+0x4a>
      d0:	c8 01       	movw	r24, r16
      d2:	b7 01       	movw	r22, r14
      d4:	0e 94 a9 03 	call	0x752	; 0x752 <__fixsfsi>
      d8:	9b 01       	movw	r18, r22
      da:	ac 01       	movw	r20, r24
      dc:	b9 01       	movw	r22, r18
      de:	ca 01       	movw	r24, r20
      e0:	1f 91       	pop	r17
      e2:	0f 91       	pop	r16
      e4:	ff 90       	pop	r15
      e6:	ef 90       	pop	r14
      e8:	08 95       	ret

000000ea <_fpadd_parts>:
      ea:	a0 e0       	ldi	r26, 0x00	; 0
      ec:	b0 e0       	ldi	r27, 0x00	; 0
      ee:	eb e7       	ldi	r30, 0x7B	; 123
      f0:	f0 e0       	ldi	r31, 0x00	; 0
      f2:	0c 94 b7 12 	jmp	0x256e	; 0x256e <__prologue_saves__>
      f6:	dc 01       	movw	r26, r24
      f8:	2b 01       	movw	r4, r22
      fa:	fa 01       	movw	r30, r20
      fc:	9c 91       	ld	r25, X
      fe:	92 30       	cpi	r25, 0x02	; 2
     100:	08 f4       	brcc	.+2      	; 0x104 <_fpadd_parts+0x1a>
     102:	39 c1       	rjmp	.+626    	; 0x376 <_fpadd_parts+0x28c>
     104:	eb 01       	movw	r28, r22
     106:	88 81       	ld	r24, Y
     108:	82 30       	cpi	r24, 0x02	; 2
     10a:	08 f4       	brcc	.+2      	; 0x10e <_fpadd_parts+0x24>
     10c:	33 c1       	rjmp	.+614    	; 0x374 <_fpadd_parts+0x28a>
     10e:	94 30       	cpi	r25, 0x04	; 4
     110:	69 f4       	brne	.+26     	; 0x12c <_fpadd_parts+0x42>
     112:	84 30       	cpi	r24, 0x04	; 4
     114:	09 f0       	breq	.+2      	; 0x118 <_fpadd_parts+0x2e>
     116:	2f c1       	rjmp	.+606    	; 0x376 <_fpadd_parts+0x28c>
     118:	11 96       	adiw	r26, 0x01	; 1
     11a:	9c 91       	ld	r25, X
     11c:	11 97       	sbiw	r26, 0x01	; 1
     11e:	89 81       	ldd	r24, Y+1	; 0x01
     120:	98 17       	cp	r25, r24
     122:	09 f4       	brne	.+2      	; 0x126 <_fpadd_parts+0x3c>
     124:	28 c1       	rjmp	.+592    	; 0x376 <_fpadd_parts+0x28c>
     126:	a8 e7       	ldi	r26, 0x78	; 120
     128:	b0 e0       	ldi	r27, 0x00	; 0
     12a:	25 c1       	rjmp	.+586    	; 0x376 <_fpadd_parts+0x28c>
     12c:	84 30       	cpi	r24, 0x04	; 4
     12e:	09 f4       	brne	.+2      	; 0x132 <_fpadd_parts+0x48>
     130:	21 c1       	rjmp	.+578    	; 0x374 <_fpadd_parts+0x28a>
     132:	82 30       	cpi	r24, 0x02	; 2
     134:	a9 f4       	brne	.+42     	; 0x160 <_fpadd_parts+0x76>
     136:	92 30       	cpi	r25, 0x02	; 2
     138:	09 f0       	breq	.+2      	; 0x13c <_fpadd_parts+0x52>
     13a:	1d c1       	rjmp	.+570    	; 0x376 <_fpadd_parts+0x28c>
     13c:	9a 01       	movw	r18, r20
     13e:	ad 01       	movw	r20, r26
     140:	88 e0       	ldi	r24, 0x08	; 8
     142:	ea 01       	movw	r28, r20
     144:	09 90       	ld	r0, Y+
     146:	ae 01       	movw	r20, r28
     148:	e9 01       	movw	r28, r18
     14a:	09 92       	st	Y+, r0
     14c:	9e 01       	movw	r18, r28
     14e:	81 50       	subi	r24, 0x01	; 1
     150:	c1 f7       	brne	.-16     	; 0x142 <_fpadd_parts+0x58>
     152:	e2 01       	movw	r28, r4
     154:	89 81       	ldd	r24, Y+1	; 0x01
     156:	11 96       	adiw	r26, 0x01	; 1
     158:	9c 91       	ld	r25, X
     15a:	89 23       	and	r24, r25
     15c:	81 83       	std	Z+1, r24	; 0x01
     15e:	08 c1       	rjmp	.+528    	; 0x370 <_fpadd_parts+0x286>
     160:	92 30       	cpi	r25, 0x02	; 2
     162:	09 f4       	brne	.+2      	; 0x166 <_fpadd_parts+0x7c>
     164:	07 c1       	rjmp	.+526    	; 0x374 <_fpadd_parts+0x28a>
     166:	12 96       	adiw	r26, 0x02	; 2
     168:	2d 90       	ld	r2, X+
     16a:	3c 90       	ld	r3, X
     16c:	13 97       	sbiw	r26, 0x03	; 3
     16e:	eb 01       	movw	r28, r22
     170:	8a 81       	ldd	r24, Y+2	; 0x02
     172:	9b 81       	ldd	r25, Y+3	; 0x03
     174:	14 96       	adiw	r26, 0x04	; 4
     176:	ad 90       	ld	r10, X+
     178:	bd 90       	ld	r11, X+
     17a:	cd 90       	ld	r12, X+
     17c:	dc 90       	ld	r13, X
     17e:	17 97       	sbiw	r26, 0x07	; 7
     180:	ec 80       	ldd	r14, Y+4	; 0x04
     182:	fd 80       	ldd	r15, Y+5	; 0x05
     184:	0e 81       	ldd	r16, Y+6	; 0x06
     186:	1f 81       	ldd	r17, Y+7	; 0x07
     188:	91 01       	movw	r18, r2
     18a:	28 1b       	sub	r18, r24
     18c:	39 0b       	sbc	r19, r25
     18e:	b9 01       	movw	r22, r18
     190:	37 ff       	sbrs	r19, 7
     192:	04 c0       	rjmp	.+8      	; 0x19c <_fpadd_parts+0xb2>
     194:	66 27       	eor	r22, r22
     196:	77 27       	eor	r23, r23
     198:	62 1b       	sub	r22, r18
     19a:	73 0b       	sbc	r23, r19
     19c:	60 32       	cpi	r22, 0x20	; 32
     19e:	71 05       	cpc	r23, r1
     1a0:	0c f0       	brlt	.+2      	; 0x1a4 <_fpadd_parts+0xba>
     1a2:	61 c0       	rjmp	.+194    	; 0x266 <_fpadd_parts+0x17c>
     1a4:	12 16       	cp	r1, r18
     1a6:	13 06       	cpc	r1, r19
     1a8:	6c f5       	brge	.+90     	; 0x204 <_fpadd_parts+0x11a>
     1aa:	37 01       	movw	r6, r14
     1ac:	48 01       	movw	r8, r16
     1ae:	06 2e       	mov	r0, r22
     1b0:	04 c0       	rjmp	.+8      	; 0x1ba <_fpadd_parts+0xd0>
     1b2:	96 94       	lsr	r9
     1b4:	87 94       	ror	r8
     1b6:	77 94       	ror	r7
     1b8:	67 94       	ror	r6
     1ba:	0a 94       	dec	r0
     1bc:	d2 f7       	brpl	.-12     	; 0x1b2 <_fpadd_parts+0xc8>
     1be:	21 e0       	ldi	r18, 0x01	; 1
     1c0:	30 e0       	ldi	r19, 0x00	; 0
     1c2:	40 e0       	ldi	r20, 0x00	; 0
     1c4:	50 e0       	ldi	r21, 0x00	; 0
     1c6:	04 c0       	rjmp	.+8      	; 0x1d0 <_fpadd_parts+0xe6>
     1c8:	22 0f       	add	r18, r18
     1ca:	33 1f       	adc	r19, r19
     1cc:	44 1f       	adc	r20, r20
     1ce:	55 1f       	adc	r21, r21
     1d0:	6a 95       	dec	r22
     1d2:	d2 f7       	brpl	.-12     	; 0x1c8 <_fpadd_parts+0xde>
     1d4:	21 50       	subi	r18, 0x01	; 1
     1d6:	30 40       	sbci	r19, 0x00	; 0
     1d8:	40 40       	sbci	r20, 0x00	; 0
     1da:	50 40       	sbci	r21, 0x00	; 0
     1dc:	2e 21       	and	r18, r14
     1de:	3f 21       	and	r19, r15
     1e0:	40 23       	and	r20, r16
     1e2:	51 23       	and	r21, r17
     1e4:	21 15       	cp	r18, r1
     1e6:	31 05       	cpc	r19, r1
     1e8:	41 05       	cpc	r20, r1
     1ea:	51 05       	cpc	r21, r1
     1ec:	21 f0       	breq	.+8      	; 0x1f6 <_fpadd_parts+0x10c>
     1ee:	21 e0       	ldi	r18, 0x01	; 1
     1f0:	30 e0       	ldi	r19, 0x00	; 0
     1f2:	40 e0       	ldi	r20, 0x00	; 0
     1f4:	50 e0       	ldi	r21, 0x00	; 0
     1f6:	79 01       	movw	r14, r18
     1f8:	8a 01       	movw	r16, r20
     1fa:	e6 28       	or	r14, r6
     1fc:	f7 28       	or	r15, r7
     1fe:	08 29       	or	r16, r8
     200:	19 29       	or	r17, r9
     202:	3c c0       	rjmp	.+120    	; 0x27c <_fpadd_parts+0x192>
     204:	23 2b       	or	r18, r19
     206:	d1 f1       	breq	.+116    	; 0x27c <_fpadd_parts+0x192>
     208:	26 0e       	add	r2, r22
     20a:	37 1e       	adc	r3, r23
     20c:	35 01       	movw	r6, r10
     20e:	46 01       	movw	r8, r12
     210:	06 2e       	mov	r0, r22
     212:	04 c0       	rjmp	.+8      	; 0x21c <_fpadd_parts+0x132>
     214:	96 94       	lsr	r9
     216:	87 94       	ror	r8
     218:	77 94       	ror	r7
     21a:	67 94       	ror	r6
     21c:	0a 94       	dec	r0
     21e:	d2 f7       	brpl	.-12     	; 0x214 <_fpadd_parts+0x12a>
     220:	21 e0       	ldi	r18, 0x01	; 1
     222:	30 e0       	ldi	r19, 0x00	; 0
     224:	40 e0       	ldi	r20, 0x00	; 0
     226:	50 e0       	ldi	r21, 0x00	; 0
     228:	04 c0       	rjmp	.+8      	; 0x232 <_fpadd_parts+0x148>
     22a:	22 0f       	add	r18, r18
     22c:	33 1f       	adc	r19, r19
     22e:	44 1f       	adc	r20, r20
     230:	55 1f       	adc	r21, r21
     232:	6a 95       	dec	r22
     234:	d2 f7       	brpl	.-12     	; 0x22a <_fpadd_parts+0x140>
     236:	21 50       	subi	r18, 0x01	; 1
     238:	30 40       	sbci	r19, 0x00	; 0
     23a:	40 40       	sbci	r20, 0x00	; 0
     23c:	50 40       	sbci	r21, 0x00	; 0
     23e:	2a 21       	and	r18, r10
     240:	3b 21       	and	r19, r11
     242:	4c 21       	and	r20, r12
     244:	5d 21       	and	r21, r13
     246:	21 15       	cp	r18, r1
     248:	31 05       	cpc	r19, r1
     24a:	41 05       	cpc	r20, r1
     24c:	51 05       	cpc	r21, r1
     24e:	21 f0       	breq	.+8      	; 0x258 <_fpadd_parts+0x16e>
     250:	21 e0       	ldi	r18, 0x01	; 1
     252:	30 e0       	ldi	r19, 0x00	; 0
     254:	40 e0       	ldi	r20, 0x00	; 0
     256:	50 e0       	ldi	r21, 0x00	; 0
     258:	59 01       	movw	r10, r18
     25a:	6a 01       	movw	r12, r20
     25c:	a6 28       	or	r10, r6
     25e:	b7 28       	or	r11, r7
     260:	c8 28       	or	r12, r8
     262:	d9 28       	or	r13, r9
     264:	0b c0       	rjmp	.+22     	; 0x27c <_fpadd_parts+0x192>
     266:	82 15       	cp	r24, r2
     268:	93 05       	cpc	r25, r3
     26a:	2c f0       	brlt	.+10     	; 0x276 <_fpadd_parts+0x18c>
     26c:	1c 01       	movw	r2, r24
     26e:	aa 24       	eor	r10, r10
     270:	bb 24       	eor	r11, r11
     272:	65 01       	movw	r12, r10
     274:	03 c0       	rjmp	.+6      	; 0x27c <_fpadd_parts+0x192>
     276:	ee 24       	eor	r14, r14
     278:	ff 24       	eor	r15, r15
     27a:	87 01       	movw	r16, r14
     27c:	11 96       	adiw	r26, 0x01	; 1
     27e:	9c 91       	ld	r25, X
     280:	d2 01       	movw	r26, r4
     282:	11 96       	adiw	r26, 0x01	; 1
     284:	8c 91       	ld	r24, X
     286:	98 17       	cp	r25, r24
     288:	09 f4       	brne	.+2      	; 0x28c <_fpadd_parts+0x1a2>
     28a:	45 c0       	rjmp	.+138    	; 0x316 <_fpadd_parts+0x22c>
     28c:	99 23       	and	r25, r25
     28e:	39 f0       	breq	.+14     	; 0x29e <_fpadd_parts+0x1b4>
     290:	a8 01       	movw	r20, r16
     292:	97 01       	movw	r18, r14
     294:	2a 19       	sub	r18, r10
     296:	3b 09       	sbc	r19, r11
     298:	4c 09       	sbc	r20, r12
     29a:	5d 09       	sbc	r21, r13
     29c:	06 c0       	rjmp	.+12     	; 0x2aa <_fpadd_parts+0x1c0>
     29e:	a6 01       	movw	r20, r12
     2a0:	95 01       	movw	r18, r10
     2a2:	2e 19       	sub	r18, r14
     2a4:	3f 09       	sbc	r19, r15
     2a6:	40 0b       	sbc	r20, r16
     2a8:	51 0b       	sbc	r21, r17
     2aa:	57 fd       	sbrc	r21, 7
     2ac:	08 c0       	rjmp	.+16     	; 0x2be <_fpadd_parts+0x1d4>
     2ae:	11 82       	std	Z+1, r1	; 0x01
     2b0:	33 82       	std	Z+3, r3	; 0x03
     2b2:	22 82       	std	Z+2, r2	; 0x02
     2b4:	24 83       	std	Z+4, r18	; 0x04
     2b6:	35 83       	std	Z+5, r19	; 0x05
     2b8:	46 83       	std	Z+6, r20	; 0x06
     2ba:	57 83       	std	Z+7, r21	; 0x07
     2bc:	1d c0       	rjmp	.+58     	; 0x2f8 <_fpadd_parts+0x20e>
     2be:	81 e0       	ldi	r24, 0x01	; 1
     2c0:	81 83       	std	Z+1, r24	; 0x01
     2c2:	33 82       	std	Z+3, r3	; 0x03
     2c4:	22 82       	std	Z+2, r2	; 0x02
     2c6:	88 27       	eor	r24, r24
     2c8:	99 27       	eor	r25, r25
     2ca:	dc 01       	movw	r26, r24
     2cc:	82 1b       	sub	r24, r18
     2ce:	93 0b       	sbc	r25, r19
     2d0:	a4 0b       	sbc	r26, r20
     2d2:	b5 0b       	sbc	r27, r21
     2d4:	84 83       	std	Z+4, r24	; 0x04
     2d6:	95 83       	std	Z+5, r25	; 0x05
     2d8:	a6 83       	std	Z+6, r26	; 0x06
     2da:	b7 83       	std	Z+7, r27	; 0x07
     2dc:	0d c0       	rjmp	.+26     	; 0x2f8 <_fpadd_parts+0x20e>
     2de:	22 0f       	add	r18, r18
     2e0:	33 1f       	adc	r19, r19
     2e2:	44 1f       	adc	r20, r20
     2e4:	55 1f       	adc	r21, r21
     2e6:	24 83       	std	Z+4, r18	; 0x04
     2e8:	35 83       	std	Z+5, r19	; 0x05
     2ea:	46 83       	std	Z+6, r20	; 0x06
     2ec:	57 83       	std	Z+7, r21	; 0x07
     2ee:	82 81       	ldd	r24, Z+2	; 0x02
     2f0:	93 81       	ldd	r25, Z+3	; 0x03
     2f2:	01 97       	sbiw	r24, 0x01	; 1
     2f4:	93 83       	std	Z+3, r25	; 0x03
     2f6:	82 83       	std	Z+2, r24	; 0x02
     2f8:	24 81       	ldd	r18, Z+4	; 0x04
     2fa:	35 81       	ldd	r19, Z+5	; 0x05
     2fc:	46 81       	ldd	r20, Z+6	; 0x06
     2fe:	57 81       	ldd	r21, Z+7	; 0x07
     300:	da 01       	movw	r26, r20
     302:	c9 01       	movw	r24, r18
     304:	01 97       	sbiw	r24, 0x01	; 1
     306:	a1 09       	sbc	r26, r1
     308:	b1 09       	sbc	r27, r1
     30a:	8f 5f       	subi	r24, 0xFF	; 255
     30c:	9f 4f       	sbci	r25, 0xFF	; 255
     30e:	af 4f       	sbci	r26, 0xFF	; 255
     310:	bf 43       	sbci	r27, 0x3F	; 63
     312:	28 f3       	brcs	.-54     	; 0x2de <_fpadd_parts+0x1f4>
     314:	0b c0       	rjmp	.+22     	; 0x32c <_fpadd_parts+0x242>
     316:	91 83       	std	Z+1, r25	; 0x01
     318:	33 82       	std	Z+3, r3	; 0x03
     31a:	22 82       	std	Z+2, r2	; 0x02
     31c:	ea 0c       	add	r14, r10
     31e:	fb 1c       	adc	r15, r11
     320:	0c 1d       	adc	r16, r12
     322:	1d 1d       	adc	r17, r13
     324:	e4 82       	std	Z+4, r14	; 0x04
     326:	f5 82       	std	Z+5, r15	; 0x05
     328:	06 83       	std	Z+6, r16	; 0x06
     32a:	17 83       	std	Z+7, r17	; 0x07
     32c:	83 e0       	ldi	r24, 0x03	; 3
     32e:	80 83       	st	Z, r24
     330:	24 81       	ldd	r18, Z+4	; 0x04
     332:	35 81       	ldd	r19, Z+5	; 0x05
     334:	46 81       	ldd	r20, Z+6	; 0x06
     336:	57 81       	ldd	r21, Z+7	; 0x07
     338:	57 ff       	sbrs	r21, 7
     33a:	1a c0       	rjmp	.+52     	; 0x370 <_fpadd_parts+0x286>
     33c:	c9 01       	movw	r24, r18
     33e:	aa 27       	eor	r26, r26
     340:	97 fd       	sbrc	r25, 7
     342:	a0 95       	com	r26
     344:	ba 2f       	mov	r27, r26
     346:	81 70       	andi	r24, 0x01	; 1
     348:	90 70       	andi	r25, 0x00	; 0
     34a:	a0 70       	andi	r26, 0x00	; 0
     34c:	b0 70       	andi	r27, 0x00	; 0
     34e:	56 95       	lsr	r21
     350:	47 95       	ror	r20
     352:	37 95       	ror	r19
     354:	27 95       	ror	r18
     356:	82 2b       	or	r24, r18
     358:	93 2b       	or	r25, r19
     35a:	a4 2b       	or	r26, r20
     35c:	b5 2b       	or	r27, r21
     35e:	84 83       	std	Z+4, r24	; 0x04
     360:	95 83       	std	Z+5, r25	; 0x05
     362:	a6 83       	std	Z+6, r26	; 0x06
     364:	b7 83       	std	Z+7, r27	; 0x07
     366:	82 81       	ldd	r24, Z+2	; 0x02
     368:	93 81       	ldd	r25, Z+3	; 0x03
     36a:	01 96       	adiw	r24, 0x01	; 1
     36c:	93 83       	std	Z+3, r25	; 0x03
     36e:	82 83       	std	Z+2, r24	; 0x02
     370:	df 01       	movw	r26, r30
     372:	01 c0       	rjmp	.+2      	; 0x376 <_fpadd_parts+0x28c>
     374:	d2 01       	movw	r26, r4
     376:	cd 01       	movw	r24, r26
     378:	cd b7       	in	r28, 0x3d	; 61
     37a:	de b7       	in	r29, 0x3e	; 62
     37c:	e2 e1       	ldi	r30, 0x12	; 18
     37e:	0c 94 d3 12 	jmp	0x25a6	; 0x25a6 <__epilogue_restores__>

00000382 <__subsf3>:
     382:	a0 e2       	ldi	r26, 0x20	; 32
     384:	b0 e0       	ldi	r27, 0x00	; 0
     386:	e7 ec       	ldi	r30, 0xC7	; 199
     388:	f1 e0       	ldi	r31, 0x01	; 1
     38a:	0c 94 c3 12 	jmp	0x2586	; 0x2586 <__prologue_saves__+0x18>
     38e:	69 83       	std	Y+1, r22	; 0x01
     390:	7a 83       	std	Y+2, r23	; 0x02
     392:	8b 83       	std	Y+3, r24	; 0x03
     394:	9c 83       	std	Y+4, r25	; 0x04
     396:	2d 83       	std	Y+5, r18	; 0x05
     398:	3e 83       	std	Y+6, r19	; 0x06
     39a:	4f 83       	std	Y+7, r20	; 0x07
     39c:	58 87       	std	Y+8, r21	; 0x08
     39e:	e9 e0       	ldi	r30, 0x09	; 9
     3a0:	ee 2e       	mov	r14, r30
     3a2:	f1 2c       	mov	r15, r1
     3a4:	ec 0e       	add	r14, r28
     3a6:	fd 1e       	adc	r15, r29
     3a8:	ce 01       	movw	r24, r28
     3aa:	01 96       	adiw	r24, 0x01	; 1
     3ac:	b7 01       	movw	r22, r14
     3ae:	0e 94 d2 04 	call	0x9a4	; 0x9a4 <__unpack_f>
     3b2:	8e 01       	movw	r16, r28
     3b4:	0f 5e       	subi	r16, 0xEF	; 239
     3b6:	1f 4f       	sbci	r17, 0xFF	; 255
     3b8:	ce 01       	movw	r24, r28
     3ba:	05 96       	adiw	r24, 0x05	; 5
     3bc:	b8 01       	movw	r22, r16
     3be:	0e 94 d2 04 	call	0x9a4	; 0x9a4 <__unpack_f>
     3c2:	8a 89       	ldd	r24, Y+18	; 0x12
     3c4:	91 e0       	ldi	r25, 0x01	; 1
     3c6:	89 27       	eor	r24, r25
     3c8:	8a 8b       	std	Y+18, r24	; 0x12
     3ca:	c7 01       	movw	r24, r14
     3cc:	b8 01       	movw	r22, r16
     3ce:	ae 01       	movw	r20, r28
     3d0:	47 5e       	subi	r20, 0xE7	; 231
     3d2:	5f 4f       	sbci	r21, 0xFF	; 255
     3d4:	0e 94 75 00 	call	0xea	; 0xea <_fpadd_parts>
     3d8:	0e 94 fd 03 	call	0x7fa	; 0x7fa <__pack_f>
     3dc:	a0 96       	adiw	r28, 0x20	; 32
     3de:	e6 e0       	ldi	r30, 0x06	; 6
     3e0:	0c 94 df 12 	jmp	0x25be	; 0x25be <__epilogue_restores__+0x18>

000003e4 <__addsf3>:
     3e4:	a0 e2       	ldi	r26, 0x20	; 32
     3e6:	b0 e0       	ldi	r27, 0x00	; 0
     3e8:	e8 ef       	ldi	r30, 0xF8	; 248
     3ea:	f1 e0       	ldi	r31, 0x01	; 1
     3ec:	0c 94 c3 12 	jmp	0x2586	; 0x2586 <__prologue_saves__+0x18>
     3f0:	69 83       	std	Y+1, r22	; 0x01
     3f2:	7a 83       	std	Y+2, r23	; 0x02
     3f4:	8b 83       	std	Y+3, r24	; 0x03
     3f6:	9c 83       	std	Y+4, r25	; 0x04
     3f8:	2d 83       	std	Y+5, r18	; 0x05
     3fa:	3e 83       	std	Y+6, r19	; 0x06
     3fc:	4f 83       	std	Y+7, r20	; 0x07
     3fe:	58 87       	std	Y+8, r21	; 0x08
     400:	f9 e0       	ldi	r31, 0x09	; 9
     402:	ef 2e       	mov	r14, r31
     404:	f1 2c       	mov	r15, r1
     406:	ec 0e       	add	r14, r28
     408:	fd 1e       	adc	r15, r29
     40a:	ce 01       	movw	r24, r28
     40c:	01 96       	adiw	r24, 0x01	; 1
     40e:	b7 01       	movw	r22, r14
     410:	0e 94 d2 04 	call	0x9a4	; 0x9a4 <__unpack_f>
     414:	8e 01       	movw	r16, r28
     416:	0f 5e       	subi	r16, 0xEF	; 239
     418:	1f 4f       	sbci	r17, 0xFF	; 255
     41a:	ce 01       	movw	r24, r28
     41c:	05 96       	adiw	r24, 0x05	; 5
     41e:	b8 01       	movw	r22, r16
     420:	0e 94 d2 04 	call	0x9a4	; 0x9a4 <__unpack_f>
     424:	c7 01       	movw	r24, r14
     426:	b8 01       	movw	r22, r16
     428:	ae 01       	movw	r20, r28
     42a:	47 5e       	subi	r20, 0xE7	; 231
     42c:	5f 4f       	sbci	r21, 0xFF	; 255
     42e:	0e 94 75 00 	call	0xea	; 0xea <_fpadd_parts>
     432:	0e 94 fd 03 	call	0x7fa	; 0x7fa <__pack_f>
     436:	a0 96       	adiw	r28, 0x20	; 32
     438:	e6 e0       	ldi	r30, 0x06	; 6
     43a:	0c 94 df 12 	jmp	0x25be	; 0x25be <__epilogue_restores__+0x18>

0000043e <__mulsf3>:
     43e:	a0 e2       	ldi	r26, 0x20	; 32
     440:	b0 e0       	ldi	r27, 0x00	; 0
     442:	e5 e2       	ldi	r30, 0x25	; 37
     444:	f2 e0       	ldi	r31, 0x02	; 2
     446:	0c 94 b7 12 	jmp	0x256e	; 0x256e <__prologue_saves__>
     44a:	69 83       	std	Y+1, r22	; 0x01
     44c:	7a 83       	std	Y+2, r23	; 0x02
     44e:	8b 83       	std	Y+3, r24	; 0x03
     450:	9c 83       	std	Y+4, r25	; 0x04
     452:	2d 83       	std	Y+5, r18	; 0x05
     454:	3e 83       	std	Y+6, r19	; 0x06
     456:	4f 83       	std	Y+7, r20	; 0x07
     458:	58 87       	std	Y+8, r21	; 0x08
     45a:	ce 01       	movw	r24, r28
     45c:	01 96       	adiw	r24, 0x01	; 1
     45e:	be 01       	movw	r22, r28
     460:	67 5f       	subi	r22, 0xF7	; 247
     462:	7f 4f       	sbci	r23, 0xFF	; 255
     464:	0e 94 d2 04 	call	0x9a4	; 0x9a4 <__unpack_f>
     468:	ce 01       	movw	r24, r28
     46a:	05 96       	adiw	r24, 0x05	; 5
     46c:	be 01       	movw	r22, r28
     46e:	6f 5e       	subi	r22, 0xEF	; 239
     470:	7f 4f       	sbci	r23, 0xFF	; 255
     472:	0e 94 d2 04 	call	0x9a4	; 0x9a4 <__unpack_f>
     476:	99 85       	ldd	r25, Y+9	; 0x09
     478:	92 30       	cpi	r25, 0x02	; 2
     47a:	88 f0       	brcs	.+34     	; 0x49e <__mulsf3+0x60>
     47c:	89 89       	ldd	r24, Y+17	; 0x11
     47e:	82 30       	cpi	r24, 0x02	; 2
     480:	c8 f0       	brcs	.+50     	; 0x4b4 <__mulsf3+0x76>
     482:	94 30       	cpi	r25, 0x04	; 4
     484:	19 f4       	brne	.+6      	; 0x48c <__mulsf3+0x4e>
     486:	82 30       	cpi	r24, 0x02	; 2
     488:	51 f4       	brne	.+20     	; 0x49e <__mulsf3+0x60>
     48a:	04 c0       	rjmp	.+8      	; 0x494 <__mulsf3+0x56>
     48c:	84 30       	cpi	r24, 0x04	; 4
     48e:	29 f4       	brne	.+10     	; 0x49a <__mulsf3+0x5c>
     490:	92 30       	cpi	r25, 0x02	; 2
     492:	81 f4       	brne	.+32     	; 0x4b4 <__mulsf3+0x76>
     494:	88 e7       	ldi	r24, 0x78	; 120
     496:	90 e0       	ldi	r25, 0x00	; 0
     498:	c6 c0       	rjmp	.+396    	; 0x626 <__mulsf3+0x1e8>
     49a:	92 30       	cpi	r25, 0x02	; 2
     49c:	49 f4       	brne	.+18     	; 0x4b0 <__mulsf3+0x72>
     49e:	20 e0       	ldi	r18, 0x00	; 0
     4a0:	9a 85       	ldd	r25, Y+10	; 0x0a
     4a2:	8a 89       	ldd	r24, Y+18	; 0x12
     4a4:	98 13       	cpse	r25, r24
     4a6:	21 e0       	ldi	r18, 0x01	; 1
     4a8:	2a 87       	std	Y+10, r18	; 0x0a
     4aa:	ce 01       	movw	r24, r28
     4ac:	09 96       	adiw	r24, 0x09	; 9
     4ae:	bb c0       	rjmp	.+374    	; 0x626 <__mulsf3+0x1e8>
     4b0:	82 30       	cpi	r24, 0x02	; 2
     4b2:	49 f4       	brne	.+18     	; 0x4c6 <__mulsf3+0x88>
     4b4:	20 e0       	ldi	r18, 0x00	; 0
     4b6:	9a 85       	ldd	r25, Y+10	; 0x0a
     4b8:	8a 89       	ldd	r24, Y+18	; 0x12
     4ba:	98 13       	cpse	r25, r24
     4bc:	21 e0       	ldi	r18, 0x01	; 1
     4be:	2a 8b       	std	Y+18, r18	; 0x12
     4c0:	ce 01       	movw	r24, r28
     4c2:	41 96       	adiw	r24, 0x11	; 17
     4c4:	b0 c0       	rjmp	.+352    	; 0x626 <__mulsf3+0x1e8>
     4c6:	2d 84       	ldd	r2, Y+13	; 0x0d
     4c8:	3e 84       	ldd	r3, Y+14	; 0x0e
     4ca:	4f 84       	ldd	r4, Y+15	; 0x0f
     4cc:	58 88       	ldd	r5, Y+16	; 0x10
     4ce:	6d 88       	ldd	r6, Y+21	; 0x15
     4d0:	7e 88       	ldd	r7, Y+22	; 0x16
     4d2:	8f 88       	ldd	r8, Y+23	; 0x17
     4d4:	98 8c       	ldd	r9, Y+24	; 0x18
     4d6:	ee 24       	eor	r14, r14
     4d8:	ff 24       	eor	r15, r15
     4da:	87 01       	movw	r16, r14
     4dc:	aa 24       	eor	r10, r10
     4de:	bb 24       	eor	r11, r11
     4e0:	65 01       	movw	r12, r10
     4e2:	40 e0       	ldi	r20, 0x00	; 0
     4e4:	50 e0       	ldi	r21, 0x00	; 0
     4e6:	60 e0       	ldi	r22, 0x00	; 0
     4e8:	70 e0       	ldi	r23, 0x00	; 0
     4ea:	e0 e0       	ldi	r30, 0x00	; 0
     4ec:	f0 e0       	ldi	r31, 0x00	; 0
     4ee:	c1 01       	movw	r24, r2
     4f0:	81 70       	andi	r24, 0x01	; 1
     4f2:	90 70       	andi	r25, 0x00	; 0
     4f4:	89 2b       	or	r24, r25
     4f6:	e9 f0       	breq	.+58     	; 0x532 <__mulsf3+0xf4>
     4f8:	e6 0c       	add	r14, r6
     4fa:	f7 1c       	adc	r15, r7
     4fc:	08 1d       	adc	r16, r8
     4fe:	19 1d       	adc	r17, r9
     500:	9a 01       	movw	r18, r20
     502:	ab 01       	movw	r20, r22
     504:	2a 0d       	add	r18, r10
     506:	3b 1d       	adc	r19, r11
     508:	4c 1d       	adc	r20, r12
     50a:	5d 1d       	adc	r21, r13
     50c:	80 e0       	ldi	r24, 0x00	; 0
     50e:	90 e0       	ldi	r25, 0x00	; 0
     510:	a0 e0       	ldi	r26, 0x00	; 0
     512:	b0 e0       	ldi	r27, 0x00	; 0
     514:	e6 14       	cp	r14, r6
     516:	f7 04       	cpc	r15, r7
     518:	08 05       	cpc	r16, r8
     51a:	19 05       	cpc	r17, r9
     51c:	20 f4       	brcc	.+8      	; 0x526 <__mulsf3+0xe8>
     51e:	81 e0       	ldi	r24, 0x01	; 1
     520:	90 e0       	ldi	r25, 0x00	; 0
     522:	a0 e0       	ldi	r26, 0x00	; 0
     524:	b0 e0       	ldi	r27, 0x00	; 0
     526:	ba 01       	movw	r22, r20
     528:	a9 01       	movw	r20, r18
     52a:	48 0f       	add	r20, r24
     52c:	59 1f       	adc	r21, r25
     52e:	6a 1f       	adc	r22, r26
     530:	7b 1f       	adc	r23, r27
     532:	aa 0c       	add	r10, r10
     534:	bb 1c       	adc	r11, r11
     536:	cc 1c       	adc	r12, r12
     538:	dd 1c       	adc	r13, r13
     53a:	97 fe       	sbrs	r9, 7
     53c:	08 c0       	rjmp	.+16     	; 0x54e <__mulsf3+0x110>
     53e:	81 e0       	ldi	r24, 0x01	; 1
     540:	90 e0       	ldi	r25, 0x00	; 0
     542:	a0 e0       	ldi	r26, 0x00	; 0
     544:	b0 e0       	ldi	r27, 0x00	; 0
     546:	a8 2a       	or	r10, r24
     548:	b9 2a       	or	r11, r25
     54a:	ca 2a       	or	r12, r26
     54c:	db 2a       	or	r13, r27
     54e:	31 96       	adiw	r30, 0x01	; 1
     550:	e0 32       	cpi	r30, 0x20	; 32
     552:	f1 05       	cpc	r31, r1
     554:	49 f0       	breq	.+18     	; 0x568 <__mulsf3+0x12a>
     556:	66 0c       	add	r6, r6
     558:	77 1c       	adc	r7, r7
     55a:	88 1c       	adc	r8, r8
     55c:	99 1c       	adc	r9, r9
     55e:	56 94       	lsr	r5
     560:	47 94       	ror	r4
     562:	37 94       	ror	r3
     564:	27 94       	ror	r2
     566:	c3 cf       	rjmp	.-122    	; 0x4ee <__mulsf3+0xb0>
     568:	fa 85       	ldd	r31, Y+10	; 0x0a
     56a:	ea 89       	ldd	r30, Y+18	; 0x12
     56c:	2b 89       	ldd	r18, Y+19	; 0x13
     56e:	3c 89       	ldd	r19, Y+20	; 0x14
     570:	8b 85       	ldd	r24, Y+11	; 0x0b
     572:	9c 85       	ldd	r25, Y+12	; 0x0c
     574:	28 0f       	add	r18, r24
     576:	39 1f       	adc	r19, r25
     578:	2e 5f       	subi	r18, 0xFE	; 254
     57a:	3f 4f       	sbci	r19, 0xFF	; 255
     57c:	17 c0       	rjmp	.+46     	; 0x5ac <__mulsf3+0x16e>
     57e:	ca 01       	movw	r24, r20
     580:	81 70       	andi	r24, 0x01	; 1
     582:	90 70       	andi	r25, 0x00	; 0
     584:	89 2b       	or	r24, r25
     586:	61 f0       	breq	.+24     	; 0x5a0 <__mulsf3+0x162>
     588:	16 95       	lsr	r17
     58a:	07 95       	ror	r16
     58c:	f7 94       	ror	r15
     58e:	e7 94       	ror	r14
     590:	80 e0       	ldi	r24, 0x00	; 0
     592:	90 e0       	ldi	r25, 0x00	; 0
     594:	a0 e0       	ldi	r26, 0x00	; 0
     596:	b0 e8       	ldi	r27, 0x80	; 128
     598:	e8 2a       	or	r14, r24
     59a:	f9 2a       	or	r15, r25
     59c:	0a 2b       	or	r16, r26
     59e:	1b 2b       	or	r17, r27
     5a0:	76 95       	lsr	r23
     5a2:	67 95       	ror	r22
     5a4:	57 95       	ror	r21
     5a6:	47 95       	ror	r20
     5a8:	2f 5f       	subi	r18, 0xFF	; 255
     5aa:	3f 4f       	sbci	r19, 0xFF	; 255
     5ac:	77 fd       	sbrc	r23, 7
     5ae:	e7 cf       	rjmp	.-50     	; 0x57e <__mulsf3+0x140>
     5b0:	0c c0       	rjmp	.+24     	; 0x5ca <__mulsf3+0x18c>
     5b2:	44 0f       	add	r20, r20
     5b4:	55 1f       	adc	r21, r21
     5b6:	66 1f       	adc	r22, r22
     5b8:	77 1f       	adc	r23, r23
     5ba:	17 fd       	sbrc	r17, 7
     5bc:	41 60       	ori	r20, 0x01	; 1
     5be:	ee 0c       	add	r14, r14
     5c0:	ff 1c       	adc	r15, r15
     5c2:	00 1f       	adc	r16, r16
     5c4:	11 1f       	adc	r17, r17
     5c6:	21 50       	subi	r18, 0x01	; 1
     5c8:	30 40       	sbci	r19, 0x00	; 0
     5ca:	40 30       	cpi	r20, 0x00	; 0
     5cc:	90 e0       	ldi	r25, 0x00	; 0
     5ce:	59 07       	cpc	r21, r25
     5d0:	90 e0       	ldi	r25, 0x00	; 0
     5d2:	69 07       	cpc	r22, r25
     5d4:	90 e4       	ldi	r25, 0x40	; 64
     5d6:	79 07       	cpc	r23, r25
     5d8:	60 f3       	brcs	.-40     	; 0x5b2 <__mulsf3+0x174>
     5da:	2b 8f       	std	Y+27, r18	; 0x1b
     5dc:	3c 8f       	std	Y+28, r19	; 0x1c
     5de:	db 01       	movw	r26, r22
     5e0:	ca 01       	movw	r24, r20
     5e2:	8f 77       	andi	r24, 0x7F	; 127
     5e4:	90 70       	andi	r25, 0x00	; 0
     5e6:	a0 70       	andi	r26, 0x00	; 0
     5e8:	b0 70       	andi	r27, 0x00	; 0
     5ea:	80 34       	cpi	r24, 0x40	; 64
     5ec:	91 05       	cpc	r25, r1
     5ee:	a1 05       	cpc	r26, r1
     5f0:	b1 05       	cpc	r27, r1
     5f2:	61 f4       	brne	.+24     	; 0x60c <__mulsf3+0x1ce>
     5f4:	47 fd       	sbrc	r20, 7
     5f6:	0a c0       	rjmp	.+20     	; 0x60c <__mulsf3+0x1ce>
     5f8:	e1 14       	cp	r14, r1
     5fa:	f1 04       	cpc	r15, r1
     5fc:	01 05       	cpc	r16, r1
     5fe:	11 05       	cpc	r17, r1
     600:	29 f0       	breq	.+10     	; 0x60c <__mulsf3+0x1ce>
     602:	40 5c       	subi	r20, 0xC0	; 192
     604:	5f 4f       	sbci	r21, 0xFF	; 255
     606:	6f 4f       	sbci	r22, 0xFF	; 255
     608:	7f 4f       	sbci	r23, 0xFF	; 255
     60a:	40 78       	andi	r20, 0x80	; 128
     60c:	1a 8e       	std	Y+26, r1	; 0x1a
     60e:	fe 17       	cp	r31, r30
     610:	11 f0       	breq	.+4      	; 0x616 <__mulsf3+0x1d8>
     612:	81 e0       	ldi	r24, 0x01	; 1
     614:	8a 8f       	std	Y+26, r24	; 0x1a
     616:	4d 8f       	std	Y+29, r20	; 0x1d
     618:	5e 8f       	std	Y+30, r21	; 0x1e
     61a:	6f 8f       	std	Y+31, r22	; 0x1f
     61c:	78 a3       	std	Y+32, r23	; 0x20
     61e:	83 e0       	ldi	r24, 0x03	; 3
     620:	89 8f       	std	Y+25, r24	; 0x19
     622:	ce 01       	movw	r24, r28
     624:	49 96       	adiw	r24, 0x19	; 25
     626:	0e 94 fd 03 	call	0x7fa	; 0x7fa <__pack_f>
     62a:	a0 96       	adiw	r28, 0x20	; 32
     62c:	e2 e1       	ldi	r30, 0x12	; 18
     62e:	0c 94 d3 12 	jmp	0x25a6	; 0x25a6 <__epilogue_restores__>

00000632 <__gtsf2>:
     632:	a8 e1       	ldi	r26, 0x18	; 24
     634:	b0 e0       	ldi	r27, 0x00	; 0
     636:	ef e1       	ldi	r30, 0x1F	; 31
     638:	f3 e0       	ldi	r31, 0x03	; 3
     63a:	0c 94 c3 12 	jmp	0x2586	; 0x2586 <__prologue_saves__+0x18>
     63e:	69 83       	std	Y+1, r22	; 0x01
     640:	7a 83       	std	Y+2, r23	; 0x02
     642:	8b 83       	std	Y+3, r24	; 0x03
     644:	9c 83       	std	Y+4, r25	; 0x04
     646:	2d 83       	std	Y+5, r18	; 0x05
     648:	3e 83       	std	Y+6, r19	; 0x06
     64a:	4f 83       	std	Y+7, r20	; 0x07
     64c:	58 87       	std	Y+8, r21	; 0x08
     64e:	89 e0       	ldi	r24, 0x09	; 9
     650:	e8 2e       	mov	r14, r24
     652:	f1 2c       	mov	r15, r1
     654:	ec 0e       	add	r14, r28
     656:	fd 1e       	adc	r15, r29
     658:	ce 01       	movw	r24, r28
     65a:	01 96       	adiw	r24, 0x01	; 1
     65c:	b7 01       	movw	r22, r14
     65e:	0e 94 d2 04 	call	0x9a4	; 0x9a4 <__unpack_f>
     662:	8e 01       	movw	r16, r28
     664:	0f 5e       	subi	r16, 0xEF	; 239
     666:	1f 4f       	sbci	r17, 0xFF	; 255
     668:	ce 01       	movw	r24, r28
     66a:	05 96       	adiw	r24, 0x05	; 5
     66c:	b8 01       	movw	r22, r16
     66e:	0e 94 d2 04 	call	0x9a4	; 0x9a4 <__unpack_f>
     672:	89 85       	ldd	r24, Y+9	; 0x09
     674:	82 30       	cpi	r24, 0x02	; 2
     676:	40 f0       	brcs	.+16     	; 0x688 <__gtsf2+0x56>
     678:	89 89       	ldd	r24, Y+17	; 0x11
     67a:	82 30       	cpi	r24, 0x02	; 2
     67c:	28 f0       	brcs	.+10     	; 0x688 <__gtsf2+0x56>
     67e:	c7 01       	movw	r24, r14
     680:	b8 01       	movw	r22, r16
     682:	0e 94 4a 05 	call	0xa94	; 0xa94 <__fpcmp_parts_f>
     686:	01 c0       	rjmp	.+2      	; 0x68a <__gtsf2+0x58>
     688:	8f ef       	ldi	r24, 0xFF	; 255
     68a:	68 96       	adiw	r28, 0x18	; 24
     68c:	e6 e0       	ldi	r30, 0x06	; 6
     68e:	0c 94 df 12 	jmp	0x25be	; 0x25be <__epilogue_restores__+0x18>

00000692 <__gesf2>:
     692:	a8 e1       	ldi	r26, 0x18	; 24
     694:	b0 e0       	ldi	r27, 0x00	; 0
     696:	ef e4       	ldi	r30, 0x4F	; 79
     698:	f3 e0       	ldi	r31, 0x03	; 3
     69a:	0c 94 c3 12 	jmp	0x2586	; 0x2586 <__prologue_saves__+0x18>
     69e:	69 83       	std	Y+1, r22	; 0x01
     6a0:	7a 83       	std	Y+2, r23	; 0x02
     6a2:	8b 83       	std	Y+3, r24	; 0x03
     6a4:	9c 83       	std	Y+4, r25	; 0x04
     6a6:	2d 83       	std	Y+5, r18	; 0x05
     6a8:	3e 83       	std	Y+6, r19	; 0x06
     6aa:	4f 83       	std	Y+7, r20	; 0x07
     6ac:	58 87       	std	Y+8, r21	; 0x08
     6ae:	89 e0       	ldi	r24, 0x09	; 9
     6b0:	e8 2e       	mov	r14, r24
     6b2:	f1 2c       	mov	r15, r1
     6b4:	ec 0e       	add	r14, r28
     6b6:	fd 1e       	adc	r15, r29
     6b8:	ce 01       	movw	r24, r28
     6ba:	01 96       	adiw	r24, 0x01	; 1
     6bc:	b7 01       	movw	r22, r14
     6be:	0e 94 d2 04 	call	0x9a4	; 0x9a4 <__unpack_f>
     6c2:	8e 01       	movw	r16, r28
     6c4:	0f 5e       	subi	r16, 0xEF	; 239
     6c6:	1f 4f       	sbci	r17, 0xFF	; 255
     6c8:	ce 01       	movw	r24, r28
     6ca:	05 96       	adiw	r24, 0x05	; 5
     6cc:	b8 01       	movw	r22, r16
     6ce:	0e 94 d2 04 	call	0x9a4	; 0x9a4 <__unpack_f>
     6d2:	89 85       	ldd	r24, Y+9	; 0x09
     6d4:	82 30       	cpi	r24, 0x02	; 2
     6d6:	40 f0       	brcs	.+16     	; 0x6e8 <__gesf2+0x56>
     6d8:	89 89       	ldd	r24, Y+17	; 0x11
     6da:	82 30       	cpi	r24, 0x02	; 2
     6dc:	28 f0       	brcs	.+10     	; 0x6e8 <__gesf2+0x56>
     6de:	c7 01       	movw	r24, r14
     6e0:	b8 01       	movw	r22, r16
     6e2:	0e 94 4a 05 	call	0xa94	; 0xa94 <__fpcmp_parts_f>
     6e6:	01 c0       	rjmp	.+2      	; 0x6ea <__gesf2+0x58>
     6e8:	8f ef       	ldi	r24, 0xFF	; 255
     6ea:	68 96       	adiw	r28, 0x18	; 24
     6ec:	e6 e0       	ldi	r30, 0x06	; 6
     6ee:	0c 94 df 12 	jmp	0x25be	; 0x25be <__epilogue_restores__+0x18>

000006f2 <__ltsf2>:
     6f2:	a8 e1       	ldi	r26, 0x18	; 24
     6f4:	b0 e0       	ldi	r27, 0x00	; 0
     6f6:	ef e7       	ldi	r30, 0x7F	; 127
     6f8:	f3 e0       	ldi	r31, 0x03	; 3
     6fa:	0c 94 c3 12 	jmp	0x2586	; 0x2586 <__prologue_saves__+0x18>
     6fe:	69 83       	std	Y+1, r22	; 0x01
     700:	7a 83       	std	Y+2, r23	; 0x02
     702:	8b 83       	std	Y+3, r24	; 0x03
     704:	9c 83       	std	Y+4, r25	; 0x04
     706:	2d 83       	std	Y+5, r18	; 0x05
     708:	3e 83       	std	Y+6, r19	; 0x06
     70a:	4f 83       	std	Y+7, r20	; 0x07
     70c:	58 87       	std	Y+8, r21	; 0x08
     70e:	89 e0       	ldi	r24, 0x09	; 9
     710:	e8 2e       	mov	r14, r24
     712:	f1 2c       	mov	r15, r1
     714:	ec 0e       	add	r14, r28
     716:	fd 1e       	adc	r15, r29
     718:	ce 01       	movw	r24, r28
     71a:	01 96       	adiw	r24, 0x01	; 1
     71c:	b7 01       	movw	r22, r14
     71e:	0e 94 d2 04 	call	0x9a4	; 0x9a4 <__unpack_f>
     722:	8e 01       	movw	r16, r28
     724:	0f 5e       	subi	r16, 0xEF	; 239
     726:	1f 4f       	sbci	r17, 0xFF	; 255
     728:	ce 01       	movw	r24, r28
     72a:	05 96       	adiw	r24, 0x05	; 5
     72c:	b8 01       	movw	r22, r16
     72e:	0e 94 d2 04 	call	0x9a4	; 0x9a4 <__unpack_f>
     732:	89 85       	ldd	r24, Y+9	; 0x09
     734:	82 30       	cpi	r24, 0x02	; 2
     736:	40 f0       	brcs	.+16     	; 0x748 <__ltsf2+0x56>
     738:	89 89       	ldd	r24, Y+17	; 0x11
     73a:	82 30       	cpi	r24, 0x02	; 2
     73c:	28 f0       	brcs	.+10     	; 0x748 <__ltsf2+0x56>
     73e:	c7 01       	movw	r24, r14
     740:	b8 01       	movw	r22, r16
     742:	0e 94 4a 05 	call	0xa94	; 0xa94 <__fpcmp_parts_f>
     746:	01 c0       	rjmp	.+2      	; 0x74a <__ltsf2+0x58>
     748:	81 e0       	ldi	r24, 0x01	; 1
     74a:	68 96       	adiw	r28, 0x18	; 24
     74c:	e6 e0       	ldi	r30, 0x06	; 6
     74e:	0c 94 df 12 	jmp	0x25be	; 0x25be <__epilogue_restores__+0x18>

00000752 <__fixsfsi>:
     752:	ac e0       	ldi	r26, 0x0C	; 12
     754:	b0 e0       	ldi	r27, 0x00	; 0
     756:	ef ea       	ldi	r30, 0xAF	; 175
     758:	f3 e0       	ldi	r31, 0x03	; 3
     75a:	0c 94 c7 12 	jmp	0x258e	; 0x258e <__prologue_saves__+0x20>
     75e:	69 83       	std	Y+1, r22	; 0x01
     760:	7a 83       	std	Y+2, r23	; 0x02
     762:	8b 83       	std	Y+3, r24	; 0x03
     764:	9c 83       	std	Y+4, r25	; 0x04
     766:	ce 01       	movw	r24, r28
     768:	01 96       	adiw	r24, 0x01	; 1
     76a:	be 01       	movw	r22, r28
     76c:	6b 5f       	subi	r22, 0xFB	; 251
     76e:	7f 4f       	sbci	r23, 0xFF	; 255
     770:	0e 94 d2 04 	call	0x9a4	; 0x9a4 <__unpack_f>
     774:	8d 81       	ldd	r24, Y+5	; 0x05
     776:	82 30       	cpi	r24, 0x02	; 2
     778:	61 f1       	breq	.+88     	; 0x7d2 <__fixsfsi+0x80>
     77a:	82 30       	cpi	r24, 0x02	; 2
     77c:	50 f1       	brcs	.+84     	; 0x7d2 <__fixsfsi+0x80>
     77e:	84 30       	cpi	r24, 0x04	; 4
     780:	21 f4       	brne	.+8      	; 0x78a <__fixsfsi+0x38>
     782:	8e 81       	ldd	r24, Y+6	; 0x06
     784:	88 23       	and	r24, r24
     786:	51 f1       	breq	.+84     	; 0x7dc <__fixsfsi+0x8a>
     788:	2e c0       	rjmp	.+92     	; 0x7e6 <__fixsfsi+0x94>
     78a:	2f 81       	ldd	r18, Y+7	; 0x07
     78c:	38 85       	ldd	r19, Y+8	; 0x08
     78e:	37 fd       	sbrc	r19, 7
     790:	20 c0       	rjmp	.+64     	; 0x7d2 <__fixsfsi+0x80>
     792:	6e 81       	ldd	r22, Y+6	; 0x06
     794:	2f 31       	cpi	r18, 0x1F	; 31
     796:	31 05       	cpc	r19, r1
     798:	1c f0       	brlt	.+6      	; 0x7a0 <__fixsfsi+0x4e>
     79a:	66 23       	and	r22, r22
     79c:	f9 f0       	breq	.+62     	; 0x7dc <__fixsfsi+0x8a>
     79e:	23 c0       	rjmp	.+70     	; 0x7e6 <__fixsfsi+0x94>
     7a0:	8e e1       	ldi	r24, 0x1E	; 30
     7a2:	90 e0       	ldi	r25, 0x00	; 0
     7a4:	82 1b       	sub	r24, r18
     7a6:	93 0b       	sbc	r25, r19
     7a8:	29 85       	ldd	r18, Y+9	; 0x09
     7aa:	3a 85       	ldd	r19, Y+10	; 0x0a
     7ac:	4b 85       	ldd	r20, Y+11	; 0x0b
     7ae:	5c 85       	ldd	r21, Y+12	; 0x0c
     7b0:	04 c0       	rjmp	.+8      	; 0x7ba <__fixsfsi+0x68>
     7b2:	56 95       	lsr	r21
     7b4:	47 95       	ror	r20
     7b6:	37 95       	ror	r19
     7b8:	27 95       	ror	r18
     7ba:	8a 95       	dec	r24
     7bc:	d2 f7       	brpl	.-12     	; 0x7b2 <__fixsfsi+0x60>
     7be:	66 23       	and	r22, r22
     7c0:	b1 f0       	breq	.+44     	; 0x7ee <__fixsfsi+0x9c>
     7c2:	50 95       	com	r21
     7c4:	40 95       	com	r20
     7c6:	30 95       	com	r19
     7c8:	21 95       	neg	r18
     7ca:	3f 4f       	sbci	r19, 0xFF	; 255
     7cc:	4f 4f       	sbci	r20, 0xFF	; 255
     7ce:	5f 4f       	sbci	r21, 0xFF	; 255
     7d0:	0e c0       	rjmp	.+28     	; 0x7ee <__fixsfsi+0x9c>
     7d2:	20 e0       	ldi	r18, 0x00	; 0
     7d4:	30 e0       	ldi	r19, 0x00	; 0
     7d6:	40 e0       	ldi	r20, 0x00	; 0
     7d8:	50 e0       	ldi	r21, 0x00	; 0
     7da:	09 c0       	rjmp	.+18     	; 0x7ee <__fixsfsi+0x9c>
     7dc:	2f ef       	ldi	r18, 0xFF	; 255
     7de:	3f ef       	ldi	r19, 0xFF	; 255
     7e0:	4f ef       	ldi	r20, 0xFF	; 255
     7e2:	5f e7       	ldi	r21, 0x7F	; 127
     7e4:	04 c0       	rjmp	.+8      	; 0x7ee <__fixsfsi+0x9c>
     7e6:	20 e0       	ldi	r18, 0x00	; 0
     7e8:	30 e0       	ldi	r19, 0x00	; 0
     7ea:	40 e0       	ldi	r20, 0x00	; 0
     7ec:	50 e8       	ldi	r21, 0x80	; 128
     7ee:	b9 01       	movw	r22, r18
     7f0:	ca 01       	movw	r24, r20
     7f2:	2c 96       	adiw	r28, 0x0c	; 12
     7f4:	e2 e0       	ldi	r30, 0x02	; 2
     7f6:	0c 94 e3 12 	jmp	0x25c6	; 0x25c6 <__epilogue_restores__+0x20>

000007fa <__pack_f>:
     7fa:	df 92       	push	r13
     7fc:	ef 92       	push	r14
     7fe:	ff 92       	push	r15
     800:	0f 93       	push	r16
     802:	1f 93       	push	r17
     804:	fc 01       	movw	r30, r24
     806:	e4 80       	ldd	r14, Z+4	; 0x04
     808:	f5 80       	ldd	r15, Z+5	; 0x05
     80a:	06 81       	ldd	r16, Z+6	; 0x06
     80c:	17 81       	ldd	r17, Z+7	; 0x07
     80e:	d1 80       	ldd	r13, Z+1	; 0x01
     810:	80 81       	ld	r24, Z
     812:	82 30       	cpi	r24, 0x02	; 2
     814:	48 f4       	brcc	.+18     	; 0x828 <__pack_f+0x2e>
     816:	80 e0       	ldi	r24, 0x00	; 0
     818:	90 e0       	ldi	r25, 0x00	; 0
     81a:	a0 e1       	ldi	r26, 0x10	; 16
     81c:	b0 e0       	ldi	r27, 0x00	; 0
     81e:	e8 2a       	or	r14, r24
     820:	f9 2a       	or	r15, r25
     822:	0a 2b       	or	r16, r26
     824:	1b 2b       	or	r17, r27
     826:	a5 c0       	rjmp	.+330    	; 0x972 <__stack+0x113>
     828:	84 30       	cpi	r24, 0x04	; 4
     82a:	09 f4       	brne	.+2      	; 0x82e <__pack_f+0x34>
     82c:	9f c0       	rjmp	.+318    	; 0x96c <__stack+0x10d>
     82e:	82 30       	cpi	r24, 0x02	; 2
     830:	21 f4       	brne	.+8      	; 0x83a <__pack_f+0x40>
     832:	ee 24       	eor	r14, r14
     834:	ff 24       	eor	r15, r15
     836:	87 01       	movw	r16, r14
     838:	05 c0       	rjmp	.+10     	; 0x844 <__pack_f+0x4a>
     83a:	e1 14       	cp	r14, r1
     83c:	f1 04       	cpc	r15, r1
     83e:	01 05       	cpc	r16, r1
     840:	11 05       	cpc	r17, r1
     842:	19 f4       	brne	.+6      	; 0x84a <__pack_f+0x50>
     844:	e0 e0       	ldi	r30, 0x00	; 0
     846:	f0 e0       	ldi	r31, 0x00	; 0
     848:	96 c0       	rjmp	.+300    	; 0x976 <__stack+0x117>
     84a:	62 81       	ldd	r22, Z+2	; 0x02
     84c:	73 81       	ldd	r23, Z+3	; 0x03
     84e:	9f ef       	ldi	r25, 0xFF	; 255
     850:	62 38       	cpi	r22, 0x82	; 130
     852:	79 07       	cpc	r23, r25
     854:	0c f0       	brlt	.+2      	; 0x858 <__pack_f+0x5e>
     856:	5b c0       	rjmp	.+182    	; 0x90e <__stack+0xaf>
     858:	22 e8       	ldi	r18, 0x82	; 130
     85a:	3f ef       	ldi	r19, 0xFF	; 255
     85c:	26 1b       	sub	r18, r22
     85e:	37 0b       	sbc	r19, r23
     860:	2a 31       	cpi	r18, 0x1A	; 26
     862:	31 05       	cpc	r19, r1
     864:	2c f0       	brlt	.+10     	; 0x870 <__stack+0x11>
     866:	20 e0       	ldi	r18, 0x00	; 0
     868:	30 e0       	ldi	r19, 0x00	; 0
     86a:	40 e0       	ldi	r20, 0x00	; 0
     86c:	50 e0       	ldi	r21, 0x00	; 0
     86e:	2a c0       	rjmp	.+84     	; 0x8c4 <__stack+0x65>
     870:	b8 01       	movw	r22, r16
     872:	a7 01       	movw	r20, r14
     874:	02 2e       	mov	r0, r18
     876:	04 c0       	rjmp	.+8      	; 0x880 <__stack+0x21>
     878:	76 95       	lsr	r23
     87a:	67 95       	ror	r22
     87c:	57 95       	ror	r21
     87e:	47 95       	ror	r20
     880:	0a 94       	dec	r0
     882:	d2 f7       	brpl	.-12     	; 0x878 <__stack+0x19>
     884:	81 e0       	ldi	r24, 0x01	; 1
     886:	90 e0       	ldi	r25, 0x00	; 0
     888:	a0 e0       	ldi	r26, 0x00	; 0
     88a:	b0 e0       	ldi	r27, 0x00	; 0
     88c:	04 c0       	rjmp	.+8      	; 0x896 <__stack+0x37>
     88e:	88 0f       	add	r24, r24
     890:	99 1f       	adc	r25, r25
     892:	aa 1f       	adc	r26, r26
     894:	bb 1f       	adc	r27, r27
     896:	2a 95       	dec	r18
     898:	d2 f7       	brpl	.-12     	; 0x88e <__stack+0x2f>
     89a:	01 97       	sbiw	r24, 0x01	; 1
     89c:	a1 09       	sbc	r26, r1
     89e:	b1 09       	sbc	r27, r1
     8a0:	8e 21       	and	r24, r14
     8a2:	9f 21       	and	r25, r15
     8a4:	a0 23       	and	r26, r16
     8a6:	b1 23       	and	r27, r17
     8a8:	00 97       	sbiw	r24, 0x00	; 0
     8aa:	a1 05       	cpc	r26, r1
     8ac:	b1 05       	cpc	r27, r1
     8ae:	21 f0       	breq	.+8      	; 0x8b8 <__stack+0x59>
     8b0:	81 e0       	ldi	r24, 0x01	; 1
     8b2:	90 e0       	ldi	r25, 0x00	; 0
     8b4:	a0 e0       	ldi	r26, 0x00	; 0
     8b6:	b0 e0       	ldi	r27, 0x00	; 0
     8b8:	9a 01       	movw	r18, r20
     8ba:	ab 01       	movw	r20, r22
     8bc:	28 2b       	or	r18, r24
     8be:	39 2b       	or	r19, r25
     8c0:	4a 2b       	or	r20, r26
     8c2:	5b 2b       	or	r21, r27
     8c4:	da 01       	movw	r26, r20
     8c6:	c9 01       	movw	r24, r18
     8c8:	8f 77       	andi	r24, 0x7F	; 127
     8ca:	90 70       	andi	r25, 0x00	; 0
     8cc:	a0 70       	andi	r26, 0x00	; 0
     8ce:	b0 70       	andi	r27, 0x00	; 0
     8d0:	80 34       	cpi	r24, 0x40	; 64
     8d2:	91 05       	cpc	r25, r1
     8d4:	a1 05       	cpc	r26, r1
     8d6:	b1 05       	cpc	r27, r1
     8d8:	39 f4       	brne	.+14     	; 0x8e8 <__stack+0x89>
     8da:	27 ff       	sbrs	r18, 7
     8dc:	09 c0       	rjmp	.+18     	; 0x8f0 <__stack+0x91>
     8de:	20 5c       	subi	r18, 0xC0	; 192
     8e0:	3f 4f       	sbci	r19, 0xFF	; 255
     8e2:	4f 4f       	sbci	r20, 0xFF	; 255
     8e4:	5f 4f       	sbci	r21, 0xFF	; 255
     8e6:	04 c0       	rjmp	.+8      	; 0x8f0 <__stack+0x91>
     8e8:	21 5c       	subi	r18, 0xC1	; 193
     8ea:	3f 4f       	sbci	r19, 0xFF	; 255
     8ec:	4f 4f       	sbci	r20, 0xFF	; 255
     8ee:	5f 4f       	sbci	r21, 0xFF	; 255
     8f0:	e0 e0       	ldi	r30, 0x00	; 0
     8f2:	f0 e0       	ldi	r31, 0x00	; 0
     8f4:	20 30       	cpi	r18, 0x00	; 0
     8f6:	a0 e0       	ldi	r26, 0x00	; 0
     8f8:	3a 07       	cpc	r19, r26
     8fa:	a0 e0       	ldi	r26, 0x00	; 0
     8fc:	4a 07       	cpc	r20, r26
     8fe:	a0 e4       	ldi	r26, 0x40	; 64
     900:	5a 07       	cpc	r21, r26
     902:	10 f0       	brcs	.+4      	; 0x908 <__stack+0xa9>
     904:	e1 e0       	ldi	r30, 0x01	; 1
     906:	f0 e0       	ldi	r31, 0x00	; 0
     908:	79 01       	movw	r14, r18
     90a:	8a 01       	movw	r16, r20
     90c:	27 c0       	rjmp	.+78     	; 0x95c <__stack+0xfd>
     90e:	60 38       	cpi	r22, 0x80	; 128
     910:	71 05       	cpc	r23, r1
     912:	64 f5       	brge	.+88     	; 0x96c <__stack+0x10d>
     914:	fb 01       	movw	r30, r22
     916:	e1 58       	subi	r30, 0x81	; 129
     918:	ff 4f       	sbci	r31, 0xFF	; 255
     91a:	d8 01       	movw	r26, r16
     91c:	c7 01       	movw	r24, r14
     91e:	8f 77       	andi	r24, 0x7F	; 127
     920:	90 70       	andi	r25, 0x00	; 0
     922:	a0 70       	andi	r26, 0x00	; 0
     924:	b0 70       	andi	r27, 0x00	; 0
     926:	80 34       	cpi	r24, 0x40	; 64
     928:	91 05       	cpc	r25, r1
     92a:	a1 05       	cpc	r26, r1
     92c:	b1 05       	cpc	r27, r1
     92e:	39 f4       	brne	.+14     	; 0x93e <__stack+0xdf>
     930:	e7 fe       	sbrs	r14, 7
     932:	0d c0       	rjmp	.+26     	; 0x94e <__stack+0xef>
     934:	80 e4       	ldi	r24, 0x40	; 64
     936:	90 e0       	ldi	r25, 0x00	; 0
     938:	a0 e0       	ldi	r26, 0x00	; 0
     93a:	b0 e0       	ldi	r27, 0x00	; 0
     93c:	04 c0       	rjmp	.+8      	; 0x946 <__stack+0xe7>
     93e:	8f e3       	ldi	r24, 0x3F	; 63
     940:	90 e0       	ldi	r25, 0x00	; 0
     942:	a0 e0       	ldi	r26, 0x00	; 0
     944:	b0 e0       	ldi	r27, 0x00	; 0
     946:	e8 0e       	add	r14, r24
     948:	f9 1e       	adc	r15, r25
     94a:	0a 1f       	adc	r16, r26
     94c:	1b 1f       	adc	r17, r27
     94e:	17 ff       	sbrs	r17, 7
     950:	05 c0       	rjmp	.+10     	; 0x95c <__stack+0xfd>
     952:	16 95       	lsr	r17
     954:	07 95       	ror	r16
     956:	f7 94       	ror	r15
     958:	e7 94       	ror	r14
     95a:	31 96       	adiw	r30, 0x01	; 1
     95c:	87 e0       	ldi	r24, 0x07	; 7
     95e:	16 95       	lsr	r17
     960:	07 95       	ror	r16
     962:	f7 94       	ror	r15
     964:	e7 94       	ror	r14
     966:	8a 95       	dec	r24
     968:	d1 f7       	brne	.-12     	; 0x95e <__stack+0xff>
     96a:	05 c0       	rjmp	.+10     	; 0x976 <__stack+0x117>
     96c:	ee 24       	eor	r14, r14
     96e:	ff 24       	eor	r15, r15
     970:	87 01       	movw	r16, r14
     972:	ef ef       	ldi	r30, 0xFF	; 255
     974:	f0 e0       	ldi	r31, 0x00	; 0
     976:	6e 2f       	mov	r22, r30
     978:	67 95       	ror	r22
     97a:	66 27       	eor	r22, r22
     97c:	67 95       	ror	r22
     97e:	90 2f       	mov	r25, r16
     980:	9f 77       	andi	r25, 0x7F	; 127
     982:	d7 94       	ror	r13
     984:	dd 24       	eor	r13, r13
     986:	d7 94       	ror	r13
     988:	8e 2f       	mov	r24, r30
     98a:	86 95       	lsr	r24
     98c:	49 2f       	mov	r20, r25
     98e:	46 2b       	or	r20, r22
     990:	58 2f       	mov	r21, r24
     992:	5d 29       	or	r21, r13
     994:	b7 01       	movw	r22, r14
     996:	ca 01       	movw	r24, r20
     998:	1f 91       	pop	r17
     99a:	0f 91       	pop	r16
     99c:	ff 90       	pop	r15
     99e:	ef 90       	pop	r14
     9a0:	df 90       	pop	r13
     9a2:	08 95       	ret

000009a4 <__unpack_f>:
     9a4:	fc 01       	movw	r30, r24
     9a6:	db 01       	movw	r26, r22
     9a8:	40 81       	ld	r20, Z
     9aa:	51 81       	ldd	r21, Z+1	; 0x01
     9ac:	22 81       	ldd	r18, Z+2	; 0x02
     9ae:	62 2f       	mov	r22, r18
     9b0:	6f 77       	andi	r22, 0x7F	; 127
     9b2:	70 e0       	ldi	r23, 0x00	; 0
     9b4:	22 1f       	adc	r18, r18
     9b6:	22 27       	eor	r18, r18
     9b8:	22 1f       	adc	r18, r18
     9ba:	93 81       	ldd	r25, Z+3	; 0x03
     9bc:	89 2f       	mov	r24, r25
     9be:	88 0f       	add	r24, r24
     9c0:	82 2b       	or	r24, r18
     9c2:	28 2f       	mov	r18, r24
     9c4:	30 e0       	ldi	r19, 0x00	; 0
     9c6:	99 1f       	adc	r25, r25
     9c8:	99 27       	eor	r25, r25
     9ca:	99 1f       	adc	r25, r25
     9cc:	11 96       	adiw	r26, 0x01	; 1
     9ce:	9c 93       	st	X, r25
     9d0:	11 97       	sbiw	r26, 0x01	; 1
     9d2:	21 15       	cp	r18, r1
     9d4:	31 05       	cpc	r19, r1
     9d6:	a9 f5       	brne	.+106    	; 0xa42 <__unpack_f+0x9e>
     9d8:	41 15       	cp	r20, r1
     9da:	51 05       	cpc	r21, r1
     9dc:	61 05       	cpc	r22, r1
     9de:	71 05       	cpc	r23, r1
     9e0:	11 f4       	brne	.+4      	; 0x9e6 <__unpack_f+0x42>
     9e2:	82 e0       	ldi	r24, 0x02	; 2
     9e4:	37 c0       	rjmp	.+110    	; 0xa54 <__unpack_f+0xb0>
     9e6:	82 e8       	ldi	r24, 0x82	; 130
     9e8:	9f ef       	ldi	r25, 0xFF	; 255
     9ea:	13 96       	adiw	r26, 0x03	; 3
     9ec:	9c 93       	st	X, r25
     9ee:	8e 93       	st	-X, r24
     9f0:	12 97       	sbiw	r26, 0x02	; 2
     9f2:	9a 01       	movw	r18, r20
     9f4:	ab 01       	movw	r20, r22
     9f6:	67 e0       	ldi	r22, 0x07	; 7
     9f8:	22 0f       	add	r18, r18
     9fa:	33 1f       	adc	r19, r19
     9fc:	44 1f       	adc	r20, r20
     9fe:	55 1f       	adc	r21, r21
     a00:	6a 95       	dec	r22
     a02:	d1 f7       	brne	.-12     	; 0x9f8 <__unpack_f+0x54>
     a04:	83 e0       	ldi	r24, 0x03	; 3
     a06:	8c 93       	st	X, r24
     a08:	0d c0       	rjmp	.+26     	; 0xa24 <__unpack_f+0x80>
     a0a:	22 0f       	add	r18, r18
     a0c:	33 1f       	adc	r19, r19
     a0e:	44 1f       	adc	r20, r20
     a10:	55 1f       	adc	r21, r21
     a12:	12 96       	adiw	r26, 0x02	; 2
     a14:	8d 91       	ld	r24, X+
     a16:	9c 91       	ld	r25, X
     a18:	13 97       	sbiw	r26, 0x03	; 3
     a1a:	01 97       	sbiw	r24, 0x01	; 1
     a1c:	13 96       	adiw	r26, 0x03	; 3
     a1e:	9c 93       	st	X, r25
     a20:	8e 93       	st	-X, r24
     a22:	12 97       	sbiw	r26, 0x02	; 2
     a24:	20 30       	cpi	r18, 0x00	; 0
     a26:	80 e0       	ldi	r24, 0x00	; 0
     a28:	38 07       	cpc	r19, r24
     a2a:	80 e0       	ldi	r24, 0x00	; 0
     a2c:	48 07       	cpc	r20, r24
     a2e:	80 e4       	ldi	r24, 0x40	; 64
     a30:	58 07       	cpc	r21, r24
     a32:	58 f3       	brcs	.-42     	; 0xa0a <__unpack_f+0x66>
     a34:	14 96       	adiw	r26, 0x04	; 4
     a36:	2d 93       	st	X+, r18
     a38:	3d 93       	st	X+, r19
     a3a:	4d 93       	st	X+, r20
     a3c:	5c 93       	st	X, r21
     a3e:	17 97       	sbiw	r26, 0x07	; 7
     a40:	08 95       	ret
     a42:	2f 3f       	cpi	r18, 0xFF	; 255
     a44:	31 05       	cpc	r19, r1
     a46:	79 f4       	brne	.+30     	; 0xa66 <__unpack_f+0xc2>
     a48:	41 15       	cp	r20, r1
     a4a:	51 05       	cpc	r21, r1
     a4c:	61 05       	cpc	r22, r1
     a4e:	71 05       	cpc	r23, r1
     a50:	19 f4       	brne	.+6      	; 0xa58 <__unpack_f+0xb4>
     a52:	84 e0       	ldi	r24, 0x04	; 4
     a54:	8c 93       	st	X, r24
     a56:	08 95       	ret
     a58:	64 ff       	sbrs	r22, 4
     a5a:	03 c0       	rjmp	.+6      	; 0xa62 <__unpack_f+0xbe>
     a5c:	81 e0       	ldi	r24, 0x01	; 1
     a5e:	8c 93       	st	X, r24
     a60:	12 c0       	rjmp	.+36     	; 0xa86 <__unpack_f+0xe2>
     a62:	1c 92       	st	X, r1
     a64:	10 c0       	rjmp	.+32     	; 0xa86 <__unpack_f+0xe2>
     a66:	2f 57       	subi	r18, 0x7F	; 127
     a68:	30 40       	sbci	r19, 0x00	; 0
     a6a:	13 96       	adiw	r26, 0x03	; 3
     a6c:	3c 93       	st	X, r19
     a6e:	2e 93       	st	-X, r18
     a70:	12 97       	sbiw	r26, 0x02	; 2
     a72:	83 e0       	ldi	r24, 0x03	; 3
     a74:	8c 93       	st	X, r24
     a76:	87 e0       	ldi	r24, 0x07	; 7
     a78:	44 0f       	add	r20, r20
     a7a:	55 1f       	adc	r21, r21
     a7c:	66 1f       	adc	r22, r22
     a7e:	77 1f       	adc	r23, r23
     a80:	8a 95       	dec	r24
     a82:	d1 f7       	brne	.-12     	; 0xa78 <__unpack_f+0xd4>
     a84:	70 64       	ori	r23, 0x40	; 64
     a86:	14 96       	adiw	r26, 0x04	; 4
     a88:	4d 93       	st	X+, r20
     a8a:	5d 93       	st	X+, r21
     a8c:	6d 93       	st	X+, r22
     a8e:	7c 93       	st	X, r23
     a90:	17 97       	sbiw	r26, 0x07	; 7
     a92:	08 95       	ret

00000a94 <__fpcmp_parts_f>:
     a94:	1f 93       	push	r17
     a96:	dc 01       	movw	r26, r24
     a98:	fb 01       	movw	r30, r22
     a9a:	9c 91       	ld	r25, X
     a9c:	92 30       	cpi	r25, 0x02	; 2
     a9e:	08 f4       	brcc	.+2      	; 0xaa2 <__fpcmp_parts_f+0xe>
     aa0:	47 c0       	rjmp	.+142    	; 0xb30 <__fpcmp_parts_f+0x9c>
     aa2:	80 81       	ld	r24, Z
     aa4:	82 30       	cpi	r24, 0x02	; 2
     aa6:	08 f4       	brcc	.+2      	; 0xaaa <__fpcmp_parts_f+0x16>
     aa8:	43 c0       	rjmp	.+134    	; 0xb30 <__fpcmp_parts_f+0x9c>
     aaa:	94 30       	cpi	r25, 0x04	; 4
     aac:	51 f4       	brne	.+20     	; 0xac2 <__fpcmp_parts_f+0x2e>
     aae:	11 96       	adiw	r26, 0x01	; 1
     ab0:	1c 91       	ld	r17, X
     ab2:	84 30       	cpi	r24, 0x04	; 4
     ab4:	99 f5       	brne	.+102    	; 0xb1c <__fpcmp_parts_f+0x88>
     ab6:	81 81       	ldd	r24, Z+1	; 0x01
     ab8:	68 2f       	mov	r22, r24
     aba:	70 e0       	ldi	r23, 0x00	; 0
     abc:	61 1b       	sub	r22, r17
     abe:	71 09       	sbc	r23, r1
     ac0:	3f c0       	rjmp	.+126    	; 0xb40 <__fpcmp_parts_f+0xac>
     ac2:	84 30       	cpi	r24, 0x04	; 4
     ac4:	21 f0       	breq	.+8      	; 0xace <__fpcmp_parts_f+0x3a>
     ac6:	92 30       	cpi	r25, 0x02	; 2
     ac8:	31 f4       	brne	.+12     	; 0xad6 <__fpcmp_parts_f+0x42>
     aca:	82 30       	cpi	r24, 0x02	; 2
     acc:	b9 f1       	breq	.+110    	; 0xb3c <__fpcmp_parts_f+0xa8>
     ace:	81 81       	ldd	r24, Z+1	; 0x01
     ad0:	88 23       	and	r24, r24
     ad2:	89 f1       	breq	.+98     	; 0xb36 <__fpcmp_parts_f+0xa2>
     ad4:	2d c0       	rjmp	.+90     	; 0xb30 <__fpcmp_parts_f+0x9c>
     ad6:	11 96       	adiw	r26, 0x01	; 1
     ad8:	1c 91       	ld	r17, X
     ada:	11 97       	sbiw	r26, 0x01	; 1
     adc:	82 30       	cpi	r24, 0x02	; 2
     ade:	f1 f0       	breq	.+60     	; 0xb1c <__fpcmp_parts_f+0x88>
     ae0:	81 81       	ldd	r24, Z+1	; 0x01
     ae2:	18 17       	cp	r17, r24
     ae4:	d9 f4       	brne	.+54     	; 0xb1c <__fpcmp_parts_f+0x88>
     ae6:	12 96       	adiw	r26, 0x02	; 2
     ae8:	2d 91       	ld	r18, X+
     aea:	3c 91       	ld	r19, X
     aec:	13 97       	sbiw	r26, 0x03	; 3
     aee:	82 81       	ldd	r24, Z+2	; 0x02
     af0:	93 81       	ldd	r25, Z+3	; 0x03
     af2:	82 17       	cp	r24, r18
     af4:	93 07       	cpc	r25, r19
     af6:	94 f0       	brlt	.+36     	; 0xb1c <__fpcmp_parts_f+0x88>
     af8:	28 17       	cp	r18, r24
     afa:	39 07       	cpc	r19, r25
     afc:	bc f0       	brlt	.+46     	; 0xb2c <__fpcmp_parts_f+0x98>
     afe:	14 96       	adiw	r26, 0x04	; 4
     b00:	8d 91       	ld	r24, X+
     b02:	9d 91       	ld	r25, X+
     b04:	0d 90       	ld	r0, X+
     b06:	bc 91       	ld	r27, X
     b08:	a0 2d       	mov	r26, r0
     b0a:	24 81       	ldd	r18, Z+4	; 0x04
     b0c:	35 81       	ldd	r19, Z+5	; 0x05
     b0e:	46 81       	ldd	r20, Z+6	; 0x06
     b10:	57 81       	ldd	r21, Z+7	; 0x07
     b12:	28 17       	cp	r18, r24
     b14:	39 07       	cpc	r19, r25
     b16:	4a 07       	cpc	r20, r26
     b18:	5b 07       	cpc	r21, r27
     b1a:	18 f4       	brcc	.+6      	; 0xb22 <__fpcmp_parts_f+0x8e>
     b1c:	11 23       	and	r17, r17
     b1e:	41 f0       	breq	.+16     	; 0xb30 <__fpcmp_parts_f+0x9c>
     b20:	0a c0       	rjmp	.+20     	; 0xb36 <__fpcmp_parts_f+0xa2>
     b22:	82 17       	cp	r24, r18
     b24:	93 07       	cpc	r25, r19
     b26:	a4 07       	cpc	r26, r20
     b28:	b5 07       	cpc	r27, r21
     b2a:	40 f4       	brcc	.+16     	; 0xb3c <__fpcmp_parts_f+0xa8>
     b2c:	11 23       	and	r17, r17
     b2e:	19 f0       	breq	.+6      	; 0xb36 <__fpcmp_parts_f+0xa2>
     b30:	61 e0       	ldi	r22, 0x01	; 1
     b32:	70 e0       	ldi	r23, 0x00	; 0
     b34:	05 c0       	rjmp	.+10     	; 0xb40 <__fpcmp_parts_f+0xac>
     b36:	6f ef       	ldi	r22, 0xFF	; 255
     b38:	7f ef       	ldi	r23, 0xFF	; 255
     b3a:	02 c0       	rjmp	.+4      	; 0xb40 <__fpcmp_parts_f+0xac>
     b3c:	60 e0       	ldi	r22, 0x00	; 0
     b3e:	70 e0       	ldi	r23, 0x00	; 0
     b40:	cb 01       	movw	r24, r22
     b42:	1f 91       	pop	r17
     b44:	08 95       	ret

00000b46 <DIO_setpindirection>:
	return : its statues (DIO_Nok,DIO_ok)

*/	

DIO_errorstate DIO_setpindirection(u8 copy_port,u8 copy_pinnumber , u8 copy_pindirection )
{
     b46:	df 93       	push	r29
     b48:	cf 93       	push	r28
     b4a:	cd b7       	in	r28, 0x3d	; 61
     b4c:	de b7       	in	r29, 0x3e	; 62
     b4e:	28 97       	sbiw	r28, 0x08	; 8
     b50:	0f b6       	in	r0, 0x3f	; 63
     b52:	f8 94       	cli
     b54:	de bf       	out	0x3e, r29	; 62
     b56:	0f be       	out	0x3f, r0	; 63
     b58:	cd bf       	out	0x3d, r28	; 61
     b5a:	8a 83       	std	Y+2, r24	; 0x02
     b5c:	6b 83       	std	Y+3, r22	; 0x03
     b5e:	4c 83       	std	Y+4, r20	; 0x04
DIO_errorstate LOC_STATE =DIO_ok;
     b60:	81 e0       	ldi	r24, 0x01	; 1
     b62:	89 83       	std	Y+1, r24	; 0x01

/* check if the given paramter is in valid range */

if((copy_port<=DIO_portD) && (copy_pinnumber<=PIN7))
     b64:	8a 81       	ldd	r24, Y+2	; 0x02
     b66:	84 30       	cpi	r24, 0x04	; 4
     b68:	08 f0       	brcs	.+2      	; 0xb6c <DIO_setpindirection+0x26>
     b6a:	f1 c0       	rjmp	.+482    	; 0xd4e <DIO_setpindirection+0x208>
     b6c:	8b 81       	ldd	r24, Y+3	; 0x03
     b6e:	88 30       	cpi	r24, 0x08	; 8
     b70:	08 f0       	brcs	.+2      	; 0xb74 <DIO_setpindirection+0x2e>
     b72:	ed c0       	rjmp	.+474    	; 0xd4e <DIO_setpindirection+0x208>
{
	
if(copy_pindirection==DIO_pin_input)
     b74:	8c 81       	ldd	r24, Y+4	; 0x04
     b76:	88 23       	and	r24, r24
     b78:	09 f0       	breq	.+2      	; 0xb7c <DIO_setpindirection+0x36>
     b7a:	74 c0       	rjmp	.+232    	; 0xc64 <DIO_setpindirection+0x11e>
{
/* check on the port name */
switch(copy_port)
     b7c:	8a 81       	ldd	r24, Y+2	; 0x02
     b7e:	28 2f       	mov	r18, r24
     b80:	30 e0       	ldi	r19, 0x00	; 0
     b82:	38 87       	std	Y+8, r19	; 0x08
     b84:	2f 83       	std	Y+7, r18	; 0x07
     b86:	8f 81       	ldd	r24, Y+7	; 0x07
     b88:	98 85       	ldd	r25, Y+8	; 0x08
     b8a:	81 30       	cpi	r24, 0x01	; 1
     b8c:	91 05       	cpc	r25, r1
     b8e:	59 f1       	breq	.+86     	; 0xbe6 <DIO_setpindirection+0xa0>
     b90:	2f 81       	ldd	r18, Y+7	; 0x07
     b92:	38 85       	ldd	r19, Y+8	; 0x08
     b94:	22 30       	cpi	r18, 0x02	; 2
     b96:	31 05       	cpc	r19, r1
     b98:	2c f4       	brge	.+10     	; 0xba4 <DIO_setpindirection+0x5e>
     b9a:	8f 81       	ldd	r24, Y+7	; 0x07
     b9c:	98 85       	ldd	r25, Y+8	; 0x08
     b9e:	00 97       	sbiw	r24, 0x00	; 0
     ba0:	69 f0       	breq	.+26     	; 0xbbc <DIO_setpindirection+0x76>
     ba2:	d6 c0       	rjmp	.+428    	; 0xd50 <DIO_setpindirection+0x20a>
     ba4:	2f 81       	ldd	r18, Y+7	; 0x07
     ba6:	38 85       	ldd	r19, Y+8	; 0x08
     ba8:	22 30       	cpi	r18, 0x02	; 2
     baa:	31 05       	cpc	r19, r1
     bac:	89 f1       	breq	.+98     	; 0xc10 <DIO_setpindirection+0xca>
     bae:	8f 81       	ldd	r24, Y+7	; 0x07
     bb0:	98 85       	ldd	r25, Y+8	; 0x08
     bb2:	83 30       	cpi	r24, 0x03	; 3
     bb4:	91 05       	cpc	r25, r1
     bb6:	09 f4       	brne	.+2      	; 0xbba <DIO_setpindirection+0x74>
     bb8:	40 c0       	rjmp	.+128    	; 0xc3a <DIO_setpindirection+0xf4>
     bba:	ca c0       	rjmp	.+404    	; 0xd50 <DIO_setpindirection+0x20a>
{
	case	DIO_portA:CLR_BIT(DDRA_REGISTER,copy_pinnumber); break;
     bbc:	aa e3       	ldi	r26, 0x3A	; 58
     bbe:	b0 e0       	ldi	r27, 0x00	; 0
     bc0:	ea e3       	ldi	r30, 0x3A	; 58
     bc2:	f0 e0       	ldi	r31, 0x00	; 0
     bc4:	80 81       	ld	r24, Z
     bc6:	48 2f       	mov	r20, r24
     bc8:	8b 81       	ldd	r24, Y+3	; 0x03
     bca:	28 2f       	mov	r18, r24
     bcc:	30 e0       	ldi	r19, 0x00	; 0
     bce:	81 e0       	ldi	r24, 0x01	; 1
     bd0:	90 e0       	ldi	r25, 0x00	; 0
     bd2:	02 2e       	mov	r0, r18
     bd4:	02 c0       	rjmp	.+4      	; 0xbda <DIO_setpindirection+0x94>
     bd6:	88 0f       	add	r24, r24
     bd8:	99 1f       	adc	r25, r25
     bda:	0a 94       	dec	r0
     bdc:	e2 f7       	brpl	.-8      	; 0xbd6 <DIO_setpindirection+0x90>
     bde:	80 95       	com	r24
     be0:	84 23       	and	r24, r20
     be2:	8c 93       	st	X, r24
     be4:	b5 c0       	rjmp	.+362    	; 0xd50 <DIO_setpindirection+0x20a>
	case	DIO_portB:CLR_BIT(DDRB_REGISTER,copy_pinnumber); break;
     be6:	a7 e3       	ldi	r26, 0x37	; 55
     be8:	b0 e0       	ldi	r27, 0x00	; 0
     bea:	e7 e3       	ldi	r30, 0x37	; 55
     bec:	f0 e0       	ldi	r31, 0x00	; 0
     bee:	80 81       	ld	r24, Z
     bf0:	48 2f       	mov	r20, r24
     bf2:	8b 81       	ldd	r24, Y+3	; 0x03
     bf4:	28 2f       	mov	r18, r24
     bf6:	30 e0       	ldi	r19, 0x00	; 0
     bf8:	81 e0       	ldi	r24, 0x01	; 1
     bfa:	90 e0       	ldi	r25, 0x00	; 0
     bfc:	02 2e       	mov	r0, r18
     bfe:	02 c0       	rjmp	.+4      	; 0xc04 <DIO_setpindirection+0xbe>
     c00:	88 0f       	add	r24, r24
     c02:	99 1f       	adc	r25, r25
     c04:	0a 94       	dec	r0
     c06:	e2 f7       	brpl	.-8      	; 0xc00 <DIO_setpindirection+0xba>
     c08:	80 95       	com	r24
     c0a:	84 23       	and	r24, r20
     c0c:	8c 93       	st	X, r24
     c0e:	a0 c0       	rjmp	.+320    	; 0xd50 <DIO_setpindirection+0x20a>
	case	DIO_portC:CLR_BIT(DDRC_REGISTER,copy_pinnumber); break;
     c10:	a4 e3       	ldi	r26, 0x34	; 52
     c12:	b0 e0       	ldi	r27, 0x00	; 0
     c14:	e4 e3       	ldi	r30, 0x34	; 52
     c16:	f0 e0       	ldi	r31, 0x00	; 0
     c18:	80 81       	ld	r24, Z
     c1a:	48 2f       	mov	r20, r24
     c1c:	8b 81       	ldd	r24, Y+3	; 0x03
     c1e:	28 2f       	mov	r18, r24
     c20:	30 e0       	ldi	r19, 0x00	; 0
     c22:	81 e0       	ldi	r24, 0x01	; 1
     c24:	90 e0       	ldi	r25, 0x00	; 0
     c26:	02 2e       	mov	r0, r18
     c28:	02 c0       	rjmp	.+4      	; 0xc2e <DIO_setpindirection+0xe8>
     c2a:	88 0f       	add	r24, r24
     c2c:	99 1f       	adc	r25, r25
     c2e:	0a 94       	dec	r0
     c30:	e2 f7       	brpl	.-8      	; 0xc2a <DIO_setpindirection+0xe4>
     c32:	80 95       	com	r24
     c34:	84 23       	and	r24, r20
     c36:	8c 93       	st	X, r24
     c38:	8b c0       	rjmp	.+278    	; 0xd50 <DIO_setpindirection+0x20a>
	case	DIO_portD:CLR_BIT(DDRD_REGISTER,copy_pinnumber); break;
     c3a:	a1 e3       	ldi	r26, 0x31	; 49
     c3c:	b0 e0       	ldi	r27, 0x00	; 0
     c3e:	e1 e3       	ldi	r30, 0x31	; 49
     c40:	f0 e0       	ldi	r31, 0x00	; 0
     c42:	80 81       	ld	r24, Z
     c44:	48 2f       	mov	r20, r24
     c46:	8b 81       	ldd	r24, Y+3	; 0x03
     c48:	28 2f       	mov	r18, r24
     c4a:	30 e0       	ldi	r19, 0x00	; 0
     c4c:	81 e0       	ldi	r24, 0x01	; 1
     c4e:	90 e0       	ldi	r25, 0x00	; 0
     c50:	02 2e       	mov	r0, r18
     c52:	02 c0       	rjmp	.+4      	; 0xc58 <DIO_setpindirection+0x112>
     c54:	88 0f       	add	r24, r24
     c56:	99 1f       	adc	r25, r25
     c58:	0a 94       	dec	r0
     c5a:	e2 f7       	brpl	.-8      	; 0xc54 <DIO_setpindirection+0x10e>
     c5c:	80 95       	com	r24
     c5e:	84 23       	and	r24, r20
     c60:	8c 93       	st	X, r24
     c62:	76 c0       	rjmp	.+236    	; 0xd50 <DIO_setpindirection+0x20a>
}
}
else if(copy_pindirection== DIO_pin_output)
     c64:	8c 81       	ldd	r24, Y+4	; 0x04
     c66:	81 30       	cpi	r24, 0x01	; 1
     c68:	09 f0       	breq	.+2      	; 0xc6c <DIO_setpindirection+0x126>
     c6a:	6f c0       	rjmp	.+222    	; 0xd4a <DIO_setpindirection+0x204>
{
/* check on the port name */
switch(copy_port){
     c6c:	8a 81       	ldd	r24, Y+2	; 0x02
     c6e:	28 2f       	mov	r18, r24
     c70:	30 e0       	ldi	r19, 0x00	; 0
     c72:	3e 83       	std	Y+6, r19	; 0x06
     c74:	2d 83       	std	Y+5, r18	; 0x05
     c76:	8d 81       	ldd	r24, Y+5	; 0x05
     c78:	9e 81       	ldd	r25, Y+6	; 0x06
     c7a:	81 30       	cpi	r24, 0x01	; 1
     c7c:	91 05       	cpc	r25, r1
     c7e:	49 f1       	breq	.+82     	; 0xcd2 <DIO_setpindirection+0x18c>
     c80:	2d 81       	ldd	r18, Y+5	; 0x05
     c82:	3e 81       	ldd	r19, Y+6	; 0x06
     c84:	22 30       	cpi	r18, 0x02	; 2
     c86:	31 05       	cpc	r19, r1
     c88:	2c f4       	brge	.+10     	; 0xc94 <DIO_setpindirection+0x14e>
     c8a:	8d 81       	ldd	r24, Y+5	; 0x05
     c8c:	9e 81       	ldd	r25, Y+6	; 0x06
     c8e:	00 97       	sbiw	r24, 0x00	; 0
     c90:	61 f0       	breq	.+24     	; 0xcaa <DIO_setpindirection+0x164>
     c92:	5e c0       	rjmp	.+188    	; 0xd50 <DIO_setpindirection+0x20a>
     c94:	2d 81       	ldd	r18, Y+5	; 0x05
     c96:	3e 81       	ldd	r19, Y+6	; 0x06
     c98:	22 30       	cpi	r18, 0x02	; 2
     c9a:	31 05       	cpc	r19, r1
     c9c:	71 f1       	breq	.+92     	; 0xcfa <DIO_setpindirection+0x1b4>
     c9e:	8d 81       	ldd	r24, Y+5	; 0x05
     ca0:	9e 81       	ldd	r25, Y+6	; 0x06
     ca2:	83 30       	cpi	r24, 0x03	; 3
     ca4:	91 05       	cpc	r25, r1
     ca6:	e9 f1       	breq	.+122    	; 0xd22 <DIO_setpindirection+0x1dc>
     ca8:	53 c0       	rjmp	.+166    	; 0xd50 <DIO_setpindirection+0x20a>
	case	DIO_portA:SET_BIT(DDRA_REGISTER,copy_pinnumber); break;
     caa:	aa e3       	ldi	r26, 0x3A	; 58
     cac:	b0 e0       	ldi	r27, 0x00	; 0
     cae:	ea e3       	ldi	r30, 0x3A	; 58
     cb0:	f0 e0       	ldi	r31, 0x00	; 0
     cb2:	80 81       	ld	r24, Z
     cb4:	48 2f       	mov	r20, r24
     cb6:	8b 81       	ldd	r24, Y+3	; 0x03
     cb8:	28 2f       	mov	r18, r24
     cba:	30 e0       	ldi	r19, 0x00	; 0
     cbc:	81 e0       	ldi	r24, 0x01	; 1
     cbe:	90 e0       	ldi	r25, 0x00	; 0
     cc0:	02 2e       	mov	r0, r18
     cc2:	02 c0       	rjmp	.+4      	; 0xcc8 <DIO_setpindirection+0x182>
     cc4:	88 0f       	add	r24, r24
     cc6:	99 1f       	adc	r25, r25
     cc8:	0a 94       	dec	r0
     cca:	e2 f7       	brpl	.-8      	; 0xcc4 <DIO_setpindirection+0x17e>
     ccc:	84 2b       	or	r24, r20
     cce:	8c 93       	st	X, r24
     cd0:	3f c0       	rjmp	.+126    	; 0xd50 <DIO_setpindirection+0x20a>
	case	DIO_portB:SET_BIT(DDRB_REGISTER,copy_pinnumber); break;
     cd2:	a7 e3       	ldi	r26, 0x37	; 55
     cd4:	b0 e0       	ldi	r27, 0x00	; 0
     cd6:	e7 e3       	ldi	r30, 0x37	; 55
     cd8:	f0 e0       	ldi	r31, 0x00	; 0
     cda:	80 81       	ld	r24, Z
     cdc:	48 2f       	mov	r20, r24
     cde:	8b 81       	ldd	r24, Y+3	; 0x03
     ce0:	28 2f       	mov	r18, r24
     ce2:	30 e0       	ldi	r19, 0x00	; 0
     ce4:	81 e0       	ldi	r24, 0x01	; 1
     ce6:	90 e0       	ldi	r25, 0x00	; 0
     ce8:	02 2e       	mov	r0, r18
     cea:	02 c0       	rjmp	.+4      	; 0xcf0 <DIO_setpindirection+0x1aa>
     cec:	88 0f       	add	r24, r24
     cee:	99 1f       	adc	r25, r25
     cf0:	0a 94       	dec	r0
     cf2:	e2 f7       	brpl	.-8      	; 0xcec <DIO_setpindirection+0x1a6>
     cf4:	84 2b       	or	r24, r20
     cf6:	8c 93       	st	X, r24
     cf8:	2b c0       	rjmp	.+86     	; 0xd50 <DIO_setpindirection+0x20a>
	case 	DIO_portC:SET_BIT(DDRC_REGISTER,copy_pinnumber); break;
     cfa:	a4 e3       	ldi	r26, 0x34	; 52
     cfc:	b0 e0       	ldi	r27, 0x00	; 0
     cfe:	e4 e3       	ldi	r30, 0x34	; 52
     d00:	f0 e0       	ldi	r31, 0x00	; 0
     d02:	80 81       	ld	r24, Z
     d04:	48 2f       	mov	r20, r24
     d06:	8b 81       	ldd	r24, Y+3	; 0x03
     d08:	28 2f       	mov	r18, r24
     d0a:	30 e0       	ldi	r19, 0x00	; 0
     d0c:	81 e0       	ldi	r24, 0x01	; 1
     d0e:	90 e0       	ldi	r25, 0x00	; 0
     d10:	02 2e       	mov	r0, r18
     d12:	02 c0       	rjmp	.+4      	; 0xd18 <DIO_setpindirection+0x1d2>
     d14:	88 0f       	add	r24, r24
     d16:	99 1f       	adc	r25, r25
     d18:	0a 94       	dec	r0
     d1a:	e2 f7       	brpl	.-8      	; 0xd14 <DIO_setpindirection+0x1ce>
     d1c:	84 2b       	or	r24, r20
     d1e:	8c 93       	st	X, r24
     d20:	17 c0       	rjmp	.+46     	; 0xd50 <DIO_setpindirection+0x20a>
	case	DIO_portD:SET_BIT(DDRD_REGISTER,copy_pinnumber); break;
     d22:	a1 e3       	ldi	r26, 0x31	; 49
     d24:	b0 e0       	ldi	r27, 0x00	; 0
     d26:	e1 e3       	ldi	r30, 0x31	; 49
     d28:	f0 e0       	ldi	r31, 0x00	; 0
     d2a:	80 81       	ld	r24, Z
     d2c:	48 2f       	mov	r20, r24
     d2e:	8b 81       	ldd	r24, Y+3	; 0x03
     d30:	28 2f       	mov	r18, r24
     d32:	30 e0       	ldi	r19, 0x00	; 0
     d34:	81 e0       	ldi	r24, 0x01	; 1
     d36:	90 e0       	ldi	r25, 0x00	; 0
     d38:	02 2e       	mov	r0, r18
     d3a:	02 c0       	rjmp	.+4      	; 0xd40 <DIO_setpindirection+0x1fa>
     d3c:	88 0f       	add	r24, r24
     d3e:	99 1f       	adc	r25, r25
     d40:	0a 94       	dec	r0
     d42:	e2 f7       	brpl	.-8      	; 0xd3c <DIO_setpindirection+0x1f6>
     d44:	84 2b       	or	r24, r20
     d46:	8c 93       	st	X, r24
     d48:	03 c0       	rjmp	.+6      	; 0xd50 <DIO_setpindirection+0x20a>
}
}
else {
	LOC_STATE=DIO_Nok;
     d4a:	19 82       	std	Y+1, r1	; 0x01
     d4c:	01 c0       	rjmp	.+2      	; 0xd50 <DIO_setpindirection+0x20a>
}
}
else{
	LOC_STATE=DIO_Nok;
     d4e:	19 82       	std	Y+1, r1	; 0x01
}
return LOC_STATE;
     d50:	89 81       	ldd	r24, Y+1	; 0x01
}
     d52:	28 96       	adiw	r28, 0x08	; 8
     d54:	0f b6       	in	r0, 0x3f	; 63
     d56:	f8 94       	cli
     d58:	de bf       	out	0x3e, r29	; 62
     d5a:	0f be       	out	0x3f, r0	; 63
     d5c:	cd bf       	out	0x3d, r28	; 61
     d5e:	cf 91       	pop	r28
     d60:	df 91       	pop	r29
     d62:	08 95       	ret

00000d64 <DIO_setpinvalue>:
	return : its statues (DIO_Nok,DIO_ok)

*/	

DIO_errorstate DIO_setpinvalue(u8 copy_port,u8 copy_pinnumber , u8 copy_pinvalue         )
{
     d64:	df 93       	push	r29
     d66:	cf 93       	push	r28
     d68:	cd b7       	in	r28, 0x3d	; 61
     d6a:	de b7       	in	r29, 0x3e	; 62
     d6c:	28 97       	sbiw	r28, 0x08	; 8
     d6e:	0f b6       	in	r0, 0x3f	; 63
     d70:	f8 94       	cli
     d72:	de bf       	out	0x3e, r29	; 62
     d74:	0f be       	out	0x3f, r0	; 63
     d76:	cd bf       	out	0x3d, r28	; 61
     d78:	8a 83       	std	Y+2, r24	; 0x02
     d7a:	6b 83       	std	Y+3, r22	; 0x03
     d7c:	4c 83       	std	Y+4, r20	; 0x04
DIO_errorstate LOC_STATE =DIO_ok;
     d7e:	81 e0       	ldi	r24, 0x01	; 1
     d80:	89 83       	std	Y+1, r24	; 0x01
/* check if the given paramter is in valid range */
if((copy_port<=DIO_portD)&&(copy_pinnumber<=PIN7))
     d82:	8a 81       	ldd	r24, Y+2	; 0x02
     d84:	84 30       	cpi	r24, 0x04	; 4
     d86:	08 f0       	brcs	.+2      	; 0xd8a <DIO_setpinvalue+0x26>
     d88:	f0 c0       	rjmp	.+480    	; 0xf6a <DIO_setpinvalue+0x206>
     d8a:	8b 81       	ldd	r24, Y+3	; 0x03
     d8c:	88 30       	cpi	r24, 0x08	; 8
     d8e:	08 f0       	brcs	.+2      	; 0xd92 <DIO_setpinvalue+0x2e>
     d90:	ec c0       	rjmp	.+472    	; 0xf6a <DIO_setpinvalue+0x206>
{
if(copy_pinvalue==PIN_LOW)
     d92:	8c 81       	ldd	r24, Y+4	; 0x04
     d94:	88 23       	and	r24, r24
     d96:	09 f0       	breq	.+2      	; 0xd9a <DIO_setpinvalue+0x36>
     d98:	73 c0       	rjmp	.+230    	; 0xe80 <DIO_setpinvalue+0x11c>
{
	/* check on the port name */
switch(copy_port)
     d9a:	8a 81       	ldd	r24, Y+2	; 0x02
     d9c:	28 2f       	mov	r18, r24
     d9e:	30 e0       	ldi	r19, 0x00	; 0
     da0:	38 87       	std	Y+8, r19	; 0x08
     da2:	2f 83       	std	Y+7, r18	; 0x07
     da4:	8f 81       	ldd	r24, Y+7	; 0x07
     da6:	98 85       	ldd	r25, Y+8	; 0x08
     da8:	81 30       	cpi	r24, 0x01	; 1
     daa:	91 05       	cpc	r25, r1
     dac:	59 f1       	breq	.+86     	; 0xe04 <DIO_setpinvalue+0xa0>
     dae:	2f 81       	ldd	r18, Y+7	; 0x07
     db0:	38 85       	ldd	r19, Y+8	; 0x08
     db2:	22 30       	cpi	r18, 0x02	; 2
     db4:	31 05       	cpc	r19, r1
     db6:	2c f4       	brge	.+10     	; 0xdc2 <DIO_setpinvalue+0x5e>
     db8:	8f 81       	ldd	r24, Y+7	; 0x07
     dba:	98 85       	ldd	r25, Y+8	; 0x08
     dbc:	00 97       	sbiw	r24, 0x00	; 0
     dbe:	69 f0       	breq	.+26     	; 0xdda <DIO_setpinvalue+0x76>
     dc0:	5f c0       	rjmp	.+190    	; 0xe80 <DIO_setpinvalue+0x11c>
     dc2:	2f 81       	ldd	r18, Y+7	; 0x07
     dc4:	38 85       	ldd	r19, Y+8	; 0x08
     dc6:	22 30       	cpi	r18, 0x02	; 2
     dc8:	31 05       	cpc	r19, r1
     dca:	89 f1       	breq	.+98     	; 0xe2e <DIO_setpinvalue+0xca>
     dcc:	8f 81       	ldd	r24, Y+7	; 0x07
     dce:	98 85       	ldd	r25, Y+8	; 0x08
     dd0:	83 30       	cpi	r24, 0x03	; 3
     dd2:	91 05       	cpc	r25, r1
     dd4:	09 f4       	brne	.+2      	; 0xdd8 <DIO_setpinvalue+0x74>
     dd6:	40 c0       	rjmp	.+128    	; 0xe58 <DIO_setpinvalue+0xf4>
     dd8:	53 c0       	rjmp	.+166    	; 0xe80 <DIO_setpinvalue+0x11c>
{
		case    DIO_portA:CLR_BIT(PORTA_REGISTER,copy_pinnumber); break;
     dda:	ab e3       	ldi	r26, 0x3B	; 59
     ddc:	b0 e0       	ldi	r27, 0x00	; 0
     dde:	eb e3       	ldi	r30, 0x3B	; 59
     de0:	f0 e0       	ldi	r31, 0x00	; 0
     de2:	80 81       	ld	r24, Z
     de4:	48 2f       	mov	r20, r24
     de6:	8b 81       	ldd	r24, Y+3	; 0x03
     de8:	28 2f       	mov	r18, r24
     dea:	30 e0       	ldi	r19, 0x00	; 0
     dec:	81 e0       	ldi	r24, 0x01	; 1
     dee:	90 e0       	ldi	r25, 0x00	; 0
     df0:	02 2e       	mov	r0, r18
     df2:	02 c0       	rjmp	.+4      	; 0xdf8 <DIO_setpinvalue+0x94>
     df4:	88 0f       	add	r24, r24
     df6:	99 1f       	adc	r25, r25
     df8:	0a 94       	dec	r0
     dfa:	e2 f7       	brpl	.-8      	; 0xdf4 <DIO_setpinvalue+0x90>
     dfc:	80 95       	com	r24
     dfe:	84 23       	and	r24, r20
     e00:	8c 93       	st	X, r24
     e02:	3e c0       	rjmp	.+124    	; 0xe80 <DIO_setpinvalue+0x11c>
		case	DIO_portB:CLR_BIT(PORTB_REGISTER,copy_pinnumber); break;
     e04:	a8 e3       	ldi	r26, 0x38	; 56
     e06:	b0 e0       	ldi	r27, 0x00	; 0
     e08:	e8 e3       	ldi	r30, 0x38	; 56
     e0a:	f0 e0       	ldi	r31, 0x00	; 0
     e0c:	80 81       	ld	r24, Z
     e0e:	48 2f       	mov	r20, r24
     e10:	8b 81       	ldd	r24, Y+3	; 0x03
     e12:	28 2f       	mov	r18, r24
     e14:	30 e0       	ldi	r19, 0x00	; 0
     e16:	81 e0       	ldi	r24, 0x01	; 1
     e18:	90 e0       	ldi	r25, 0x00	; 0
     e1a:	02 2e       	mov	r0, r18
     e1c:	02 c0       	rjmp	.+4      	; 0xe22 <DIO_setpinvalue+0xbe>
     e1e:	88 0f       	add	r24, r24
     e20:	99 1f       	adc	r25, r25
     e22:	0a 94       	dec	r0
     e24:	e2 f7       	brpl	.-8      	; 0xe1e <DIO_setpinvalue+0xba>
     e26:	80 95       	com	r24
     e28:	84 23       	and	r24, r20
     e2a:	8c 93       	st	X, r24
     e2c:	29 c0       	rjmp	.+82     	; 0xe80 <DIO_setpinvalue+0x11c>
		case 	DIO_portC:CLR_BIT(PORTC_REGISTER,copy_pinnumber); break;
     e2e:	a5 e3       	ldi	r26, 0x35	; 53
     e30:	b0 e0       	ldi	r27, 0x00	; 0
     e32:	e5 e3       	ldi	r30, 0x35	; 53
     e34:	f0 e0       	ldi	r31, 0x00	; 0
     e36:	80 81       	ld	r24, Z
     e38:	48 2f       	mov	r20, r24
     e3a:	8b 81       	ldd	r24, Y+3	; 0x03
     e3c:	28 2f       	mov	r18, r24
     e3e:	30 e0       	ldi	r19, 0x00	; 0
     e40:	81 e0       	ldi	r24, 0x01	; 1
     e42:	90 e0       	ldi	r25, 0x00	; 0
     e44:	02 2e       	mov	r0, r18
     e46:	02 c0       	rjmp	.+4      	; 0xe4c <DIO_setpinvalue+0xe8>
     e48:	88 0f       	add	r24, r24
     e4a:	99 1f       	adc	r25, r25
     e4c:	0a 94       	dec	r0
     e4e:	e2 f7       	brpl	.-8      	; 0xe48 <DIO_setpinvalue+0xe4>
     e50:	80 95       	com	r24
     e52:	84 23       	and	r24, r20
     e54:	8c 93       	st	X, r24
     e56:	14 c0       	rjmp	.+40     	; 0xe80 <DIO_setpinvalue+0x11c>
		case	DIO_portD:CLR_BIT(PORTD_REGISTER,copy_pinnumber); break;
     e58:	a2 e3       	ldi	r26, 0x32	; 50
     e5a:	b0 e0       	ldi	r27, 0x00	; 0
     e5c:	e2 e3       	ldi	r30, 0x32	; 50
     e5e:	f0 e0       	ldi	r31, 0x00	; 0
     e60:	80 81       	ld	r24, Z
     e62:	48 2f       	mov	r20, r24
     e64:	8b 81       	ldd	r24, Y+3	; 0x03
     e66:	28 2f       	mov	r18, r24
     e68:	30 e0       	ldi	r19, 0x00	; 0
     e6a:	81 e0       	ldi	r24, 0x01	; 1
     e6c:	90 e0       	ldi	r25, 0x00	; 0
     e6e:	02 2e       	mov	r0, r18
     e70:	02 c0       	rjmp	.+4      	; 0xe76 <DIO_setpinvalue+0x112>
     e72:	88 0f       	add	r24, r24
     e74:	99 1f       	adc	r25, r25
     e76:	0a 94       	dec	r0
     e78:	e2 f7       	brpl	.-8      	; 0xe72 <DIO_setpinvalue+0x10e>
     e7a:	80 95       	com	r24
     e7c:	84 23       	and	r24, r20
     e7e:	8c 93       	st	X, r24
}
}
if(copy_pinvalue==PIN_HIGH)
     e80:	8c 81       	ldd	r24, Y+4	; 0x04
     e82:	81 30       	cpi	r24, 0x01	; 1
     e84:	09 f0       	breq	.+2      	; 0xe88 <DIO_setpinvalue+0x124>
     e86:	6f c0       	rjmp	.+222    	; 0xf66 <DIO_setpinvalue+0x202>
{
switch(copy_port)
     e88:	8a 81       	ldd	r24, Y+2	; 0x02
     e8a:	28 2f       	mov	r18, r24
     e8c:	30 e0       	ldi	r19, 0x00	; 0
     e8e:	3e 83       	std	Y+6, r19	; 0x06
     e90:	2d 83       	std	Y+5, r18	; 0x05
     e92:	8d 81       	ldd	r24, Y+5	; 0x05
     e94:	9e 81       	ldd	r25, Y+6	; 0x06
     e96:	81 30       	cpi	r24, 0x01	; 1
     e98:	91 05       	cpc	r25, r1
     e9a:	49 f1       	breq	.+82     	; 0xeee <DIO_setpinvalue+0x18a>
     e9c:	2d 81       	ldd	r18, Y+5	; 0x05
     e9e:	3e 81       	ldd	r19, Y+6	; 0x06
     ea0:	22 30       	cpi	r18, 0x02	; 2
     ea2:	31 05       	cpc	r19, r1
     ea4:	2c f4       	brge	.+10     	; 0xeb0 <DIO_setpinvalue+0x14c>
     ea6:	8d 81       	ldd	r24, Y+5	; 0x05
     ea8:	9e 81       	ldd	r25, Y+6	; 0x06
     eaa:	00 97       	sbiw	r24, 0x00	; 0
     eac:	61 f0       	breq	.+24     	; 0xec6 <DIO_setpinvalue+0x162>
     eae:	5e c0       	rjmp	.+188    	; 0xf6c <DIO_setpinvalue+0x208>
     eb0:	2d 81       	ldd	r18, Y+5	; 0x05
     eb2:	3e 81       	ldd	r19, Y+6	; 0x06
     eb4:	22 30       	cpi	r18, 0x02	; 2
     eb6:	31 05       	cpc	r19, r1
     eb8:	71 f1       	breq	.+92     	; 0xf16 <DIO_setpinvalue+0x1b2>
     eba:	8d 81       	ldd	r24, Y+5	; 0x05
     ebc:	9e 81       	ldd	r25, Y+6	; 0x06
     ebe:	83 30       	cpi	r24, 0x03	; 3
     ec0:	91 05       	cpc	r25, r1
     ec2:	e9 f1       	breq	.+122    	; 0xf3e <DIO_setpinvalue+0x1da>
     ec4:	53 c0       	rjmp	.+166    	; 0xf6c <DIO_setpinvalue+0x208>
{
	/* check on the port name */
	case	DIO_portA:SET_BIT(PORTA_REGISTER,copy_pinnumber); break;
     ec6:	ab e3       	ldi	r26, 0x3B	; 59
     ec8:	b0 e0       	ldi	r27, 0x00	; 0
     eca:	eb e3       	ldi	r30, 0x3B	; 59
     ecc:	f0 e0       	ldi	r31, 0x00	; 0
     ece:	80 81       	ld	r24, Z
     ed0:	48 2f       	mov	r20, r24
     ed2:	8b 81       	ldd	r24, Y+3	; 0x03
     ed4:	28 2f       	mov	r18, r24
     ed6:	30 e0       	ldi	r19, 0x00	; 0
     ed8:	81 e0       	ldi	r24, 0x01	; 1
     eda:	90 e0       	ldi	r25, 0x00	; 0
     edc:	02 2e       	mov	r0, r18
     ede:	02 c0       	rjmp	.+4      	; 0xee4 <DIO_setpinvalue+0x180>
     ee0:	88 0f       	add	r24, r24
     ee2:	99 1f       	adc	r25, r25
     ee4:	0a 94       	dec	r0
     ee6:	e2 f7       	brpl	.-8      	; 0xee0 <DIO_setpinvalue+0x17c>
     ee8:	84 2b       	or	r24, r20
     eea:	8c 93       	st	X, r24
     eec:	3f c0       	rjmp	.+126    	; 0xf6c <DIO_setpinvalue+0x208>
	case	DIO_portB:SET_BIT(PORTB_REGISTER,copy_pinnumber); break;
     eee:	a8 e3       	ldi	r26, 0x38	; 56
     ef0:	b0 e0       	ldi	r27, 0x00	; 0
     ef2:	e8 e3       	ldi	r30, 0x38	; 56
     ef4:	f0 e0       	ldi	r31, 0x00	; 0
     ef6:	80 81       	ld	r24, Z
     ef8:	48 2f       	mov	r20, r24
     efa:	8b 81       	ldd	r24, Y+3	; 0x03
     efc:	28 2f       	mov	r18, r24
     efe:	30 e0       	ldi	r19, 0x00	; 0
     f00:	81 e0       	ldi	r24, 0x01	; 1
     f02:	90 e0       	ldi	r25, 0x00	; 0
     f04:	02 2e       	mov	r0, r18
     f06:	02 c0       	rjmp	.+4      	; 0xf0c <DIO_setpinvalue+0x1a8>
     f08:	88 0f       	add	r24, r24
     f0a:	99 1f       	adc	r25, r25
     f0c:	0a 94       	dec	r0
     f0e:	e2 f7       	brpl	.-8      	; 0xf08 <DIO_setpinvalue+0x1a4>
     f10:	84 2b       	or	r24, r20
     f12:	8c 93       	st	X, r24
     f14:	2b c0       	rjmp	.+86     	; 0xf6c <DIO_setpinvalue+0x208>
	case	DIO_portC:SET_BIT(PORTC_REGISTER,copy_pinnumber); break;
     f16:	a5 e3       	ldi	r26, 0x35	; 53
     f18:	b0 e0       	ldi	r27, 0x00	; 0
     f1a:	e5 e3       	ldi	r30, 0x35	; 53
     f1c:	f0 e0       	ldi	r31, 0x00	; 0
     f1e:	80 81       	ld	r24, Z
     f20:	48 2f       	mov	r20, r24
     f22:	8b 81       	ldd	r24, Y+3	; 0x03
     f24:	28 2f       	mov	r18, r24
     f26:	30 e0       	ldi	r19, 0x00	; 0
     f28:	81 e0       	ldi	r24, 0x01	; 1
     f2a:	90 e0       	ldi	r25, 0x00	; 0
     f2c:	02 2e       	mov	r0, r18
     f2e:	02 c0       	rjmp	.+4      	; 0xf34 <DIO_setpinvalue+0x1d0>
     f30:	88 0f       	add	r24, r24
     f32:	99 1f       	adc	r25, r25
     f34:	0a 94       	dec	r0
     f36:	e2 f7       	brpl	.-8      	; 0xf30 <DIO_setpinvalue+0x1cc>
     f38:	84 2b       	or	r24, r20
     f3a:	8c 93       	st	X, r24
     f3c:	17 c0       	rjmp	.+46     	; 0xf6c <DIO_setpinvalue+0x208>
	case	DIO_portD:SET_BIT(PORTD_REGISTER,copy_pinnumber); break;
     f3e:	a2 e3       	ldi	r26, 0x32	; 50
     f40:	b0 e0       	ldi	r27, 0x00	; 0
     f42:	e2 e3       	ldi	r30, 0x32	; 50
     f44:	f0 e0       	ldi	r31, 0x00	; 0
     f46:	80 81       	ld	r24, Z
     f48:	48 2f       	mov	r20, r24
     f4a:	8b 81       	ldd	r24, Y+3	; 0x03
     f4c:	28 2f       	mov	r18, r24
     f4e:	30 e0       	ldi	r19, 0x00	; 0
     f50:	81 e0       	ldi	r24, 0x01	; 1
     f52:	90 e0       	ldi	r25, 0x00	; 0
     f54:	02 2e       	mov	r0, r18
     f56:	02 c0       	rjmp	.+4      	; 0xf5c <DIO_setpinvalue+0x1f8>
     f58:	88 0f       	add	r24, r24
     f5a:	99 1f       	adc	r25, r25
     f5c:	0a 94       	dec	r0
     f5e:	e2 f7       	brpl	.-8      	; 0xf58 <DIO_setpinvalue+0x1f4>
     f60:	84 2b       	or	r24, r20
     f62:	8c 93       	st	X, r24
     f64:	03 c0       	rjmp	.+6      	; 0xf6c <DIO_setpinvalue+0x208>
}
}
else
{
	LOC_STATE=DIO_Nok;
     f66:	19 82       	std	Y+1, r1	; 0x01
     f68:	01 c0       	rjmp	.+2      	; 0xf6c <DIO_setpinvalue+0x208>
}
}
else
{
	LOC_STATE=DIO_Nok;
     f6a:	19 82       	std	Y+1, r1	; 0x01
}
return LOC_STATE;
     f6c:	89 81       	ldd	r24, Y+1	; 0x01
}
     f6e:	28 96       	adiw	r28, 0x08	; 8
     f70:	0f b6       	in	r0, 0x3f	; 63
     f72:	f8 94       	cli
     f74:	de bf       	out	0x3e, r29	; 62
     f76:	0f be       	out	0x3f, r0	; 63
     f78:	cd bf       	out	0x3d, r28	; 61
     f7a:	cf 91       	pop	r28
     f7c:	df 91       	pop	r29
     f7e:	08 95       	ret

00000f80 <DIO_getpinvalue>:

*/	


DIO_errorstate DIO_getpinvalue(u8 copy_port,u8 copy_pinnumber , u8* pinvalue             )
{
     f80:	df 93       	push	r29
     f82:	cf 93       	push	r28
     f84:	cd b7       	in	r28, 0x3d	; 61
     f86:	de b7       	in	r29, 0x3e	; 62
     f88:	27 97       	sbiw	r28, 0x07	; 7
     f8a:	0f b6       	in	r0, 0x3f	; 63
     f8c:	f8 94       	cli
     f8e:	de bf       	out	0x3e, r29	; 62
     f90:	0f be       	out	0x3f, r0	; 63
     f92:	cd bf       	out	0x3d, r28	; 61
     f94:	8a 83       	std	Y+2, r24	; 0x02
     f96:	6b 83       	std	Y+3, r22	; 0x03
     f98:	5d 83       	std	Y+5, r21	; 0x05
     f9a:	4c 83       	std	Y+4, r20	; 0x04
DIO_errorstate LOC_STATE=DIO_ok;
     f9c:	81 e0       	ldi	r24, 0x01	; 1
     f9e:	89 83       	std	Y+1, r24	; 0x01
/* check if the given paramter is in valid range */
if((copy_port<=DIO_portD)&&(copy_pinnumber<=PIN7))
     fa0:	8a 81       	ldd	r24, Y+2	; 0x02
     fa2:	84 30       	cpi	r24, 0x04	; 4
     fa4:	08 f0       	brcs	.+2      	; 0xfa8 <DIO_getpinvalue+0x28>
     fa6:	a6 c0       	rjmp	.+332    	; 0x10f4 <DIO_getpinvalue+0x174>
     fa8:	8b 81       	ldd	r24, Y+3	; 0x03
     faa:	88 30       	cpi	r24, 0x08	; 8
     fac:	08 f0       	brcs	.+2      	; 0xfb0 <DIO_getpinvalue+0x30>
     fae:	a2 c0       	rjmp	.+324    	; 0x10f4 <DIO_getpinvalue+0x174>
{
switch(copy_port)
     fb0:	8a 81       	ldd	r24, Y+2	; 0x02
     fb2:	28 2f       	mov	r18, r24
     fb4:	30 e0       	ldi	r19, 0x00	; 0
     fb6:	3f 83       	std	Y+7, r19	; 0x07
     fb8:	2e 83       	std	Y+6, r18	; 0x06
     fba:	4e 81       	ldd	r20, Y+6	; 0x06
     fbc:	5f 81       	ldd	r21, Y+7	; 0x07
     fbe:	41 30       	cpi	r20, 0x01	; 1
     fc0:	51 05       	cpc	r21, r1
     fc2:	c1 f1       	breq	.+112    	; 0x1034 <DIO_getpinvalue+0xb4>
     fc4:	8e 81       	ldd	r24, Y+6	; 0x06
     fc6:	9f 81       	ldd	r25, Y+7	; 0x07
     fc8:	82 30       	cpi	r24, 0x02	; 2
     fca:	91 05       	cpc	r25, r1
     fcc:	34 f4       	brge	.+12     	; 0xfda <DIO_getpinvalue+0x5a>
     fce:	2e 81       	ldd	r18, Y+6	; 0x06
     fd0:	3f 81       	ldd	r19, Y+7	; 0x07
     fd2:	21 15       	cp	r18, r1
     fd4:	31 05       	cpc	r19, r1
     fd6:	71 f0       	breq	.+28     	; 0xff4 <DIO_getpinvalue+0x74>
     fd8:	8e c0       	rjmp	.+284    	; 0x10f6 <DIO_getpinvalue+0x176>
     fda:	4e 81       	ldd	r20, Y+6	; 0x06
     fdc:	5f 81       	ldd	r21, Y+7	; 0x07
     fde:	42 30       	cpi	r20, 0x02	; 2
     fe0:	51 05       	cpc	r21, r1
     fe2:	09 f4       	brne	.+2      	; 0xfe6 <DIO_getpinvalue+0x66>
     fe4:	47 c0       	rjmp	.+142    	; 0x1074 <DIO_getpinvalue+0xf4>
     fe6:	8e 81       	ldd	r24, Y+6	; 0x06
     fe8:	9f 81       	ldd	r25, Y+7	; 0x07
     fea:	83 30       	cpi	r24, 0x03	; 3
     fec:	91 05       	cpc	r25, r1
     fee:	09 f4       	brne	.+2      	; 0xff2 <DIO_getpinvalue+0x72>
     ff0:	61 c0       	rjmp	.+194    	; 0x10b4 <DIO_getpinvalue+0x134>
     ff2:	81 c0       	rjmp	.+258    	; 0x10f6 <DIO_getpinvalue+0x176>
{
	/* check on the port name */
	case	DIO_portA:* pinvalue  = GET_BIT(PINA_REGISTER,copy_pinnumber);break;
     ff4:	e9 e3       	ldi	r30, 0x39	; 57
     ff6:	f0 e0       	ldi	r31, 0x00	; 0
     ff8:	80 81       	ld	r24, Z
     ffa:	48 2f       	mov	r20, r24
     ffc:	50 e0       	ldi	r21, 0x00	; 0
     ffe:	8b 81       	ldd	r24, Y+3	; 0x03
    1000:	28 2f       	mov	r18, r24
    1002:	30 e0       	ldi	r19, 0x00	; 0
    1004:	81 e0       	ldi	r24, 0x01	; 1
    1006:	90 e0       	ldi	r25, 0x00	; 0
    1008:	02 c0       	rjmp	.+4      	; 0x100e <DIO_getpinvalue+0x8e>
    100a:	88 0f       	add	r24, r24
    100c:	99 1f       	adc	r25, r25
    100e:	2a 95       	dec	r18
    1010:	e2 f7       	brpl	.-8      	; 0x100a <DIO_getpinvalue+0x8a>
    1012:	9a 01       	movw	r18, r20
    1014:	28 23       	and	r18, r24
    1016:	39 23       	and	r19, r25
    1018:	8b 81       	ldd	r24, Y+3	; 0x03
    101a:	88 2f       	mov	r24, r24
    101c:	90 e0       	ldi	r25, 0x00	; 0
    101e:	a9 01       	movw	r20, r18
    1020:	02 c0       	rjmp	.+4      	; 0x1026 <DIO_getpinvalue+0xa6>
    1022:	55 95       	asr	r21
    1024:	47 95       	ror	r20
    1026:	8a 95       	dec	r24
    1028:	e2 f7       	brpl	.-8      	; 0x1022 <DIO_getpinvalue+0xa2>
    102a:	ca 01       	movw	r24, r20
    102c:	ec 81       	ldd	r30, Y+4	; 0x04
    102e:	fd 81       	ldd	r31, Y+5	; 0x05
    1030:	80 83       	st	Z, r24
    1032:	61 c0       	rjmp	.+194    	; 0x10f6 <DIO_getpinvalue+0x176>
	case	DIO_portB:* pinvalue  = GET_BIT(PINB_REGISTER,copy_pinnumber);break;
    1034:	e6 e3       	ldi	r30, 0x36	; 54
    1036:	f0 e0       	ldi	r31, 0x00	; 0
    1038:	80 81       	ld	r24, Z
    103a:	48 2f       	mov	r20, r24
    103c:	50 e0       	ldi	r21, 0x00	; 0
    103e:	8b 81       	ldd	r24, Y+3	; 0x03
    1040:	28 2f       	mov	r18, r24
    1042:	30 e0       	ldi	r19, 0x00	; 0
    1044:	81 e0       	ldi	r24, 0x01	; 1
    1046:	90 e0       	ldi	r25, 0x00	; 0
    1048:	02 c0       	rjmp	.+4      	; 0x104e <DIO_getpinvalue+0xce>
    104a:	88 0f       	add	r24, r24
    104c:	99 1f       	adc	r25, r25
    104e:	2a 95       	dec	r18
    1050:	e2 f7       	brpl	.-8      	; 0x104a <DIO_getpinvalue+0xca>
    1052:	9a 01       	movw	r18, r20
    1054:	28 23       	and	r18, r24
    1056:	39 23       	and	r19, r25
    1058:	8b 81       	ldd	r24, Y+3	; 0x03
    105a:	88 2f       	mov	r24, r24
    105c:	90 e0       	ldi	r25, 0x00	; 0
    105e:	a9 01       	movw	r20, r18
    1060:	02 c0       	rjmp	.+4      	; 0x1066 <DIO_getpinvalue+0xe6>
    1062:	55 95       	asr	r21
    1064:	47 95       	ror	r20
    1066:	8a 95       	dec	r24
    1068:	e2 f7       	brpl	.-8      	; 0x1062 <DIO_getpinvalue+0xe2>
    106a:	ca 01       	movw	r24, r20
    106c:	ec 81       	ldd	r30, Y+4	; 0x04
    106e:	fd 81       	ldd	r31, Y+5	; 0x05
    1070:	80 83       	st	Z, r24
    1072:	41 c0       	rjmp	.+130    	; 0x10f6 <DIO_getpinvalue+0x176>
	case	DIO_portC:* pinvalue  = GET_BIT(PINC_REGISTER,copy_pinnumber);break;
    1074:	e3 e3       	ldi	r30, 0x33	; 51
    1076:	f0 e0       	ldi	r31, 0x00	; 0
    1078:	80 81       	ld	r24, Z
    107a:	48 2f       	mov	r20, r24
    107c:	50 e0       	ldi	r21, 0x00	; 0
    107e:	8b 81       	ldd	r24, Y+3	; 0x03
    1080:	28 2f       	mov	r18, r24
    1082:	30 e0       	ldi	r19, 0x00	; 0
    1084:	81 e0       	ldi	r24, 0x01	; 1
    1086:	90 e0       	ldi	r25, 0x00	; 0
    1088:	02 c0       	rjmp	.+4      	; 0x108e <DIO_getpinvalue+0x10e>
    108a:	88 0f       	add	r24, r24
    108c:	99 1f       	adc	r25, r25
    108e:	2a 95       	dec	r18
    1090:	e2 f7       	brpl	.-8      	; 0x108a <DIO_getpinvalue+0x10a>
    1092:	9a 01       	movw	r18, r20
    1094:	28 23       	and	r18, r24
    1096:	39 23       	and	r19, r25
    1098:	8b 81       	ldd	r24, Y+3	; 0x03
    109a:	88 2f       	mov	r24, r24
    109c:	90 e0       	ldi	r25, 0x00	; 0
    109e:	a9 01       	movw	r20, r18
    10a0:	02 c0       	rjmp	.+4      	; 0x10a6 <DIO_getpinvalue+0x126>
    10a2:	55 95       	asr	r21
    10a4:	47 95       	ror	r20
    10a6:	8a 95       	dec	r24
    10a8:	e2 f7       	brpl	.-8      	; 0x10a2 <DIO_getpinvalue+0x122>
    10aa:	ca 01       	movw	r24, r20
    10ac:	ec 81       	ldd	r30, Y+4	; 0x04
    10ae:	fd 81       	ldd	r31, Y+5	; 0x05
    10b0:	80 83       	st	Z, r24
    10b2:	21 c0       	rjmp	.+66     	; 0x10f6 <DIO_getpinvalue+0x176>
	case	DIO_portD:* pinvalue  = GET_BIT(PIND_REGISTER,copy_pinnumber);break;
    10b4:	e0 e3       	ldi	r30, 0x30	; 48
    10b6:	f0 e0       	ldi	r31, 0x00	; 0
    10b8:	80 81       	ld	r24, Z
    10ba:	48 2f       	mov	r20, r24
    10bc:	50 e0       	ldi	r21, 0x00	; 0
    10be:	8b 81       	ldd	r24, Y+3	; 0x03
    10c0:	28 2f       	mov	r18, r24
    10c2:	30 e0       	ldi	r19, 0x00	; 0
    10c4:	81 e0       	ldi	r24, 0x01	; 1
    10c6:	90 e0       	ldi	r25, 0x00	; 0
    10c8:	02 c0       	rjmp	.+4      	; 0x10ce <DIO_getpinvalue+0x14e>
    10ca:	88 0f       	add	r24, r24
    10cc:	99 1f       	adc	r25, r25
    10ce:	2a 95       	dec	r18
    10d0:	e2 f7       	brpl	.-8      	; 0x10ca <DIO_getpinvalue+0x14a>
    10d2:	9a 01       	movw	r18, r20
    10d4:	28 23       	and	r18, r24
    10d6:	39 23       	and	r19, r25
    10d8:	8b 81       	ldd	r24, Y+3	; 0x03
    10da:	88 2f       	mov	r24, r24
    10dc:	90 e0       	ldi	r25, 0x00	; 0
    10de:	a9 01       	movw	r20, r18
    10e0:	02 c0       	rjmp	.+4      	; 0x10e6 <DIO_getpinvalue+0x166>
    10e2:	55 95       	asr	r21
    10e4:	47 95       	ror	r20
    10e6:	8a 95       	dec	r24
    10e8:	e2 f7       	brpl	.-8      	; 0x10e2 <DIO_getpinvalue+0x162>
    10ea:	ca 01       	movw	r24, r20
    10ec:	ec 81       	ldd	r30, Y+4	; 0x04
    10ee:	fd 81       	ldd	r31, Y+5	; 0x05
    10f0:	80 83       	st	Z, r24
    10f2:	01 c0       	rjmp	.+2      	; 0x10f6 <DIO_getpinvalue+0x176>
}
}
else
{
	LOC_STATE=DIO_Nok;
    10f4:	19 82       	std	Y+1, r1	; 0x01
}
return LOC_STATE ;
    10f6:	89 81       	ldd	r24, Y+1	; 0x01
}
    10f8:	27 96       	adiw	r28, 0x07	; 7
    10fa:	0f b6       	in	r0, 0x3f	; 63
    10fc:	f8 94       	cli
    10fe:	de bf       	out	0x3e, r29	; 62
    1100:	0f be       	out	0x3f, r0	; 63
    1102:	cd bf       	out	0x3d, r28	; 61
    1104:	cf 91       	pop	r28
    1106:	df 91       	pop	r29
    1108:	08 95       	ret

0000110a <DIO_togelpinvalue>:
	return : its statues (DIO_Nok,DIO_ok)

*/

DIO_errorstate DIO_togelpinvalue(u8 copy_port,u8 copy_pinnumber                          )
{
    110a:	df 93       	push	r29
    110c:	cf 93       	push	r28
    110e:	00 d0       	rcall	.+0      	; 0x1110 <DIO_togelpinvalue+0x6>
    1110:	00 d0       	rcall	.+0      	; 0x1112 <DIO_togelpinvalue+0x8>
    1112:	0f 92       	push	r0
    1114:	cd b7       	in	r28, 0x3d	; 61
    1116:	de b7       	in	r29, 0x3e	; 62
    1118:	8a 83       	std	Y+2, r24	; 0x02
    111a:	6b 83       	std	Y+3, r22	; 0x03
DIO_errorstate LOC_STATE=DIO_ok;
    111c:	81 e0       	ldi	r24, 0x01	; 1
    111e:	89 83       	std	Y+1, r24	; 0x01
/* check if the given paramter is in valid range */
if((copy_port<=DIO_portD)&&(copy_pinnumber<=PIN7))
    1120:	8a 81       	ldd	r24, Y+2	; 0x02
    1122:	84 30       	cpi	r24, 0x04	; 4
    1124:	08 f0       	brcs	.+2      	; 0x1128 <DIO_togelpinvalue+0x1e>
    1126:	73 c0       	rjmp	.+230    	; 0x120e <DIO_togelpinvalue+0x104>
    1128:	8b 81       	ldd	r24, Y+3	; 0x03
    112a:	88 30       	cpi	r24, 0x08	; 8
    112c:	08 f0       	brcs	.+2      	; 0x1130 <DIO_togelpinvalue+0x26>
    112e:	6f c0       	rjmp	.+222    	; 0x120e <DIO_togelpinvalue+0x104>
{
switch(copy_port){
    1130:	8a 81       	ldd	r24, Y+2	; 0x02
    1132:	28 2f       	mov	r18, r24
    1134:	30 e0       	ldi	r19, 0x00	; 0
    1136:	3d 83       	std	Y+5, r19	; 0x05
    1138:	2c 83       	std	Y+4, r18	; 0x04
    113a:	8c 81       	ldd	r24, Y+4	; 0x04
    113c:	9d 81       	ldd	r25, Y+5	; 0x05
    113e:	81 30       	cpi	r24, 0x01	; 1
    1140:	91 05       	cpc	r25, r1
    1142:	49 f1       	breq	.+82     	; 0x1196 <DIO_togelpinvalue+0x8c>
    1144:	2c 81       	ldd	r18, Y+4	; 0x04
    1146:	3d 81       	ldd	r19, Y+5	; 0x05
    1148:	22 30       	cpi	r18, 0x02	; 2
    114a:	31 05       	cpc	r19, r1
    114c:	2c f4       	brge	.+10     	; 0x1158 <DIO_togelpinvalue+0x4e>
    114e:	8c 81       	ldd	r24, Y+4	; 0x04
    1150:	9d 81       	ldd	r25, Y+5	; 0x05
    1152:	00 97       	sbiw	r24, 0x00	; 0
    1154:	61 f0       	breq	.+24     	; 0x116e <DIO_togelpinvalue+0x64>
    1156:	5c c0       	rjmp	.+184    	; 0x1210 <DIO_togelpinvalue+0x106>
    1158:	2c 81       	ldd	r18, Y+4	; 0x04
    115a:	3d 81       	ldd	r19, Y+5	; 0x05
    115c:	22 30       	cpi	r18, 0x02	; 2
    115e:	31 05       	cpc	r19, r1
    1160:	71 f1       	breq	.+92     	; 0x11be <DIO_togelpinvalue+0xb4>
    1162:	8c 81       	ldd	r24, Y+4	; 0x04
    1164:	9d 81       	ldd	r25, Y+5	; 0x05
    1166:	83 30       	cpi	r24, 0x03	; 3
    1168:	91 05       	cpc	r25, r1
    116a:	e9 f1       	breq	.+122    	; 0x11e6 <DIO_togelpinvalue+0xdc>
    116c:	51 c0       	rjmp	.+162    	; 0x1210 <DIO_togelpinvalue+0x106>
	/* check on the port name */
	case	DIO_portA:TOG_BIT(PORTA_REGISTER,copy_pinnumber); break;
    116e:	ab e3       	ldi	r26, 0x3B	; 59
    1170:	b0 e0       	ldi	r27, 0x00	; 0
    1172:	eb e3       	ldi	r30, 0x3B	; 59
    1174:	f0 e0       	ldi	r31, 0x00	; 0
    1176:	80 81       	ld	r24, Z
    1178:	48 2f       	mov	r20, r24
    117a:	8b 81       	ldd	r24, Y+3	; 0x03
    117c:	28 2f       	mov	r18, r24
    117e:	30 e0       	ldi	r19, 0x00	; 0
    1180:	81 e0       	ldi	r24, 0x01	; 1
    1182:	90 e0       	ldi	r25, 0x00	; 0
    1184:	02 2e       	mov	r0, r18
    1186:	02 c0       	rjmp	.+4      	; 0x118c <DIO_togelpinvalue+0x82>
    1188:	88 0f       	add	r24, r24
    118a:	99 1f       	adc	r25, r25
    118c:	0a 94       	dec	r0
    118e:	e2 f7       	brpl	.-8      	; 0x1188 <DIO_togelpinvalue+0x7e>
    1190:	84 27       	eor	r24, r20
    1192:	8c 93       	st	X, r24
    1194:	3d c0       	rjmp	.+122    	; 0x1210 <DIO_togelpinvalue+0x106>
	case	DIO_portB:TOG_BIT(PORTB_REGISTER,copy_pinnumber); break;
    1196:	a8 e3       	ldi	r26, 0x38	; 56
    1198:	b0 e0       	ldi	r27, 0x00	; 0
    119a:	e8 e3       	ldi	r30, 0x38	; 56
    119c:	f0 e0       	ldi	r31, 0x00	; 0
    119e:	80 81       	ld	r24, Z
    11a0:	48 2f       	mov	r20, r24
    11a2:	8b 81       	ldd	r24, Y+3	; 0x03
    11a4:	28 2f       	mov	r18, r24
    11a6:	30 e0       	ldi	r19, 0x00	; 0
    11a8:	81 e0       	ldi	r24, 0x01	; 1
    11aa:	90 e0       	ldi	r25, 0x00	; 0
    11ac:	02 2e       	mov	r0, r18
    11ae:	02 c0       	rjmp	.+4      	; 0x11b4 <DIO_togelpinvalue+0xaa>
    11b0:	88 0f       	add	r24, r24
    11b2:	99 1f       	adc	r25, r25
    11b4:	0a 94       	dec	r0
    11b6:	e2 f7       	brpl	.-8      	; 0x11b0 <DIO_togelpinvalue+0xa6>
    11b8:	84 27       	eor	r24, r20
    11ba:	8c 93       	st	X, r24
    11bc:	29 c0       	rjmp	.+82     	; 0x1210 <DIO_togelpinvalue+0x106>
	case	DIO_portC:TOG_BIT(PORTC_REGISTER,copy_pinnumber); break;
    11be:	a5 e3       	ldi	r26, 0x35	; 53
    11c0:	b0 e0       	ldi	r27, 0x00	; 0
    11c2:	e5 e3       	ldi	r30, 0x35	; 53
    11c4:	f0 e0       	ldi	r31, 0x00	; 0
    11c6:	80 81       	ld	r24, Z
    11c8:	48 2f       	mov	r20, r24
    11ca:	8b 81       	ldd	r24, Y+3	; 0x03
    11cc:	28 2f       	mov	r18, r24
    11ce:	30 e0       	ldi	r19, 0x00	; 0
    11d0:	81 e0       	ldi	r24, 0x01	; 1
    11d2:	90 e0       	ldi	r25, 0x00	; 0
    11d4:	02 2e       	mov	r0, r18
    11d6:	02 c0       	rjmp	.+4      	; 0x11dc <DIO_togelpinvalue+0xd2>
    11d8:	88 0f       	add	r24, r24
    11da:	99 1f       	adc	r25, r25
    11dc:	0a 94       	dec	r0
    11de:	e2 f7       	brpl	.-8      	; 0x11d8 <DIO_togelpinvalue+0xce>
    11e0:	84 27       	eor	r24, r20
    11e2:	8c 93       	st	X, r24
    11e4:	15 c0       	rjmp	.+42     	; 0x1210 <DIO_togelpinvalue+0x106>
	case	DIO_portD:TOG_BIT(PORTD_REGISTER,copy_pinnumber); break;
    11e6:	a2 e3       	ldi	r26, 0x32	; 50
    11e8:	b0 e0       	ldi	r27, 0x00	; 0
    11ea:	e2 e3       	ldi	r30, 0x32	; 50
    11ec:	f0 e0       	ldi	r31, 0x00	; 0
    11ee:	80 81       	ld	r24, Z
    11f0:	48 2f       	mov	r20, r24
    11f2:	8b 81       	ldd	r24, Y+3	; 0x03
    11f4:	28 2f       	mov	r18, r24
    11f6:	30 e0       	ldi	r19, 0x00	; 0
    11f8:	81 e0       	ldi	r24, 0x01	; 1
    11fa:	90 e0       	ldi	r25, 0x00	; 0
    11fc:	02 2e       	mov	r0, r18
    11fe:	02 c0       	rjmp	.+4      	; 0x1204 <DIO_togelpinvalue+0xfa>
    1200:	88 0f       	add	r24, r24
    1202:	99 1f       	adc	r25, r25
    1204:	0a 94       	dec	r0
    1206:	e2 f7       	brpl	.-8      	; 0x1200 <DIO_togelpinvalue+0xf6>
    1208:	84 27       	eor	r24, r20
    120a:	8c 93       	st	X, r24
    120c:	01 c0       	rjmp	.+2      	; 0x1210 <DIO_togelpinvalue+0x106>
}
}
else 
{
	LOC_STATE=DIO_Nok;
    120e:	19 82       	std	Y+1, r1	; 0x01
}
return LOC_STATE ;
    1210:	89 81       	ldd	r24, Y+1	; 0x01
}
    1212:	0f 90       	pop	r0
    1214:	0f 90       	pop	r0
    1216:	0f 90       	pop	r0
    1218:	0f 90       	pop	r0
    121a:	0f 90       	pop	r0
    121c:	cf 91       	pop	r28
    121e:	df 91       	pop	r29
    1220:	08 95       	ret

00001222 <DIO_setportdirection>:
	return : its statues (DIO_Nok,DIO_ok)

*/

DIO_errorstate DIO_setportdirection (u8 copy_port , u8 copy_portdirection )
{
    1222:	df 93       	push	r29
    1224:	cf 93       	push	r28
    1226:	00 d0       	rcall	.+0      	; 0x1228 <DIO_setportdirection+0x6>
    1228:	00 d0       	rcall	.+0      	; 0x122a <DIO_setportdirection+0x8>
    122a:	0f 92       	push	r0
    122c:	cd b7       	in	r28, 0x3d	; 61
    122e:	de b7       	in	r29, 0x3e	; 62
    1230:	8a 83       	std	Y+2, r24	; 0x02
    1232:	6b 83       	std	Y+3, r22	; 0x03
	DIO_errorstate LOC_STATE = DIO_ok;
    1234:	81 e0       	ldi	r24, 0x01	; 1
    1236:	89 83       	std	Y+1, r24	; 0x01
	/* check on givin paramter is in valid range */
	
	if( copy_port<=DIO_portD ){
    1238:	8a 81       	ldd	r24, Y+2	; 0x02
    123a:	84 30       	cpi	r24, 0x04	; 4
    123c:	98 f5       	brcc	.+102    	; 0x12a4 <DIO_setportdirection+0x82>
		/* check on port name */
		switch(copy_port)
    123e:	8a 81       	ldd	r24, Y+2	; 0x02
    1240:	28 2f       	mov	r18, r24
    1242:	30 e0       	ldi	r19, 0x00	; 0
    1244:	3d 83       	std	Y+5, r19	; 0x05
    1246:	2c 83       	std	Y+4, r18	; 0x04
    1248:	8c 81       	ldd	r24, Y+4	; 0x04
    124a:	9d 81       	ldd	r25, Y+5	; 0x05
    124c:	81 30       	cpi	r24, 0x01	; 1
    124e:	91 05       	cpc	r25, r1
    1250:	d1 f0       	breq	.+52     	; 0x1286 <DIO_setportdirection+0x64>
    1252:	2c 81       	ldd	r18, Y+4	; 0x04
    1254:	3d 81       	ldd	r19, Y+5	; 0x05
    1256:	22 30       	cpi	r18, 0x02	; 2
    1258:	31 05       	cpc	r19, r1
    125a:	2c f4       	brge	.+10     	; 0x1266 <DIO_setportdirection+0x44>
    125c:	8c 81       	ldd	r24, Y+4	; 0x04
    125e:	9d 81       	ldd	r25, Y+5	; 0x05
    1260:	00 97       	sbiw	r24, 0x00	; 0
    1262:	61 f0       	breq	.+24     	; 0x127c <DIO_setportdirection+0x5a>
    1264:	20 c0       	rjmp	.+64     	; 0x12a6 <DIO_setportdirection+0x84>
    1266:	2c 81       	ldd	r18, Y+4	; 0x04
    1268:	3d 81       	ldd	r19, Y+5	; 0x05
    126a:	22 30       	cpi	r18, 0x02	; 2
    126c:	31 05       	cpc	r19, r1
    126e:	81 f0       	breq	.+32     	; 0x1290 <DIO_setportdirection+0x6e>
    1270:	8c 81       	ldd	r24, Y+4	; 0x04
    1272:	9d 81       	ldd	r25, Y+5	; 0x05
    1274:	83 30       	cpi	r24, 0x03	; 3
    1276:	91 05       	cpc	r25, r1
    1278:	81 f0       	breq	.+32     	; 0x129a <DIO_setportdirection+0x78>
    127a:	15 c0       	rjmp	.+42     	; 0x12a6 <DIO_setportdirection+0x84>
		{
		case	DIO_portA : DDRA_REGISTER = copy_portdirection ; break ;
    127c:	ea e3       	ldi	r30, 0x3A	; 58
    127e:	f0 e0       	ldi	r31, 0x00	; 0
    1280:	8b 81       	ldd	r24, Y+3	; 0x03
    1282:	80 83       	st	Z, r24
    1284:	10 c0       	rjmp	.+32     	; 0x12a6 <DIO_setportdirection+0x84>
		case    DIO_portB : DDRB_REGISTER = copy_portdirection ; break ;
    1286:	e7 e3       	ldi	r30, 0x37	; 55
    1288:	f0 e0       	ldi	r31, 0x00	; 0
    128a:	8b 81       	ldd	r24, Y+3	; 0x03
    128c:	80 83       	st	Z, r24
    128e:	0b c0       	rjmp	.+22     	; 0x12a6 <DIO_setportdirection+0x84>
		case	DIO_portC : DDRC_REGISTER = copy_portdirection ; break ;
    1290:	e4 e3       	ldi	r30, 0x34	; 52
    1292:	f0 e0       	ldi	r31, 0x00	; 0
    1294:	8b 81       	ldd	r24, Y+3	; 0x03
    1296:	80 83       	st	Z, r24
    1298:	06 c0       	rjmp	.+12     	; 0x12a6 <DIO_setportdirection+0x84>
		case    DIO_portD : DDRD_REGISTER = copy_portdirection ; break ;
    129a:	e1 e3       	ldi	r30, 0x31	; 49
    129c:	f0 e0       	ldi	r31, 0x00	; 0
    129e:	8b 81       	ldd	r24, Y+3	; 0x03
    12a0:	80 83       	st	Z, r24
    12a2:	01 c0       	rjmp	.+2      	; 0x12a6 <DIO_setportdirection+0x84>
		}
	}
	else 
	{
		LOC_STATE =DIO_Nok;
    12a4:	19 82       	std	Y+1, r1	; 0x01
	}
	return LOC_STATE ;
    12a6:	89 81       	ldd	r24, Y+1	; 0x01
}
    12a8:	0f 90       	pop	r0
    12aa:	0f 90       	pop	r0
    12ac:	0f 90       	pop	r0
    12ae:	0f 90       	pop	r0
    12b0:	0f 90       	pop	r0
    12b2:	cf 91       	pop	r28
    12b4:	df 91       	pop	r29
    12b6:	08 95       	ret

000012b8 <DIO_setportvalue>:

*/


DIO_errorstate DIO_setportvalue     (u8 copy_port , u8 copy_portvalue     )
{
    12b8:	df 93       	push	r29
    12ba:	cf 93       	push	r28
    12bc:	00 d0       	rcall	.+0      	; 0x12be <DIO_setportvalue+0x6>
    12be:	00 d0       	rcall	.+0      	; 0x12c0 <DIO_setportvalue+0x8>
    12c0:	0f 92       	push	r0
    12c2:	cd b7       	in	r28, 0x3d	; 61
    12c4:	de b7       	in	r29, 0x3e	; 62
    12c6:	8a 83       	std	Y+2, r24	; 0x02
    12c8:	6b 83       	std	Y+3, r22	; 0x03
		DIO_errorstate LOC_STATE = DIO_ok;
    12ca:	81 e0       	ldi	r24, 0x01	; 1
    12cc:	89 83       	std	Y+1, r24	; 0x01
	/* check on givin paramter is in valid range */
	
	if( copy_port<=DIO_portD ){
    12ce:	8a 81       	ldd	r24, Y+2	; 0x02
    12d0:	84 30       	cpi	r24, 0x04	; 4
    12d2:	98 f5       	brcc	.+102    	; 0x133a <DIO_setportvalue+0x82>
		
		/* check on port name */
		switch(copy_port)
    12d4:	8a 81       	ldd	r24, Y+2	; 0x02
    12d6:	28 2f       	mov	r18, r24
    12d8:	30 e0       	ldi	r19, 0x00	; 0
    12da:	3d 83       	std	Y+5, r19	; 0x05
    12dc:	2c 83       	std	Y+4, r18	; 0x04
    12de:	8c 81       	ldd	r24, Y+4	; 0x04
    12e0:	9d 81       	ldd	r25, Y+5	; 0x05
    12e2:	81 30       	cpi	r24, 0x01	; 1
    12e4:	91 05       	cpc	r25, r1
    12e6:	d1 f0       	breq	.+52     	; 0x131c <DIO_setportvalue+0x64>
    12e8:	2c 81       	ldd	r18, Y+4	; 0x04
    12ea:	3d 81       	ldd	r19, Y+5	; 0x05
    12ec:	22 30       	cpi	r18, 0x02	; 2
    12ee:	31 05       	cpc	r19, r1
    12f0:	2c f4       	brge	.+10     	; 0x12fc <DIO_setportvalue+0x44>
    12f2:	8c 81       	ldd	r24, Y+4	; 0x04
    12f4:	9d 81       	ldd	r25, Y+5	; 0x05
    12f6:	00 97       	sbiw	r24, 0x00	; 0
    12f8:	61 f0       	breq	.+24     	; 0x1312 <DIO_setportvalue+0x5a>
    12fa:	20 c0       	rjmp	.+64     	; 0x133c <DIO_setportvalue+0x84>
    12fc:	2c 81       	ldd	r18, Y+4	; 0x04
    12fe:	3d 81       	ldd	r19, Y+5	; 0x05
    1300:	22 30       	cpi	r18, 0x02	; 2
    1302:	31 05       	cpc	r19, r1
    1304:	81 f0       	breq	.+32     	; 0x1326 <DIO_setportvalue+0x6e>
    1306:	8c 81       	ldd	r24, Y+4	; 0x04
    1308:	9d 81       	ldd	r25, Y+5	; 0x05
    130a:	83 30       	cpi	r24, 0x03	; 3
    130c:	91 05       	cpc	r25, r1
    130e:	81 f0       	breq	.+32     	; 0x1330 <DIO_setportvalue+0x78>
    1310:	15 c0       	rjmp	.+42     	; 0x133c <DIO_setportvalue+0x84>
		{
		case	DIO_portA : PORTA_REGISTER = copy_portvalue ; break ;
    1312:	eb e3       	ldi	r30, 0x3B	; 59
    1314:	f0 e0       	ldi	r31, 0x00	; 0
    1316:	8b 81       	ldd	r24, Y+3	; 0x03
    1318:	80 83       	st	Z, r24
    131a:	10 c0       	rjmp	.+32     	; 0x133c <DIO_setportvalue+0x84>
		case    DIO_portB : PORTB_REGISTER = copy_portvalue ; break ;
    131c:	e8 e3       	ldi	r30, 0x38	; 56
    131e:	f0 e0       	ldi	r31, 0x00	; 0
    1320:	8b 81       	ldd	r24, Y+3	; 0x03
    1322:	80 83       	st	Z, r24
    1324:	0b c0       	rjmp	.+22     	; 0x133c <DIO_setportvalue+0x84>
		case	DIO_portC : PORTC_REGISTER = copy_portvalue ; break ;
    1326:	e5 e3       	ldi	r30, 0x35	; 53
    1328:	f0 e0       	ldi	r31, 0x00	; 0
    132a:	8b 81       	ldd	r24, Y+3	; 0x03
    132c:	80 83       	st	Z, r24
    132e:	06 c0       	rjmp	.+12     	; 0x133c <DIO_setportvalue+0x84>
		case    DIO_portD : PORTD_REGISTER = copy_portvalue ; break ;
    1330:	e2 e3       	ldi	r30, 0x32	; 50
    1332:	f0 e0       	ldi	r31, 0x00	; 0
    1334:	8b 81       	ldd	r24, Y+3	; 0x03
    1336:	80 83       	st	Z, r24
    1338:	01 c0       	rjmp	.+2      	; 0x133c <DIO_setportvalue+0x84>
		}
	}
	else 
	{
		LOC_STATE =DIO_Nok;
    133a:	19 82       	std	Y+1, r1	; 0x01
	}
	return LOC_STATE ;
    133c:	89 81       	ldd	r24, Y+1	; 0x01
}
    133e:	0f 90       	pop	r0
    1340:	0f 90       	pop	r0
    1342:	0f 90       	pop	r0
    1344:	0f 90       	pop	r0
    1346:	0f 90       	pop	r0
    1348:	cf 91       	pop	r28
    134a:	df 91       	pop	r29
    134c:	08 95       	ret

0000134e <DIO_getportvalue>:
	return : its statues (DIO_Nok,DIO_ok)

*/

DIO_errorstate DIO_getportvalue     (u8 copy_port , u8 * ptr_data         )
{
    134e:	df 93       	push	r29
    1350:	cf 93       	push	r28
    1352:	00 d0       	rcall	.+0      	; 0x1354 <DIO_getportvalue+0x6>
    1354:	00 d0       	rcall	.+0      	; 0x1356 <DIO_getportvalue+0x8>
    1356:	00 d0       	rcall	.+0      	; 0x1358 <DIO_getportvalue+0xa>
    1358:	cd b7       	in	r28, 0x3d	; 61
    135a:	de b7       	in	r29, 0x3e	; 62
    135c:	8a 83       	std	Y+2, r24	; 0x02
    135e:	7c 83       	std	Y+4, r23	; 0x04
    1360:	6b 83       	std	Y+3, r22	; 0x03
			DIO_errorstate LOC_STATE = DIO_ok;
    1362:	81 e0       	ldi	r24, 0x01	; 1
    1364:	89 83       	std	Y+1, r24	; 0x01
	/* check on givin paramter is in valid range */
	
	if( copy_port<=DIO_portD ){
    1366:	8a 81       	ldd	r24, Y+2	; 0x02
    1368:	84 30       	cpi	r24, 0x04	; 4
    136a:	d8 f5       	brcc	.+118    	; 0x13e2 <DIO_getportvalue+0x94>
		
		/* check on port name */
		switch(copy_port)
    136c:	8a 81       	ldd	r24, Y+2	; 0x02
    136e:	28 2f       	mov	r18, r24
    1370:	30 e0       	ldi	r19, 0x00	; 0
    1372:	3e 83       	std	Y+6, r19	; 0x06
    1374:	2d 83       	std	Y+5, r18	; 0x05
    1376:	8d 81       	ldd	r24, Y+5	; 0x05
    1378:	9e 81       	ldd	r25, Y+6	; 0x06
    137a:	81 30       	cpi	r24, 0x01	; 1
    137c:	91 05       	cpc	r25, r1
    137e:	e1 f0       	breq	.+56     	; 0x13b8 <DIO_getportvalue+0x6a>
    1380:	2d 81       	ldd	r18, Y+5	; 0x05
    1382:	3e 81       	ldd	r19, Y+6	; 0x06
    1384:	22 30       	cpi	r18, 0x02	; 2
    1386:	31 05       	cpc	r19, r1
    1388:	2c f4       	brge	.+10     	; 0x1394 <DIO_getportvalue+0x46>
    138a:	8d 81       	ldd	r24, Y+5	; 0x05
    138c:	9e 81       	ldd	r25, Y+6	; 0x06
    138e:	00 97       	sbiw	r24, 0x00	; 0
    1390:	61 f0       	breq	.+24     	; 0x13aa <DIO_getportvalue+0x5c>
    1392:	28 c0       	rjmp	.+80     	; 0x13e4 <DIO_getportvalue+0x96>
    1394:	2d 81       	ldd	r18, Y+5	; 0x05
    1396:	3e 81       	ldd	r19, Y+6	; 0x06
    1398:	22 30       	cpi	r18, 0x02	; 2
    139a:	31 05       	cpc	r19, r1
    139c:	a1 f0       	breq	.+40     	; 0x13c6 <DIO_getportvalue+0x78>
    139e:	8d 81       	ldd	r24, Y+5	; 0x05
    13a0:	9e 81       	ldd	r25, Y+6	; 0x06
    13a2:	83 30       	cpi	r24, 0x03	; 3
    13a4:	91 05       	cpc	r25, r1
    13a6:	b1 f0       	breq	.+44     	; 0x13d4 <DIO_getportvalue+0x86>
    13a8:	1d c0       	rjmp	.+58     	; 0x13e4 <DIO_getportvalue+0x96>
		{
		case	DIO_portA :  *ptr_data =    PINA_REGISTER ; break ;
    13aa:	e9 e3       	ldi	r30, 0x39	; 57
    13ac:	f0 e0       	ldi	r31, 0x00	; 0
    13ae:	80 81       	ld	r24, Z
    13b0:	eb 81       	ldd	r30, Y+3	; 0x03
    13b2:	fc 81       	ldd	r31, Y+4	; 0x04
    13b4:	80 83       	st	Z, r24
    13b6:	16 c0       	rjmp	.+44     	; 0x13e4 <DIO_getportvalue+0x96>
		case    DIO_portB :  *ptr_data =    PINB_REGISTER ; break ;
    13b8:	e6 e3       	ldi	r30, 0x36	; 54
    13ba:	f0 e0       	ldi	r31, 0x00	; 0
    13bc:	80 81       	ld	r24, Z
    13be:	eb 81       	ldd	r30, Y+3	; 0x03
    13c0:	fc 81       	ldd	r31, Y+4	; 0x04
    13c2:	80 83       	st	Z, r24
    13c4:	0f c0       	rjmp	.+30     	; 0x13e4 <DIO_getportvalue+0x96>
		case	DIO_portC :  *ptr_data =    PINC_REGISTER ; break ;
    13c6:	e3 e3       	ldi	r30, 0x33	; 51
    13c8:	f0 e0       	ldi	r31, 0x00	; 0
    13ca:	80 81       	ld	r24, Z
    13cc:	eb 81       	ldd	r30, Y+3	; 0x03
    13ce:	fc 81       	ldd	r31, Y+4	; 0x04
    13d0:	80 83       	st	Z, r24
    13d2:	08 c0       	rjmp	.+16     	; 0x13e4 <DIO_getportvalue+0x96>
		case    DIO_portD :  *ptr_data =    PIND_REGISTER ; break ;
    13d4:	e0 e3       	ldi	r30, 0x30	; 48
    13d6:	f0 e0       	ldi	r31, 0x00	; 0
    13d8:	80 81       	ld	r24, Z
    13da:	eb 81       	ldd	r30, Y+3	; 0x03
    13dc:	fc 81       	ldd	r31, Y+4	; 0x04
    13de:	80 83       	st	Z, r24
    13e0:	01 c0       	rjmp	.+2      	; 0x13e4 <DIO_getportvalue+0x96>
		}
	}
	else 
	{
		LOC_STATE =DIO_Nok;
    13e2:	19 82       	std	Y+1, r1	; 0x01
	}
	return LOC_STATE ;
    13e4:	89 81       	ldd	r24, Y+1	; 0x01
}
    13e6:	26 96       	adiw	r28, 0x06	; 6
    13e8:	0f b6       	in	r0, 0x3f	; 63
    13ea:	f8 94       	cli
    13ec:	de bf       	out	0x3e, r29	; 62
    13ee:	0f be       	out	0x3f, r0	; 63
    13f0:	cd bf       	out	0x3d, r28	; 61
    13f2:	cf 91       	pop	r28
    13f4:	df 91       	pop	r29
    13f6:	08 95       	ret

000013f8 <DIO_togelportvalue>:
	return : its statues (DIO_Nok,DIO_ok)

*/

DIO_errorstate DIO_togelportvalue   (u8 copy_port                         )
{
    13f8:	df 93       	push	r29
    13fa:	cf 93       	push	r28
    13fc:	00 d0       	rcall	.+0      	; 0x13fe <DIO_togelportvalue+0x6>
    13fe:	00 d0       	rcall	.+0      	; 0x1400 <DIO_togelportvalue+0x8>
    1400:	cd b7       	in	r28, 0x3d	; 61
    1402:	de b7       	in	r29, 0x3e	; 62
    1404:	8a 83       	std	Y+2, r24	; 0x02
			DIO_errorstate LOC_STATE = DIO_ok;
    1406:	81 e0       	ldi	r24, 0x01	; 1
    1408:	89 83       	std	Y+1, r24	; 0x01
	/* check on givin paramter is in valid range */
	
	if( copy_port<=DIO_portD ){
    140a:	8a 81       	ldd	r24, Y+2	; 0x02
    140c:	84 30       	cpi	r24, 0x04	; 4
    140e:	08 f0       	brcs	.+2      	; 0x1412 <DIO_togelportvalue+0x1a>
    1410:	3f c0       	rjmp	.+126    	; 0x1490 <DIO_togelportvalue+0x98>
		
		/* check on port name */
		switch(copy_port)
    1412:	8a 81       	ldd	r24, Y+2	; 0x02
    1414:	28 2f       	mov	r18, r24
    1416:	30 e0       	ldi	r19, 0x00	; 0
    1418:	3c 83       	std	Y+4, r19	; 0x04
    141a:	2b 83       	std	Y+3, r18	; 0x03
    141c:	8b 81       	ldd	r24, Y+3	; 0x03
    141e:	9c 81       	ldd	r25, Y+4	; 0x04
    1420:	81 30       	cpi	r24, 0x01	; 1
    1422:	91 05       	cpc	r25, r1
    1424:	e9 f0       	breq	.+58     	; 0x1460 <DIO_togelportvalue+0x68>
    1426:	2b 81       	ldd	r18, Y+3	; 0x03
    1428:	3c 81       	ldd	r19, Y+4	; 0x04
    142a:	22 30       	cpi	r18, 0x02	; 2
    142c:	31 05       	cpc	r19, r1
    142e:	2c f4       	brge	.+10     	; 0x143a <DIO_togelportvalue+0x42>
    1430:	8b 81       	ldd	r24, Y+3	; 0x03
    1432:	9c 81       	ldd	r25, Y+4	; 0x04
    1434:	00 97       	sbiw	r24, 0x00	; 0
    1436:	61 f0       	breq	.+24     	; 0x1450 <DIO_togelportvalue+0x58>
    1438:	2c c0       	rjmp	.+88     	; 0x1492 <DIO_togelportvalue+0x9a>
    143a:	2b 81       	ldd	r18, Y+3	; 0x03
    143c:	3c 81       	ldd	r19, Y+4	; 0x04
    143e:	22 30       	cpi	r18, 0x02	; 2
    1440:	31 05       	cpc	r19, r1
    1442:	b1 f0       	breq	.+44     	; 0x1470 <DIO_togelportvalue+0x78>
    1444:	8b 81       	ldd	r24, Y+3	; 0x03
    1446:	9c 81       	ldd	r25, Y+4	; 0x04
    1448:	83 30       	cpi	r24, 0x03	; 3
    144a:	91 05       	cpc	r25, r1
    144c:	c9 f0       	breq	.+50     	; 0x1480 <DIO_togelportvalue+0x88>
    144e:	21 c0       	rjmp	.+66     	; 0x1492 <DIO_togelportvalue+0x9a>
		{
		case	DIO_portA :  PORTA_REGISTER =   ~ PORTA_REGISTER ; break ;
    1450:	ab e3       	ldi	r26, 0x3B	; 59
    1452:	b0 e0       	ldi	r27, 0x00	; 0
    1454:	eb e3       	ldi	r30, 0x3B	; 59
    1456:	f0 e0       	ldi	r31, 0x00	; 0
    1458:	80 81       	ld	r24, Z
    145a:	80 95       	com	r24
    145c:	8c 93       	st	X, r24
    145e:	19 c0       	rjmp	.+50     	; 0x1492 <DIO_togelportvalue+0x9a>
		case    DIO_portB :  PORTB_REGISTER =   ~ PORTB_REGISTER ; break ;
    1460:	a8 e3       	ldi	r26, 0x38	; 56
    1462:	b0 e0       	ldi	r27, 0x00	; 0
    1464:	e8 e3       	ldi	r30, 0x38	; 56
    1466:	f0 e0       	ldi	r31, 0x00	; 0
    1468:	80 81       	ld	r24, Z
    146a:	80 95       	com	r24
    146c:	8c 93       	st	X, r24
    146e:	11 c0       	rjmp	.+34     	; 0x1492 <DIO_togelportvalue+0x9a>
		case	DIO_portC :  PORTC_REGISTER =   ~ PORTC_REGISTER ; break ;
    1470:	a5 e3       	ldi	r26, 0x35	; 53
    1472:	b0 e0       	ldi	r27, 0x00	; 0
    1474:	e5 e3       	ldi	r30, 0x35	; 53
    1476:	f0 e0       	ldi	r31, 0x00	; 0
    1478:	80 81       	ld	r24, Z
    147a:	80 95       	com	r24
    147c:	8c 93       	st	X, r24
    147e:	09 c0       	rjmp	.+18     	; 0x1492 <DIO_togelportvalue+0x9a>
		case    DIO_portD :  PORTD_REGISTER =   ~ PORTD_REGISTER ; break ;
    1480:	a2 e3       	ldi	r26, 0x32	; 50
    1482:	b0 e0       	ldi	r27, 0x00	; 0
    1484:	e2 e3       	ldi	r30, 0x32	; 50
    1486:	f0 e0       	ldi	r31, 0x00	; 0
    1488:	80 81       	ld	r24, Z
    148a:	80 95       	com	r24
    148c:	8c 93       	st	X, r24
    148e:	01 c0       	rjmp	.+2      	; 0x1492 <DIO_togelportvalue+0x9a>
		}
	}
	else 
	{
		LOC_STATE =DIO_Nok;
    1490:	19 82       	std	Y+1, r1	; 0x01
	}
	return LOC_STATE ;
    1492:	89 81       	ldd	r24, Y+1	; 0x01
}
    1494:	0f 90       	pop	r0
    1496:	0f 90       	pop	r0
    1498:	0f 90       	pop	r0
    149a:	0f 90       	pop	r0
    149c:	cf 91       	pop	r28
    149e:	df 91       	pop	r29
    14a0:	08 95       	ret

000014a2 <DIO_writehighnibles>:

*/


DIO_errorstate DIO_writehighnibles (u8 copy_port , u8 copy_value )
{
    14a2:	df 93       	push	r29
    14a4:	cf 93       	push	r28
    14a6:	00 d0       	rcall	.+0      	; 0x14a8 <DIO_writehighnibles+0x6>
    14a8:	00 d0       	rcall	.+0      	; 0x14aa <DIO_writehighnibles+0x8>
    14aa:	0f 92       	push	r0
    14ac:	cd b7       	in	r28, 0x3d	; 61
    14ae:	de b7       	in	r29, 0x3e	; 62
    14b0:	8a 83       	std	Y+2, r24	; 0x02
    14b2:	6b 83       	std	Y+3, r22	; 0x03
				DIO_errorstate LOC_STATE = DIO_ok;
    14b4:	81 e0       	ldi	r24, 0x01	; 1
    14b6:	89 83       	std	Y+1, r24	; 0x01
	/* check on givin paramter is in valid range */
	
	if( copy_port<=DIO_portD ){
    14b8:	8a 81       	ldd	r24, Y+2	; 0x02
    14ba:	84 30       	cpi	r24, 0x04	; 4
    14bc:	08 f0       	brcs	.+2      	; 0x14c0 <DIO_writehighnibles+0x1e>
    14be:	4f c0       	rjmp	.+158    	; 0x155e <DIO_writehighnibles+0xbc>
		copy_value = (copy_value<<4);
    14c0:	8b 81       	ldd	r24, Y+3	; 0x03
    14c2:	82 95       	swap	r24
    14c4:	80 7f       	andi	r24, 0xF0	; 240
    14c6:	8b 83       	std	Y+3, r24	; 0x03
		/* check on port name */
		switch(copy_port)
    14c8:	8a 81       	ldd	r24, Y+2	; 0x02
    14ca:	28 2f       	mov	r18, r24
    14cc:	30 e0       	ldi	r19, 0x00	; 0
    14ce:	3d 83       	std	Y+5, r19	; 0x05
    14d0:	2c 83       	std	Y+4, r18	; 0x04
    14d2:	8c 81       	ldd	r24, Y+4	; 0x04
    14d4:	9d 81       	ldd	r25, Y+5	; 0x05
    14d6:	81 30       	cpi	r24, 0x01	; 1
    14d8:	91 05       	cpc	r25, r1
    14da:	01 f1       	breq	.+64     	; 0x151c <DIO_writehighnibles+0x7a>
    14dc:	2c 81       	ldd	r18, Y+4	; 0x04
    14de:	3d 81       	ldd	r19, Y+5	; 0x05
    14e0:	22 30       	cpi	r18, 0x02	; 2
    14e2:	31 05       	cpc	r19, r1
    14e4:	2c f4       	brge	.+10     	; 0x14f0 <DIO_writehighnibles+0x4e>
    14e6:	8c 81       	ldd	r24, Y+4	; 0x04
    14e8:	9d 81       	ldd	r25, Y+5	; 0x05
    14ea:	00 97       	sbiw	r24, 0x00	; 0
    14ec:	61 f0       	breq	.+24     	; 0x1506 <DIO_writehighnibles+0x64>
    14ee:	38 c0       	rjmp	.+112    	; 0x1560 <DIO_writehighnibles+0xbe>
    14f0:	2c 81       	ldd	r18, Y+4	; 0x04
    14f2:	3d 81       	ldd	r19, Y+5	; 0x05
    14f4:	22 30       	cpi	r18, 0x02	; 2
    14f6:	31 05       	cpc	r19, r1
    14f8:	e1 f0       	breq	.+56     	; 0x1532 <DIO_writehighnibles+0x90>
    14fa:	8c 81       	ldd	r24, Y+4	; 0x04
    14fc:	9d 81       	ldd	r25, Y+5	; 0x05
    14fe:	83 30       	cpi	r24, 0x03	; 3
    1500:	91 05       	cpc	r25, r1
    1502:	11 f1       	breq	.+68     	; 0x1548 <DIO_writehighnibles+0xa6>
    1504:	2d c0       	rjmp	.+90     	; 0x1560 <DIO_writehighnibles+0xbe>
		{
		case	DIO_portA :  PORTA_REGISTER = ((PORTA_REGISTER & 0x0f )|(copy_value)) ; break ;
    1506:	ab e3       	ldi	r26, 0x3B	; 59
    1508:	b0 e0       	ldi	r27, 0x00	; 0
    150a:	eb e3       	ldi	r30, 0x3B	; 59
    150c:	f0 e0       	ldi	r31, 0x00	; 0
    150e:	80 81       	ld	r24, Z
    1510:	98 2f       	mov	r25, r24
    1512:	9f 70       	andi	r25, 0x0F	; 15
    1514:	8b 81       	ldd	r24, Y+3	; 0x03
    1516:	89 2b       	or	r24, r25
    1518:	8c 93       	st	X, r24
    151a:	22 c0       	rjmp	.+68     	; 0x1560 <DIO_writehighnibles+0xbe>
		case    DIO_portB :  PORTB_REGISTER = ((PORTB_REGISTER & 0x0f )|(copy_value)) ; break ;
    151c:	a8 e3       	ldi	r26, 0x38	; 56
    151e:	b0 e0       	ldi	r27, 0x00	; 0
    1520:	e8 e3       	ldi	r30, 0x38	; 56
    1522:	f0 e0       	ldi	r31, 0x00	; 0
    1524:	80 81       	ld	r24, Z
    1526:	98 2f       	mov	r25, r24
    1528:	9f 70       	andi	r25, 0x0F	; 15
    152a:	8b 81       	ldd	r24, Y+3	; 0x03
    152c:	89 2b       	or	r24, r25
    152e:	8c 93       	st	X, r24
    1530:	17 c0       	rjmp	.+46     	; 0x1560 <DIO_writehighnibles+0xbe>
		case	DIO_portC :  PORTC_REGISTER = ((PORTC_REGISTER & 0x0f )|(copy_value)) ; break ;
    1532:	a5 e3       	ldi	r26, 0x35	; 53
    1534:	b0 e0       	ldi	r27, 0x00	; 0
    1536:	e5 e3       	ldi	r30, 0x35	; 53
    1538:	f0 e0       	ldi	r31, 0x00	; 0
    153a:	80 81       	ld	r24, Z
    153c:	98 2f       	mov	r25, r24
    153e:	9f 70       	andi	r25, 0x0F	; 15
    1540:	8b 81       	ldd	r24, Y+3	; 0x03
    1542:	89 2b       	or	r24, r25
    1544:	8c 93       	st	X, r24
    1546:	0c c0       	rjmp	.+24     	; 0x1560 <DIO_writehighnibles+0xbe>
		case    DIO_portD :  PORTD_REGISTER = ((PORTD_REGISTER & 0x0f )|(copy_value)) ; break ;
    1548:	a2 e3       	ldi	r26, 0x32	; 50
    154a:	b0 e0       	ldi	r27, 0x00	; 0
    154c:	e2 e3       	ldi	r30, 0x32	; 50
    154e:	f0 e0       	ldi	r31, 0x00	; 0
    1550:	80 81       	ld	r24, Z
    1552:	98 2f       	mov	r25, r24
    1554:	9f 70       	andi	r25, 0x0F	; 15
    1556:	8b 81       	ldd	r24, Y+3	; 0x03
    1558:	89 2b       	or	r24, r25
    155a:	8c 93       	st	X, r24
    155c:	01 c0       	rjmp	.+2      	; 0x1560 <DIO_writehighnibles+0xbe>
		}
	}
	else 
	{
		LOC_STATE =DIO_Nok;
    155e:	19 82       	std	Y+1, r1	; 0x01
	}
	return LOC_STATE ;
    1560:	89 81       	ldd	r24, Y+1	; 0x01
}
    1562:	0f 90       	pop	r0
    1564:	0f 90       	pop	r0
    1566:	0f 90       	pop	r0
    1568:	0f 90       	pop	r0
    156a:	0f 90       	pop	r0
    156c:	cf 91       	pop	r28
    156e:	df 91       	pop	r29
    1570:	08 95       	ret

00001572 <DIO_writelownibles>:




DIO_errorstate DIO_writelownibles  (u8 copy_port , u8 copy_value )
{
    1572:	df 93       	push	r29
    1574:	cf 93       	push	r28
    1576:	00 d0       	rcall	.+0      	; 0x1578 <DIO_writelownibles+0x6>
    1578:	00 d0       	rcall	.+0      	; 0x157a <DIO_writelownibles+0x8>
    157a:	0f 92       	push	r0
    157c:	cd b7       	in	r28, 0x3d	; 61
    157e:	de b7       	in	r29, 0x3e	; 62
    1580:	8a 83       	std	Y+2, r24	; 0x02
    1582:	6b 83       	std	Y+3, r22	; 0x03
				DIO_errorstate LOC_STATE = DIO_ok;
    1584:	81 e0       	ldi	r24, 0x01	; 1
    1586:	89 83       	std	Y+1, r24	; 0x01
	/* check on givin paramter is in valid range */
	
	if( copy_port<=DIO_portD ){
    1588:	8a 81       	ldd	r24, Y+2	; 0x02
    158a:	84 30       	cpi	r24, 0x04	; 4
    158c:	08 f0       	brcs	.+2      	; 0x1590 <DIO_writelownibles+0x1e>
    158e:	4e c0       	rjmp	.+156    	; 0x162c <DIO_writelownibles+0xba>
		copy_value = (copy_value&0x0f);
    1590:	8b 81       	ldd	r24, Y+3	; 0x03
    1592:	8f 70       	andi	r24, 0x0F	; 15
    1594:	8b 83       	std	Y+3, r24	; 0x03
		/* check on port name */
		switch(copy_port)
    1596:	8a 81       	ldd	r24, Y+2	; 0x02
    1598:	28 2f       	mov	r18, r24
    159a:	30 e0       	ldi	r19, 0x00	; 0
    159c:	3d 83       	std	Y+5, r19	; 0x05
    159e:	2c 83       	std	Y+4, r18	; 0x04
    15a0:	8c 81       	ldd	r24, Y+4	; 0x04
    15a2:	9d 81       	ldd	r25, Y+5	; 0x05
    15a4:	81 30       	cpi	r24, 0x01	; 1
    15a6:	91 05       	cpc	r25, r1
    15a8:	01 f1       	breq	.+64     	; 0x15ea <DIO_writelownibles+0x78>
    15aa:	2c 81       	ldd	r18, Y+4	; 0x04
    15ac:	3d 81       	ldd	r19, Y+5	; 0x05
    15ae:	22 30       	cpi	r18, 0x02	; 2
    15b0:	31 05       	cpc	r19, r1
    15b2:	2c f4       	brge	.+10     	; 0x15be <DIO_writelownibles+0x4c>
    15b4:	8c 81       	ldd	r24, Y+4	; 0x04
    15b6:	9d 81       	ldd	r25, Y+5	; 0x05
    15b8:	00 97       	sbiw	r24, 0x00	; 0
    15ba:	61 f0       	breq	.+24     	; 0x15d4 <DIO_writelownibles+0x62>
    15bc:	38 c0       	rjmp	.+112    	; 0x162e <DIO_writelownibles+0xbc>
    15be:	2c 81       	ldd	r18, Y+4	; 0x04
    15c0:	3d 81       	ldd	r19, Y+5	; 0x05
    15c2:	22 30       	cpi	r18, 0x02	; 2
    15c4:	31 05       	cpc	r19, r1
    15c6:	e1 f0       	breq	.+56     	; 0x1600 <DIO_writelownibles+0x8e>
    15c8:	8c 81       	ldd	r24, Y+4	; 0x04
    15ca:	9d 81       	ldd	r25, Y+5	; 0x05
    15cc:	83 30       	cpi	r24, 0x03	; 3
    15ce:	91 05       	cpc	r25, r1
    15d0:	11 f1       	breq	.+68     	; 0x1616 <DIO_writelownibles+0xa4>
    15d2:	2d c0       	rjmp	.+90     	; 0x162e <DIO_writelownibles+0xbc>
		{
		case	DIO_portA :  PORTA_REGISTER = ((PORTA_REGISTER & 0xf0 )|(copy_value)) ; break ;
    15d4:	ab e3       	ldi	r26, 0x3B	; 59
    15d6:	b0 e0       	ldi	r27, 0x00	; 0
    15d8:	eb e3       	ldi	r30, 0x3B	; 59
    15da:	f0 e0       	ldi	r31, 0x00	; 0
    15dc:	80 81       	ld	r24, Z
    15de:	98 2f       	mov	r25, r24
    15e0:	90 7f       	andi	r25, 0xF0	; 240
    15e2:	8b 81       	ldd	r24, Y+3	; 0x03
    15e4:	89 2b       	or	r24, r25
    15e6:	8c 93       	st	X, r24
    15e8:	22 c0       	rjmp	.+68     	; 0x162e <DIO_writelownibles+0xbc>
		case    DIO_portB :  PORTB_REGISTER = ((PORTB_REGISTER & 0xf0 )|(copy_value)) ; break ;
    15ea:	a8 e3       	ldi	r26, 0x38	; 56
    15ec:	b0 e0       	ldi	r27, 0x00	; 0
    15ee:	e8 e3       	ldi	r30, 0x38	; 56
    15f0:	f0 e0       	ldi	r31, 0x00	; 0
    15f2:	80 81       	ld	r24, Z
    15f4:	98 2f       	mov	r25, r24
    15f6:	90 7f       	andi	r25, 0xF0	; 240
    15f8:	8b 81       	ldd	r24, Y+3	; 0x03
    15fa:	89 2b       	or	r24, r25
    15fc:	8c 93       	st	X, r24
    15fe:	17 c0       	rjmp	.+46     	; 0x162e <DIO_writelownibles+0xbc>
		case	DIO_portC :  PORTC_REGISTER = ((PORTC_REGISTER & 0xf0 )|(copy_value)) ; break ;
    1600:	a5 e3       	ldi	r26, 0x35	; 53
    1602:	b0 e0       	ldi	r27, 0x00	; 0
    1604:	e5 e3       	ldi	r30, 0x35	; 53
    1606:	f0 e0       	ldi	r31, 0x00	; 0
    1608:	80 81       	ld	r24, Z
    160a:	98 2f       	mov	r25, r24
    160c:	90 7f       	andi	r25, 0xF0	; 240
    160e:	8b 81       	ldd	r24, Y+3	; 0x03
    1610:	89 2b       	or	r24, r25
    1612:	8c 93       	st	X, r24
    1614:	0c c0       	rjmp	.+24     	; 0x162e <DIO_writelownibles+0xbc>
		case    DIO_portD :  PORTD_REGISTER = ((PORTD_REGISTER & 0xf0 )|(copy_value)) ; break ;
    1616:	a2 e3       	ldi	r26, 0x32	; 50
    1618:	b0 e0       	ldi	r27, 0x00	; 0
    161a:	e2 e3       	ldi	r30, 0x32	; 50
    161c:	f0 e0       	ldi	r31, 0x00	; 0
    161e:	80 81       	ld	r24, Z
    1620:	98 2f       	mov	r25, r24
    1622:	90 7f       	andi	r25, 0xF0	; 240
    1624:	8b 81       	ldd	r24, Y+3	; 0x03
    1626:	89 2b       	or	r24, r25
    1628:	8c 93       	st	X, r24
    162a:	01 c0       	rjmp	.+2      	; 0x162e <DIO_writelownibles+0xbc>
		}
	}
	else 
	{
		LOC_STATE =DIO_Nok;
    162c:	19 82       	std	Y+1, r1	; 0x01
	}
	return LOC_STATE ;
    162e:	89 81       	ldd	r24, Y+1	; 0x01
}
    1630:	0f 90       	pop	r0
    1632:	0f 90       	pop	r0
    1634:	0f 90       	pop	r0
    1636:	0f 90       	pop	r0
    1638:	0f 90       	pop	r0
    163a:	cf 91       	pop	r28
    163c:	df 91       	pop	r29
    163e:	08 95       	ret

00001640 <GIE_enable>:
#include "GIE_interface.h"
#include "GIE_private.h"



void GIE_enable(void){
    1640:	df 93       	push	r29
    1642:	cf 93       	push	r28
    1644:	cd b7       	in	r28, 0x3d	; 61
    1646:	de b7       	in	r29, 0x3e	; 62
	SET_BIT(SREG_REG,SREG_BIT);
    1648:	af e5       	ldi	r26, 0x5F	; 95
    164a:	b0 e0       	ldi	r27, 0x00	; 0
    164c:	ef e5       	ldi	r30, 0x5F	; 95
    164e:	f0 e0       	ldi	r31, 0x00	; 0
    1650:	80 81       	ld	r24, Z
    1652:	80 68       	ori	r24, 0x80	; 128
    1654:	8c 93       	st	X, r24
	
	
}
    1656:	cf 91       	pop	r28
    1658:	df 91       	pop	r29
    165a:	08 95       	ret

0000165c <GIE_disable>:


void GIE_disable(void)
{
    165c:	df 93       	push	r29
    165e:	cf 93       	push	r28
    1660:	cd b7       	in	r28, 0x3d	; 61
    1662:	de b7       	in	r29, 0x3e	; 62
	CLR_BIT(SREG_REG,SREG_BIT);
    1664:	af e5       	ldi	r26, 0x5F	; 95
    1666:	b0 e0       	ldi	r27, 0x00	; 0
    1668:	ef e5       	ldi	r30, 0x5F	; 95
    166a:	f0 e0       	ldi	r31, 0x00	; 0
    166c:	80 81       	ld	r24, Z
    166e:	8f 77       	andi	r24, 0x7F	; 127
    1670:	8c 93       	st	X, r24
}
    1672:	cf 91       	pop	r28
    1674:	df 91       	pop	r29
    1676:	08 95       	ret

00001678 <LCD_init>:
#include "LCD_interface.h"
#include "DIO_interface.h"
#include "LCD_private.h"
#include "LCD_config.h"

void LCD_init(){
    1678:	df 93       	push	r29
    167a:	cf 93       	push	r28
    167c:	cd b7       	in	r28, 0x3d	; 61
    167e:	de b7       	in	r29, 0x3e	; 62
    1680:	e8 97       	sbiw	r28, 0x38	; 56
    1682:	0f b6       	in	r0, 0x3f	; 63
    1684:	f8 94       	cli
    1686:	de bf       	out	0x3e, r29	; 62
    1688:	0f be       	out	0x3f, r0	; 63
    168a:	cd bf       	out	0x3d, r28	; 61
    168c:	80 e0       	ldi	r24, 0x00	; 0
    168e:	90 e0       	ldi	r25, 0x00	; 0
    1690:	a0 e2       	ldi	r26, 0x20	; 32
    1692:	b2 e4       	ldi	r27, 0x42	; 66
    1694:	8d ab       	std	Y+53, r24	; 0x35
    1696:	9e ab       	std	Y+54, r25	; 0x36
    1698:	af ab       	std	Y+55, r26	; 0x37
    169a:	b8 af       	std	Y+56, r27	; 0x38
 */
void
_delay_ms(double __ms)
{
	uint16_t __ticks;
	double __tmp = ((F_CPU) / 4e3) * __ms;
    169c:	6d a9       	ldd	r22, Y+53	; 0x35
    169e:	7e a9       	ldd	r23, Y+54	; 0x36
    16a0:	8f a9       	ldd	r24, Y+55	; 0x37
    16a2:	98 ad       	ldd	r25, Y+56	; 0x38
    16a4:	20 e0       	ldi	r18, 0x00	; 0
    16a6:	30 e0       	ldi	r19, 0x00	; 0
    16a8:	4a ef       	ldi	r20, 0xFA	; 250
    16aa:	54 e4       	ldi	r21, 0x44	; 68
    16ac:	0e 94 1f 02 	call	0x43e	; 0x43e <__mulsf3>
    16b0:	dc 01       	movw	r26, r24
    16b2:	cb 01       	movw	r24, r22
    16b4:	89 ab       	std	Y+49, r24	; 0x31
    16b6:	9a ab       	std	Y+50, r25	; 0x32
    16b8:	ab ab       	std	Y+51, r26	; 0x33
    16ba:	bc ab       	std	Y+52, r27	; 0x34
	if (__tmp < 1.0)
    16bc:	69 a9       	ldd	r22, Y+49	; 0x31
    16be:	7a a9       	ldd	r23, Y+50	; 0x32
    16c0:	8b a9       	ldd	r24, Y+51	; 0x33
    16c2:	9c a9       	ldd	r25, Y+52	; 0x34
    16c4:	20 e0       	ldi	r18, 0x00	; 0
    16c6:	30 e0       	ldi	r19, 0x00	; 0
    16c8:	40 e8       	ldi	r20, 0x80	; 128
    16ca:	5f e3       	ldi	r21, 0x3F	; 63
    16cc:	0e 94 79 03 	call	0x6f2	; 0x6f2 <__ltsf2>
    16d0:	88 23       	and	r24, r24
    16d2:	2c f4       	brge	.+10     	; 0x16de <LCD_init+0x66>
		__ticks = 1;
    16d4:	81 e0       	ldi	r24, 0x01	; 1
    16d6:	90 e0       	ldi	r25, 0x00	; 0
    16d8:	98 ab       	std	Y+48, r25	; 0x30
    16da:	8f a7       	std	Y+47, r24	; 0x2f
    16dc:	3f c0       	rjmp	.+126    	; 0x175c <LCD_init+0xe4>
	else if (__tmp > 65535)
    16de:	69 a9       	ldd	r22, Y+49	; 0x31
    16e0:	7a a9       	ldd	r23, Y+50	; 0x32
    16e2:	8b a9       	ldd	r24, Y+51	; 0x33
    16e4:	9c a9       	ldd	r25, Y+52	; 0x34
    16e6:	20 e0       	ldi	r18, 0x00	; 0
    16e8:	3f ef       	ldi	r19, 0xFF	; 255
    16ea:	4f e7       	ldi	r20, 0x7F	; 127
    16ec:	57 e4       	ldi	r21, 0x47	; 71
    16ee:	0e 94 19 03 	call	0x632	; 0x632 <__gtsf2>
    16f2:	18 16       	cp	r1, r24
    16f4:	4c f5       	brge	.+82     	; 0x1748 <LCD_init+0xd0>
	{
		//	__ticks = requested delay in 1/10 ms
		__ticks = (uint16_t) (__ms * 10.0);
    16f6:	6d a9       	ldd	r22, Y+53	; 0x35
    16f8:	7e a9       	ldd	r23, Y+54	; 0x36
    16fa:	8f a9       	ldd	r24, Y+55	; 0x37
    16fc:	98 ad       	ldd	r25, Y+56	; 0x38
    16fe:	20 e0       	ldi	r18, 0x00	; 0
    1700:	30 e0       	ldi	r19, 0x00	; 0
    1702:	40 e2       	ldi	r20, 0x20	; 32
    1704:	51 e4       	ldi	r21, 0x41	; 65
    1706:	0e 94 1f 02 	call	0x43e	; 0x43e <__mulsf3>
    170a:	dc 01       	movw	r26, r24
    170c:	cb 01       	movw	r24, r22
    170e:	bc 01       	movw	r22, r24
    1710:	cd 01       	movw	r24, r26
    1712:	0e 94 49 00 	call	0x92	; 0x92 <__fixunssfsi>
    1716:	dc 01       	movw	r26, r24
    1718:	cb 01       	movw	r24, r22
    171a:	98 ab       	std	Y+48, r25	; 0x30
    171c:	8f a7       	std	Y+47, r24	; 0x2f
    171e:	0f c0       	rjmp	.+30     	; 0x173e <LCD_init+0xc6>
    1720:	88 ec       	ldi	r24, 0xC8	; 200
    1722:	90 e0       	ldi	r25, 0x00	; 0
    1724:	9e a7       	std	Y+46, r25	; 0x2e
    1726:	8d a7       	std	Y+45, r24	; 0x2d
    milliseconds can be achieved.
 */
void
_delay_loop_2(uint16_t __count)
{
	__asm__ volatile (
    1728:	8d a5       	ldd	r24, Y+45	; 0x2d
    172a:	9e a5       	ldd	r25, Y+46	; 0x2e
    172c:	01 97       	sbiw	r24, 0x01	; 1
    172e:	f1 f7       	brne	.-4      	; 0x172c <LCD_init+0xb4>
    1730:	9e a7       	std	Y+46, r25	; 0x2e
    1732:	8d a7       	std	Y+45, r24	; 0x2d
		while(__ticks)
		{
			// wait 1/10 ms
			_delay_loop_2(((F_CPU) / 4e3) / 10);
			__ticks --;
    1734:	8f a5       	ldd	r24, Y+47	; 0x2f
    1736:	98 a9       	ldd	r25, Y+48	; 0x30
    1738:	01 97       	sbiw	r24, 0x01	; 1
    173a:	98 ab       	std	Y+48, r25	; 0x30
    173c:	8f a7       	std	Y+47, r24	; 0x2f
		__ticks = 1;
	else if (__tmp > 65535)
	{
		//	__ticks = requested delay in 1/10 ms
		__ticks = (uint16_t) (__ms * 10.0);
		while(__ticks)
    173e:	8f a5       	ldd	r24, Y+47	; 0x2f
    1740:	98 a9       	ldd	r25, Y+48	; 0x30
    1742:	00 97       	sbiw	r24, 0x00	; 0
    1744:	69 f7       	brne	.-38     	; 0x1720 <LCD_init+0xa8>
    1746:	14 c0       	rjmp	.+40     	; 0x1770 <LCD_init+0xf8>
			__ticks --;
		}
		return;
	}
	else
		__ticks = (uint16_t)__tmp;
    1748:	69 a9       	ldd	r22, Y+49	; 0x31
    174a:	7a a9       	ldd	r23, Y+50	; 0x32
    174c:	8b a9       	ldd	r24, Y+51	; 0x33
    174e:	9c a9       	ldd	r25, Y+52	; 0x34
    1750:	0e 94 49 00 	call	0x92	; 0x92 <__fixunssfsi>
    1754:	dc 01       	movw	r26, r24
    1756:	cb 01       	movw	r24, r22
    1758:	98 ab       	std	Y+48, r25	; 0x30
    175a:	8f a7       	std	Y+47, r24	; 0x2f
    175c:	8f a5       	ldd	r24, Y+47	; 0x2f
    175e:	98 a9       	ldd	r25, Y+48	; 0x30
    1760:	9c a7       	std	Y+44, r25	; 0x2c
    1762:	8b a7       	std	Y+43, r24	; 0x2b
    1764:	8b a5       	ldd	r24, Y+43	; 0x2b
    1766:	9c a5       	ldd	r25, Y+44	; 0x2c
    1768:	01 97       	sbiw	r24, 0x01	; 1
    176a:	f1 f7       	brne	.-4      	; 0x1768 <LCD_init+0xf0>
    176c:	9c a7       	std	Y+44, r25	; 0x2c
    176e:	8b a7       	std	Y+43, r24	; 0x2b
	_delay_ms(40);
	#if LCD_MODE == 8
	
		DIO_setportdirection(LCD_DATA_PORT,DIO_PORT_OUTPUT);
    1770:	80 e0       	ldi	r24, 0x00	; 0
    1772:	6f ef       	ldi	r22, 0xFF	; 255
    1774:	0e 94 11 09 	call	0x1222	; 0x1222 <DIO_setportdirection>
		DIO_setpindirection(LCD_COMMAND_PORT,LCD_RW,DIO_pin_output);
    1778:	81 e0       	ldi	r24, 0x01	; 1
    177a:	61 e0       	ldi	r22, 0x01	; 1
    177c:	41 e0       	ldi	r20, 0x01	; 1
    177e:	0e 94 a3 05 	call	0xb46	; 0xb46 <DIO_setpindirection>
		DIO_setpindirection(LCD_COMMAND_PORT,LCD_EN,DIO_pin_output);
    1782:	81 e0       	ldi	r24, 0x01	; 1
    1784:	62 e0       	ldi	r22, 0x02	; 2
    1786:	41 e0       	ldi	r20, 0x01	; 1
    1788:	0e 94 a3 05 	call	0xb46	; 0xb46 <DIO_setpindirection>
		DIO_setpindirection(LCD_COMMAND_PORT,LCD_RS,DIO_pin_output);
    178c:	81 e0       	ldi	r24, 0x01	; 1
    178e:	60 e0       	ldi	r22, 0x00	; 0
    1790:	41 e0       	ldi	r20, 0x01	; 1
    1792:	0e 94 a3 05 	call	0xb46	; 0xb46 <DIO_setpindirection>
		
		LCD_sendcommand(0x38);
    1796:	88 e3       	ldi	r24, 0x38	; 56
    1798:	0e 94 36 0d 	call	0x1a6c	; 0x1a6c <LCD_sendcommand>
    179c:	80 e0       	ldi	r24, 0x00	; 0
    179e:	90 e0       	ldi	r25, 0x00	; 0
    17a0:	a0 e8       	ldi	r26, 0x80	; 128
    17a2:	bf e3       	ldi	r27, 0x3F	; 63
    17a4:	8f a3       	std	Y+39, r24	; 0x27
    17a6:	98 a7       	std	Y+40, r25	; 0x28
    17a8:	a9 a7       	std	Y+41, r26	; 0x29
    17aa:	ba a7       	std	Y+42, r27	; 0x2a
 */
void
_delay_ms(double __ms)
{
	uint16_t __ticks;
	double __tmp = ((F_CPU) / 4e3) * __ms;
    17ac:	6f a1       	ldd	r22, Y+39	; 0x27
    17ae:	78 a5       	ldd	r23, Y+40	; 0x28
    17b0:	89 a5       	ldd	r24, Y+41	; 0x29
    17b2:	9a a5       	ldd	r25, Y+42	; 0x2a
    17b4:	20 e0       	ldi	r18, 0x00	; 0
    17b6:	30 e0       	ldi	r19, 0x00	; 0
    17b8:	4a ef       	ldi	r20, 0xFA	; 250
    17ba:	54 e4       	ldi	r21, 0x44	; 68
    17bc:	0e 94 1f 02 	call	0x43e	; 0x43e <__mulsf3>
    17c0:	dc 01       	movw	r26, r24
    17c2:	cb 01       	movw	r24, r22
    17c4:	8b a3       	std	Y+35, r24	; 0x23
    17c6:	9c a3       	std	Y+36, r25	; 0x24
    17c8:	ad a3       	std	Y+37, r26	; 0x25
    17ca:	be a3       	std	Y+38, r27	; 0x26
	if (__tmp < 1.0)
    17cc:	6b a1       	ldd	r22, Y+35	; 0x23
    17ce:	7c a1       	ldd	r23, Y+36	; 0x24
    17d0:	8d a1       	ldd	r24, Y+37	; 0x25
    17d2:	9e a1       	ldd	r25, Y+38	; 0x26
    17d4:	20 e0       	ldi	r18, 0x00	; 0
    17d6:	30 e0       	ldi	r19, 0x00	; 0
    17d8:	40 e8       	ldi	r20, 0x80	; 128
    17da:	5f e3       	ldi	r21, 0x3F	; 63
    17dc:	0e 94 79 03 	call	0x6f2	; 0x6f2 <__ltsf2>
    17e0:	88 23       	and	r24, r24
    17e2:	2c f4       	brge	.+10     	; 0x17ee <LCD_init+0x176>
		__ticks = 1;
    17e4:	81 e0       	ldi	r24, 0x01	; 1
    17e6:	90 e0       	ldi	r25, 0x00	; 0
    17e8:	9a a3       	std	Y+34, r25	; 0x22
    17ea:	89 a3       	std	Y+33, r24	; 0x21
    17ec:	3f c0       	rjmp	.+126    	; 0x186c <LCD_init+0x1f4>
	else if (__tmp > 65535)
    17ee:	6b a1       	ldd	r22, Y+35	; 0x23
    17f0:	7c a1       	ldd	r23, Y+36	; 0x24
    17f2:	8d a1       	ldd	r24, Y+37	; 0x25
    17f4:	9e a1       	ldd	r25, Y+38	; 0x26
    17f6:	20 e0       	ldi	r18, 0x00	; 0
    17f8:	3f ef       	ldi	r19, 0xFF	; 255
    17fa:	4f e7       	ldi	r20, 0x7F	; 127
    17fc:	57 e4       	ldi	r21, 0x47	; 71
    17fe:	0e 94 19 03 	call	0x632	; 0x632 <__gtsf2>
    1802:	18 16       	cp	r1, r24
    1804:	4c f5       	brge	.+82     	; 0x1858 <LCD_init+0x1e0>
	{
		//	__ticks = requested delay in 1/10 ms
		__ticks = (uint16_t) (__ms * 10.0);
    1806:	6f a1       	ldd	r22, Y+39	; 0x27
    1808:	78 a5       	ldd	r23, Y+40	; 0x28
    180a:	89 a5       	ldd	r24, Y+41	; 0x29
    180c:	9a a5       	ldd	r25, Y+42	; 0x2a
    180e:	20 e0       	ldi	r18, 0x00	; 0
    1810:	30 e0       	ldi	r19, 0x00	; 0
    1812:	40 e2       	ldi	r20, 0x20	; 32
    1814:	51 e4       	ldi	r21, 0x41	; 65
    1816:	0e 94 1f 02 	call	0x43e	; 0x43e <__mulsf3>
    181a:	dc 01       	movw	r26, r24
    181c:	cb 01       	movw	r24, r22
    181e:	bc 01       	movw	r22, r24
    1820:	cd 01       	movw	r24, r26
    1822:	0e 94 49 00 	call	0x92	; 0x92 <__fixunssfsi>
    1826:	dc 01       	movw	r26, r24
    1828:	cb 01       	movw	r24, r22
    182a:	9a a3       	std	Y+34, r25	; 0x22
    182c:	89 a3       	std	Y+33, r24	; 0x21
    182e:	0f c0       	rjmp	.+30     	; 0x184e <LCD_init+0x1d6>
    1830:	88 ec       	ldi	r24, 0xC8	; 200
    1832:	90 e0       	ldi	r25, 0x00	; 0
    1834:	98 a3       	std	Y+32, r25	; 0x20
    1836:	8f 8f       	std	Y+31, r24	; 0x1f
    1838:	8f 8d       	ldd	r24, Y+31	; 0x1f
    183a:	98 a1       	ldd	r25, Y+32	; 0x20
    183c:	01 97       	sbiw	r24, 0x01	; 1
    183e:	f1 f7       	brne	.-4      	; 0x183c <LCD_init+0x1c4>
    1840:	98 a3       	std	Y+32, r25	; 0x20
    1842:	8f 8f       	std	Y+31, r24	; 0x1f
		while(__ticks)
		{
			// wait 1/10 ms
			_delay_loop_2(((F_CPU) / 4e3) / 10);
			__ticks --;
    1844:	89 a1       	ldd	r24, Y+33	; 0x21
    1846:	9a a1       	ldd	r25, Y+34	; 0x22
    1848:	01 97       	sbiw	r24, 0x01	; 1
    184a:	9a a3       	std	Y+34, r25	; 0x22
    184c:	89 a3       	std	Y+33, r24	; 0x21
		__ticks = 1;
	else if (__tmp > 65535)
	{
		//	__ticks = requested delay in 1/10 ms
		__ticks = (uint16_t) (__ms * 10.0);
		while(__ticks)
    184e:	89 a1       	ldd	r24, Y+33	; 0x21
    1850:	9a a1       	ldd	r25, Y+34	; 0x22
    1852:	00 97       	sbiw	r24, 0x00	; 0
    1854:	69 f7       	brne	.-38     	; 0x1830 <LCD_init+0x1b8>
    1856:	14 c0       	rjmp	.+40     	; 0x1880 <LCD_init+0x208>
			__ticks --;
		}
		return;
	}
	else
		__ticks = (uint16_t)__tmp;
    1858:	6b a1       	ldd	r22, Y+35	; 0x23
    185a:	7c a1       	ldd	r23, Y+36	; 0x24
    185c:	8d a1       	ldd	r24, Y+37	; 0x25
    185e:	9e a1       	ldd	r25, Y+38	; 0x26
    1860:	0e 94 49 00 	call	0x92	; 0x92 <__fixunssfsi>
    1864:	dc 01       	movw	r26, r24
    1866:	cb 01       	movw	r24, r22
    1868:	9a a3       	std	Y+34, r25	; 0x22
    186a:	89 a3       	std	Y+33, r24	; 0x21
    186c:	89 a1       	ldd	r24, Y+33	; 0x21
    186e:	9a a1       	ldd	r25, Y+34	; 0x22
    1870:	9e 8f       	std	Y+30, r25	; 0x1e
    1872:	8d 8f       	std	Y+29, r24	; 0x1d
    1874:	8d 8d       	ldd	r24, Y+29	; 0x1d
    1876:	9e 8d       	ldd	r25, Y+30	; 0x1e
    1878:	01 97       	sbiw	r24, 0x01	; 1
    187a:	f1 f7       	brne	.-4      	; 0x1878 <LCD_init+0x200>
    187c:	9e 8f       	std	Y+30, r25	; 0x1e
    187e:	8d 8f       	std	Y+29, r24	; 0x1d
		_delay_ms(1);
		
		LCD_sendcommand(LCD_displayon_cursoroff);
    1880:	8c e0       	ldi	r24, 0x0C	; 12
    1882:	0e 94 36 0d 	call	0x1a6c	; 0x1a6c <LCD_sendcommand>
    1886:	80 e0       	ldi	r24, 0x00	; 0
    1888:	90 e0       	ldi	r25, 0x00	; 0
    188a:	a0 e8       	ldi	r26, 0x80	; 128
    188c:	bf e3       	ldi	r27, 0x3F	; 63
    188e:	89 8f       	std	Y+25, r24	; 0x19
    1890:	9a 8f       	std	Y+26, r25	; 0x1a
    1892:	ab 8f       	std	Y+27, r26	; 0x1b
    1894:	bc 8f       	std	Y+28, r27	; 0x1c
 */
void
_delay_ms(double __ms)
{
	uint16_t __ticks;
	double __tmp = ((F_CPU) / 4e3) * __ms;
    1896:	69 8d       	ldd	r22, Y+25	; 0x19
    1898:	7a 8d       	ldd	r23, Y+26	; 0x1a
    189a:	8b 8d       	ldd	r24, Y+27	; 0x1b
    189c:	9c 8d       	ldd	r25, Y+28	; 0x1c
    189e:	20 e0       	ldi	r18, 0x00	; 0
    18a0:	30 e0       	ldi	r19, 0x00	; 0
    18a2:	4a ef       	ldi	r20, 0xFA	; 250
    18a4:	54 e4       	ldi	r21, 0x44	; 68
    18a6:	0e 94 1f 02 	call	0x43e	; 0x43e <__mulsf3>
    18aa:	dc 01       	movw	r26, r24
    18ac:	cb 01       	movw	r24, r22
    18ae:	8d 8b       	std	Y+21, r24	; 0x15
    18b0:	9e 8b       	std	Y+22, r25	; 0x16
    18b2:	af 8b       	std	Y+23, r26	; 0x17
    18b4:	b8 8f       	std	Y+24, r27	; 0x18
	if (__tmp < 1.0)
    18b6:	6d 89       	ldd	r22, Y+21	; 0x15
    18b8:	7e 89       	ldd	r23, Y+22	; 0x16
    18ba:	8f 89       	ldd	r24, Y+23	; 0x17
    18bc:	98 8d       	ldd	r25, Y+24	; 0x18
    18be:	20 e0       	ldi	r18, 0x00	; 0
    18c0:	30 e0       	ldi	r19, 0x00	; 0
    18c2:	40 e8       	ldi	r20, 0x80	; 128
    18c4:	5f e3       	ldi	r21, 0x3F	; 63
    18c6:	0e 94 79 03 	call	0x6f2	; 0x6f2 <__ltsf2>
    18ca:	88 23       	and	r24, r24
    18cc:	2c f4       	brge	.+10     	; 0x18d8 <LCD_init+0x260>
		__ticks = 1;
    18ce:	81 e0       	ldi	r24, 0x01	; 1
    18d0:	90 e0       	ldi	r25, 0x00	; 0
    18d2:	9c 8b       	std	Y+20, r25	; 0x14
    18d4:	8b 8b       	std	Y+19, r24	; 0x13
    18d6:	3f c0       	rjmp	.+126    	; 0x1956 <LCD_init+0x2de>
	else if (__tmp > 65535)
    18d8:	6d 89       	ldd	r22, Y+21	; 0x15
    18da:	7e 89       	ldd	r23, Y+22	; 0x16
    18dc:	8f 89       	ldd	r24, Y+23	; 0x17
    18de:	98 8d       	ldd	r25, Y+24	; 0x18
    18e0:	20 e0       	ldi	r18, 0x00	; 0
    18e2:	3f ef       	ldi	r19, 0xFF	; 255
    18e4:	4f e7       	ldi	r20, 0x7F	; 127
    18e6:	57 e4       	ldi	r21, 0x47	; 71
    18e8:	0e 94 19 03 	call	0x632	; 0x632 <__gtsf2>
    18ec:	18 16       	cp	r1, r24
    18ee:	4c f5       	brge	.+82     	; 0x1942 <LCD_init+0x2ca>
	{
		//	__ticks = requested delay in 1/10 ms
		__ticks = (uint16_t) (__ms * 10.0);
    18f0:	69 8d       	ldd	r22, Y+25	; 0x19
    18f2:	7a 8d       	ldd	r23, Y+26	; 0x1a
    18f4:	8b 8d       	ldd	r24, Y+27	; 0x1b
    18f6:	9c 8d       	ldd	r25, Y+28	; 0x1c
    18f8:	20 e0       	ldi	r18, 0x00	; 0
    18fa:	30 e0       	ldi	r19, 0x00	; 0
    18fc:	40 e2       	ldi	r20, 0x20	; 32
    18fe:	51 e4       	ldi	r21, 0x41	; 65
    1900:	0e 94 1f 02 	call	0x43e	; 0x43e <__mulsf3>
    1904:	dc 01       	movw	r26, r24
    1906:	cb 01       	movw	r24, r22
    1908:	bc 01       	movw	r22, r24
    190a:	cd 01       	movw	r24, r26
    190c:	0e 94 49 00 	call	0x92	; 0x92 <__fixunssfsi>
    1910:	dc 01       	movw	r26, r24
    1912:	cb 01       	movw	r24, r22
    1914:	9c 8b       	std	Y+20, r25	; 0x14
    1916:	8b 8b       	std	Y+19, r24	; 0x13
    1918:	0f c0       	rjmp	.+30     	; 0x1938 <LCD_init+0x2c0>
    191a:	88 ec       	ldi	r24, 0xC8	; 200
    191c:	90 e0       	ldi	r25, 0x00	; 0
    191e:	9a 8b       	std	Y+18, r25	; 0x12
    1920:	89 8b       	std	Y+17, r24	; 0x11
    1922:	89 89       	ldd	r24, Y+17	; 0x11
    1924:	9a 89       	ldd	r25, Y+18	; 0x12
    1926:	01 97       	sbiw	r24, 0x01	; 1
    1928:	f1 f7       	brne	.-4      	; 0x1926 <LCD_init+0x2ae>
    192a:	9a 8b       	std	Y+18, r25	; 0x12
    192c:	89 8b       	std	Y+17, r24	; 0x11
		while(__ticks)
		{
			// wait 1/10 ms
			_delay_loop_2(((F_CPU) / 4e3) / 10);
			__ticks --;
    192e:	8b 89       	ldd	r24, Y+19	; 0x13
    1930:	9c 89       	ldd	r25, Y+20	; 0x14
    1932:	01 97       	sbiw	r24, 0x01	; 1
    1934:	9c 8b       	std	Y+20, r25	; 0x14
    1936:	8b 8b       	std	Y+19, r24	; 0x13
		__ticks = 1;
	else if (__tmp > 65535)
	{
		//	__ticks = requested delay in 1/10 ms
		__ticks = (uint16_t) (__ms * 10.0);
		while(__ticks)
    1938:	8b 89       	ldd	r24, Y+19	; 0x13
    193a:	9c 89       	ldd	r25, Y+20	; 0x14
    193c:	00 97       	sbiw	r24, 0x00	; 0
    193e:	69 f7       	brne	.-38     	; 0x191a <LCD_init+0x2a2>
    1940:	14 c0       	rjmp	.+40     	; 0x196a <LCD_init+0x2f2>
			__ticks --;
		}
		return;
	}
	else
		__ticks = (uint16_t)__tmp;
    1942:	6d 89       	ldd	r22, Y+21	; 0x15
    1944:	7e 89       	ldd	r23, Y+22	; 0x16
    1946:	8f 89       	ldd	r24, Y+23	; 0x17
    1948:	98 8d       	ldd	r25, Y+24	; 0x18
    194a:	0e 94 49 00 	call	0x92	; 0x92 <__fixunssfsi>
    194e:	dc 01       	movw	r26, r24
    1950:	cb 01       	movw	r24, r22
    1952:	9c 8b       	std	Y+20, r25	; 0x14
    1954:	8b 8b       	std	Y+19, r24	; 0x13
    1956:	8b 89       	ldd	r24, Y+19	; 0x13
    1958:	9c 89       	ldd	r25, Y+20	; 0x14
    195a:	98 8b       	std	Y+16, r25	; 0x10
    195c:	8f 87       	std	Y+15, r24	; 0x0f
    195e:	8f 85       	ldd	r24, Y+15	; 0x0f
    1960:	98 89       	ldd	r25, Y+16	; 0x10
    1962:	01 97       	sbiw	r24, 0x01	; 1
    1964:	f1 f7       	brne	.-4      	; 0x1962 <LCD_init+0x2ea>
    1966:	98 8b       	std	Y+16, r25	; 0x10
    1968:	8f 87       	std	Y+15, r24	; 0x0f
		_delay_ms(1);
		LCD_sendcommand(LCD_displayclear);
    196a:	81 e0       	ldi	r24, 0x01	; 1
    196c:	0e 94 36 0d 	call	0x1a6c	; 0x1a6c <LCD_sendcommand>
    1970:	80 e0       	ldi	r24, 0x00	; 0
    1972:	90 e0       	ldi	r25, 0x00	; 0
    1974:	a0 e0       	ldi	r26, 0x00	; 0
    1976:	b0 e4       	ldi	r27, 0x40	; 64
    1978:	8b 87       	std	Y+11, r24	; 0x0b
    197a:	9c 87       	std	Y+12, r25	; 0x0c
    197c:	ad 87       	std	Y+13, r26	; 0x0d
    197e:	be 87       	std	Y+14, r27	; 0x0e
 */
void
_delay_ms(double __ms)
{
	uint16_t __ticks;
	double __tmp = ((F_CPU) / 4e3) * __ms;
    1980:	6b 85       	ldd	r22, Y+11	; 0x0b
    1982:	7c 85       	ldd	r23, Y+12	; 0x0c
    1984:	8d 85       	ldd	r24, Y+13	; 0x0d
    1986:	9e 85       	ldd	r25, Y+14	; 0x0e
    1988:	20 e0       	ldi	r18, 0x00	; 0
    198a:	30 e0       	ldi	r19, 0x00	; 0
    198c:	4a ef       	ldi	r20, 0xFA	; 250
    198e:	54 e4       	ldi	r21, 0x44	; 68
    1990:	0e 94 1f 02 	call	0x43e	; 0x43e <__mulsf3>
    1994:	dc 01       	movw	r26, r24
    1996:	cb 01       	movw	r24, r22
    1998:	8f 83       	std	Y+7, r24	; 0x07
    199a:	98 87       	std	Y+8, r25	; 0x08
    199c:	a9 87       	std	Y+9, r26	; 0x09
    199e:	ba 87       	std	Y+10, r27	; 0x0a
	if (__tmp < 1.0)
    19a0:	6f 81       	ldd	r22, Y+7	; 0x07
    19a2:	78 85       	ldd	r23, Y+8	; 0x08
    19a4:	89 85       	ldd	r24, Y+9	; 0x09
    19a6:	9a 85       	ldd	r25, Y+10	; 0x0a
    19a8:	20 e0       	ldi	r18, 0x00	; 0
    19aa:	30 e0       	ldi	r19, 0x00	; 0
    19ac:	40 e8       	ldi	r20, 0x80	; 128
    19ae:	5f e3       	ldi	r21, 0x3F	; 63
    19b0:	0e 94 79 03 	call	0x6f2	; 0x6f2 <__ltsf2>
    19b4:	88 23       	and	r24, r24
    19b6:	2c f4       	brge	.+10     	; 0x19c2 <LCD_init+0x34a>
		__ticks = 1;
    19b8:	81 e0       	ldi	r24, 0x01	; 1
    19ba:	90 e0       	ldi	r25, 0x00	; 0
    19bc:	9e 83       	std	Y+6, r25	; 0x06
    19be:	8d 83       	std	Y+5, r24	; 0x05
    19c0:	3f c0       	rjmp	.+126    	; 0x1a40 <LCD_init+0x3c8>
	else if (__tmp > 65535)
    19c2:	6f 81       	ldd	r22, Y+7	; 0x07
    19c4:	78 85       	ldd	r23, Y+8	; 0x08
    19c6:	89 85       	ldd	r24, Y+9	; 0x09
    19c8:	9a 85       	ldd	r25, Y+10	; 0x0a
    19ca:	20 e0       	ldi	r18, 0x00	; 0
    19cc:	3f ef       	ldi	r19, 0xFF	; 255
    19ce:	4f e7       	ldi	r20, 0x7F	; 127
    19d0:	57 e4       	ldi	r21, 0x47	; 71
    19d2:	0e 94 19 03 	call	0x632	; 0x632 <__gtsf2>
    19d6:	18 16       	cp	r1, r24
    19d8:	4c f5       	brge	.+82     	; 0x1a2c <LCD_init+0x3b4>
	{
		//	__ticks = requested delay in 1/10 ms
		__ticks = (uint16_t) (__ms * 10.0);
    19da:	6b 85       	ldd	r22, Y+11	; 0x0b
    19dc:	7c 85       	ldd	r23, Y+12	; 0x0c
    19de:	8d 85       	ldd	r24, Y+13	; 0x0d
    19e0:	9e 85       	ldd	r25, Y+14	; 0x0e
    19e2:	20 e0       	ldi	r18, 0x00	; 0
    19e4:	30 e0       	ldi	r19, 0x00	; 0
    19e6:	40 e2       	ldi	r20, 0x20	; 32
    19e8:	51 e4       	ldi	r21, 0x41	; 65
    19ea:	0e 94 1f 02 	call	0x43e	; 0x43e <__mulsf3>
    19ee:	dc 01       	movw	r26, r24
    19f0:	cb 01       	movw	r24, r22
    19f2:	bc 01       	movw	r22, r24
    19f4:	cd 01       	movw	r24, r26
    19f6:	0e 94 49 00 	call	0x92	; 0x92 <__fixunssfsi>
    19fa:	dc 01       	movw	r26, r24
    19fc:	cb 01       	movw	r24, r22
    19fe:	9e 83       	std	Y+6, r25	; 0x06
    1a00:	8d 83       	std	Y+5, r24	; 0x05
    1a02:	0f c0       	rjmp	.+30     	; 0x1a22 <LCD_init+0x3aa>
    1a04:	88 ec       	ldi	r24, 0xC8	; 200
    1a06:	90 e0       	ldi	r25, 0x00	; 0
    1a08:	9c 83       	std	Y+4, r25	; 0x04
    1a0a:	8b 83       	std	Y+3, r24	; 0x03
    1a0c:	8b 81       	ldd	r24, Y+3	; 0x03
    1a0e:	9c 81       	ldd	r25, Y+4	; 0x04
    1a10:	01 97       	sbiw	r24, 0x01	; 1
    1a12:	f1 f7       	brne	.-4      	; 0x1a10 <LCD_init+0x398>
    1a14:	9c 83       	std	Y+4, r25	; 0x04
    1a16:	8b 83       	std	Y+3, r24	; 0x03
		while(__ticks)
		{
			// wait 1/10 ms
			_delay_loop_2(((F_CPU) / 4e3) / 10);
			__ticks --;
    1a18:	8d 81       	ldd	r24, Y+5	; 0x05
    1a1a:	9e 81       	ldd	r25, Y+6	; 0x06
    1a1c:	01 97       	sbiw	r24, 0x01	; 1
    1a1e:	9e 83       	std	Y+6, r25	; 0x06
    1a20:	8d 83       	std	Y+5, r24	; 0x05
		__ticks = 1;
	else if (__tmp > 65535)
	{
		//	__ticks = requested delay in 1/10 ms
		__ticks = (uint16_t) (__ms * 10.0);
		while(__ticks)
    1a22:	8d 81       	ldd	r24, Y+5	; 0x05
    1a24:	9e 81       	ldd	r25, Y+6	; 0x06
    1a26:	00 97       	sbiw	r24, 0x00	; 0
    1a28:	69 f7       	brne	.-38     	; 0x1a04 <LCD_init+0x38c>
    1a2a:	14 c0       	rjmp	.+40     	; 0x1a54 <LCD_init+0x3dc>
			__ticks --;
		}
		return;
	}
	else
		__ticks = (uint16_t)__tmp;
    1a2c:	6f 81       	ldd	r22, Y+7	; 0x07
    1a2e:	78 85       	ldd	r23, Y+8	; 0x08
    1a30:	89 85       	ldd	r24, Y+9	; 0x09
    1a32:	9a 85       	ldd	r25, Y+10	; 0x0a
    1a34:	0e 94 49 00 	call	0x92	; 0x92 <__fixunssfsi>
    1a38:	dc 01       	movw	r26, r24
    1a3a:	cb 01       	movw	r24, r22
    1a3c:	9e 83       	std	Y+6, r25	; 0x06
    1a3e:	8d 83       	std	Y+5, r24	; 0x05
    1a40:	8d 81       	ldd	r24, Y+5	; 0x05
    1a42:	9e 81       	ldd	r25, Y+6	; 0x06
    1a44:	9a 83       	std	Y+2, r25	; 0x02
    1a46:	89 83       	std	Y+1, r24	; 0x01
    1a48:	89 81       	ldd	r24, Y+1	; 0x01
    1a4a:	9a 81       	ldd	r25, Y+2	; 0x02
    1a4c:	01 97       	sbiw	r24, 0x01	; 1
    1a4e:	f1 f7       	brne	.-4      	; 0x1a4c <LCD_init+0x3d4>
    1a50:	9a 83       	std	Y+2, r25	; 0x02
    1a52:	89 83       	std	Y+1, r24	; 0x01
		_delay_ms(2);
		LCD_sendcommand(LCD_entrymode);
    1a54:	86 e0       	ldi	r24, 0x06	; 6
    1a56:	0e 94 36 0d 	call	0x1a6c	; 0x1a6c <LCD_sendcommand>
		LCD_sendcommand(LCD_displayclear);
		_delay_ms(2);
		LCD_sendcommand(LCD_entrymode);
		
	#endif
}
    1a5a:	e8 96       	adiw	r28, 0x38	; 56
    1a5c:	0f b6       	in	r0, 0x3f	; 63
    1a5e:	f8 94       	cli
    1a60:	de bf       	out	0x3e, r29	; 62
    1a62:	0f be       	out	0x3f, r0	; 63
    1a64:	cd bf       	out	0x3d, r28	; 61
    1a66:	cf 91       	pop	r28
    1a68:	df 91       	pop	r29
    1a6a:	08 95       	ret

00001a6c <LCD_sendcommand>:




void LCD_sendcommand(u8 copy_num){
    1a6c:	df 93       	push	r29
    1a6e:	cf 93       	push	r28
    1a70:	0f 92       	push	r0
    1a72:	cd b7       	in	r28, 0x3d	; 61
    1a74:	de b7       	in	r29, 0x3e	; 62
    1a76:	89 83       	std	Y+1, r24	; 0x01
	#if LCD_MODE == 8
		
		DIO_setpinvalue(LCD_COMMAND_PORT,LCD_RS,PIN_LOW);
    1a78:	81 e0       	ldi	r24, 0x01	; 1
    1a7a:	60 e0       	ldi	r22, 0x00	; 0
    1a7c:	40 e0       	ldi	r20, 0x00	; 0
    1a7e:	0e 94 b2 06 	call	0xd64	; 0xd64 <DIO_setpinvalue>
		DIO_setpinvalue(LCD_COMMAND_PORT,LCD_RW,PIN_LOW);
    1a82:	81 e0       	ldi	r24, 0x01	; 1
    1a84:	61 e0       	ldi	r22, 0x01	; 1
    1a86:	40 e0       	ldi	r20, 0x00	; 0
    1a88:	0e 94 b2 06 	call	0xd64	; 0xd64 <DIO_setpinvalue>
		DIO_setportvalue(LCD_DATA_PORT,copy_num);
    1a8c:	80 e0       	ldi	r24, 0x00	; 0
    1a8e:	69 81       	ldd	r22, Y+1	; 0x01
    1a90:	0e 94 5c 09 	call	0x12b8	; 0x12b8 <DIO_setportvalue>
		LCD_sendfallingedge();
    1a94:	0e 94 50 0d 	call	0x1aa0	; 0x1aa0 <LCD_sendfallingedge>
		LCD_sendfallingedge();
		DIO_writehighnibles(LCD_DATA_PORT,copy_num);
		LCD_sendfallingedge();
	#endif
	
}
    1a98:	0f 90       	pop	r0
    1a9a:	cf 91       	pop	r28
    1a9c:	df 91       	pop	r29
    1a9e:	08 95       	ret

00001aa0 <LCD_sendfallingedge>:

static void LCD_sendfallingedge(){
    1aa0:	df 93       	push	r29
    1aa2:	cf 93       	push	r28
    1aa4:	cd b7       	in	r28, 0x3d	; 61
    1aa6:	de b7       	in	r29, 0x3e	; 62
    1aa8:	6c 97       	sbiw	r28, 0x1c	; 28
    1aaa:	0f b6       	in	r0, 0x3f	; 63
    1aac:	f8 94       	cli
    1aae:	de bf       	out	0x3e, r29	; 62
    1ab0:	0f be       	out	0x3f, r0	; 63
    1ab2:	cd bf       	out	0x3d, r28	; 61
		DIO_setpinvalue(LCD_COMMAND_PORT,LCD_EN,PIN_HIGH);
    1ab4:	81 e0       	ldi	r24, 0x01	; 1
    1ab6:	62 e0       	ldi	r22, 0x02	; 2
    1ab8:	41 e0       	ldi	r20, 0x01	; 1
    1aba:	0e 94 b2 06 	call	0xd64	; 0xd64 <DIO_setpinvalue>
    1abe:	80 e0       	ldi	r24, 0x00	; 0
    1ac0:	90 e0       	ldi	r25, 0x00	; 0
    1ac2:	a0 e8       	ldi	r26, 0x80	; 128
    1ac4:	bf e3       	ldi	r27, 0x3F	; 63
    1ac6:	89 8f       	std	Y+25, r24	; 0x19
    1ac8:	9a 8f       	std	Y+26, r25	; 0x1a
    1aca:	ab 8f       	std	Y+27, r26	; 0x1b
    1acc:	bc 8f       	std	Y+28, r27	; 0x1c
 */
void
_delay_ms(double __ms)
{
	uint16_t __ticks;
	double __tmp = ((F_CPU) / 4e3) * __ms;
    1ace:	69 8d       	ldd	r22, Y+25	; 0x19
    1ad0:	7a 8d       	ldd	r23, Y+26	; 0x1a
    1ad2:	8b 8d       	ldd	r24, Y+27	; 0x1b
    1ad4:	9c 8d       	ldd	r25, Y+28	; 0x1c
    1ad6:	20 e0       	ldi	r18, 0x00	; 0
    1ad8:	30 e0       	ldi	r19, 0x00	; 0
    1ada:	4a ef       	ldi	r20, 0xFA	; 250
    1adc:	54 e4       	ldi	r21, 0x44	; 68
    1ade:	0e 94 1f 02 	call	0x43e	; 0x43e <__mulsf3>
    1ae2:	dc 01       	movw	r26, r24
    1ae4:	cb 01       	movw	r24, r22
    1ae6:	8d 8b       	std	Y+21, r24	; 0x15
    1ae8:	9e 8b       	std	Y+22, r25	; 0x16
    1aea:	af 8b       	std	Y+23, r26	; 0x17
    1aec:	b8 8f       	std	Y+24, r27	; 0x18
	if (__tmp < 1.0)
    1aee:	6d 89       	ldd	r22, Y+21	; 0x15
    1af0:	7e 89       	ldd	r23, Y+22	; 0x16
    1af2:	8f 89       	ldd	r24, Y+23	; 0x17
    1af4:	98 8d       	ldd	r25, Y+24	; 0x18
    1af6:	20 e0       	ldi	r18, 0x00	; 0
    1af8:	30 e0       	ldi	r19, 0x00	; 0
    1afa:	40 e8       	ldi	r20, 0x80	; 128
    1afc:	5f e3       	ldi	r21, 0x3F	; 63
    1afe:	0e 94 79 03 	call	0x6f2	; 0x6f2 <__ltsf2>
    1b02:	88 23       	and	r24, r24
    1b04:	2c f4       	brge	.+10     	; 0x1b10 <LCD_sendfallingedge+0x70>
		__ticks = 1;
    1b06:	81 e0       	ldi	r24, 0x01	; 1
    1b08:	90 e0       	ldi	r25, 0x00	; 0
    1b0a:	9c 8b       	std	Y+20, r25	; 0x14
    1b0c:	8b 8b       	std	Y+19, r24	; 0x13
    1b0e:	3f c0       	rjmp	.+126    	; 0x1b8e <LCD_sendfallingedge+0xee>
	else if (__tmp > 65535)
    1b10:	6d 89       	ldd	r22, Y+21	; 0x15
    1b12:	7e 89       	ldd	r23, Y+22	; 0x16
    1b14:	8f 89       	ldd	r24, Y+23	; 0x17
    1b16:	98 8d       	ldd	r25, Y+24	; 0x18
    1b18:	20 e0       	ldi	r18, 0x00	; 0
    1b1a:	3f ef       	ldi	r19, 0xFF	; 255
    1b1c:	4f e7       	ldi	r20, 0x7F	; 127
    1b1e:	57 e4       	ldi	r21, 0x47	; 71
    1b20:	0e 94 19 03 	call	0x632	; 0x632 <__gtsf2>
    1b24:	18 16       	cp	r1, r24
    1b26:	4c f5       	brge	.+82     	; 0x1b7a <LCD_sendfallingedge+0xda>
	{
		//	__ticks = requested delay in 1/10 ms
		__ticks = (uint16_t) (__ms * 10.0);
    1b28:	69 8d       	ldd	r22, Y+25	; 0x19
    1b2a:	7a 8d       	ldd	r23, Y+26	; 0x1a
    1b2c:	8b 8d       	ldd	r24, Y+27	; 0x1b
    1b2e:	9c 8d       	ldd	r25, Y+28	; 0x1c
    1b30:	20 e0       	ldi	r18, 0x00	; 0
    1b32:	30 e0       	ldi	r19, 0x00	; 0
    1b34:	40 e2       	ldi	r20, 0x20	; 32
    1b36:	51 e4       	ldi	r21, 0x41	; 65
    1b38:	0e 94 1f 02 	call	0x43e	; 0x43e <__mulsf3>
    1b3c:	dc 01       	movw	r26, r24
    1b3e:	cb 01       	movw	r24, r22
    1b40:	bc 01       	movw	r22, r24
    1b42:	cd 01       	movw	r24, r26
    1b44:	0e 94 49 00 	call	0x92	; 0x92 <__fixunssfsi>
    1b48:	dc 01       	movw	r26, r24
    1b4a:	cb 01       	movw	r24, r22
    1b4c:	9c 8b       	std	Y+20, r25	; 0x14
    1b4e:	8b 8b       	std	Y+19, r24	; 0x13
    1b50:	0f c0       	rjmp	.+30     	; 0x1b70 <LCD_sendfallingedge+0xd0>
    1b52:	88 ec       	ldi	r24, 0xC8	; 200
    1b54:	90 e0       	ldi	r25, 0x00	; 0
    1b56:	9a 8b       	std	Y+18, r25	; 0x12
    1b58:	89 8b       	std	Y+17, r24	; 0x11
    1b5a:	89 89       	ldd	r24, Y+17	; 0x11
    1b5c:	9a 89       	ldd	r25, Y+18	; 0x12
    1b5e:	01 97       	sbiw	r24, 0x01	; 1
    1b60:	f1 f7       	brne	.-4      	; 0x1b5e <LCD_sendfallingedge+0xbe>
    1b62:	9a 8b       	std	Y+18, r25	; 0x12
    1b64:	89 8b       	std	Y+17, r24	; 0x11
		while(__ticks)
		{
			// wait 1/10 ms
			_delay_loop_2(((F_CPU) / 4e3) / 10);
			__ticks --;
    1b66:	8b 89       	ldd	r24, Y+19	; 0x13
    1b68:	9c 89       	ldd	r25, Y+20	; 0x14
    1b6a:	01 97       	sbiw	r24, 0x01	; 1
    1b6c:	9c 8b       	std	Y+20, r25	; 0x14
    1b6e:	8b 8b       	std	Y+19, r24	; 0x13
		__ticks = 1;
	else if (__tmp > 65535)
	{
		//	__ticks = requested delay in 1/10 ms
		__ticks = (uint16_t) (__ms * 10.0);
		while(__ticks)
    1b70:	8b 89       	ldd	r24, Y+19	; 0x13
    1b72:	9c 89       	ldd	r25, Y+20	; 0x14
    1b74:	00 97       	sbiw	r24, 0x00	; 0
    1b76:	69 f7       	brne	.-38     	; 0x1b52 <LCD_sendfallingedge+0xb2>
    1b78:	14 c0       	rjmp	.+40     	; 0x1ba2 <LCD_sendfallingedge+0x102>
			__ticks --;
		}
		return;
	}
	else
		__ticks = (uint16_t)__tmp;
    1b7a:	6d 89       	ldd	r22, Y+21	; 0x15
    1b7c:	7e 89       	ldd	r23, Y+22	; 0x16
    1b7e:	8f 89       	ldd	r24, Y+23	; 0x17
    1b80:	98 8d       	ldd	r25, Y+24	; 0x18
    1b82:	0e 94 49 00 	call	0x92	; 0x92 <__fixunssfsi>
    1b86:	dc 01       	movw	r26, r24
    1b88:	cb 01       	movw	r24, r22
    1b8a:	9c 8b       	std	Y+20, r25	; 0x14
    1b8c:	8b 8b       	std	Y+19, r24	; 0x13
    1b8e:	8b 89       	ldd	r24, Y+19	; 0x13
    1b90:	9c 89       	ldd	r25, Y+20	; 0x14
    1b92:	98 8b       	std	Y+16, r25	; 0x10
    1b94:	8f 87       	std	Y+15, r24	; 0x0f
    1b96:	8f 85       	ldd	r24, Y+15	; 0x0f
    1b98:	98 89       	ldd	r25, Y+16	; 0x10
    1b9a:	01 97       	sbiw	r24, 0x01	; 1
    1b9c:	f1 f7       	brne	.-4      	; 0x1b9a <LCD_sendfallingedge+0xfa>
    1b9e:	98 8b       	std	Y+16, r25	; 0x10
    1ba0:	8f 87       	std	Y+15, r24	; 0x0f
		_delay_ms(1);
		DIO_setpinvalue(LCD_COMMAND_PORT,LCD_EN,PIN_LOW);
    1ba2:	81 e0       	ldi	r24, 0x01	; 1
    1ba4:	62 e0       	ldi	r22, 0x02	; 2
    1ba6:	40 e0       	ldi	r20, 0x00	; 0
    1ba8:	0e 94 b2 06 	call	0xd64	; 0xd64 <DIO_setpinvalue>
    1bac:	80 e0       	ldi	r24, 0x00	; 0
    1bae:	90 e0       	ldi	r25, 0x00	; 0
    1bb0:	a0 e8       	ldi	r26, 0x80	; 128
    1bb2:	bf e3       	ldi	r27, 0x3F	; 63
    1bb4:	8b 87       	std	Y+11, r24	; 0x0b
    1bb6:	9c 87       	std	Y+12, r25	; 0x0c
    1bb8:	ad 87       	std	Y+13, r26	; 0x0d
    1bba:	be 87       	std	Y+14, r27	; 0x0e
 */
void
_delay_ms(double __ms)
{
	uint16_t __ticks;
	double __tmp = ((F_CPU) / 4e3) * __ms;
    1bbc:	6b 85       	ldd	r22, Y+11	; 0x0b
    1bbe:	7c 85       	ldd	r23, Y+12	; 0x0c
    1bc0:	8d 85       	ldd	r24, Y+13	; 0x0d
    1bc2:	9e 85       	ldd	r25, Y+14	; 0x0e
    1bc4:	20 e0       	ldi	r18, 0x00	; 0
    1bc6:	30 e0       	ldi	r19, 0x00	; 0
    1bc8:	4a ef       	ldi	r20, 0xFA	; 250
    1bca:	54 e4       	ldi	r21, 0x44	; 68
    1bcc:	0e 94 1f 02 	call	0x43e	; 0x43e <__mulsf3>
    1bd0:	dc 01       	movw	r26, r24
    1bd2:	cb 01       	movw	r24, r22
    1bd4:	8f 83       	std	Y+7, r24	; 0x07
    1bd6:	98 87       	std	Y+8, r25	; 0x08
    1bd8:	a9 87       	std	Y+9, r26	; 0x09
    1bda:	ba 87       	std	Y+10, r27	; 0x0a
	if (__tmp < 1.0)
    1bdc:	6f 81       	ldd	r22, Y+7	; 0x07
    1bde:	78 85       	ldd	r23, Y+8	; 0x08
    1be0:	89 85       	ldd	r24, Y+9	; 0x09
    1be2:	9a 85       	ldd	r25, Y+10	; 0x0a
    1be4:	20 e0       	ldi	r18, 0x00	; 0
    1be6:	30 e0       	ldi	r19, 0x00	; 0
    1be8:	40 e8       	ldi	r20, 0x80	; 128
    1bea:	5f e3       	ldi	r21, 0x3F	; 63
    1bec:	0e 94 79 03 	call	0x6f2	; 0x6f2 <__ltsf2>
    1bf0:	88 23       	and	r24, r24
    1bf2:	2c f4       	brge	.+10     	; 0x1bfe <LCD_sendfallingedge+0x15e>
		__ticks = 1;
    1bf4:	81 e0       	ldi	r24, 0x01	; 1
    1bf6:	90 e0       	ldi	r25, 0x00	; 0
    1bf8:	9e 83       	std	Y+6, r25	; 0x06
    1bfa:	8d 83       	std	Y+5, r24	; 0x05
    1bfc:	3f c0       	rjmp	.+126    	; 0x1c7c <LCD_sendfallingedge+0x1dc>
	else if (__tmp > 65535)
    1bfe:	6f 81       	ldd	r22, Y+7	; 0x07
    1c00:	78 85       	ldd	r23, Y+8	; 0x08
    1c02:	89 85       	ldd	r24, Y+9	; 0x09
    1c04:	9a 85       	ldd	r25, Y+10	; 0x0a
    1c06:	20 e0       	ldi	r18, 0x00	; 0
    1c08:	3f ef       	ldi	r19, 0xFF	; 255
    1c0a:	4f e7       	ldi	r20, 0x7F	; 127
    1c0c:	57 e4       	ldi	r21, 0x47	; 71
    1c0e:	0e 94 19 03 	call	0x632	; 0x632 <__gtsf2>
    1c12:	18 16       	cp	r1, r24
    1c14:	4c f5       	brge	.+82     	; 0x1c68 <LCD_sendfallingedge+0x1c8>
	{
		//	__ticks = requested delay in 1/10 ms
		__ticks = (uint16_t) (__ms * 10.0);
    1c16:	6b 85       	ldd	r22, Y+11	; 0x0b
    1c18:	7c 85       	ldd	r23, Y+12	; 0x0c
    1c1a:	8d 85       	ldd	r24, Y+13	; 0x0d
    1c1c:	9e 85       	ldd	r25, Y+14	; 0x0e
    1c1e:	20 e0       	ldi	r18, 0x00	; 0
    1c20:	30 e0       	ldi	r19, 0x00	; 0
    1c22:	40 e2       	ldi	r20, 0x20	; 32
    1c24:	51 e4       	ldi	r21, 0x41	; 65
    1c26:	0e 94 1f 02 	call	0x43e	; 0x43e <__mulsf3>
    1c2a:	dc 01       	movw	r26, r24
    1c2c:	cb 01       	movw	r24, r22
    1c2e:	bc 01       	movw	r22, r24
    1c30:	cd 01       	movw	r24, r26
    1c32:	0e 94 49 00 	call	0x92	; 0x92 <__fixunssfsi>
    1c36:	dc 01       	movw	r26, r24
    1c38:	cb 01       	movw	r24, r22
    1c3a:	9e 83       	std	Y+6, r25	; 0x06
    1c3c:	8d 83       	std	Y+5, r24	; 0x05
    1c3e:	0f c0       	rjmp	.+30     	; 0x1c5e <LCD_sendfallingedge+0x1be>
    1c40:	88 ec       	ldi	r24, 0xC8	; 200
    1c42:	90 e0       	ldi	r25, 0x00	; 0
    1c44:	9c 83       	std	Y+4, r25	; 0x04
    1c46:	8b 83       	std	Y+3, r24	; 0x03
    1c48:	8b 81       	ldd	r24, Y+3	; 0x03
    1c4a:	9c 81       	ldd	r25, Y+4	; 0x04
    1c4c:	01 97       	sbiw	r24, 0x01	; 1
    1c4e:	f1 f7       	brne	.-4      	; 0x1c4c <LCD_sendfallingedge+0x1ac>
    1c50:	9c 83       	std	Y+4, r25	; 0x04
    1c52:	8b 83       	std	Y+3, r24	; 0x03
		while(__ticks)
		{
			// wait 1/10 ms
			_delay_loop_2(((F_CPU) / 4e3) / 10);
			__ticks --;
    1c54:	8d 81       	ldd	r24, Y+5	; 0x05
    1c56:	9e 81       	ldd	r25, Y+6	; 0x06
    1c58:	01 97       	sbiw	r24, 0x01	; 1
    1c5a:	9e 83       	std	Y+6, r25	; 0x06
    1c5c:	8d 83       	std	Y+5, r24	; 0x05
		__ticks = 1;
	else if (__tmp > 65535)
	{
		//	__ticks = requested delay in 1/10 ms
		__ticks = (uint16_t) (__ms * 10.0);
		while(__ticks)
    1c5e:	8d 81       	ldd	r24, Y+5	; 0x05
    1c60:	9e 81       	ldd	r25, Y+6	; 0x06
    1c62:	00 97       	sbiw	r24, 0x00	; 0
    1c64:	69 f7       	brne	.-38     	; 0x1c40 <LCD_sendfallingedge+0x1a0>
    1c66:	14 c0       	rjmp	.+40     	; 0x1c90 <LCD_sendfallingedge+0x1f0>
			__ticks --;
		}
		return;
	}
	else
		__ticks = (uint16_t)__tmp;
    1c68:	6f 81       	ldd	r22, Y+7	; 0x07
    1c6a:	78 85       	ldd	r23, Y+8	; 0x08
    1c6c:	89 85       	ldd	r24, Y+9	; 0x09
    1c6e:	9a 85       	ldd	r25, Y+10	; 0x0a
    1c70:	0e 94 49 00 	call	0x92	; 0x92 <__fixunssfsi>
    1c74:	dc 01       	movw	r26, r24
    1c76:	cb 01       	movw	r24, r22
    1c78:	9e 83       	std	Y+6, r25	; 0x06
    1c7a:	8d 83       	std	Y+5, r24	; 0x05
    1c7c:	8d 81       	ldd	r24, Y+5	; 0x05
    1c7e:	9e 81       	ldd	r25, Y+6	; 0x06
    1c80:	9a 83       	std	Y+2, r25	; 0x02
    1c82:	89 83       	std	Y+1, r24	; 0x01
    1c84:	89 81       	ldd	r24, Y+1	; 0x01
    1c86:	9a 81       	ldd	r25, Y+2	; 0x02
    1c88:	01 97       	sbiw	r24, 0x01	; 1
    1c8a:	f1 f7       	brne	.-4      	; 0x1c88 <LCD_sendfallingedge+0x1e8>
    1c8c:	9a 83       	std	Y+2, r25	; 0x02
    1c8e:	89 83       	std	Y+1, r24	; 0x01
		_delay_ms(1);
}
    1c90:	6c 96       	adiw	r28, 0x1c	; 28
    1c92:	0f b6       	in	r0, 0x3f	; 63
    1c94:	f8 94       	cli
    1c96:	de bf       	out	0x3e, r29	; 62
    1c98:	0f be       	out	0x3f, r0	; 63
    1c9a:	cd bf       	out	0x3d, r28	; 61
    1c9c:	cf 91       	pop	r28
    1c9e:	df 91       	pop	r29
    1ca0:	08 95       	ret

00001ca2 <LCD_senddata>:



void LCD_senddata(u8 copy_data)
{
    1ca2:	df 93       	push	r29
    1ca4:	cf 93       	push	r28
    1ca6:	0f 92       	push	r0
    1ca8:	cd b7       	in	r28, 0x3d	; 61
    1caa:	de b7       	in	r29, 0x3e	; 62
    1cac:	89 83       	std	Y+1, r24	; 0x01
	#if LCD_MODE==8
	
		DIO_setportvalue(LCD_DATA_PORT,copy_data);
    1cae:	80 e0       	ldi	r24, 0x00	; 0
    1cb0:	69 81       	ldd	r22, Y+1	; 0x01
    1cb2:	0e 94 5c 09 	call	0x12b8	; 0x12b8 <DIO_setportvalue>
		DIO_setpinvalue(LCD_COMMAND_PORT,LCD_RS,PIN_HIGH);
    1cb6:	81 e0       	ldi	r24, 0x01	; 1
    1cb8:	60 e0       	ldi	r22, 0x00	; 0
    1cba:	41 e0       	ldi	r20, 0x01	; 1
    1cbc:	0e 94 b2 06 	call	0xd64	; 0xd64 <DIO_setpinvalue>
		LCD_sendfallingedge();
    1cc0:	0e 94 50 0d 	call	0x1aa0	; 0x1aa0 <LCD_sendfallingedge>
		DIO_writehighnibles(LCD_DATA_PORT,(copy_data)>>4);
		LCD_sendfallingedge();
		DIO_writehighnibles(LCD_DATA_PORT,copy_data);
		LCD_sendfallingedge();
	#endif
}
    1cc4:	0f 90       	pop	r0
    1cc6:	cf 91       	pop	r28
    1cc8:	df 91       	pop	r29
    1cca:	08 95       	ret

00001ccc <LCD_voidsetcursor>:
void LCD_voidsetcursor(u8 copy_row,u8 copy_colum)
{
    1ccc:	df 93       	push	r29
    1cce:	cf 93       	push	r28
    1cd0:	00 d0       	rcall	.+0      	; 0x1cd2 <LCD_voidsetcursor+0x6>
    1cd2:	cd b7       	in	r28, 0x3d	; 61
    1cd4:	de b7       	in	r29, 0x3e	; 62
    1cd6:	89 83       	std	Y+1, r24	; 0x01
    1cd8:	6a 83       	std	Y+2, r22	; 0x02
	
	if(copy_row<1||copy_row>2||copy_colum<1||copy_colum>16){
    1cda:	89 81       	ldd	r24, Y+1	; 0x01
    1cdc:	88 23       	and	r24, r24
    1cde:	49 f0       	breq	.+18     	; 0x1cf2 <LCD_voidsetcursor+0x26>
    1ce0:	89 81       	ldd	r24, Y+1	; 0x01
    1ce2:	83 30       	cpi	r24, 0x03	; 3
    1ce4:	30 f4       	brcc	.+12     	; 0x1cf2 <LCD_voidsetcursor+0x26>
    1ce6:	8a 81       	ldd	r24, Y+2	; 0x02
    1ce8:	88 23       	and	r24, r24
    1cea:	19 f0       	breq	.+6      	; 0x1cf2 <LCD_voidsetcursor+0x26>
    1cec:	8a 81       	ldd	r24, Y+2	; 0x02
    1cee:	81 31       	cpi	r24, 0x11	; 17
    1cf0:	18 f0       	brcs	.+6      	; 0x1cf8 <LCD_voidsetcursor+0x2c>
		
		LCD_sendcommand(LCD_setcursor);
    1cf2:	80 e8       	ldi	r24, 0x80	; 128
    1cf4:	0e 94 36 0d 	call	0x1a6c	; 0x1a6c <LCD_sendcommand>
		
	}
	if(copy_row==1){
    1cf8:	89 81       	ldd	r24, Y+1	; 0x01
    1cfa:	81 30       	cpi	r24, 0x01	; 1
    1cfc:	21 f4       	brne	.+8      	; 0x1d06 <LCD_voidsetcursor+0x3a>
		LCD_sendcommand(LCD_setcursor+(copy_colum-1));
    1cfe:	8a 81       	ldd	r24, Y+2	; 0x02
    1d00:	81 58       	subi	r24, 0x81	; 129
    1d02:	0e 94 36 0d 	call	0x1a6c	; 0x1a6c <LCD_sendcommand>
		
	}
	
	if(copy_row==2){
    1d06:	89 81       	ldd	r24, Y+1	; 0x01
    1d08:	82 30       	cpi	r24, 0x02	; 2
    1d0a:	21 f4       	brne	.+8      	; 0x1d14 <LCD_voidsetcursor+0x48>
		LCD_sendcommand(LCD_setcursor+64+(copy_colum-1));
    1d0c:	8a 81       	ldd	r24, Y+2	; 0x02
    1d0e:	81 54       	subi	r24, 0x41	; 65
    1d10:	0e 94 36 0d 	call	0x1a6c	; 0x1a6c <LCD_sendcommand>
		
	}
	
}
    1d14:	0f 90       	pop	r0
    1d16:	0f 90       	pop	r0
    1d18:	cf 91       	pop	r28
    1d1a:	df 91       	pop	r29
    1d1c:	08 95       	ret

00001d1e <LCD_sendnumber>:
void LCD_sendnumber(u8 copy_number)
{
    1d1e:	df 93       	push	r29
    1d20:	cf 93       	push	r28
    1d22:	00 d0       	rcall	.+0      	; 0x1d24 <LCD_sendnumber+0x6>
    1d24:	0f 92       	push	r0
    1d26:	cd b7       	in	r28, 0x3d	; 61
    1d28:	de b7       	in	r29, 0x3e	; 62
    1d2a:	8b 83       	std	Y+3, r24	; 0x03
	u32 LOC_u64Reversed = 1 ;
    1d2c:	81 e0       	ldi	r24, 0x01	; 1
    1d2e:	90 e0       	ldi	r25, 0x00	; 0
    1d30:	9a 83       	std	Y+2, r25	; 0x02
    1d32:	89 83       	std	Y+1, r24	; 0x01

	if( copy_number == 0 ){ LCD_senddata('0'); }
    1d34:	8b 81       	ldd	r24, Y+3	; 0x03
    1d36:	88 23       	and	r24, r24
    1d38:	11 f5       	brne	.+68     	; 0x1d7e <LCD_sendnumber+0x60>
    1d3a:	80 e3       	ldi	r24, 0x30	; 48
    1d3c:	0e 94 51 0e 	call	0x1ca2	; 0x1ca2 <LCD_senddata>
    1d40:	3b c0       	rjmp	.+118    	; 0x1db8 <LCD_sendnumber+0x9a>

	else{

		while( copy_number != 0 ){

			LOC_u64Reversed = ( LOC_u64Reversed * 10 ) + ( copy_number % 10 );
    1d42:	89 81       	ldd	r24, Y+1	; 0x01
    1d44:	9a 81       	ldd	r25, Y+2	; 0x02
    1d46:	9c 01       	movw	r18, r24
    1d48:	22 0f       	add	r18, r18
    1d4a:	33 1f       	adc	r19, r19
    1d4c:	c9 01       	movw	r24, r18
    1d4e:	88 0f       	add	r24, r24
    1d50:	99 1f       	adc	r25, r25
    1d52:	88 0f       	add	r24, r24
    1d54:	99 1f       	adc	r25, r25
    1d56:	28 0f       	add	r18, r24
    1d58:	39 1f       	adc	r19, r25
    1d5a:	8b 81       	ldd	r24, Y+3	; 0x03
    1d5c:	9a e0       	ldi	r25, 0x0A	; 10
    1d5e:	69 2f       	mov	r22, r25
    1d60:	0e 94 97 12 	call	0x252e	; 0x252e <__udivmodqi4>
    1d64:	89 2f       	mov	r24, r25
    1d66:	88 2f       	mov	r24, r24
    1d68:	90 e0       	ldi	r25, 0x00	; 0
    1d6a:	82 0f       	add	r24, r18
    1d6c:	93 1f       	adc	r25, r19
    1d6e:	9a 83       	std	Y+2, r25	; 0x02
    1d70:	89 83       	std	Y+1, r24	; 0x01
			copy_number /= 10 ;
    1d72:	8b 81       	ldd	r24, Y+3	; 0x03
    1d74:	9a e0       	ldi	r25, 0x0A	; 10
    1d76:	69 2f       	mov	r22, r25
    1d78:	0e 94 97 12 	call	0x252e	; 0x252e <__udivmodqi4>
    1d7c:	8b 83       	std	Y+3, r24	; 0x03

	if( copy_number == 0 ){ LCD_senddata('0'); }

	else{

		while( copy_number != 0 ){
    1d7e:	8b 81       	ldd	r24, Y+3	; 0x03
    1d80:	88 23       	and	r24, r24
    1d82:	f9 f6       	brne	.-66     	; 0x1d42 <LCD_sendnumber+0x24>
    1d84:	14 c0       	rjmp	.+40     	; 0x1dae <LCD_sendnumber+0x90>
			copy_number /= 10 ;

		}
		while( LOC_u64Reversed != 1 ){

			LCD_senddata( ( LOC_u64Reversed % 10 ) + 48 );
    1d86:	89 81       	ldd	r24, Y+1	; 0x01
    1d88:	9a 81       	ldd	r25, Y+2	; 0x02
    1d8a:	2a e0       	ldi	r18, 0x0A	; 10
    1d8c:	30 e0       	ldi	r19, 0x00	; 0
    1d8e:	b9 01       	movw	r22, r18
    1d90:	0e 94 a3 12 	call	0x2546	; 0x2546 <__udivmodhi4>
    1d94:	80 5d       	subi	r24, 0xD0	; 208
    1d96:	0e 94 51 0e 	call	0x1ca2	; 0x1ca2 <LCD_senddata>
			LOC_u64Reversed /= 10 ;
    1d9a:	89 81       	ldd	r24, Y+1	; 0x01
    1d9c:	9a 81       	ldd	r25, Y+2	; 0x02
    1d9e:	2a e0       	ldi	r18, 0x0A	; 10
    1da0:	30 e0       	ldi	r19, 0x00	; 0
    1da2:	b9 01       	movw	r22, r18
    1da4:	0e 94 a3 12 	call	0x2546	; 0x2546 <__udivmodhi4>
    1da8:	cb 01       	movw	r24, r22
    1daa:	9a 83       	std	Y+2, r25	; 0x02
    1dac:	89 83       	std	Y+1, r24	; 0x01

			LOC_u64Reversed = ( LOC_u64Reversed * 10 ) + ( copy_number % 10 );
			copy_number /= 10 ;

		}
		while( LOC_u64Reversed != 1 ){
    1dae:	89 81       	ldd	r24, Y+1	; 0x01
    1db0:	9a 81       	ldd	r25, Y+2	; 0x02
    1db2:	81 30       	cpi	r24, 0x01	; 1
    1db4:	91 05       	cpc	r25, r1
    1db6:	39 f7       	brne	.-50     	; 0x1d86 <LCD_sendnumber+0x68>
		}

	}


}
    1db8:	0f 90       	pop	r0
    1dba:	0f 90       	pop	r0
    1dbc:	0f 90       	pop	r0
    1dbe:	cf 91       	pop	r28
    1dc0:	df 91       	pop	r29
    1dc2:	08 95       	ret

00001dc4 <LCD_sendstring>:


void LCD_sendstring(u8 * ptr_data)
{
    1dc4:	df 93       	push	r29
    1dc6:	cf 93       	push	r28
    1dc8:	00 d0       	rcall	.+0      	; 0x1dca <LCD_sendstring+0x6>
    1dca:	0f 92       	push	r0
    1dcc:	cd b7       	in	r28, 0x3d	; 61
    1dce:	de b7       	in	r29, 0x3e	; 62
    1dd0:	9b 83       	std	Y+3, r25	; 0x03
    1dd2:	8a 83       	std	Y+2, r24	; 0x02
	u8 LOC_char=0;
    1dd4:	19 82       	std	Y+1, r1	; 0x01
    1dd6:	0e c0       	rjmp	.+28     	; 0x1df4 <LCD_sendstring+0x30>

	while(ptr_data [LOC_char]!='\0')
	{

		LCD_senddata(ptr_data[LOC_char]);
    1dd8:	89 81       	ldd	r24, Y+1	; 0x01
    1dda:	28 2f       	mov	r18, r24
    1ddc:	30 e0       	ldi	r19, 0x00	; 0
    1dde:	8a 81       	ldd	r24, Y+2	; 0x02
    1de0:	9b 81       	ldd	r25, Y+3	; 0x03
    1de2:	fc 01       	movw	r30, r24
    1de4:	e2 0f       	add	r30, r18
    1de6:	f3 1f       	adc	r31, r19
    1de8:	80 81       	ld	r24, Z
    1dea:	0e 94 51 0e 	call	0x1ca2	; 0x1ca2 <LCD_senddata>
		LOC_char++;
    1dee:	89 81       	ldd	r24, Y+1	; 0x01
    1df0:	8f 5f       	subi	r24, 0xFF	; 255
    1df2:	89 83       	std	Y+1, r24	; 0x01

void LCD_sendstring(u8 * ptr_data)
{
	u8 LOC_char=0;

	while(ptr_data [LOC_char]!='\0')
    1df4:	89 81       	ldd	r24, Y+1	; 0x01
    1df6:	28 2f       	mov	r18, r24
    1df8:	30 e0       	ldi	r19, 0x00	; 0
    1dfa:	8a 81       	ldd	r24, Y+2	; 0x02
    1dfc:	9b 81       	ldd	r25, Y+3	; 0x03
    1dfe:	fc 01       	movw	r30, r24
    1e00:	e2 0f       	add	r30, r18
    1e02:	f3 1f       	adc	r31, r19
    1e04:	80 81       	ld	r24, Z
    1e06:	88 23       	and	r24, r24
    1e08:	39 f7       	brne	.-50     	; 0x1dd8 <LCD_sendstring+0x14>

		LCD_senddata(ptr_data[LOC_char]);
		LOC_char++;
	}
	
}
    1e0a:	0f 90       	pop	r0
    1e0c:	0f 90       	pop	r0
    1e0e:	0f 90       	pop	r0
    1e10:	cf 91       	pop	r28
    1e12:	df 91       	pop	r29
    1e14:	08 95       	ret

00001e16 <LCD_cleardisplay>:
void LCD_cleardisplay(){
    1e16:	df 93       	push	r29
    1e18:	cf 93       	push	r28
    1e1a:	cd b7       	in	r28, 0x3d	; 61
    1e1c:	de b7       	in	r29, 0x3e	; 62
	LCD_sendcommand(LCD_displayclear);
    1e1e:	81 e0       	ldi	r24, 0x01	; 1
    1e20:	0e 94 36 0d 	call	0x1a6c	; 0x1a6c <LCD_sendcommand>

}
    1e24:	cf 91       	pop	r28
    1e26:	df 91       	pop	r29
    1e28:	08 95       	ret

00001e2a <UART_init>:
static u32 BUFFER_SIZE=0;
static  u8* LOC_receive=Null;
static  u32 LOC_Asyn_indexR=0;

void UART_init()
{		u8 LOC_UCSRC=0;
    1e2a:	df 93       	push	r29
    1e2c:	cf 93       	push	r28
    1e2e:	00 d0       	rcall	.+0      	; 0x1e30 <UART_init+0x6>
    1e30:	0f 92       	push	r0
    1e32:	cd b7       	in	r28, 0x3d	; 61
    1e34:	de b7       	in	r29, 0x3e	; 62
    1e36:	1b 82       	std	Y+3, r1	; 0x03

		u16 LOC_BUDRATE=0;
    1e38:	1a 82       	std	Y+2, r1	; 0x02
    1e3a:	19 82       	std	Y+1, r1	; 0x01
#if (UART_Mode==Asynchronous)&&(Trans_Speed ==Trans_1Speed)
	LOC_BUDRATE=(System_Frequancy/(16*Baud))-1;
    1e3c:	87 e6       	ldi	r24, 0x67	; 103
    1e3e:	90 e0       	ldi	r25, 0x00	; 0
    1e40:	9a 83       	std	Y+2, r25	; 0x02
    1e42:	89 83       	std	Y+1, r24	; 0x01
	CLR_BIT(UCSRA,UCSRA_U2X);
    1e44:	ab e2       	ldi	r26, 0x2B	; 43
    1e46:	b0 e0       	ldi	r27, 0x00	; 0
    1e48:	eb e2       	ldi	r30, 0x2B	; 43
    1e4a:	f0 e0       	ldi	r31, 0x00	; 0
    1e4c:	80 81       	ld	r24, Z
    1e4e:	8d 7f       	andi	r24, 0xFD	; 253
    1e50:	8c 93       	st	X, r24
	CLR_BIT(LOC_UCSRC,UCSRC_UMSEL);
    1e52:	8b 81       	ldd	r24, Y+3	; 0x03
    1e54:	8f 7b       	andi	r24, 0xBF	; 191
    1e56:	8b 83       	std	Y+3, r24	; 0x03
#elif (UART_Mode==Synchronous)
	LOC_BUDRATE=(System_Frequancy/(2*Baud))-1;
	
	SET_BIT(LOC_UCSRC,UCSRC_UMSEL);
#endif	
UBRRH=(u8)(LOC_BUDRATE>>8);
    1e58:	e0 e4       	ldi	r30, 0x40	; 64
    1e5a:	f0 e0       	ldi	r31, 0x00	; 0
    1e5c:	89 81       	ldd	r24, Y+1	; 0x01
    1e5e:	9a 81       	ldd	r25, Y+2	; 0x02
    1e60:	89 2f       	mov	r24, r25
    1e62:	99 27       	eor	r25, r25
    1e64:	80 83       	st	Z, r24
UBRRL=(u8)(LOC_BUDRATE);
    1e66:	e9 e2       	ldi	r30, 0x29	; 41
    1e68:	f0 e0       	ldi	r31, 0x00	; 0
    1e6a:	89 81       	ldd	r24, Y+1	; 0x01
    1e6c:	80 83       	st	Z, r24

#if MP_MODE==disable
	CLR_BIT(UCSRA,UCSRA_MPCM);
    1e6e:	ab e2       	ldi	r26, 0x2B	; 43
    1e70:	b0 e0       	ldi	r27, 0x00	; 0
    1e72:	eb e2       	ldi	r30, 0x2B	; 43
    1e74:	f0 e0       	ldi	r31, 0x00	; 0
    1e76:	80 81       	ld	r24, Z
    1e78:	8e 7f       	andi	r24, 0xFE	; 254
    1e7a:	8c 93       	st	X, r24
#elif 	MP_MODE==enable
	SET_BIT(UCSRA,UCSRA_MPCM);
#endif
#if Receive_Complete_INT_Mode==enable	
	SET_BIT(UCSRB,UCSRB_RXCIE);
    1e7c:	aa e2       	ldi	r26, 0x2A	; 42
    1e7e:	b0 e0       	ldi	r27, 0x00	; 0
    1e80:	ea e2       	ldi	r30, 0x2A	; 42
    1e82:	f0 e0       	ldi	r31, 0x00	; 0
    1e84:	80 81       	ld	r24, Z
    1e86:	80 68       	ori	r24, 0x80	; 128
    1e88:	8c 93       	st	X, r24
#elif 	Receive_Complete_INT_Mode==disable	
	CLR_BIT(UCSRB,UCSRB_RXCIE);
#endif

#if Transmit_Complete_INT_Mode==enable
	SET_BIT(UCSRB,UCSRB_TXCIE);	
    1e8a:	aa e2       	ldi	r26, 0x2A	; 42
    1e8c:	b0 e0       	ldi	r27, 0x00	; 0
    1e8e:	ea e2       	ldi	r30, 0x2A	; 42
    1e90:	f0 e0       	ldi	r31, 0x00	; 0
    1e92:	80 81       	ld	r24, Z
    1e94:	80 64       	ori	r24, 0x40	; 64
    1e96:	8c 93       	st	X, r24
#elif 	Transmit_Complete_INT_Mode==disable
	CLR_BIT(UCSRB,UCSRB_TXCIE);
#endif

#if Data_Reg_Empty_INT_Mode==enable
	SET_BIT(UCSRB,UCSRB_UDRIE);
    1e98:	aa e2       	ldi	r26, 0x2A	; 42
    1e9a:	b0 e0       	ldi	r27, 0x00	; 0
    1e9c:	ea e2       	ldi	r30, 0x2A	; 42
    1e9e:	f0 e0       	ldi	r31, 0x00	; 0
    1ea0:	80 81       	ld	r24, Z
    1ea2:	80 62       	ori	r24, 0x20	; 32
    1ea4:	8c 93       	st	X, r24
	CLR_BIT(UCSRB,UCSRB_UDRIE);
#endif	


#if Receiver_Enable==enable
	SET_BIT(UCSRB,UCSRB_RXEN);
    1ea6:	aa e2       	ldi	r26, 0x2A	; 42
    1ea8:	b0 e0       	ldi	r27, 0x00	; 0
    1eaa:	ea e2       	ldi	r30, 0x2A	; 42
    1eac:	f0 e0       	ldi	r31, 0x00	; 0
    1eae:	80 81       	ld	r24, Z
    1eb0:	80 61       	ori	r24, 0x10	; 16
    1eb2:	8c 93       	st	X, r24
#elif Receiver_Enable==disable
	CLR_BIT(UCSRB,UCSRB_RXEN);	
#endif
#if Transmitter_Enable==enable
	SET_BIT(UCSRB,UCSRB_TXEN);
    1eb4:	aa e2       	ldi	r26, 0x2A	; 42
    1eb6:	b0 e0       	ldi	r27, 0x00	; 0
    1eb8:	ea e2       	ldi	r30, 0x2A	; 42
    1eba:	f0 e0       	ldi	r31, 0x00	; 0
    1ebc:	80 81       	ld	r24, Z
    1ebe:	88 60       	ori	r24, 0x08	; 8
    1ec0:	8c 93       	st	X, r24
#elif Transmitter_Enable==disable
	CLR_BIT(UCSRB,UCSRB_TXEN);	
#endif

#if Parity_Mode==disable
	CLR_BIT(LOC_UCSRC,UCSRC_UPM0);
    1ec2:	8b 81       	ldd	r24, Y+3	; 0x03
    1ec4:	8f 7e       	andi	r24, 0xEF	; 239
    1ec6:	8b 83       	std	Y+3, r24	; 0x03
	CLR_BIT(LOC_UCSRC,UCSRC_UPM1);
    1ec8:	8b 81       	ldd	r24, Y+3	; 0x03
    1eca:	8f 7d       	andi	r24, 0xDF	; 223
    1ecc:	8b 83       	std	Y+3, r24	; 0x03
#elif 	Parity_Mode==Parity_enable_odd
		SET_BIT(LOC_UCSRC,UCSRC_UPM0);
		SET_BIT(LOC_UCSRC,UCSRC_UPM1);	
#endif		
#if Stop_Bite_Number==One_Stop_Bit
	CLR_BIT(LOC_UCSRC,UCSRC_USBS);
    1ece:	8b 81       	ldd	r24, Y+3	; 0x03
    1ed0:	87 7f       	andi	r24, 0xF7	; 247
    1ed2:	8b 83       	std	Y+3, r24	; 0x03
#elif 	Data_Bite_Number==Data_7Bite
	CLR_BIT(LOC_UCSRC,UCSRC_UCSZ0);
	SET_BIT(LOC_UCSRC,UCSRC_UCSZ1);	
	CLR_BIT(UCSRB,UCSRB_UCSZ2);
#elif 	Data_Bite_Number==Data_8Bite
	SET_BIT(LOC_UCSRC,UCSRC_UCSZ0);
    1ed4:	8b 81       	ldd	r24, Y+3	; 0x03
    1ed6:	82 60       	ori	r24, 0x02	; 2
    1ed8:	8b 83       	std	Y+3, r24	; 0x03
	SET_BIT(LOC_UCSRC,UCSRC_UCSZ1);	
    1eda:	8b 81       	ldd	r24, Y+3	; 0x03
    1edc:	84 60       	ori	r24, 0x04	; 4
    1ede:	8b 83       	std	Y+3, r24	; 0x03
	CLR_BIT(UCSRB,UCSRB_UCSZ2);	
    1ee0:	aa e2       	ldi	r26, 0x2A	; 42
    1ee2:	b0 e0       	ldi	r27, 0x00	; 0
    1ee4:	ea e2       	ldi	r30, 0x2A	; 42
    1ee6:	f0 e0       	ldi	r31, 0x00	; 0
    1ee8:	80 81       	ld	r24, Z
    1eea:	8b 7f       	andi	r24, 0xFB	; 251
    1eec:	8c 93       	st	X, r24
#elif 	Data_Bite_Number==Data_9Bite
	SET_BIT(LOC_UCSRC,UCSRC_UCSZ0);
	SET_BIT(LOC_UCSRC,UCSRC_UCSZ1);	
	SET_BIT(UCSRB,UCSRB_UCSZ2);
#endif	
SET_BIT(LOC_UCSRC,UBRRH_URSEL);
    1eee:	8b 81       	ldd	r24, Y+3	; 0x03
    1ef0:	80 68       	ori	r24, 0x80	; 128
    1ef2:	8b 83       	std	Y+3, r24	; 0x03
UCSRC=LOC_UCSRC;
    1ef4:	e0 e4       	ldi	r30, 0x40	; 64
    1ef6:	f0 e0       	ldi	r31, 0x00	; 0
    1ef8:	8b 81       	ldd	r24, Y+3	; 0x03
    1efa:	80 83       	st	Z, r24
}
    1efc:	0f 90       	pop	r0
    1efe:	0f 90       	pop	r0
    1f00:	0f 90       	pop	r0
    1f02:	cf 91       	pop	r28
    1f04:	df 91       	pop	r29
    1f06:	08 95       	ret

00001f08 <UART_senddata>:

u8 UART_senddata(u8 copy_data )
{
    1f08:	df 93       	push	r29
    1f0a:	cf 93       	push	r28
    1f0c:	00 d0       	rcall	.+0      	; 0x1f0e <UART_senddata+0x6>
    1f0e:	00 d0       	rcall	.+0      	; 0x1f10 <UART_senddata+0x8>
    1f10:	cd b7       	in	r28, 0x3d	; 61
    1f12:	de b7       	in	r29, 0x3e	; 62
    1f14:	8c 83       	std	Y+4, r24	; 0x04

	u8 LOC_STATE=Ok;
    1f16:	81 e0       	ldi	r24, 0x01	; 1
    1f18:	8b 83       	std	Y+3, r24	; 0x03
	if(UART_STATE==IDLE)
    1f1a:	80 91 80 00 	lds	r24, 0x0080
    1f1e:	81 30       	cpi	r24, 0x01	; 1
    1f20:	a9 f5       	brne	.+106    	; 0x1f8c <UART_senddata+0x84>
	{  UART_STATE=Busy;
    1f22:	85 e0       	ldi	r24, 0x05	; 5
    1f24:	80 93 80 00 	sts	0x0080, r24

		u32 LOC_counter=0;
    1f28:	1a 82       	std	Y+2, r1	; 0x02
    1f2a:	19 82       	std	Y+1, r1	; 0x01
    1f2c:	05 c0       	rjmp	.+10     	; 0x1f38 <UART_senddata+0x30>
		while (((GET_BIT(UCSRA,UCSRA_UDRE))==0)&&(LOC_counter!=TIME_OUT))
		{
			LOC_counter++;
    1f2e:	89 81       	ldd	r24, Y+1	; 0x01
    1f30:	9a 81       	ldd	r25, Y+2	; 0x02
    1f32:	01 96       	adiw	r24, 0x01	; 1
    1f34:	9a 83       	std	Y+2, r25	; 0x02
    1f36:	89 83       	std	Y+1, r24	; 0x01
	u8 LOC_STATE=Ok;
	if(UART_STATE==IDLE)
	{  UART_STATE=Busy;

		u32 LOC_counter=0;
		while (((GET_BIT(UCSRA,UCSRA_UDRE))==0)&&(LOC_counter!=TIME_OUT))
    1f38:	eb e2       	ldi	r30, 0x2B	; 43
    1f3a:	f0 e0       	ldi	r31, 0x00	; 0
    1f3c:	80 81       	ld	r24, Z
    1f3e:	88 2f       	mov	r24, r24
    1f40:	90 e0       	ldi	r25, 0x00	; 0
    1f42:	80 72       	andi	r24, 0x20	; 32
    1f44:	90 70       	andi	r25, 0x00	; 0
    1f46:	95 95       	asr	r25
    1f48:	87 95       	ror	r24
    1f4a:	95 95       	asr	r25
    1f4c:	87 95       	ror	r24
    1f4e:	95 95       	asr	r25
    1f50:	87 95       	ror	r24
    1f52:	95 95       	asr	r25
    1f54:	87 95       	ror	r24
    1f56:	95 95       	asr	r25
    1f58:	87 95       	ror	r24
    1f5a:	00 97       	sbiw	r24, 0x00	; 0
    1f5c:	31 f4       	brne	.+12     	; 0x1f6a <UART_senddata+0x62>
    1f5e:	89 81       	ldd	r24, Y+1	; 0x01
    1f60:	9a 81       	ldd	r25, Y+2	; 0x02
    1f62:	27 e2       	ldi	r18, 0x27	; 39
    1f64:	80 31       	cpi	r24, 0x10	; 16
    1f66:	92 07       	cpc	r25, r18
    1f68:	11 f7       	brne	.-60     	; 0x1f2e <UART_senddata+0x26>
		{
			LOC_counter++;
		}
		if(LOC_counter==TIME_OUT){
    1f6a:	89 81       	ldd	r24, Y+1	; 0x01
    1f6c:	9a 81       	ldd	r25, Y+2	; 0x02
    1f6e:	27 e2       	ldi	r18, 0x27	; 39
    1f70:	80 31       	cpi	r24, 0x10	; 16
    1f72:	92 07       	cpc	r25, r18
    1f74:	19 f4       	brne	.+6      	; 0x1f7c <UART_senddata+0x74>
			LOC_STATE=TIME_OUT_STATE;
    1f76:	82 e0       	ldi	r24, 0x02	; 2
    1f78:	8b 83       	std	Y+3, r24	; 0x03
    1f7a:	04 c0       	rjmp	.+8      	; 0x1f84 <UART_senddata+0x7c>
		}
		else {
			UDR=copy_data;
    1f7c:	ec e2       	ldi	r30, 0x2C	; 44
    1f7e:	f0 e0       	ldi	r31, 0x00	; 0
    1f80:	8c 81       	ldd	r24, Y+4	; 0x04
    1f82:	80 83       	st	Z, r24
		}
		UART_STATE=IDLE;
    1f84:	81 e0       	ldi	r24, 0x01	; 1
    1f86:	80 93 80 00 	sts	0x0080, r24
    1f8a:	02 c0       	rjmp	.+4      	; 0x1f90 <UART_senddata+0x88>
		
	}
	else
		{
			LOC_STATE=Busy;
    1f8c:	85 e0       	ldi	r24, 0x05	; 5
    1f8e:	8b 83       	std	Y+3, r24	; 0x03
		}
	return LOC_STATE;
    1f90:	8b 81       	ldd	r24, Y+3	; 0x03
	
}
    1f92:	0f 90       	pop	r0
    1f94:	0f 90       	pop	r0
    1f96:	0f 90       	pop	r0
    1f98:	0f 90       	pop	r0
    1f9a:	cf 91       	pop	r28
    1f9c:	df 91       	pop	r29
    1f9e:	08 95       	ret

00001fa0 <UART_receivedata>:

u8 UART_receivedata(u8* copy_recevieddata)
{	
    1fa0:	df 93       	push	r29
    1fa2:	cf 93       	push	r28
    1fa4:	00 d0       	rcall	.+0      	; 0x1fa6 <UART_receivedata+0x6>
    1fa6:	00 d0       	rcall	.+0      	; 0x1fa8 <UART_receivedata+0x8>
    1fa8:	0f 92       	push	r0
    1faa:	cd b7       	in	r28, 0x3d	; 61
    1fac:	de b7       	in	r29, 0x3e	; 62
    1fae:	9d 83       	std	Y+5, r25	; 0x05
    1fb0:	8c 83       	std	Y+4, r24	; 0x04
	u32 LOC_counter=0;
    1fb2:	1b 82       	std	Y+3, r1	; 0x03
    1fb4:	1a 82       	std	Y+2, r1	; 0x02
	u8 LOC_STATE=Ok;
    1fb6:	81 e0       	ldi	r24, 0x01	; 1
    1fb8:	89 83       	std	Y+1, r24	; 0x01
	if(copy_recevieddata!=Null){
    1fba:	8c 81       	ldd	r24, Y+4	; 0x04
    1fbc:	9d 81       	ldd	r25, Y+5	; 0x05
    1fbe:	00 97       	sbiw	r24, 0x00	; 0
    1fc0:	99 f1       	breq	.+102    	; 0x2028 <UART_receivedata+0x88>
	if(UART_STATE==IDLE)
    1fc2:	80 91 80 00 	lds	r24, 0x0080
    1fc6:	81 30       	cpi	r24, 0x01	; 1
    1fc8:	69 f5       	brne	.+90     	; 0x2024 <UART_receivedata+0x84>
	{
		UART_STATE=Busy;
    1fca:	85 e0       	ldi	r24, 0x05	; 5
    1fcc:	80 93 80 00 	sts	0x0080, r24
    1fd0:	05 c0       	rjmp	.+10     	; 0x1fdc <UART_receivedata+0x3c>
		while (((GET_BIT(UCSRA,UCSRA_RXC))==0)&&(LOC_counter<TIME_OUT))
		{
			LOC_counter++;
    1fd2:	8a 81       	ldd	r24, Y+2	; 0x02
    1fd4:	9b 81       	ldd	r25, Y+3	; 0x03
    1fd6:	01 96       	adiw	r24, 0x01	; 1
    1fd8:	9b 83       	std	Y+3, r25	; 0x03
    1fda:	8a 83       	std	Y+2, r24	; 0x02
	u8 LOC_STATE=Ok;
	if(copy_recevieddata!=Null){
	if(UART_STATE==IDLE)
	{
		UART_STATE=Busy;
		while (((GET_BIT(UCSRA,UCSRA_RXC))==0)&&(LOC_counter<TIME_OUT))
    1fdc:	eb e2       	ldi	r30, 0x2B	; 43
    1fde:	f0 e0       	ldi	r31, 0x00	; 0
    1fe0:	80 81       	ld	r24, Z
    1fe2:	88 1f       	adc	r24, r24
    1fe4:	88 27       	eor	r24, r24
    1fe6:	88 1f       	adc	r24, r24
    1fe8:	88 2f       	mov	r24, r24
    1fea:	90 e0       	ldi	r25, 0x00	; 0
    1fec:	90 70       	andi	r25, 0x00	; 0
    1fee:	00 97       	sbiw	r24, 0x00	; 0
    1ff0:	31 f4       	brne	.+12     	; 0x1ffe <UART_receivedata+0x5e>
    1ff2:	8a 81       	ldd	r24, Y+2	; 0x02
    1ff4:	9b 81       	ldd	r25, Y+3	; 0x03
    1ff6:	27 e2       	ldi	r18, 0x27	; 39
    1ff8:	80 31       	cpi	r24, 0x10	; 16
    1ffa:	92 07       	cpc	r25, r18
    1ffc:	50 f3       	brcs	.-44     	; 0x1fd2 <UART_receivedata+0x32>
		{
			LOC_counter++;
		}
		if(LOC_counter==TIME_OUT)
    1ffe:	8a 81       	ldd	r24, Y+2	; 0x02
    2000:	9b 81       	ldd	r25, Y+3	; 0x03
    2002:	27 e2       	ldi	r18, 0x27	; 39
    2004:	80 31       	cpi	r24, 0x10	; 16
    2006:	92 07       	cpc	r25, r18
    2008:	19 f4       	brne	.+6      	; 0x2010 <UART_receivedata+0x70>
		{
			LOC_STATE=TIME_OUT_STATE;
    200a:	82 e0       	ldi	r24, 0x02	; 2
    200c:	89 83       	std	Y+1, r24	; 0x01
    200e:	06 c0       	rjmp	.+12     	; 0x201c <UART_receivedata+0x7c>
		}
		else 
		{
			*copy_recevieddata=UDR;
    2010:	ec e2       	ldi	r30, 0x2C	; 44
    2012:	f0 e0       	ldi	r31, 0x00	; 0
    2014:	80 81       	ld	r24, Z
    2016:	ec 81       	ldd	r30, Y+4	; 0x04
    2018:	fd 81       	ldd	r31, Y+5	; 0x05
    201a:	80 83       	st	Z, r24
		}
		UART_STATE=IDLE;
    201c:	81 e0       	ldi	r24, 0x01	; 1
    201e:	80 93 80 00 	sts	0x0080, r24
    2022:	03 c0       	rjmp	.+6      	; 0x202a <UART_receivedata+0x8a>
	}
	else LOC_STATE=Nok;
    2024:	19 82       	std	Y+1, r1	; 0x01
    2026:	01 c0       	rjmp	.+2      	; 0x202a <UART_receivedata+0x8a>
}
else 
{
	LOC_STATE=Nok;
    2028:	19 82       	std	Y+1, r1	; 0x01
}
	return LOC_STATE;
    202a:	89 81       	ldd	r24, Y+1	; 0x01
}
    202c:	0f 90       	pop	r0
    202e:	0f 90       	pop	r0
    2030:	0f 90       	pop	r0
    2032:	0f 90       	pop	r0
    2034:	0f 90       	pop	r0
    2036:	cf 91       	pop	r28
    2038:	df 91       	pop	r29
    203a:	08 95       	ret

0000203c <UART_senddata_syn>:

u8 UART_senddata_syn(const u8* copy_string)
{
    203c:	df 93       	push	r29
    203e:	cf 93       	push	r28
    2040:	00 d0       	rcall	.+0      	; 0x2042 <UART_senddata_syn+0x6>
    2042:	00 d0       	rcall	.+0      	; 0x2044 <UART_senddata_syn+0x8>
    2044:	0f 92       	push	r0
    2046:	cd b7       	in	r28, 0x3d	; 61
    2048:	de b7       	in	r29, 0x3e	; 62
    204a:	9c 83       	std	Y+4, r25	; 0x04
    204c:	8b 83       	std	Y+3, r24	; 0x03
	u8 LOC_STATE=Ok;
    204e:	81 e0       	ldi	r24, 0x01	; 1
    2050:	8a 83       	std	Y+2, r24	; 0x02
	u8 LOC_INDEX=0;
    2052:	19 82       	std	Y+1, r1	; 0x01
	if(copy_string!=Null)
    2054:	8b 81       	ldd	r24, Y+3	; 0x03
    2056:	9c 81       	ldd	r25, Y+4	; 0x04
    2058:	00 97       	sbiw	r24, 0x00	; 0
    205a:	11 f1       	breq	.+68     	; 0x20a0 <UART_senddata_syn+0x64>
    205c:	15 c0       	rjmp	.+42     	; 0x2088 <UART_senddata_syn+0x4c>
		
		
			
			while (copy_string[LOC_INDEX]!='\0')
			{
				LOC_STATE=UART_senddata(copy_string[LOC_INDEX]);
    205e:	89 81       	ldd	r24, Y+1	; 0x01
    2060:	28 2f       	mov	r18, r24
    2062:	30 e0       	ldi	r19, 0x00	; 0
    2064:	8b 81       	ldd	r24, Y+3	; 0x03
    2066:	9c 81       	ldd	r25, Y+4	; 0x04
    2068:	fc 01       	movw	r30, r24
    206a:	e2 0f       	add	r30, r18
    206c:	f3 1f       	adc	r31, r19
    206e:	80 81       	ld	r24, Z
    2070:	0e 94 84 0f 	call	0x1f08	; 0x1f08 <UART_senddata>
    2074:	8a 83       	std	Y+2, r24	; 0x02
				LOC_INDEX++;
    2076:	89 81       	ldd	r24, Y+1	; 0x01
    2078:	8f 5f       	subi	r24, 0xFF	; 255
    207a:	89 83       	std	Y+1, r24	; 0x01
				if(LOC_STATE!=Ok)
    207c:	8a 81       	ldd	r24, Y+2	; 0x02
    207e:	81 30       	cpi	r24, 0x01	; 1
    2080:	19 f0       	breq	.+6      	; 0x2088 <UART_senddata_syn+0x4c>
				{
					return LOC_STATE;
    2082:	8a 81       	ldd	r24, Y+2	; 0x02
    2084:	8d 83       	std	Y+5, r24	; 0x05
    2086:	0f c0       	rjmp	.+30     	; 0x20a6 <UART_senddata_syn+0x6a>
	if(copy_string!=Null)
	{
		
		
			
			while (copy_string[LOC_INDEX]!='\0')
    2088:	89 81       	ldd	r24, Y+1	; 0x01
    208a:	28 2f       	mov	r18, r24
    208c:	30 e0       	ldi	r19, 0x00	; 0
    208e:	8b 81       	ldd	r24, Y+3	; 0x03
    2090:	9c 81       	ldd	r25, Y+4	; 0x04
    2092:	fc 01       	movw	r30, r24
    2094:	e2 0f       	add	r30, r18
    2096:	f3 1f       	adc	r31, r19
    2098:	80 81       	ld	r24, Z
    209a:	88 23       	and	r24, r24
    209c:	01 f7       	brne	.-64     	; 0x205e <UART_senddata_syn+0x22>
    209e:	01 c0       	rjmp	.+2      	; 0x20a2 <UART_senddata_syn+0x66>
			}
			
    }
	else 
	{
		LOC_STATE=Nok;
    20a0:	1a 82       	std	Y+2, r1	; 0x02
	}
return LOC_STATE;	
    20a2:	8a 81       	ldd	r24, Y+2	; 0x02
    20a4:	8d 83       	std	Y+5, r24	; 0x05
    20a6:	8d 81       	ldd	r24, Y+5	; 0x05
}
    20a8:	0f 90       	pop	r0
    20aa:	0f 90       	pop	r0
    20ac:	0f 90       	pop	r0
    20ae:	0f 90       	pop	r0
    20b0:	0f 90       	pop	r0
    20b2:	cf 91       	pop	r28
    20b4:	df 91       	pop	r29
    20b6:	08 95       	ret

000020b8 <UART_senddata_asyn>:


u8 UART_senddata_asyn(const u8* copy_string,void (*copy_notification)())
{
    20b8:	df 93       	push	r29
    20ba:	cf 93       	push	r28
    20bc:	00 d0       	rcall	.+0      	; 0x20be <UART_senddata_asyn+0x6>
    20be:	00 d0       	rcall	.+0      	; 0x20c0 <UART_senddata_asyn+0x8>
    20c0:	0f 92       	push	r0
    20c2:	cd b7       	in	r28, 0x3d	; 61
    20c4:	de b7       	in	r29, 0x3e	; 62
    20c6:	9b 83       	std	Y+3, r25	; 0x03
    20c8:	8a 83       	std	Y+2, r24	; 0x02
    20ca:	7d 83       	std	Y+5, r23	; 0x05
    20cc:	6c 83       	std	Y+4, r22	; 0x04
	u8 LOC_STATE=Ok;
    20ce:	81 e0       	ldi	r24, 0x01	; 1
    20d0:	89 83       	std	Y+1, r24	; 0x01
	if(copy_string!=Null||copy_notification!=Null)
    20d2:	8a 81       	ldd	r24, Y+2	; 0x02
    20d4:	9b 81       	ldd	r25, Y+3	; 0x03
    20d6:	00 97       	sbiw	r24, 0x00	; 0
    20d8:	21 f4       	brne	.+8      	; 0x20e2 <UART_senddata_asyn+0x2a>
    20da:	8c 81       	ldd	r24, Y+4	; 0x04
    20dc:	9d 81       	ldd	r25, Y+5	; 0x05
    20de:	00 97       	sbiw	r24, 0x00	; 0
    20e0:	79 f1       	breq	.+94     	; 0x2140 <UART_senddata_asyn+0x88>
	{ 
		if(UART_STATE==IDLE){
    20e2:	80 91 80 00 	lds	r24, 0x0080
    20e6:	81 30       	cpi	r24, 0x01	; 1
    20e8:	49 f5       	brne	.+82     	; 0x213c <UART_senddata_asyn+0x84>
		UART_STATE=Busy;
    20ea:	85 e0       	ldi	r24, 0x05	; 5
    20ec:	80 93 80 00 	sts	0x0080, r24
		LOC_Asyn_send=copy_string;
    20f0:	8a 81       	ldd	r24, Y+2	; 0x02
    20f2:	9b 81       	ldd	r25, Y+3	; 0x03
    20f4:	90 93 83 00 	sts	0x0083, r25
    20f8:	80 93 82 00 	sts	0x0082, r24
		notification_func=copy_notification;
    20fc:	8c 81       	ldd	r24, Y+4	; 0x04
    20fe:	9d 81       	ldd	r25, Y+5	; 0x05
    2100:	90 93 86 00 	sts	0x0086, r25
    2104:	80 93 85 00 	sts	0x0085, r24
		ISR_state=1;
    2108:	81 e0       	ldi	r24, 0x01	; 1
    210a:	80 93 87 00 	sts	0x0087, r24
		UDR=LOC_Asyn_send[LOC_Asyn_index];
    210e:	ac e2       	ldi	r26, 0x2C	; 44
    2110:	b0 e0       	ldi	r27, 0x00	; 0
    2112:	20 91 82 00 	lds	r18, 0x0082
    2116:	30 91 83 00 	lds	r19, 0x0083
    211a:	80 91 84 00 	lds	r24, 0x0084
    211e:	88 2f       	mov	r24, r24
    2120:	90 e0       	ldi	r25, 0x00	; 0
    2122:	f9 01       	movw	r30, r18
    2124:	e8 0f       	add	r30, r24
    2126:	f9 1f       	adc	r31, r25
    2128:	80 81       	ld	r24, Z
    212a:	8c 93       	st	X, r24
		SET_BIT(UCSRB , UCSRB_TXCIE) ;
    212c:	aa e2       	ldi	r26, 0x2A	; 42
    212e:	b0 e0       	ldi	r27, 0x00	; 0
    2130:	ea e2       	ldi	r30, 0x2A	; 42
    2132:	f0 e0       	ldi	r31, 0x00	; 0
    2134:	80 81       	ld	r24, Z
    2136:	80 64       	ori	r24, 0x40	; 64
    2138:	8c 93       	st	X, r24
    213a:	03 c0       	rjmp	.+6      	; 0x2142 <UART_senddata_asyn+0x8a>
	}
	else LOC_STATE=Nok;
    213c:	19 82       	std	Y+1, r1	; 0x01
    213e:	01 c0       	rjmp	.+2      	; 0x2142 <UART_senddata_asyn+0x8a>
	}
	else LOC_STATE=Nok;
    2140:	19 82       	std	Y+1, r1	; 0x01
	return LOC_STATE;
    2142:	89 81       	ldd	r24, Y+1	; 0x01
}
    2144:	0f 90       	pop	r0
    2146:	0f 90       	pop	r0
    2148:	0f 90       	pop	r0
    214a:	0f 90       	pop	r0
    214c:	0f 90       	pop	r0
    214e:	cf 91       	pop	r28
    2150:	df 91       	pop	r29
    2152:	08 95       	ret

00002154 <UART_receivedata_syn>:



u8 UART_receivedata_syn( u8* copy_string,u32 copy_size)
{	
    2154:	df 93       	push	r29
    2156:	cf 93       	push	r28
    2158:	cd b7       	in	r28, 0x3d	; 61
    215a:	de b7       	in	r29, 0x3e	; 62
    215c:	28 97       	sbiw	r28, 0x08	; 8
    215e:	0f b6       	in	r0, 0x3f	; 63
    2160:	f8 94       	cli
    2162:	de bf       	out	0x3e, r29	; 62
    2164:	0f be       	out	0x3f, r0	; 63
    2166:	cd bf       	out	0x3d, r28	; 61
    2168:	9d 83       	std	Y+5, r25	; 0x05
    216a:	8c 83       	std	Y+4, r24	; 0x04
    216c:	7f 83       	std	Y+7, r23	; 0x07
    216e:	6e 83       	std	Y+6, r22	; 0x06
	u8 LOC_STATE=Ok;
    2170:	81 e0       	ldi	r24, 0x01	; 1
    2172:	8b 83       	std	Y+3, r24	; 0x03
	u32 LOC_index=0;
    2174:	1a 82       	std	Y+2, r1	; 0x02
    2176:	19 82       	std	Y+1, r1	; 0x01
	if(copy_size!=0)
    2178:	8e 81       	ldd	r24, Y+6	; 0x06
    217a:	9f 81       	ldd	r25, Y+7	; 0x07
    217c:	00 97       	sbiw	r24, 0x00	; 0
    217e:	e9 f0       	breq	.+58     	; 0x21ba <UART_receivedata_syn+0x66>
    2180:	14 c0       	rjmp	.+40     	; 0x21aa <UART_receivedata_syn+0x56>
	{
		
			
			while (LOC_index<copy_size)
			{
				LOC_STATE=UART_receivedata(&copy_string[LOC_index]);
    2182:	2c 81       	ldd	r18, Y+4	; 0x04
    2184:	3d 81       	ldd	r19, Y+5	; 0x05
    2186:	89 81       	ldd	r24, Y+1	; 0x01
    2188:	9a 81       	ldd	r25, Y+2	; 0x02
    218a:	82 0f       	add	r24, r18
    218c:	93 1f       	adc	r25, r19
    218e:	0e 94 d0 0f 	call	0x1fa0	; 0x1fa0 <UART_receivedata>
    2192:	8b 83       	std	Y+3, r24	; 0x03
				if(LOC_STATE==Nok)
    2194:	8b 81       	ldd	r24, Y+3	; 0x03
    2196:	88 23       	and	r24, r24
    2198:	19 f4       	brne	.+6      	; 0x21a0 <UART_receivedata_syn+0x4c>
				{
					return LOC_STATE;
    219a:	8b 81       	ldd	r24, Y+3	; 0x03
    219c:	88 87       	std	Y+8, r24	; 0x08
    219e:	10 c0       	rjmp	.+32     	; 0x21c0 <UART_receivedata_syn+0x6c>
				}
				else 
				{
					LOC_index++;
    21a0:	89 81       	ldd	r24, Y+1	; 0x01
    21a2:	9a 81       	ldd	r25, Y+2	; 0x02
    21a4:	01 96       	adiw	r24, 0x01	; 1
    21a6:	9a 83       	std	Y+2, r25	; 0x02
    21a8:	89 83       	std	Y+1, r24	; 0x01
	u32 LOC_index=0;
	if(copy_size!=0)
	{
		
			
			while (LOC_index<copy_size)
    21aa:	29 81       	ldd	r18, Y+1	; 0x01
    21ac:	3a 81       	ldd	r19, Y+2	; 0x02
    21ae:	8e 81       	ldd	r24, Y+6	; 0x06
    21b0:	9f 81       	ldd	r25, Y+7	; 0x07
    21b2:	28 17       	cp	r18, r24
    21b4:	39 07       	cpc	r19, r25
    21b6:	28 f3       	brcs	.-54     	; 0x2182 <UART_receivedata_syn+0x2e>
    21b8:	01 c0       	rjmp	.+2      	; 0x21bc <UART_receivedata_syn+0x68>
					LOC_index++;
				}
			}
		
	}
	else LOC_STATE=Nok;
    21ba:	1b 82       	std	Y+3, r1	; 0x03
	return LOC_STATE;
    21bc:	8b 81       	ldd	r24, Y+3	; 0x03
    21be:	88 87       	std	Y+8, r24	; 0x08
    21c0:	88 85       	ldd	r24, Y+8	; 0x08
}
    21c2:	28 96       	adiw	r28, 0x08	; 8
    21c4:	0f b6       	in	r0, 0x3f	; 63
    21c6:	f8 94       	cli
    21c8:	de bf       	out	0x3e, r29	; 62
    21ca:	0f be       	out	0x3f, r0	; 63
    21cc:	cd bf       	out	0x3d, r28	; 61
    21ce:	cf 91       	pop	r28
    21d0:	df 91       	pop	r29
    21d2:	08 95       	ret

000021d4 <UART_receivedata_asyn>:
u8 UART_receivedata_asyn( u8* copy_string,u32 copy_size,void (*copy_notification)())
{
    21d4:	df 93       	push	r29
    21d6:	cf 93       	push	r28
    21d8:	cd b7       	in	r28, 0x3d	; 61
    21da:	de b7       	in	r29, 0x3e	; 62
    21dc:	27 97       	sbiw	r28, 0x07	; 7
    21de:	0f b6       	in	r0, 0x3f	; 63
    21e0:	f8 94       	cli
    21e2:	de bf       	out	0x3e, r29	; 62
    21e4:	0f be       	out	0x3f, r0	; 63
    21e6:	cd bf       	out	0x3d, r28	; 61
    21e8:	9b 83       	std	Y+3, r25	; 0x03
    21ea:	8a 83       	std	Y+2, r24	; 0x02
    21ec:	7d 83       	std	Y+5, r23	; 0x05
    21ee:	6c 83       	std	Y+4, r22	; 0x04
    21f0:	5f 83       	std	Y+7, r21	; 0x07
    21f2:	4e 83       	std	Y+6, r20	; 0x06
	u8 LOC_STATE=Ok;
    21f4:	81 e0       	ldi	r24, 0x01	; 1
    21f6:	89 83       	std	Y+1, r24	; 0x01
	ISR_state=1;
    21f8:	81 e0       	ldi	r24, 0x01	; 1
    21fa:	80 93 87 00 	sts	0x0087, r24
	if(copy_string!=0||copy_notification!=0)
    21fe:	8a 81       	ldd	r24, Y+2	; 0x02
    2200:	9b 81       	ldd	r25, Y+3	; 0x03
    2202:	00 97       	sbiw	r24, 0x00	; 0
    2204:	21 f4       	brne	.+8      	; 0x220e <UART_receivedata_asyn+0x3a>
    2206:	8e 81       	ldd	r24, Y+6	; 0x06
    2208:	9f 81       	ldd	r25, Y+7	; 0x07
    220a:	00 97       	sbiw	r24, 0x00	; 0
    220c:	39 f1       	breq	.+78     	; 0x225c <UART_receivedata_asyn+0x88>
	{
		if(UART_STATE==IDLE)
    220e:	80 91 80 00 	lds	r24, 0x0080
    2212:	81 30       	cpi	r24, 0x01	; 1
    2214:	09 f5       	brne	.+66     	; 0x2258 <UART_receivedata_asyn+0x84>
		{
			UART_STATE=Busy;
    2216:	85 e0       	ldi	r24, 0x05	; 5
    2218:	80 93 80 00 	sts	0x0080, r24
			LOC_receive=copy_string;
    221c:	8a 81       	ldd	r24, Y+2	; 0x02
    221e:	9b 81       	ldd	r25, Y+3	; 0x03
    2220:	90 93 8b 00 	sts	0x008B, r25
    2224:	80 93 8a 00 	sts	0x008A, r24
			BUFFER_SIZE=copy_size;
    2228:	8c 81       	ldd	r24, Y+4	; 0x04
    222a:	9d 81       	ldd	r25, Y+5	; 0x05
    222c:	90 93 89 00 	sts	0x0089, r25
    2230:	80 93 88 00 	sts	0x0088, r24
			notification_func=copy_notification;
    2234:	8e 81       	ldd	r24, Y+6	; 0x06
    2236:	9f 81       	ldd	r25, Y+7	; 0x07
    2238:	90 93 86 00 	sts	0x0086, r25
    223c:	80 93 85 00 	sts	0x0085, r24
			LOC_Asyn_indexR=0;
    2240:	10 92 8d 00 	sts	0x008D, r1
    2244:	10 92 8c 00 	sts	0x008C, r1
			SET_BIT(UCSRB,UCSRB_RXCIE) ;
    2248:	aa e2       	ldi	r26, 0x2A	; 42
    224a:	b0 e0       	ldi	r27, 0x00	; 0
    224c:	ea e2       	ldi	r30, 0x2A	; 42
    224e:	f0 e0       	ldi	r31, 0x00	; 0
    2250:	80 81       	ld	r24, Z
    2252:	80 68       	ori	r24, 0x80	; 128
    2254:	8c 93       	st	X, r24
    2256:	03 c0       	rjmp	.+6      	; 0x225e <UART_receivedata_asyn+0x8a>
		}
		else LOC_STATE=Nok;
    2258:	19 82       	std	Y+1, r1	; 0x01
    225a:	01 c0       	rjmp	.+2      	; 0x225e <UART_receivedata_asyn+0x8a>
		
	}
	else LOC_STATE=Nok;
    225c:	19 82       	std	Y+1, r1	; 0x01
	return LOC_STATE;
    225e:	89 81       	ldd	r24, Y+1	; 0x01
}
    2260:	27 96       	adiw	r28, 0x07	; 7
    2262:	0f b6       	in	r0, 0x3f	; 63
    2264:	f8 94       	cli
    2266:	de bf       	out	0x3e, r29	; 62
    2268:	0f be       	out	0x3f, r0	; 63
    226a:	cd bf       	out	0x3d, r28	; 61
    226c:	cf 91       	pop	r28
    226e:	df 91       	pop	r29
    2270:	08 95       	ret

00002272 <__vector_13>:

void __vector_13 (void)		__attribute__ ((signal)) ;
void __vector_13 (void)
{
    2272:	1f 92       	push	r1
    2274:	0f 92       	push	r0
    2276:	0f b6       	in	r0, 0x3f	; 63
    2278:	0f 92       	push	r0
    227a:	11 24       	eor	r1, r1
    227c:	2f 93       	push	r18
    227e:	3f 93       	push	r19
    2280:	4f 93       	push	r20
    2282:	5f 93       	push	r21
    2284:	6f 93       	push	r22
    2286:	7f 93       	push	r23
    2288:	8f 93       	push	r24
    228a:	9f 93       	push	r25
    228c:	af 93       	push	r26
    228e:	bf 93       	push	r27
    2290:	ef 93       	push	r30
    2292:	ff 93       	push	r31
    2294:	df 93       	push	r29
    2296:	cf 93       	push	r28
    2298:	cd b7       	in	r28, 0x3d	; 61
    229a:	de b7       	in	r29, 0x3e	; 62
	if(ISR_state==1)
    229c:	80 91 87 00 	lds	r24, 0x0087
    22a0:	81 30       	cpi	r24, 0x01	; 1
    22a2:	91 f5       	brne	.+100    	; 0x2308 <__vector_13+0x96>
	{
		LOC_receive[LOC_Asyn_indexR]=UDR;
    22a4:	20 91 8a 00 	lds	r18, 0x008A
    22a8:	30 91 8b 00 	lds	r19, 0x008B
    22ac:	80 91 8c 00 	lds	r24, 0x008C
    22b0:	90 91 8d 00 	lds	r25, 0x008D
    22b4:	d9 01       	movw	r26, r18
    22b6:	a8 0f       	add	r26, r24
    22b8:	b9 1f       	adc	r27, r25
    22ba:	ec e2       	ldi	r30, 0x2C	; 44
    22bc:	f0 e0       	ldi	r31, 0x00	; 0
    22be:	80 81       	ld	r24, Z
    22c0:	8c 93       	st	X, r24
		LOC_Asyn_index++;
    22c2:	80 91 84 00 	lds	r24, 0x0084
    22c6:	8f 5f       	subi	r24, 0xFF	; 255
    22c8:	80 93 84 00 	sts	0x0084, r24

		if(LOC_Asyn_index==BUFFER_SIZE)
    22cc:	80 91 84 00 	lds	r24, 0x0084
    22d0:	28 2f       	mov	r18, r24
    22d2:	30 e0       	ldi	r19, 0x00	; 0
    22d4:	80 91 88 00 	lds	r24, 0x0088
    22d8:	90 91 89 00 	lds	r25, 0x0089
    22dc:	28 17       	cp	r18, r24
    22de:	39 07       	cpc	r19, r25
    22e0:	99 f4       	brne	.+38     	; 0x2308 <__vector_13+0x96>
		{
			LOC_Asyn_indexR=0;
    22e2:	10 92 8d 00 	sts	0x008D, r1
    22e6:	10 92 8c 00 	sts	0x008C, r1
			notification_func();
    22ea:	e0 91 85 00 	lds	r30, 0x0085
    22ee:	f0 91 86 00 	lds	r31, 0x0086
    22f2:	09 95       	icall
			UART_STATE=IDLE;
    22f4:	81 e0       	ldi	r24, 0x01	; 1
    22f6:	80 93 80 00 	sts	0x0080, r24
			CLR_BIT(UCSRB , UCSRB_RXCIE) ;
    22fa:	aa e2       	ldi	r26, 0x2A	; 42
    22fc:	b0 e0       	ldi	r27, 0x00	; 0
    22fe:	ea e2       	ldi	r30, 0x2A	; 42
    2300:	f0 e0       	ldi	r31, 0x00	; 0
    2302:	80 81       	ld	r24, Z
    2304:	8f 77       	andi	r24, 0x7F	; 127
    2306:	8c 93       	st	X, r24
		else 
		{
			
		}
	}
}
    2308:	cf 91       	pop	r28
    230a:	df 91       	pop	r29
    230c:	ff 91       	pop	r31
    230e:	ef 91       	pop	r30
    2310:	bf 91       	pop	r27
    2312:	af 91       	pop	r26
    2314:	9f 91       	pop	r25
    2316:	8f 91       	pop	r24
    2318:	7f 91       	pop	r23
    231a:	6f 91       	pop	r22
    231c:	5f 91       	pop	r21
    231e:	4f 91       	pop	r20
    2320:	3f 91       	pop	r19
    2322:	2f 91       	pop	r18
    2324:	0f 90       	pop	r0
    2326:	0f be       	out	0x3f, r0	; 63
    2328:	0f 90       	pop	r0
    232a:	1f 90       	pop	r1
    232c:	18 95       	reti

0000232e <__vector_15>:

void __vector_15 (void)		__attribute__ ((signal)) ;
void __vector_15 (void)
{
    232e:	1f 92       	push	r1
    2330:	0f 92       	push	r0
    2332:	0f b6       	in	r0, 0x3f	; 63
    2334:	0f 92       	push	r0
    2336:	11 24       	eor	r1, r1
    2338:	2f 93       	push	r18
    233a:	3f 93       	push	r19
    233c:	4f 93       	push	r20
    233e:	5f 93       	push	r21
    2340:	6f 93       	push	r22
    2342:	7f 93       	push	r23
    2344:	8f 93       	push	r24
    2346:	9f 93       	push	r25
    2348:	af 93       	push	r26
    234a:	bf 93       	push	r27
    234c:	ef 93       	push	r30
    234e:	ff 93       	push	r31
    2350:	df 93       	push	r29
    2352:	cf 93       	push	r28
    2354:	cd b7       	in	r28, 0x3d	; 61
    2356:	de b7       	in	r29, 0x3e	; 62
	if(ISR_state==1){
    2358:	80 91 87 00 	lds	r24, 0x0087
    235c:	81 30       	cpi	r24, 0x01	; 1
    235e:	a1 f5       	brne	.+104    	; 0x23c8 <__vector_15+0x9a>
	LOC_Asyn_index++;
    2360:	80 91 84 00 	lds	r24, 0x0084
    2364:	8f 5f       	subi	r24, 0xFF	; 255
    2366:	80 93 84 00 	sts	0x0084, r24
	if(LOC_Asyn_send[LOC_Asyn_index]!='\0')
    236a:	20 91 82 00 	lds	r18, 0x0082
    236e:	30 91 83 00 	lds	r19, 0x0083
    2372:	80 91 84 00 	lds	r24, 0x0084
    2376:	88 2f       	mov	r24, r24
    2378:	90 e0       	ldi	r25, 0x00	; 0
    237a:	f9 01       	movw	r30, r18
    237c:	e8 0f       	add	r30, r24
    237e:	f9 1f       	adc	r31, r25
    2380:	80 81       	ld	r24, Z
    2382:	88 23       	and	r24, r24
    2384:	81 f0       	breq	.+32     	; 0x23a6 <__vector_15+0x78>
	{   
		UDR=LOC_Asyn_send[LOC_Asyn_index];
    2386:	ac e2       	ldi	r26, 0x2C	; 44
    2388:	b0 e0       	ldi	r27, 0x00	; 0
    238a:	20 91 82 00 	lds	r18, 0x0082
    238e:	30 91 83 00 	lds	r19, 0x0083
    2392:	80 91 84 00 	lds	r24, 0x0084
    2396:	88 2f       	mov	r24, r24
    2398:	90 e0       	ldi	r25, 0x00	; 0
    239a:	f9 01       	movw	r30, r18
    239c:	e8 0f       	add	r30, r24
    239e:	f9 1f       	adc	r31, r25
    23a0:	80 81       	ld	r24, Z
    23a2:	8c 93       	st	X, r24
    23a4:	11 c0       	rjmp	.+34     	; 0x23c8 <__vector_15+0x9a>
		
	}
	else {
	LOC_Asyn_index=0;
    23a6:	10 92 84 00 	sts	0x0084, r1
	notification_func();
    23aa:	e0 91 85 00 	lds	r30, 0x0085
    23ae:	f0 91 86 00 	lds	r31, 0x0086
    23b2:	09 95       	icall
	UART_STATE=IDLE;
    23b4:	81 e0       	ldi	r24, 0x01	; 1
    23b6:	80 93 80 00 	sts	0x0080, r24
	CLR_BIT(UCSRB , UCSRB_TXCIE) ;
    23ba:	aa e2       	ldi	r26, 0x2A	; 42
    23bc:	b0 e0       	ldi	r27, 0x00	; 0
    23be:	ea e2       	ldi	r30, 0x2A	; 42
    23c0:	f0 e0       	ldi	r31, 0x00	; 0
    23c2:	80 81       	ld	r24, Z
    23c4:	8f 7b       	andi	r24, 0xBF	; 191
    23c6:	8c 93       	st	X, r24
	}
	else
	{
		
	}
}
    23c8:	cf 91       	pop	r28
    23ca:	df 91       	pop	r29
    23cc:	ff 91       	pop	r31
    23ce:	ef 91       	pop	r30
    23d0:	bf 91       	pop	r27
    23d2:	af 91       	pop	r26
    23d4:	9f 91       	pop	r25
    23d6:	8f 91       	pop	r24
    23d8:	7f 91       	pop	r23
    23da:	6f 91       	pop	r22
    23dc:	5f 91       	pop	r21
    23de:	4f 91       	pop	r20
    23e0:	3f 91       	pop	r19
    23e2:	2f 91       	pop	r18
    23e4:	0f 90       	pop	r0
    23e6:	0f be       	out	0x3f, r0	; 63
    23e8:	0f 90       	pop	r0
    23ea:	1f 90       	pop	r1
    23ec:	18 95       	reti

000023ee <init>:
#include "GIE_interface.h"
#include <util/delay.h>


void init()
{
    23ee:	df 93       	push	r29
    23f0:	cf 93       	push	r28
    23f2:	cd b7       	in	r28, 0x3d	; 61
    23f4:	de b7       	in	r29, 0x3e	; 62
LCD_init();
    23f6:	0e 94 3c 0b 	call	0x1678	; 0x1678 <LCD_init>
UART_init();
    23fa:	0e 94 15 0f 	call	0x1e2a	; 0x1e2a <UART_init>

}
    23fe:	cf 91       	pop	r28
    2400:	df 91       	pop	r29
    2402:	08 95       	ret

00002404 <main>:

int main()
{
    2404:	df 93       	push	r29
    2406:	cf 93       	push	r28
    2408:	cd b7       	in	r28, 0x3d	; 61
    240a:	de b7       	in	r29, 0x3e	; 62
    240c:	2f 97       	sbiw	r28, 0x0f	; 15
    240e:	0f b6       	in	r0, 0x3f	; 63
    2410:	f8 94       	cli
    2412:	de bf       	out	0x3e, r29	; 62
    2414:	0f be       	out	0x3f, r0	; 63
    2416:	cd bf       	out	0x3d, r28	; 61
	init();
    2418:	0e 94 f7 11 	call	0x23ee	; 0x23ee <init>
	u8 g=0;
    241c:	1f 86       	std	Y+15, r1	; 0x0f

	UART_senddata_syn((u8*)"Ahmed mohamed");
    241e:	80 e6       	ldi	r24, 0x60	; 96
    2420:	90 e0       	ldi	r25, 0x00	; 0
    2422:	0e 94 1e 10 	call	0x203c	; 0x203c <UART_senddata_syn>
	LCD_sendstring("LCD_ready");
    2426:	8e e6       	ldi	r24, 0x6E	; 110
    2428:	90 e0       	ldi	r25, 0x00	; 0
    242a:	0e 94 e2 0e 	call	0x1dc4	; 0x1dc4 <LCD_sendstring>
    242e:	80 e0       	ldi	r24, 0x00	; 0
    2430:	90 e0       	ldi	r25, 0x00	; 0
    2432:	aa e7       	ldi	r26, 0x7A	; 122
    2434:	b4 e4       	ldi	r27, 0x44	; 68
    2436:	8b 87       	std	Y+11, r24	; 0x0b
    2438:	9c 87       	std	Y+12, r25	; 0x0c
    243a:	ad 87       	std	Y+13, r26	; 0x0d
    243c:	be 87       	std	Y+14, r27	; 0x0e
 */
void
_delay_ms(double __ms)
{
	uint16_t __ticks;
	double __tmp = ((F_CPU) / 4e3) * __ms;
    243e:	6b 85       	ldd	r22, Y+11	; 0x0b
    2440:	7c 85       	ldd	r23, Y+12	; 0x0c
    2442:	8d 85       	ldd	r24, Y+13	; 0x0d
    2444:	9e 85       	ldd	r25, Y+14	; 0x0e
    2446:	20 e0       	ldi	r18, 0x00	; 0
    2448:	30 e0       	ldi	r19, 0x00	; 0
    244a:	4a ef       	ldi	r20, 0xFA	; 250
    244c:	54 e4       	ldi	r21, 0x44	; 68
    244e:	0e 94 1f 02 	call	0x43e	; 0x43e <__mulsf3>
    2452:	dc 01       	movw	r26, r24
    2454:	cb 01       	movw	r24, r22
    2456:	8f 83       	std	Y+7, r24	; 0x07
    2458:	98 87       	std	Y+8, r25	; 0x08
    245a:	a9 87       	std	Y+9, r26	; 0x09
    245c:	ba 87       	std	Y+10, r27	; 0x0a
	if (__tmp < 1.0)
    245e:	6f 81       	ldd	r22, Y+7	; 0x07
    2460:	78 85       	ldd	r23, Y+8	; 0x08
    2462:	89 85       	ldd	r24, Y+9	; 0x09
    2464:	9a 85       	ldd	r25, Y+10	; 0x0a
    2466:	20 e0       	ldi	r18, 0x00	; 0
    2468:	30 e0       	ldi	r19, 0x00	; 0
    246a:	40 e8       	ldi	r20, 0x80	; 128
    246c:	5f e3       	ldi	r21, 0x3F	; 63
    246e:	0e 94 79 03 	call	0x6f2	; 0x6f2 <__ltsf2>
    2472:	88 23       	and	r24, r24
    2474:	2c f4       	brge	.+10     	; 0x2480 <main+0x7c>
		__ticks = 1;
    2476:	81 e0       	ldi	r24, 0x01	; 1
    2478:	90 e0       	ldi	r25, 0x00	; 0
    247a:	9e 83       	std	Y+6, r25	; 0x06
    247c:	8d 83       	std	Y+5, r24	; 0x05
    247e:	3f c0       	rjmp	.+126    	; 0x24fe <main+0xfa>
	else if (__tmp > 65535)
    2480:	6f 81       	ldd	r22, Y+7	; 0x07
    2482:	78 85       	ldd	r23, Y+8	; 0x08
    2484:	89 85       	ldd	r24, Y+9	; 0x09
    2486:	9a 85       	ldd	r25, Y+10	; 0x0a
    2488:	20 e0       	ldi	r18, 0x00	; 0
    248a:	3f ef       	ldi	r19, 0xFF	; 255
    248c:	4f e7       	ldi	r20, 0x7F	; 127
    248e:	57 e4       	ldi	r21, 0x47	; 71
    2490:	0e 94 19 03 	call	0x632	; 0x632 <__gtsf2>
    2494:	18 16       	cp	r1, r24
    2496:	4c f5       	brge	.+82     	; 0x24ea <main+0xe6>
	{
		//	__ticks = requested delay in 1/10 ms
		__ticks = (uint16_t) (__ms * 10.0);
    2498:	6b 85       	ldd	r22, Y+11	; 0x0b
    249a:	7c 85       	ldd	r23, Y+12	; 0x0c
    249c:	8d 85       	ldd	r24, Y+13	; 0x0d
    249e:	9e 85       	ldd	r25, Y+14	; 0x0e
    24a0:	20 e0       	ldi	r18, 0x00	; 0
    24a2:	30 e0       	ldi	r19, 0x00	; 0
    24a4:	40 e2       	ldi	r20, 0x20	; 32
    24a6:	51 e4       	ldi	r21, 0x41	; 65
    24a8:	0e 94 1f 02 	call	0x43e	; 0x43e <__mulsf3>
    24ac:	dc 01       	movw	r26, r24
    24ae:	cb 01       	movw	r24, r22
    24b0:	bc 01       	movw	r22, r24
    24b2:	cd 01       	movw	r24, r26
    24b4:	0e 94 49 00 	call	0x92	; 0x92 <__fixunssfsi>
    24b8:	dc 01       	movw	r26, r24
    24ba:	cb 01       	movw	r24, r22
    24bc:	9e 83       	std	Y+6, r25	; 0x06
    24be:	8d 83       	std	Y+5, r24	; 0x05
    24c0:	0f c0       	rjmp	.+30     	; 0x24e0 <main+0xdc>
    24c2:	88 ec       	ldi	r24, 0xC8	; 200
    24c4:	90 e0       	ldi	r25, 0x00	; 0
    24c6:	9c 83       	std	Y+4, r25	; 0x04
    24c8:	8b 83       	std	Y+3, r24	; 0x03
    24ca:	8b 81       	ldd	r24, Y+3	; 0x03
    24cc:	9c 81       	ldd	r25, Y+4	; 0x04
    24ce:	01 97       	sbiw	r24, 0x01	; 1
    24d0:	f1 f7       	brne	.-4      	; 0x24ce <main+0xca>
    24d2:	9c 83       	std	Y+4, r25	; 0x04
    24d4:	8b 83       	std	Y+3, r24	; 0x03
		while(__ticks)
		{
			// wait 1/10 ms
			_delay_loop_2(((F_CPU) / 4e3) / 10);
			__ticks --;
    24d6:	8d 81       	ldd	r24, Y+5	; 0x05
    24d8:	9e 81       	ldd	r25, Y+6	; 0x06
    24da:	01 97       	sbiw	r24, 0x01	; 1
    24dc:	9e 83       	std	Y+6, r25	; 0x06
    24de:	8d 83       	std	Y+5, r24	; 0x05
		__ticks = 1;
	else if (__tmp > 65535)
	{
		//	__ticks = requested delay in 1/10 ms
		__ticks = (uint16_t) (__ms * 10.0);
		while(__ticks)
    24e0:	8d 81       	ldd	r24, Y+5	; 0x05
    24e2:	9e 81       	ldd	r25, Y+6	; 0x06
    24e4:	00 97       	sbiw	r24, 0x00	; 0
    24e6:	69 f7       	brne	.-38     	; 0x24c2 <main+0xbe>
    24e8:	14 c0       	rjmp	.+40     	; 0x2512 <main+0x10e>
			__ticks --;
		}
		return;
	}
	else
		__ticks = (uint16_t)__tmp;
    24ea:	6f 81       	ldd	r22, Y+7	; 0x07
    24ec:	78 85       	ldd	r23, Y+8	; 0x08
    24ee:	89 85       	ldd	r24, Y+9	; 0x09
    24f0:	9a 85       	ldd	r25, Y+10	; 0x0a
    24f2:	0e 94 49 00 	call	0x92	; 0x92 <__fixunssfsi>
    24f6:	dc 01       	movw	r26, r24
    24f8:	cb 01       	movw	r24, r22
    24fa:	9e 83       	std	Y+6, r25	; 0x06
    24fc:	8d 83       	std	Y+5, r24	; 0x05
    24fe:	8d 81       	ldd	r24, Y+5	; 0x05
    2500:	9e 81       	ldd	r25, Y+6	; 0x06
    2502:	9a 83       	std	Y+2, r25	; 0x02
    2504:	89 83       	std	Y+1, r24	; 0x01
    2506:	89 81       	ldd	r24, Y+1	; 0x01
    2508:	9a 81       	ldd	r25, Y+2	; 0x02
    250a:	01 97       	sbiw	r24, 0x01	; 1
    250c:	f1 f7       	brne	.-4      	; 0x250a <main+0x106>
    250e:	9a 83       	std	Y+2, r25	; 0x02
    2510:	89 83       	std	Y+1, r24	; 0x01
	_delay_ms(1000);
	LCD_cleardisplay();
    2512:	0e 94 0b 0f 	call	0x1e16	; 0x1e16 <LCD_cleardisplay>

while(1)
{
	UART_receivedata(&g);
    2516:	ce 01       	movw	r24, r28
    2518:	0f 96       	adiw	r24, 0x0f	; 15
    251a:	0e 94 d0 0f 	call	0x1fa0	; 0x1fa0 <UART_receivedata>
	if(g!=0)
    251e:	8f 85       	ldd	r24, Y+15	; 0x0f
    2520:	88 23       	and	r24, r24
    2522:	c9 f3       	breq	.-14     	; 0x2516 <main+0x112>
	{
		LCD_senddata(g);
    2524:	8f 85       	ldd	r24, Y+15	; 0x0f
    2526:	0e 94 51 0e 	call	0x1ca2	; 0x1ca2 <LCD_senddata>
		g=0;
    252a:	1f 86       	std	Y+15, r1	; 0x0f
    252c:	f4 cf       	rjmp	.-24     	; 0x2516 <main+0x112>

0000252e <__udivmodqi4>:
    252e:	99 1b       	sub	r25, r25
    2530:	79 e0       	ldi	r23, 0x09	; 9
    2532:	04 c0       	rjmp	.+8      	; 0x253c <__udivmodqi4_ep>

00002534 <__udivmodqi4_loop>:
    2534:	99 1f       	adc	r25, r25
    2536:	96 17       	cp	r25, r22
    2538:	08 f0       	brcs	.+2      	; 0x253c <__udivmodqi4_ep>
    253a:	96 1b       	sub	r25, r22

0000253c <__udivmodqi4_ep>:
    253c:	88 1f       	adc	r24, r24
    253e:	7a 95       	dec	r23
    2540:	c9 f7       	brne	.-14     	; 0x2534 <__udivmodqi4_loop>
    2542:	80 95       	com	r24
    2544:	08 95       	ret

00002546 <__udivmodhi4>:
    2546:	aa 1b       	sub	r26, r26
    2548:	bb 1b       	sub	r27, r27
    254a:	51 e1       	ldi	r21, 0x11	; 17
    254c:	07 c0       	rjmp	.+14     	; 0x255c <__udivmodhi4_ep>

0000254e <__udivmodhi4_loop>:
    254e:	aa 1f       	adc	r26, r26
    2550:	bb 1f       	adc	r27, r27
    2552:	a6 17       	cp	r26, r22
    2554:	b7 07       	cpc	r27, r23
    2556:	10 f0       	brcs	.+4      	; 0x255c <__udivmodhi4_ep>
    2558:	a6 1b       	sub	r26, r22
    255a:	b7 0b       	sbc	r27, r23

0000255c <__udivmodhi4_ep>:
    255c:	88 1f       	adc	r24, r24
    255e:	99 1f       	adc	r25, r25
    2560:	5a 95       	dec	r21
    2562:	a9 f7       	brne	.-22     	; 0x254e <__udivmodhi4_loop>
    2564:	80 95       	com	r24
    2566:	90 95       	com	r25
    2568:	bc 01       	movw	r22, r24
    256a:	cd 01       	movw	r24, r26
    256c:	08 95       	ret

0000256e <__prologue_saves__>:
    256e:	2f 92       	push	r2
    2570:	3f 92       	push	r3
    2572:	4f 92       	push	r4
    2574:	5f 92       	push	r5
    2576:	6f 92       	push	r6
    2578:	7f 92       	push	r7
    257a:	8f 92       	push	r8
    257c:	9f 92       	push	r9
    257e:	af 92       	push	r10
    2580:	bf 92       	push	r11
    2582:	cf 92       	push	r12
    2584:	df 92       	push	r13
    2586:	ef 92       	push	r14
    2588:	ff 92       	push	r15
    258a:	0f 93       	push	r16
    258c:	1f 93       	push	r17
    258e:	cf 93       	push	r28
    2590:	df 93       	push	r29
    2592:	cd b7       	in	r28, 0x3d	; 61
    2594:	de b7       	in	r29, 0x3e	; 62
    2596:	ca 1b       	sub	r28, r26
    2598:	db 0b       	sbc	r29, r27
    259a:	0f b6       	in	r0, 0x3f	; 63
    259c:	f8 94       	cli
    259e:	de bf       	out	0x3e, r29	; 62
    25a0:	0f be       	out	0x3f, r0	; 63
    25a2:	cd bf       	out	0x3d, r28	; 61
    25a4:	09 94       	ijmp

000025a6 <__epilogue_restores__>:
    25a6:	2a 88       	ldd	r2, Y+18	; 0x12
    25a8:	39 88       	ldd	r3, Y+17	; 0x11
    25aa:	48 88       	ldd	r4, Y+16	; 0x10
    25ac:	5f 84       	ldd	r5, Y+15	; 0x0f
    25ae:	6e 84       	ldd	r6, Y+14	; 0x0e
    25b0:	7d 84       	ldd	r7, Y+13	; 0x0d
    25b2:	8c 84       	ldd	r8, Y+12	; 0x0c
    25b4:	9b 84       	ldd	r9, Y+11	; 0x0b
    25b6:	aa 84       	ldd	r10, Y+10	; 0x0a
    25b8:	b9 84       	ldd	r11, Y+9	; 0x09
    25ba:	c8 84       	ldd	r12, Y+8	; 0x08
    25bc:	df 80       	ldd	r13, Y+7	; 0x07
    25be:	ee 80       	ldd	r14, Y+6	; 0x06
    25c0:	fd 80       	ldd	r15, Y+5	; 0x05
    25c2:	0c 81       	ldd	r16, Y+4	; 0x04
    25c4:	1b 81       	ldd	r17, Y+3	; 0x03
    25c6:	aa 81       	ldd	r26, Y+2	; 0x02
    25c8:	b9 81       	ldd	r27, Y+1	; 0x01
    25ca:	ce 0f       	add	r28, r30
    25cc:	d1 1d       	adc	r29, r1
    25ce:	0f b6       	in	r0, 0x3f	; 63
    25d0:	f8 94       	cli
    25d2:	de bf       	out	0x3e, r29	; 62
    25d4:	0f be       	out	0x3f, r0	; 63
    25d6:	cd bf       	out	0x3d, r28	; 61
    25d8:	ed 01       	movw	r28, r26
    25da:	08 95       	ret

000025dc <_exit>:
    25dc:	f8 94       	cli

000025de <__stop_program>:
    25de:	ff cf       	rjmp	.-2      	; 0x25de <__stop_program>
