
TIMER0_ovr.elf:     file format elf32-avr

Sections:
Idx Name          Size      VMA       LMA       File off  Algn
  0 .text         0000104c  00000000  00000000  00000094  2**1
                  CONTENTS, ALLOC, LOAD, READONLY, CODE
  1 .data         00000006  00800060  0000104c  000010e0  2**0
                  CONTENTS, ALLOC, LOAD, DATA
  2 .bss          00000024  00800066  00800066  000010e6  2**0
                  ALLOC
  3 .stab         00001410  00000000  00000000  000010e8  2**2
                  CONTENTS, READONLY, DEBUGGING
  4 .stabstr      000007d3  00000000  00000000  000024f8  2**0
                  CONTENTS, READONLY, DEBUGGING

Disassembly of section .text:

00000000 <__vectors>:
       0:	0c 94 2a 00 	jmp	0x54	; 0x54 <__ctors_end>
       4:	0c 94 47 00 	jmp	0x8e	; 0x8e <__bad_interrupt>
       8:	0c 94 47 00 	jmp	0x8e	; 0x8e <__bad_interrupt>
       c:	0c 94 47 00 	jmp	0x8e	; 0x8e <__bad_interrupt>
      10:	0c 94 48 07 	jmp	0xe90	; 0xe90 <__vector_4>
      14:	0c 94 7b 07 	jmp	0xef6	; 0xef6 <__vector_5>
      18:	0c 94 47 00 	jmp	0x8e	; 0x8e <__bad_interrupt>
      1c:	0c 94 47 00 	jmp	0x8e	; 0x8e <__bad_interrupt>
      20:	0c 94 47 00 	jmp	0x8e	; 0x8e <__bad_interrupt>
      24:	0c 94 47 00 	jmp	0x8e	; 0x8e <__bad_interrupt>
      28:	0c 94 15 07 	jmp	0xe2a	; 0xe2a <__vector_10>
      2c:	0c 94 e2 06 	jmp	0xdc4	; 0xdc4 <__vector_11>
      30:	0c 94 47 00 	jmp	0x8e	; 0x8e <__bad_interrupt>
      34:	0c 94 47 00 	jmp	0x8e	; 0x8e <__bad_interrupt>
      38:	0c 94 47 00 	jmp	0x8e	; 0x8e <__bad_interrupt>
      3c:	0c 94 47 00 	jmp	0x8e	; 0x8e <__bad_interrupt>
      40:	0c 94 47 00 	jmp	0x8e	; 0x8e <__bad_interrupt>
      44:	0c 94 47 00 	jmp	0x8e	; 0x8e <__bad_interrupt>
      48:	0c 94 47 00 	jmp	0x8e	; 0x8e <__bad_interrupt>
      4c:	0c 94 47 00 	jmp	0x8e	; 0x8e <__bad_interrupt>
      50:	0c 94 47 00 	jmp	0x8e	; 0x8e <__bad_interrupt>

00000054 <__ctors_end>:
      54:	11 24       	eor	r1, r1
      56:	1f be       	out	0x3f, r1	; 63
      58:	cf e5       	ldi	r28, 0x5F	; 95
      5a:	d8 e0       	ldi	r29, 0x08	; 8
      5c:	de bf       	out	0x3e, r29	; 62
      5e:	cd bf       	out	0x3d, r28	; 61

00000060 <__do_copy_data>:
      60:	10 e0       	ldi	r17, 0x00	; 0
      62:	a0 e6       	ldi	r26, 0x60	; 96
      64:	b0 e0       	ldi	r27, 0x00	; 0
      66:	ec e4       	ldi	r30, 0x4C	; 76
      68:	f0 e1       	ldi	r31, 0x10	; 16
      6a:	02 c0       	rjmp	.+4      	; 0x70 <.do_copy_data_start>

0000006c <.do_copy_data_loop>:
      6c:	05 90       	lpm	r0, Z+
      6e:	0d 92       	st	X+, r0

00000070 <.do_copy_data_start>:
      70:	a6 36       	cpi	r26, 0x66	; 102
      72:	b1 07       	cpc	r27, r17
      74:	d9 f7       	brne	.-10     	; 0x6c <.do_copy_data_loop>

00000076 <__do_clear_bss>:
      76:	10 e0       	ldi	r17, 0x00	; 0
      78:	a6 e6       	ldi	r26, 0x66	; 102
      7a:	b0 e0       	ldi	r27, 0x00	; 0
      7c:	01 c0       	rjmp	.+2      	; 0x80 <.do_clear_bss_start>

0000007e <.do_clear_bss_loop>:
      7e:	1d 92       	st	X+, r1

00000080 <.do_clear_bss_start>:
      80:	aa 38       	cpi	r26, 0x8A	; 138
      82:	b1 07       	cpc	r27, r17
      84:	e1 f7       	brne	.-8      	; 0x7e <.do_clear_bss_loop>
      86:	0e 94 11 08 	call	0x1022	; 0x1022 <main>
      8a:	0c 94 24 08 	jmp	0x1048	; 0x1048 <_exit>

0000008e <__bad_interrupt>:
      8e:	0c 94 00 00 	jmp	0	; 0x0 <__vectors>

00000092 <DIO_setpindirection>:
	return : its statues (DIO_Nok,DIO_ok)

*/	

DIO_errorstate DIO_setpindirection(u8 copy_port,u8 copy_pinnumber , u8 copy_pindirection )
{
      92:	df 93       	push	r29
      94:	cf 93       	push	r28
      96:	cd b7       	in	r28, 0x3d	; 61
      98:	de b7       	in	r29, 0x3e	; 62
      9a:	28 97       	sbiw	r28, 0x08	; 8
      9c:	0f b6       	in	r0, 0x3f	; 63
      9e:	f8 94       	cli
      a0:	de bf       	out	0x3e, r29	; 62
      a2:	0f be       	out	0x3f, r0	; 63
      a4:	cd bf       	out	0x3d, r28	; 61
      a6:	8a 83       	std	Y+2, r24	; 0x02
      a8:	6b 83       	std	Y+3, r22	; 0x03
      aa:	4c 83       	std	Y+4, r20	; 0x04
DIO_errorstate LOC_STATE =DIO_ok;
      ac:	81 e0       	ldi	r24, 0x01	; 1
      ae:	89 83       	std	Y+1, r24	; 0x01

/* check if the given paramter is in valid range */

if((copy_port<=DIO_portD) && (copy_pinnumber<=PIN7))
      b0:	8a 81       	ldd	r24, Y+2	; 0x02
      b2:	84 30       	cpi	r24, 0x04	; 4
      b4:	08 f0       	brcs	.+2      	; 0xb8 <DIO_setpindirection+0x26>
      b6:	f1 c0       	rjmp	.+482    	; 0x29a <DIO_setpindirection+0x208>
      b8:	8b 81       	ldd	r24, Y+3	; 0x03
      ba:	88 30       	cpi	r24, 0x08	; 8
      bc:	08 f0       	brcs	.+2      	; 0xc0 <DIO_setpindirection+0x2e>
      be:	ed c0       	rjmp	.+474    	; 0x29a <DIO_setpindirection+0x208>
{
	
if(copy_pindirection==DIO_pin_input)
      c0:	8c 81       	ldd	r24, Y+4	; 0x04
      c2:	88 23       	and	r24, r24
      c4:	09 f0       	breq	.+2      	; 0xc8 <DIO_setpindirection+0x36>
      c6:	74 c0       	rjmp	.+232    	; 0x1b0 <DIO_setpindirection+0x11e>
{
/* check on the port name */
switch(copy_port)
      c8:	8a 81       	ldd	r24, Y+2	; 0x02
      ca:	28 2f       	mov	r18, r24
      cc:	30 e0       	ldi	r19, 0x00	; 0
      ce:	38 87       	std	Y+8, r19	; 0x08
      d0:	2f 83       	std	Y+7, r18	; 0x07
      d2:	8f 81       	ldd	r24, Y+7	; 0x07
      d4:	98 85       	ldd	r25, Y+8	; 0x08
      d6:	81 30       	cpi	r24, 0x01	; 1
      d8:	91 05       	cpc	r25, r1
      da:	59 f1       	breq	.+86     	; 0x132 <DIO_setpindirection+0xa0>
      dc:	2f 81       	ldd	r18, Y+7	; 0x07
      de:	38 85       	ldd	r19, Y+8	; 0x08
      e0:	22 30       	cpi	r18, 0x02	; 2
      e2:	31 05       	cpc	r19, r1
      e4:	2c f4       	brge	.+10     	; 0xf0 <DIO_setpindirection+0x5e>
      e6:	8f 81       	ldd	r24, Y+7	; 0x07
      e8:	98 85       	ldd	r25, Y+8	; 0x08
      ea:	00 97       	sbiw	r24, 0x00	; 0
      ec:	69 f0       	breq	.+26     	; 0x108 <DIO_setpindirection+0x76>
      ee:	d6 c0       	rjmp	.+428    	; 0x29c <DIO_setpindirection+0x20a>
      f0:	2f 81       	ldd	r18, Y+7	; 0x07
      f2:	38 85       	ldd	r19, Y+8	; 0x08
      f4:	22 30       	cpi	r18, 0x02	; 2
      f6:	31 05       	cpc	r19, r1
      f8:	89 f1       	breq	.+98     	; 0x15c <DIO_setpindirection+0xca>
      fa:	8f 81       	ldd	r24, Y+7	; 0x07
      fc:	98 85       	ldd	r25, Y+8	; 0x08
      fe:	83 30       	cpi	r24, 0x03	; 3
     100:	91 05       	cpc	r25, r1
     102:	09 f4       	brne	.+2      	; 0x106 <DIO_setpindirection+0x74>
     104:	40 c0       	rjmp	.+128    	; 0x186 <DIO_setpindirection+0xf4>
     106:	ca c0       	rjmp	.+404    	; 0x29c <DIO_setpindirection+0x20a>
{
	case	DIO_portA:CLR_BIT(DDRA_REGISTER,copy_pinnumber); break;
     108:	aa e3       	ldi	r26, 0x3A	; 58
     10a:	b0 e0       	ldi	r27, 0x00	; 0
     10c:	ea e3       	ldi	r30, 0x3A	; 58
     10e:	f0 e0       	ldi	r31, 0x00	; 0
     110:	80 81       	ld	r24, Z
     112:	48 2f       	mov	r20, r24
     114:	8b 81       	ldd	r24, Y+3	; 0x03
     116:	28 2f       	mov	r18, r24
     118:	30 e0       	ldi	r19, 0x00	; 0
     11a:	81 e0       	ldi	r24, 0x01	; 1
     11c:	90 e0       	ldi	r25, 0x00	; 0
     11e:	02 2e       	mov	r0, r18
     120:	02 c0       	rjmp	.+4      	; 0x126 <DIO_setpindirection+0x94>
     122:	88 0f       	add	r24, r24
     124:	99 1f       	adc	r25, r25
     126:	0a 94       	dec	r0
     128:	e2 f7       	brpl	.-8      	; 0x122 <DIO_setpindirection+0x90>
     12a:	80 95       	com	r24
     12c:	84 23       	and	r24, r20
     12e:	8c 93       	st	X, r24
     130:	b5 c0       	rjmp	.+362    	; 0x29c <DIO_setpindirection+0x20a>
	case	DIO_portB:CLR_BIT(DDRB_REGISTER,copy_pinnumber); break;
     132:	a7 e3       	ldi	r26, 0x37	; 55
     134:	b0 e0       	ldi	r27, 0x00	; 0
     136:	e7 e3       	ldi	r30, 0x37	; 55
     138:	f0 e0       	ldi	r31, 0x00	; 0
     13a:	80 81       	ld	r24, Z
     13c:	48 2f       	mov	r20, r24
     13e:	8b 81       	ldd	r24, Y+3	; 0x03
     140:	28 2f       	mov	r18, r24
     142:	30 e0       	ldi	r19, 0x00	; 0
     144:	81 e0       	ldi	r24, 0x01	; 1
     146:	90 e0       	ldi	r25, 0x00	; 0
     148:	02 2e       	mov	r0, r18
     14a:	02 c0       	rjmp	.+4      	; 0x150 <DIO_setpindirection+0xbe>
     14c:	88 0f       	add	r24, r24
     14e:	99 1f       	adc	r25, r25
     150:	0a 94       	dec	r0
     152:	e2 f7       	brpl	.-8      	; 0x14c <DIO_setpindirection+0xba>
     154:	80 95       	com	r24
     156:	84 23       	and	r24, r20
     158:	8c 93       	st	X, r24
     15a:	a0 c0       	rjmp	.+320    	; 0x29c <DIO_setpindirection+0x20a>
	case	DIO_portC:CLR_BIT(DDRC_REGISTER,copy_pinnumber); break;
     15c:	a4 e3       	ldi	r26, 0x34	; 52
     15e:	b0 e0       	ldi	r27, 0x00	; 0
     160:	e4 e3       	ldi	r30, 0x34	; 52
     162:	f0 e0       	ldi	r31, 0x00	; 0
     164:	80 81       	ld	r24, Z
     166:	48 2f       	mov	r20, r24
     168:	8b 81       	ldd	r24, Y+3	; 0x03
     16a:	28 2f       	mov	r18, r24
     16c:	30 e0       	ldi	r19, 0x00	; 0
     16e:	81 e0       	ldi	r24, 0x01	; 1
     170:	90 e0       	ldi	r25, 0x00	; 0
     172:	02 2e       	mov	r0, r18
     174:	02 c0       	rjmp	.+4      	; 0x17a <DIO_setpindirection+0xe8>
     176:	88 0f       	add	r24, r24
     178:	99 1f       	adc	r25, r25
     17a:	0a 94       	dec	r0
     17c:	e2 f7       	brpl	.-8      	; 0x176 <DIO_setpindirection+0xe4>
     17e:	80 95       	com	r24
     180:	84 23       	and	r24, r20
     182:	8c 93       	st	X, r24
     184:	8b c0       	rjmp	.+278    	; 0x29c <DIO_setpindirection+0x20a>
	case	DIO_portD:CLR_BIT(DDRD_REGISTER,copy_pinnumber); break;
     186:	a1 e3       	ldi	r26, 0x31	; 49
     188:	b0 e0       	ldi	r27, 0x00	; 0
     18a:	e1 e3       	ldi	r30, 0x31	; 49
     18c:	f0 e0       	ldi	r31, 0x00	; 0
     18e:	80 81       	ld	r24, Z
     190:	48 2f       	mov	r20, r24
     192:	8b 81       	ldd	r24, Y+3	; 0x03
     194:	28 2f       	mov	r18, r24
     196:	30 e0       	ldi	r19, 0x00	; 0
     198:	81 e0       	ldi	r24, 0x01	; 1
     19a:	90 e0       	ldi	r25, 0x00	; 0
     19c:	02 2e       	mov	r0, r18
     19e:	02 c0       	rjmp	.+4      	; 0x1a4 <DIO_setpindirection+0x112>
     1a0:	88 0f       	add	r24, r24
     1a2:	99 1f       	adc	r25, r25
     1a4:	0a 94       	dec	r0
     1a6:	e2 f7       	brpl	.-8      	; 0x1a0 <DIO_setpindirection+0x10e>
     1a8:	80 95       	com	r24
     1aa:	84 23       	and	r24, r20
     1ac:	8c 93       	st	X, r24
     1ae:	76 c0       	rjmp	.+236    	; 0x29c <DIO_setpindirection+0x20a>
}
}
else if(copy_pindirection== DIO_pin_output)
     1b0:	8c 81       	ldd	r24, Y+4	; 0x04
     1b2:	81 30       	cpi	r24, 0x01	; 1
     1b4:	09 f0       	breq	.+2      	; 0x1b8 <DIO_setpindirection+0x126>
     1b6:	6f c0       	rjmp	.+222    	; 0x296 <DIO_setpindirection+0x204>
{
/* check on the port name */
switch(copy_port){
     1b8:	8a 81       	ldd	r24, Y+2	; 0x02
     1ba:	28 2f       	mov	r18, r24
     1bc:	30 e0       	ldi	r19, 0x00	; 0
     1be:	3e 83       	std	Y+6, r19	; 0x06
     1c0:	2d 83       	std	Y+5, r18	; 0x05
     1c2:	8d 81       	ldd	r24, Y+5	; 0x05
     1c4:	9e 81       	ldd	r25, Y+6	; 0x06
     1c6:	81 30       	cpi	r24, 0x01	; 1
     1c8:	91 05       	cpc	r25, r1
     1ca:	49 f1       	breq	.+82     	; 0x21e <DIO_setpindirection+0x18c>
     1cc:	2d 81       	ldd	r18, Y+5	; 0x05
     1ce:	3e 81       	ldd	r19, Y+6	; 0x06
     1d0:	22 30       	cpi	r18, 0x02	; 2
     1d2:	31 05       	cpc	r19, r1
     1d4:	2c f4       	brge	.+10     	; 0x1e0 <DIO_setpindirection+0x14e>
     1d6:	8d 81       	ldd	r24, Y+5	; 0x05
     1d8:	9e 81       	ldd	r25, Y+6	; 0x06
     1da:	00 97       	sbiw	r24, 0x00	; 0
     1dc:	61 f0       	breq	.+24     	; 0x1f6 <DIO_setpindirection+0x164>
     1de:	5e c0       	rjmp	.+188    	; 0x29c <DIO_setpindirection+0x20a>
     1e0:	2d 81       	ldd	r18, Y+5	; 0x05
     1e2:	3e 81       	ldd	r19, Y+6	; 0x06
     1e4:	22 30       	cpi	r18, 0x02	; 2
     1e6:	31 05       	cpc	r19, r1
     1e8:	71 f1       	breq	.+92     	; 0x246 <DIO_setpindirection+0x1b4>
     1ea:	8d 81       	ldd	r24, Y+5	; 0x05
     1ec:	9e 81       	ldd	r25, Y+6	; 0x06
     1ee:	83 30       	cpi	r24, 0x03	; 3
     1f0:	91 05       	cpc	r25, r1
     1f2:	e9 f1       	breq	.+122    	; 0x26e <DIO_setpindirection+0x1dc>
     1f4:	53 c0       	rjmp	.+166    	; 0x29c <DIO_setpindirection+0x20a>
	case	DIO_portA:SET_BIT(DDRA_REGISTER,copy_pinnumber); break;
     1f6:	aa e3       	ldi	r26, 0x3A	; 58
     1f8:	b0 e0       	ldi	r27, 0x00	; 0
     1fa:	ea e3       	ldi	r30, 0x3A	; 58
     1fc:	f0 e0       	ldi	r31, 0x00	; 0
     1fe:	80 81       	ld	r24, Z
     200:	48 2f       	mov	r20, r24
     202:	8b 81       	ldd	r24, Y+3	; 0x03
     204:	28 2f       	mov	r18, r24
     206:	30 e0       	ldi	r19, 0x00	; 0
     208:	81 e0       	ldi	r24, 0x01	; 1
     20a:	90 e0       	ldi	r25, 0x00	; 0
     20c:	02 2e       	mov	r0, r18
     20e:	02 c0       	rjmp	.+4      	; 0x214 <DIO_setpindirection+0x182>
     210:	88 0f       	add	r24, r24
     212:	99 1f       	adc	r25, r25
     214:	0a 94       	dec	r0
     216:	e2 f7       	brpl	.-8      	; 0x210 <DIO_setpindirection+0x17e>
     218:	84 2b       	or	r24, r20
     21a:	8c 93       	st	X, r24
     21c:	3f c0       	rjmp	.+126    	; 0x29c <DIO_setpindirection+0x20a>
	case	DIO_portB:SET_BIT(DDRB_REGISTER,copy_pinnumber); break;
     21e:	a7 e3       	ldi	r26, 0x37	; 55
     220:	b0 e0       	ldi	r27, 0x00	; 0
     222:	e7 e3       	ldi	r30, 0x37	; 55
     224:	f0 e0       	ldi	r31, 0x00	; 0
     226:	80 81       	ld	r24, Z
     228:	48 2f       	mov	r20, r24
     22a:	8b 81       	ldd	r24, Y+3	; 0x03
     22c:	28 2f       	mov	r18, r24
     22e:	30 e0       	ldi	r19, 0x00	; 0
     230:	81 e0       	ldi	r24, 0x01	; 1
     232:	90 e0       	ldi	r25, 0x00	; 0
     234:	02 2e       	mov	r0, r18
     236:	02 c0       	rjmp	.+4      	; 0x23c <DIO_setpindirection+0x1aa>
     238:	88 0f       	add	r24, r24
     23a:	99 1f       	adc	r25, r25
     23c:	0a 94       	dec	r0
     23e:	e2 f7       	brpl	.-8      	; 0x238 <DIO_setpindirection+0x1a6>
     240:	84 2b       	or	r24, r20
     242:	8c 93       	st	X, r24
     244:	2b c0       	rjmp	.+86     	; 0x29c <DIO_setpindirection+0x20a>
	case 	DIO_portC:SET_BIT(DDRC_REGISTER,copy_pinnumber); break;
     246:	a4 e3       	ldi	r26, 0x34	; 52
     248:	b0 e0       	ldi	r27, 0x00	; 0
     24a:	e4 e3       	ldi	r30, 0x34	; 52
     24c:	f0 e0       	ldi	r31, 0x00	; 0
     24e:	80 81       	ld	r24, Z
     250:	48 2f       	mov	r20, r24
     252:	8b 81       	ldd	r24, Y+3	; 0x03
     254:	28 2f       	mov	r18, r24
     256:	30 e0       	ldi	r19, 0x00	; 0
     258:	81 e0       	ldi	r24, 0x01	; 1
     25a:	90 e0       	ldi	r25, 0x00	; 0
     25c:	02 2e       	mov	r0, r18
     25e:	02 c0       	rjmp	.+4      	; 0x264 <DIO_setpindirection+0x1d2>
     260:	88 0f       	add	r24, r24
     262:	99 1f       	adc	r25, r25
     264:	0a 94       	dec	r0
     266:	e2 f7       	brpl	.-8      	; 0x260 <DIO_setpindirection+0x1ce>
     268:	84 2b       	or	r24, r20
     26a:	8c 93       	st	X, r24
     26c:	17 c0       	rjmp	.+46     	; 0x29c <DIO_setpindirection+0x20a>
	case	DIO_portD:SET_BIT(DDRD_REGISTER,copy_pinnumber); break;
     26e:	a1 e3       	ldi	r26, 0x31	; 49
     270:	b0 e0       	ldi	r27, 0x00	; 0
     272:	e1 e3       	ldi	r30, 0x31	; 49
     274:	f0 e0       	ldi	r31, 0x00	; 0
     276:	80 81       	ld	r24, Z
     278:	48 2f       	mov	r20, r24
     27a:	8b 81       	ldd	r24, Y+3	; 0x03
     27c:	28 2f       	mov	r18, r24
     27e:	30 e0       	ldi	r19, 0x00	; 0
     280:	81 e0       	ldi	r24, 0x01	; 1
     282:	90 e0       	ldi	r25, 0x00	; 0
     284:	02 2e       	mov	r0, r18
     286:	02 c0       	rjmp	.+4      	; 0x28c <DIO_setpindirection+0x1fa>
     288:	88 0f       	add	r24, r24
     28a:	99 1f       	adc	r25, r25
     28c:	0a 94       	dec	r0
     28e:	e2 f7       	brpl	.-8      	; 0x288 <DIO_setpindirection+0x1f6>
     290:	84 2b       	or	r24, r20
     292:	8c 93       	st	X, r24
     294:	03 c0       	rjmp	.+6      	; 0x29c <DIO_setpindirection+0x20a>
}
}
else {
	LOC_STATE=DIO_Nok;
     296:	19 82       	std	Y+1, r1	; 0x01
     298:	01 c0       	rjmp	.+2      	; 0x29c <DIO_setpindirection+0x20a>
}
}
else{
	LOC_STATE=DIO_Nok;
     29a:	19 82       	std	Y+1, r1	; 0x01
}
return LOC_STATE;
     29c:	89 81       	ldd	r24, Y+1	; 0x01
}
     29e:	28 96       	adiw	r28, 0x08	; 8
     2a0:	0f b6       	in	r0, 0x3f	; 63
     2a2:	f8 94       	cli
     2a4:	de bf       	out	0x3e, r29	; 62
     2a6:	0f be       	out	0x3f, r0	; 63
     2a8:	cd bf       	out	0x3d, r28	; 61
     2aa:	cf 91       	pop	r28
     2ac:	df 91       	pop	r29
     2ae:	08 95       	ret

000002b0 <DIO_setpinvalue>:
	return : its statues (DIO_Nok,DIO_ok)

*/	

DIO_errorstate DIO_setpinvalue(u8 copy_port,u8 copy_pinnumber , u8 copy_pinvalue         )
{
     2b0:	df 93       	push	r29
     2b2:	cf 93       	push	r28
     2b4:	cd b7       	in	r28, 0x3d	; 61
     2b6:	de b7       	in	r29, 0x3e	; 62
     2b8:	28 97       	sbiw	r28, 0x08	; 8
     2ba:	0f b6       	in	r0, 0x3f	; 63
     2bc:	f8 94       	cli
     2be:	de bf       	out	0x3e, r29	; 62
     2c0:	0f be       	out	0x3f, r0	; 63
     2c2:	cd bf       	out	0x3d, r28	; 61
     2c4:	8a 83       	std	Y+2, r24	; 0x02
     2c6:	6b 83       	std	Y+3, r22	; 0x03
     2c8:	4c 83       	std	Y+4, r20	; 0x04
DIO_errorstate LOC_STATE =DIO_ok;
     2ca:	81 e0       	ldi	r24, 0x01	; 1
     2cc:	89 83       	std	Y+1, r24	; 0x01
/* check if the given paramter is in valid range */
if((copy_port<=DIO_portD)&&(copy_pinnumber<=PIN7))
     2ce:	8a 81       	ldd	r24, Y+2	; 0x02
     2d0:	84 30       	cpi	r24, 0x04	; 4
     2d2:	08 f0       	brcs	.+2      	; 0x2d6 <DIO_setpinvalue+0x26>
     2d4:	f0 c0       	rjmp	.+480    	; 0x4b6 <DIO_setpinvalue+0x206>
     2d6:	8b 81       	ldd	r24, Y+3	; 0x03
     2d8:	88 30       	cpi	r24, 0x08	; 8
     2da:	08 f0       	brcs	.+2      	; 0x2de <DIO_setpinvalue+0x2e>
     2dc:	ec c0       	rjmp	.+472    	; 0x4b6 <DIO_setpinvalue+0x206>
{
if(copy_pinvalue==PIN_LOW)
     2de:	8c 81       	ldd	r24, Y+4	; 0x04
     2e0:	88 23       	and	r24, r24
     2e2:	09 f0       	breq	.+2      	; 0x2e6 <DIO_setpinvalue+0x36>
     2e4:	73 c0       	rjmp	.+230    	; 0x3cc <DIO_setpinvalue+0x11c>
{
	/* check on the port name */
switch(copy_port)
     2e6:	8a 81       	ldd	r24, Y+2	; 0x02
     2e8:	28 2f       	mov	r18, r24
     2ea:	30 e0       	ldi	r19, 0x00	; 0
     2ec:	38 87       	std	Y+8, r19	; 0x08
     2ee:	2f 83       	std	Y+7, r18	; 0x07
     2f0:	8f 81       	ldd	r24, Y+7	; 0x07
     2f2:	98 85       	ldd	r25, Y+8	; 0x08
     2f4:	81 30       	cpi	r24, 0x01	; 1
     2f6:	91 05       	cpc	r25, r1
     2f8:	59 f1       	breq	.+86     	; 0x350 <DIO_setpinvalue+0xa0>
     2fa:	2f 81       	ldd	r18, Y+7	; 0x07
     2fc:	38 85       	ldd	r19, Y+8	; 0x08
     2fe:	22 30       	cpi	r18, 0x02	; 2
     300:	31 05       	cpc	r19, r1
     302:	2c f4       	brge	.+10     	; 0x30e <DIO_setpinvalue+0x5e>
     304:	8f 81       	ldd	r24, Y+7	; 0x07
     306:	98 85       	ldd	r25, Y+8	; 0x08
     308:	00 97       	sbiw	r24, 0x00	; 0
     30a:	69 f0       	breq	.+26     	; 0x326 <DIO_setpinvalue+0x76>
     30c:	5f c0       	rjmp	.+190    	; 0x3cc <DIO_setpinvalue+0x11c>
     30e:	2f 81       	ldd	r18, Y+7	; 0x07
     310:	38 85       	ldd	r19, Y+8	; 0x08
     312:	22 30       	cpi	r18, 0x02	; 2
     314:	31 05       	cpc	r19, r1
     316:	89 f1       	breq	.+98     	; 0x37a <DIO_setpinvalue+0xca>
     318:	8f 81       	ldd	r24, Y+7	; 0x07
     31a:	98 85       	ldd	r25, Y+8	; 0x08
     31c:	83 30       	cpi	r24, 0x03	; 3
     31e:	91 05       	cpc	r25, r1
     320:	09 f4       	brne	.+2      	; 0x324 <DIO_setpinvalue+0x74>
     322:	40 c0       	rjmp	.+128    	; 0x3a4 <DIO_setpinvalue+0xf4>
     324:	53 c0       	rjmp	.+166    	; 0x3cc <DIO_setpinvalue+0x11c>
{
		case    DIO_portA:CLR_BIT(PORTA_REGISTER,copy_pinnumber); break;
     326:	ab e3       	ldi	r26, 0x3B	; 59
     328:	b0 e0       	ldi	r27, 0x00	; 0
     32a:	eb e3       	ldi	r30, 0x3B	; 59
     32c:	f0 e0       	ldi	r31, 0x00	; 0
     32e:	80 81       	ld	r24, Z
     330:	48 2f       	mov	r20, r24
     332:	8b 81       	ldd	r24, Y+3	; 0x03
     334:	28 2f       	mov	r18, r24
     336:	30 e0       	ldi	r19, 0x00	; 0
     338:	81 e0       	ldi	r24, 0x01	; 1
     33a:	90 e0       	ldi	r25, 0x00	; 0
     33c:	02 2e       	mov	r0, r18
     33e:	02 c0       	rjmp	.+4      	; 0x344 <DIO_setpinvalue+0x94>
     340:	88 0f       	add	r24, r24
     342:	99 1f       	adc	r25, r25
     344:	0a 94       	dec	r0
     346:	e2 f7       	brpl	.-8      	; 0x340 <DIO_setpinvalue+0x90>
     348:	80 95       	com	r24
     34a:	84 23       	and	r24, r20
     34c:	8c 93       	st	X, r24
     34e:	3e c0       	rjmp	.+124    	; 0x3cc <DIO_setpinvalue+0x11c>
		case	DIO_portB:CLR_BIT(PORTB_REGISTER,copy_pinnumber); break;
     350:	a8 e3       	ldi	r26, 0x38	; 56
     352:	b0 e0       	ldi	r27, 0x00	; 0
     354:	e8 e3       	ldi	r30, 0x38	; 56
     356:	f0 e0       	ldi	r31, 0x00	; 0
     358:	80 81       	ld	r24, Z
     35a:	48 2f       	mov	r20, r24
     35c:	8b 81       	ldd	r24, Y+3	; 0x03
     35e:	28 2f       	mov	r18, r24
     360:	30 e0       	ldi	r19, 0x00	; 0
     362:	81 e0       	ldi	r24, 0x01	; 1
     364:	90 e0       	ldi	r25, 0x00	; 0
     366:	02 2e       	mov	r0, r18
     368:	02 c0       	rjmp	.+4      	; 0x36e <DIO_setpinvalue+0xbe>
     36a:	88 0f       	add	r24, r24
     36c:	99 1f       	adc	r25, r25
     36e:	0a 94       	dec	r0
     370:	e2 f7       	brpl	.-8      	; 0x36a <DIO_setpinvalue+0xba>
     372:	80 95       	com	r24
     374:	84 23       	and	r24, r20
     376:	8c 93       	st	X, r24
     378:	29 c0       	rjmp	.+82     	; 0x3cc <DIO_setpinvalue+0x11c>
		case 	DIO_portC:CLR_BIT(PORTC_REGISTER,copy_pinnumber); break;
     37a:	a5 e3       	ldi	r26, 0x35	; 53
     37c:	b0 e0       	ldi	r27, 0x00	; 0
     37e:	e5 e3       	ldi	r30, 0x35	; 53
     380:	f0 e0       	ldi	r31, 0x00	; 0
     382:	80 81       	ld	r24, Z
     384:	48 2f       	mov	r20, r24
     386:	8b 81       	ldd	r24, Y+3	; 0x03
     388:	28 2f       	mov	r18, r24
     38a:	30 e0       	ldi	r19, 0x00	; 0
     38c:	81 e0       	ldi	r24, 0x01	; 1
     38e:	90 e0       	ldi	r25, 0x00	; 0
     390:	02 2e       	mov	r0, r18
     392:	02 c0       	rjmp	.+4      	; 0x398 <DIO_setpinvalue+0xe8>
     394:	88 0f       	add	r24, r24
     396:	99 1f       	adc	r25, r25
     398:	0a 94       	dec	r0
     39a:	e2 f7       	brpl	.-8      	; 0x394 <DIO_setpinvalue+0xe4>
     39c:	80 95       	com	r24
     39e:	84 23       	and	r24, r20
     3a0:	8c 93       	st	X, r24
     3a2:	14 c0       	rjmp	.+40     	; 0x3cc <DIO_setpinvalue+0x11c>
		case	DIO_portD:CLR_BIT(PORTD_REGISTER,copy_pinnumber); break;
     3a4:	a2 e3       	ldi	r26, 0x32	; 50
     3a6:	b0 e0       	ldi	r27, 0x00	; 0
     3a8:	e2 e3       	ldi	r30, 0x32	; 50
     3aa:	f0 e0       	ldi	r31, 0x00	; 0
     3ac:	80 81       	ld	r24, Z
     3ae:	48 2f       	mov	r20, r24
     3b0:	8b 81       	ldd	r24, Y+3	; 0x03
     3b2:	28 2f       	mov	r18, r24
     3b4:	30 e0       	ldi	r19, 0x00	; 0
     3b6:	81 e0       	ldi	r24, 0x01	; 1
     3b8:	90 e0       	ldi	r25, 0x00	; 0
     3ba:	02 2e       	mov	r0, r18
     3bc:	02 c0       	rjmp	.+4      	; 0x3c2 <DIO_setpinvalue+0x112>
     3be:	88 0f       	add	r24, r24
     3c0:	99 1f       	adc	r25, r25
     3c2:	0a 94       	dec	r0
     3c4:	e2 f7       	brpl	.-8      	; 0x3be <DIO_setpinvalue+0x10e>
     3c6:	80 95       	com	r24
     3c8:	84 23       	and	r24, r20
     3ca:	8c 93       	st	X, r24
}
}
if(copy_pinvalue==PIN_HIGH)
     3cc:	8c 81       	ldd	r24, Y+4	; 0x04
     3ce:	81 30       	cpi	r24, 0x01	; 1
     3d0:	09 f0       	breq	.+2      	; 0x3d4 <DIO_setpinvalue+0x124>
     3d2:	6f c0       	rjmp	.+222    	; 0x4b2 <DIO_setpinvalue+0x202>
{
switch(copy_port)
     3d4:	8a 81       	ldd	r24, Y+2	; 0x02
     3d6:	28 2f       	mov	r18, r24
     3d8:	30 e0       	ldi	r19, 0x00	; 0
     3da:	3e 83       	std	Y+6, r19	; 0x06
     3dc:	2d 83       	std	Y+5, r18	; 0x05
     3de:	8d 81       	ldd	r24, Y+5	; 0x05
     3e0:	9e 81       	ldd	r25, Y+6	; 0x06
     3e2:	81 30       	cpi	r24, 0x01	; 1
     3e4:	91 05       	cpc	r25, r1
     3e6:	49 f1       	breq	.+82     	; 0x43a <DIO_setpinvalue+0x18a>
     3e8:	2d 81       	ldd	r18, Y+5	; 0x05
     3ea:	3e 81       	ldd	r19, Y+6	; 0x06
     3ec:	22 30       	cpi	r18, 0x02	; 2
     3ee:	31 05       	cpc	r19, r1
     3f0:	2c f4       	brge	.+10     	; 0x3fc <DIO_setpinvalue+0x14c>
     3f2:	8d 81       	ldd	r24, Y+5	; 0x05
     3f4:	9e 81       	ldd	r25, Y+6	; 0x06
     3f6:	00 97       	sbiw	r24, 0x00	; 0
     3f8:	61 f0       	breq	.+24     	; 0x412 <DIO_setpinvalue+0x162>
     3fa:	5e c0       	rjmp	.+188    	; 0x4b8 <DIO_setpinvalue+0x208>
     3fc:	2d 81       	ldd	r18, Y+5	; 0x05
     3fe:	3e 81       	ldd	r19, Y+6	; 0x06
     400:	22 30       	cpi	r18, 0x02	; 2
     402:	31 05       	cpc	r19, r1
     404:	71 f1       	breq	.+92     	; 0x462 <DIO_setpinvalue+0x1b2>
     406:	8d 81       	ldd	r24, Y+5	; 0x05
     408:	9e 81       	ldd	r25, Y+6	; 0x06
     40a:	83 30       	cpi	r24, 0x03	; 3
     40c:	91 05       	cpc	r25, r1
     40e:	e9 f1       	breq	.+122    	; 0x48a <DIO_setpinvalue+0x1da>
     410:	53 c0       	rjmp	.+166    	; 0x4b8 <DIO_setpinvalue+0x208>
{
	/* check on the port name */
	case	DIO_portA:SET_BIT(PORTA_REGISTER,copy_pinnumber); break;
     412:	ab e3       	ldi	r26, 0x3B	; 59
     414:	b0 e0       	ldi	r27, 0x00	; 0
     416:	eb e3       	ldi	r30, 0x3B	; 59
     418:	f0 e0       	ldi	r31, 0x00	; 0
     41a:	80 81       	ld	r24, Z
     41c:	48 2f       	mov	r20, r24
     41e:	8b 81       	ldd	r24, Y+3	; 0x03
     420:	28 2f       	mov	r18, r24
     422:	30 e0       	ldi	r19, 0x00	; 0
     424:	81 e0       	ldi	r24, 0x01	; 1
     426:	90 e0       	ldi	r25, 0x00	; 0
     428:	02 2e       	mov	r0, r18
     42a:	02 c0       	rjmp	.+4      	; 0x430 <DIO_setpinvalue+0x180>
     42c:	88 0f       	add	r24, r24
     42e:	99 1f       	adc	r25, r25
     430:	0a 94       	dec	r0
     432:	e2 f7       	brpl	.-8      	; 0x42c <DIO_setpinvalue+0x17c>
     434:	84 2b       	or	r24, r20
     436:	8c 93       	st	X, r24
     438:	3f c0       	rjmp	.+126    	; 0x4b8 <DIO_setpinvalue+0x208>
	case	DIO_portB:SET_BIT(PORTB_REGISTER,copy_pinnumber); break;
     43a:	a8 e3       	ldi	r26, 0x38	; 56
     43c:	b0 e0       	ldi	r27, 0x00	; 0
     43e:	e8 e3       	ldi	r30, 0x38	; 56
     440:	f0 e0       	ldi	r31, 0x00	; 0
     442:	80 81       	ld	r24, Z
     444:	48 2f       	mov	r20, r24
     446:	8b 81       	ldd	r24, Y+3	; 0x03
     448:	28 2f       	mov	r18, r24
     44a:	30 e0       	ldi	r19, 0x00	; 0
     44c:	81 e0       	ldi	r24, 0x01	; 1
     44e:	90 e0       	ldi	r25, 0x00	; 0
     450:	02 2e       	mov	r0, r18
     452:	02 c0       	rjmp	.+4      	; 0x458 <DIO_setpinvalue+0x1a8>
     454:	88 0f       	add	r24, r24
     456:	99 1f       	adc	r25, r25
     458:	0a 94       	dec	r0
     45a:	e2 f7       	brpl	.-8      	; 0x454 <DIO_setpinvalue+0x1a4>
     45c:	84 2b       	or	r24, r20
     45e:	8c 93       	st	X, r24
     460:	2b c0       	rjmp	.+86     	; 0x4b8 <DIO_setpinvalue+0x208>
	case	DIO_portC:SET_BIT(PORTC_REGISTER,copy_pinnumber); break;
     462:	a5 e3       	ldi	r26, 0x35	; 53
     464:	b0 e0       	ldi	r27, 0x00	; 0
     466:	e5 e3       	ldi	r30, 0x35	; 53
     468:	f0 e0       	ldi	r31, 0x00	; 0
     46a:	80 81       	ld	r24, Z
     46c:	48 2f       	mov	r20, r24
     46e:	8b 81       	ldd	r24, Y+3	; 0x03
     470:	28 2f       	mov	r18, r24
     472:	30 e0       	ldi	r19, 0x00	; 0
     474:	81 e0       	ldi	r24, 0x01	; 1
     476:	90 e0       	ldi	r25, 0x00	; 0
     478:	02 2e       	mov	r0, r18
     47a:	02 c0       	rjmp	.+4      	; 0x480 <DIO_setpinvalue+0x1d0>
     47c:	88 0f       	add	r24, r24
     47e:	99 1f       	adc	r25, r25
     480:	0a 94       	dec	r0
     482:	e2 f7       	brpl	.-8      	; 0x47c <DIO_setpinvalue+0x1cc>
     484:	84 2b       	or	r24, r20
     486:	8c 93       	st	X, r24
     488:	17 c0       	rjmp	.+46     	; 0x4b8 <DIO_setpinvalue+0x208>
	case	DIO_portD:SET_BIT(PORTD_REGISTER,copy_pinnumber); break;
     48a:	a2 e3       	ldi	r26, 0x32	; 50
     48c:	b0 e0       	ldi	r27, 0x00	; 0
     48e:	e2 e3       	ldi	r30, 0x32	; 50
     490:	f0 e0       	ldi	r31, 0x00	; 0
     492:	80 81       	ld	r24, Z
     494:	48 2f       	mov	r20, r24
     496:	8b 81       	ldd	r24, Y+3	; 0x03
     498:	28 2f       	mov	r18, r24
     49a:	30 e0       	ldi	r19, 0x00	; 0
     49c:	81 e0       	ldi	r24, 0x01	; 1
     49e:	90 e0       	ldi	r25, 0x00	; 0
     4a0:	02 2e       	mov	r0, r18
     4a2:	02 c0       	rjmp	.+4      	; 0x4a8 <DIO_setpinvalue+0x1f8>
     4a4:	88 0f       	add	r24, r24
     4a6:	99 1f       	adc	r25, r25
     4a8:	0a 94       	dec	r0
     4aa:	e2 f7       	brpl	.-8      	; 0x4a4 <DIO_setpinvalue+0x1f4>
     4ac:	84 2b       	or	r24, r20
     4ae:	8c 93       	st	X, r24
     4b0:	03 c0       	rjmp	.+6      	; 0x4b8 <DIO_setpinvalue+0x208>
}
}
else
{
	LOC_STATE=DIO_Nok;
     4b2:	19 82       	std	Y+1, r1	; 0x01
     4b4:	01 c0       	rjmp	.+2      	; 0x4b8 <DIO_setpinvalue+0x208>
}
}
else
{
	LOC_STATE=DIO_Nok;
     4b6:	19 82       	std	Y+1, r1	; 0x01
}
return LOC_STATE;
     4b8:	89 81       	ldd	r24, Y+1	; 0x01
}
     4ba:	28 96       	adiw	r28, 0x08	; 8
     4bc:	0f b6       	in	r0, 0x3f	; 63
     4be:	f8 94       	cli
     4c0:	de bf       	out	0x3e, r29	; 62
     4c2:	0f be       	out	0x3f, r0	; 63
     4c4:	cd bf       	out	0x3d, r28	; 61
     4c6:	cf 91       	pop	r28
     4c8:	df 91       	pop	r29
     4ca:	08 95       	ret

000004cc <DIO_getpinvalue>:

*/	


DIO_errorstate DIO_getpinvalue(u8 copy_port,u8 copy_pinnumber , u8* pinvalue             )
{
     4cc:	df 93       	push	r29
     4ce:	cf 93       	push	r28
     4d0:	cd b7       	in	r28, 0x3d	; 61
     4d2:	de b7       	in	r29, 0x3e	; 62
     4d4:	27 97       	sbiw	r28, 0x07	; 7
     4d6:	0f b6       	in	r0, 0x3f	; 63
     4d8:	f8 94       	cli
     4da:	de bf       	out	0x3e, r29	; 62
     4dc:	0f be       	out	0x3f, r0	; 63
     4de:	cd bf       	out	0x3d, r28	; 61
     4e0:	8a 83       	std	Y+2, r24	; 0x02
     4e2:	6b 83       	std	Y+3, r22	; 0x03
     4e4:	5d 83       	std	Y+5, r21	; 0x05
     4e6:	4c 83       	std	Y+4, r20	; 0x04
DIO_errorstate LOC_STATE=DIO_ok;
     4e8:	81 e0       	ldi	r24, 0x01	; 1
     4ea:	89 83       	std	Y+1, r24	; 0x01
/* check if the given paramter is in valid range */
if((copy_port<=DIO_portD)&&(copy_pinnumber<=PIN7))
     4ec:	8a 81       	ldd	r24, Y+2	; 0x02
     4ee:	84 30       	cpi	r24, 0x04	; 4
     4f0:	08 f0       	brcs	.+2      	; 0x4f4 <DIO_getpinvalue+0x28>
     4f2:	a6 c0       	rjmp	.+332    	; 0x640 <DIO_getpinvalue+0x174>
     4f4:	8b 81       	ldd	r24, Y+3	; 0x03
     4f6:	88 30       	cpi	r24, 0x08	; 8
     4f8:	08 f0       	brcs	.+2      	; 0x4fc <DIO_getpinvalue+0x30>
     4fa:	a2 c0       	rjmp	.+324    	; 0x640 <DIO_getpinvalue+0x174>
{
switch(copy_port)
     4fc:	8a 81       	ldd	r24, Y+2	; 0x02
     4fe:	28 2f       	mov	r18, r24
     500:	30 e0       	ldi	r19, 0x00	; 0
     502:	3f 83       	std	Y+7, r19	; 0x07
     504:	2e 83       	std	Y+6, r18	; 0x06
     506:	4e 81       	ldd	r20, Y+6	; 0x06
     508:	5f 81       	ldd	r21, Y+7	; 0x07
     50a:	41 30       	cpi	r20, 0x01	; 1
     50c:	51 05       	cpc	r21, r1
     50e:	c1 f1       	breq	.+112    	; 0x580 <DIO_getpinvalue+0xb4>
     510:	8e 81       	ldd	r24, Y+6	; 0x06
     512:	9f 81       	ldd	r25, Y+7	; 0x07
     514:	82 30       	cpi	r24, 0x02	; 2
     516:	91 05       	cpc	r25, r1
     518:	34 f4       	brge	.+12     	; 0x526 <DIO_getpinvalue+0x5a>
     51a:	2e 81       	ldd	r18, Y+6	; 0x06
     51c:	3f 81       	ldd	r19, Y+7	; 0x07
     51e:	21 15       	cp	r18, r1
     520:	31 05       	cpc	r19, r1
     522:	71 f0       	breq	.+28     	; 0x540 <DIO_getpinvalue+0x74>
     524:	8e c0       	rjmp	.+284    	; 0x642 <DIO_getpinvalue+0x176>
     526:	4e 81       	ldd	r20, Y+6	; 0x06
     528:	5f 81       	ldd	r21, Y+7	; 0x07
     52a:	42 30       	cpi	r20, 0x02	; 2
     52c:	51 05       	cpc	r21, r1
     52e:	09 f4       	brne	.+2      	; 0x532 <DIO_getpinvalue+0x66>
     530:	47 c0       	rjmp	.+142    	; 0x5c0 <DIO_getpinvalue+0xf4>
     532:	8e 81       	ldd	r24, Y+6	; 0x06
     534:	9f 81       	ldd	r25, Y+7	; 0x07
     536:	83 30       	cpi	r24, 0x03	; 3
     538:	91 05       	cpc	r25, r1
     53a:	09 f4       	brne	.+2      	; 0x53e <DIO_getpinvalue+0x72>
     53c:	61 c0       	rjmp	.+194    	; 0x600 <DIO_getpinvalue+0x134>
     53e:	81 c0       	rjmp	.+258    	; 0x642 <DIO_getpinvalue+0x176>
{
	/* check on the port name */
	case	DIO_portA:* pinvalue  = GET_BIT(PINA_REGISTER,copy_pinnumber);break;
     540:	e9 e3       	ldi	r30, 0x39	; 57
     542:	f0 e0       	ldi	r31, 0x00	; 0
     544:	80 81       	ld	r24, Z
     546:	48 2f       	mov	r20, r24
     548:	50 e0       	ldi	r21, 0x00	; 0
     54a:	8b 81       	ldd	r24, Y+3	; 0x03
     54c:	28 2f       	mov	r18, r24
     54e:	30 e0       	ldi	r19, 0x00	; 0
     550:	81 e0       	ldi	r24, 0x01	; 1
     552:	90 e0       	ldi	r25, 0x00	; 0
     554:	02 c0       	rjmp	.+4      	; 0x55a <DIO_getpinvalue+0x8e>
     556:	88 0f       	add	r24, r24
     558:	99 1f       	adc	r25, r25
     55a:	2a 95       	dec	r18
     55c:	e2 f7       	brpl	.-8      	; 0x556 <DIO_getpinvalue+0x8a>
     55e:	9a 01       	movw	r18, r20
     560:	28 23       	and	r18, r24
     562:	39 23       	and	r19, r25
     564:	8b 81       	ldd	r24, Y+3	; 0x03
     566:	88 2f       	mov	r24, r24
     568:	90 e0       	ldi	r25, 0x00	; 0
     56a:	a9 01       	movw	r20, r18
     56c:	02 c0       	rjmp	.+4      	; 0x572 <DIO_getpinvalue+0xa6>
     56e:	55 95       	asr	r21
     570:	47 95       	ror	r20
     572:	8a 95       	dec	r24
     574:	e2 f7       	brpl	.-8      	; 0x56e <DIO_getpinvalue+0xa2>
     576:	ca 01       	movw	r24, r20
     578:	ec 81       	ldd	r30, Y+4	; 0x04
     57a:	fd 81       	ldd	r31, Y+5	; 0x05
     57c:	80 83       	st	Z, r24
     57e:	61 c0       	rjmp	.+194    	; 0x642 <DIO_getpinvalue+0x176>
	case	DIO_portB:* pinvalue  = GET_BIT(PINB_REGISTER,copy_pinnumber);break;
     580:	e6 e3       	ldi	r30, 0x36	; 54
     582:	f0 e0       	ldi	r31, 0x00	; 0
     584:	80 81       	ld	r24, Z
     586:	48 2f       	mov	r20, r24
     588:	50 e0       	ldi	r21, 0x00	; 0
     58a:	8b 81       	ldd	r24, Y+3	; 0x03
     58c:	28 2f       	mov	r18, r24
     58e:	30 e0       	ldi	r19, 0x00	; 0
     590:	81 e0       	ldi	r24, 0x01	; 1
     592:	90 e0       	ldi	r25, 0x00	; 0
     594:	02 c0       	rjmp	.+4      	; 0x59a <DIO_getpinvalue+0xce>
     596:	88 0f       	add	r24, r24
     598:	99 1f       	adc	r25, r25
     59a:	2a 95       	dec	r18
     59c:	e2 f7       	brpl	.-8      	; 0x596 <DIO_getpinvalue+0xca>
     59e:	9a 01       	movw	r18, r20
     5a0:	28 23       	and	r18, r24
     5a2:	39 23       	and	r19, r25
     5a4:	8b 81       	ldd	r24, Y+3	; 0x03
     5a6:	88 2f       	mov	r24, r24
     5a8:	90 e0       	ldi	r25, 0x00	; 0
     5aa:	a9 01       	movw	r20, r18
     5ac:	02 c0       	rjmp	.+4      	; 0x5b2 <DIO_getpinvalue+0xe6>
     5ae:	55 95       	asr	r21
     5b0:	47 95       	ror	r20
     5b2:	8a 95       	dec	r24
     5b4:	e2 f7       	brpl	.-8      	; 0x5ae <DIO_getpinvalue+0xe2>
     5b6:	ca 01       	movw	r24, r20
     5b8:	ec 81       	ldd	r30, Y+4	; 0x04
     5ba:	fd 81       	ldd	r31, Y+5	; 0x05
     5bc:	80 83       	st	Z, r24
     5be:	41 c0       	rjmp	.+130    	; 0x642 <DIO_getpinvalue+0x176>
	case	DIO_portC:* pinvalue  = GET_BIT(PINC_REGISTER,copy_pinnumber);break;
     5c0:	e3 e3       	ldi	r30, 0x33	; 51
     5c2:	f0 e0       	ldi	r31, 0x00	; 0
     5c4:	80 81       	ld	r24, Z
     5c6:	48 2f       	mov	r20, r24
     5c8:	50 e0       	ldi	r21, 0x00	; 0
     5ca:	8b 81       	ldd	r24, Y+3	; 0x03
     5cc:	28 2f       	mov	r18, r24
     5ce:	30 e0       	ldi	r19, 0x00	; 0
     5d0:	81 e0       	ldi	r24, 0x01	; 1
     5d2:	90 e0       	ldi	r25, 0x00	; 0
     5d4:	02 c0       	rjmp	.+4      	; 0x5da <DIO_getpinvalue+0x10e>
     5d6:	88 0f       	add	r24, r24
     5d8:	99 1f       	adc	r25, r25
     5da:	2a 95       	dec	r18
     5dc:	e2 f7       	brpl	.-8      	; 0x5d6 <DIO_getpinvalue+0x10a>
     5de:	9a 01       	movw	r18, r20
     5e0:	28 23       	and	r18, r24
     5e2:	39 23       	and	r19, r25
     5e4:	8b 81       	ldd	r24, Y+3	; 0x03
     5e6:	88 2f       	mov	r24, r24
     5e8:	90 e0       	ldi	r25, 0x00	; 0
     5ea:	a9 01       	movw	r20, r18
     5ec:	02 c0       	rjmp	.+4      	; 0x5f2 <DIO_getpinvalue+0x126>
     5ee:	55 95       	asr	r21
     5f0:	47 95       	ror	r20
     5f2:	8a 95       	dec	r24
     5f4:	e2 f7       	brpl	.-8      	; 0x5ee <DIO_getpinvalue+0x122>
     5f6:	ca 01       	movw	r24, r20
     5f8:	ec 81       	ldd	r30, Y+4	; 0x04
     5fa:	fd 81       	ldd	r31, Y+5	; 0x05
     5fc:	80 83       	st	Z, r24
     5fe:	21 c0       	rjmp	.+66     	; 0x642 <DIO_getpinvalue+0x176>
	case	DIO_portD:* pinvalue  = GET_BIT(PIND_REGISTER,copy_pinnumber);break;
     600:	e0 e3       	ldi	r30, 0x30	; 48
     602:	f0 e0       	ldi	r31, 0x00	; 0
     604:	80 81       	ld	r24, Z
     606:	48 2f       	mov	r20, r24
     608:	50 e0       	ldi	r21, 0x00	; 0
     60a:	8b 81       	ldd	r24, Y+3	; 0x03
     60c:	28 2f       	mov	r18, r24
     60e:	30 e0       	ldi	r19, 0x00	; 0
     610:	81 e0       	ldi	r24, 0x01	; 1
     612:	90 e0       	ldi	r25, 0x00	; 0
     614:	02 c0       	rjmp	.+4      	; 0x61a <DIO_getpinvalue+0x14e>
     616:	88 0f       	add	r24, r24
     618:	99 1f       	adc	r25, r25
     61a:	2a 95       	dec	r18
     61c:	e2 f7       	brpl	.-8      	; 0x616 <DIO_getpinvalue+0x14a>
     61e:	9a 01       	movw	r18, r20
     620:	28 23       	and	r18, r24
     622:	39 23       	and	r19, r25
     624:	8b 81       	ldd	r24, Y+3	; 0x03
     626:	88 2f       	mov	r24, r24
     628:	90 e0       	ldi	r25, 0x00	; 0
     62a:	a9 01       	movw	r20, r18
     62c:	02 c0       	rjmp	.+4      	; 0x632 <DIO_getpinvalue+0x166>
     62e:	55 95       	asr	r21
     630:	47 95       	ror	r20
     632:	8a 95       	dec	r24
     634:	e2 f7       	brpl	.-8      	; 0x62e <DIO_getpinvalue+0x162>
     636:	ca 01       	movw	r24, r20
     638:	ec 81       	ldd	r30, Y+4	; 0x04
     63a:	fd 81       	ldd	r31, Y+5	; 0x05
     63c:	80 83       	st	Z, r24
     63e:	01 c0       	rjmp	.+2      	; 0x642 <DIO_getpinvalue+0x176>
}
}
else
{
	LOC_STATE=DIO_Nok;
     640:	19 82       	std	Y+1, r1	; 0x01
}
return LOC_STATE ;
     642:	89 81       	ldd	r24, Y+1	; 0x01
}
     644:	27 96       	adiw	r28, 0x07	; 7
     646:	0f b6       	in	r0, 0x3f	; 63
     648:	f8 94       	cli
     64a:	de bf       	out	0x3e, r29	; 62
     64c:	0f be       	out	0x3f, r0	; 63
     64e:	cd bf       	out	0x3d, r28	; 61
     650:	cf 91       	pop	r28
     652:	df 91       	pop	r29
     654:	08 95       	ret

00000656 <DIO_togelpinvalue>:
	return : its statues (DIO_Nok,DIO_ok)

*/

DIO_errorstate DIO_togelpinvalue(u8 copy_port,u8 copy_pinnumber                          )
{
     656:	df 93       	push	r29
     658:	cf 93       	push	r28
     65a:	00 d0       	rcall	.+0      	; 0x65c <DIO_togelpinvalue+0x6>
     65c:	00 d0       	rcall	.+0      	; 0x65e <DIO_togelpinvalue+0x8>
     65e:	0f 92       	push	r0
     660:	cd b7       	in	r28, 0x3d	; 61
     662:	de b7       	in	r29, 0x3e	; 62
     664:	8a 83       	std	Y+2, r24	; 0x02
     666:	6b 83       	std	Y+3, r22	; 0x03
DIO_errorstate LOC_STATE=DIO_ok;
     668:	81 e0       	ldi	r24, 0x01	; 1
     66a:	89 83       	std	Y+1, r24	; 0x01
/* check if the given paramter is in valid range */
if((copy_port<=DIO_portD)&&(copy_pinnumber<=PIN7))
     66c:	8a 81       	ldd	r24, Y+2	; 0x02
     66e:	84 30       	cpi	r24, 0x04	; 4
     670:	08 f0       	brcs	.+2      	; 0x674 <DIO_togelpinvalue+0x1e>
     672:	73 c0       	rjmp	.+230    	; 0x75a <DIO_togelpinvalue+0x104>
     674:	8b 81       	ldd	r24, Y+3	; 0x03
     676:	88 30       	cpi	r24, 0x08	; 8
     678:	08 f0       	brcs	.+2      	; 0x67c <DIO_togelpinvalue+0x26>
     67a:	6f c0       	rjmp	.+222    	; 0x75a <DIO_togelpinvalue+0x104>
{
switch(copy_port){
     67c:	8a 81       	ldd	r24, Y+2	; 0x02
     67e:	28 2f       	mov	r18, r24
     680:	30 e0       	ldi	r19, 0x00	; 0
     682:	3d 83       	std	Y+5, r19	; 0x05
     684:	2c 83       	std	Y+4, r18	; 0x04
     686:	8c 81       	ldd	r24, Y+4	; 0x04
     688:	9d 81       	ldd	r25, Y+5	; 0x05
     68a:	81 30       	cpi	r24, 0x01	; 1
     68c:	91 05       	cpc	r25, r1
     68e:	49 f1       	breq	.+82     	; 0x6e2 <DIO_togelpinvalue+0x8c>
     690:	2c 81       	ldd	r18, Y+4	; 0x04
     692:	3d 81       	ldd	r19, Y+5	; 0x05
     694:	22 30       	cpi	r18, 0x02	; 2
     696:	31 05       	cpc	r19, r1
     698:	2c f4       	brge	.+10     	; 0x6a4 <DIO_togelpinvalue+0x4e>
     69a:	8c 81       	ldd	r24, Y+4	; 0x04
     69c:	9d 81       	ldd	r25, Y+5	; 0x05
     69e:	00 97       	sbiw	r24, 0x00	; 0
     6a0:	61 f0       	breq	.+24     	; 0x6ba <DIO_togelpinvalue+0x64>
     6a2:	5c c0       	rjmp	.+184    	; 0x75c <DIO_togelpinvalue+0x106>
     6a4:	2c 81       	ldd	r18, Y+4	; 0x04
     6a6:	3d 81       	ldd	r19, Y+5	; 0x05
     6a8:	22 30       	cpi	r18, 0x02	; 2
     6aa:	31 05       	cpc	r19, r1
     6ac:	71 f1       	breq	.+92     	; 0x70a <DIO_togelpinvalue+0xb4>
     6ae:	8c 81       	ldd	r24, Y+4	; 0x04
     6b0:	9d 81       	ldd	r25, Y+5	; 0x05
     6b2:	83 30       	cpi	r24, 0x03	; 3
     6b4:	91 05       	cpc	r25, r1
     6b6:	e9 f1       	breq	.+122    	; 0x732 <DIO_togelpinvalue+0xdc>
     6b8:	51 c0       	rjmp	.+162    	; 0x75c <DIO_togelpinvalue+0x106>
	/* check on the port name */
	case	DIO_portA:TOG_BIT(PORTA_REGISTER,copy_pinnumber); break;
     6ba:	ab e3       	ldi	r26, 0x3B	; 59
     6bc:	b0 e0       	ldi	r27, 0x00	; 0
     6be:	eb e3       	ldi	r30, 0x3B	; 59
     6c0:	f0 e0       	ldi	r31, 0x00	; 0
     6c2:	80 81       	ld	r24, Z
     6c4:	48 2f       	mov	r20, r24
     6c6:	8b 81       	ldd	r24, Y+3	; 0x03
     6c8:	28 2f       	mov	r18, r24
     6ca:	30 e0       	ldi	r19, 0x00	; 0
     6cc:	81 e0       	ldi	r24, 0x01	; 1
     6ce:	90 e0       	ldi	r25, 0x00	; 0
     6d0:	02 2e       	mov	r0, r18
     6d2:	02 c0       	rjmp	.+4      	; 0x6d8 <DIO_togelpinvalue+0x82>
     6d4:	88 0f       	add	r24, r24
     6d6:	99 1f       	adc	r25, r25
     6d8:	0a 94       	dec	r0
     6da:	e2 f7       	brpl	.-8      	; 0x6d4 <DIO_togelpinvalue+0x7e>
     6dc:	84 27       	eor	r24, r20
     6de:	8c 93       	st	X, r24
     6e0:	3d c0       	rjmp	.+122    	; 0x75c <DIO_togelpinvalue+0x106>
	case	DIO_portB:TOG_BIT(PORTB_REGISTER,copy_pinnumber); break;
     6e2:	a8 e3       	ldi	r26, 0x38	; 56
     6e4:	b0 e0       	ldi	r27, 0x00	; 0
     6e6:	e8 e3       	ldi	r30, 0x38	; 56
     6e8:	f0 e0       	ldi	r31, 0x00	; 0
     6ea:	80 81       	ld	r24, Z
     6ec:	48 2f       	mov	r20, r24
     6ee:	8b 81       	ldd	r24, Y+3	; 0x03
     6f0:	28 2f       	mov	r18, r24
     6f2:	30 e0       	ldi	r19, 0x00	; 0
     6f4:	81 e0       	ldi	r24, 0x01	; 1
     6f6:	90 e0       	ldi	r25, 0x00	; 0
     6f8:	02 2e       	mov	r0, r18
     6fa:	02 c0       	rjmp	.+4      	; 0x700 <DIO_togelpinvalue+0xaa>
     6fc:	88 0f       	add	r24, r24
     6fe:	99 1f       	adc	r25, r25
     700:	0a 94       	dec	r0
     702:	e2 f7       	brpl	.-8      	; 0x6fc <DIO_togelpinvalue+0xa6>
     704:	84 27       	eor	r24, r20
     706:	8c 93       	st	X, r24
     708:	29 c0       	rjmp	.+82     	; 0x75c <DIO_togelpinvalue+0x106>
	case	DIO_portC:TOG_BIT(PORTC_REGISTER,copy_pinnumber); break;
     70a:	a5 e3       	ldi	r26, 0x35	; 53
     70c:	b0 e0       	ldi	r27, 0x00	; 0
     70e:	e5 e3       	ldi	r30, 0x35	; 53
     710:	f0 e0       	ldi	r31, 0x00	; 0
     712:	80 81       	ld	r24, Z
     714:	48 2f       	mov	r20, r24
     716:	8b 81       	ldd	r24, Y+3	; 0x03
     718:	28 2f       	mov	r18, r24
     71a:	30 e0       	ldi	r19, 0x00	; 0
     71c:	81 e0       	ldi	r24, 0x01	; 1
     71e:	90 e0       	ldi	r25, 0x00	; 0
     720:	02 2e       	mov	r0, r18
     722:	02 c0       	rjmp	.+4      	; 0x728 <DIO_togelpinvalue+0xd2>
     724:	88 0f       	add	r24, r24
     726:	99 1f       	adc	r25, r25
     728:	0a 94       	dec	r0
     72a:	e2 f7       	brpl	.-8      	; 0x724 <DIO_togelpinvalue+0xce>
     72c:	84 27       	eor	r24, r20
     72e:	8c 93       	st	X, r24
     730:	15 c0       	rjmp	.+42     	; 0x75c <DIO_togelpinvalue+0x106>
	case	DIO_portD:TOG_BIT(PORTD_REGISTER,copy_pinnumber); break;
     732:	a2 e3       	ldi	r26, 0x32	; 50
     734:	b0 e0       	ldi	r27, 0x00	; 0
     736:	e2 e3       	ldi	r30, 0x32	; 50
     738:	f0 e0       	ldi	r31, 0x00	; 0
     73a:	80 81       	ld	r24, Z
     73c:	48 2f       	mov	r20, r24
     73e:	8b 81       	ldd	r24, Y+3	; 0x03
     740:	28 2f       	mov	r18, r24
     742:	30 e0       	ldi	r19, 0x00	; 0
     744:	81 e0       	ldi	r24, 0x01	; 1
     746:	90 e0       	ldi	r25, 0x00	; 0
     748:	02 2e       	mov	r0, r18
     74a:	02 c0       	rjmp	.+4      	; 0x750 <DIO_togelpinvalue+0xfa>
     74c:	88 0f       	add	r24, r24
     74e:	99 1f       	adc	r25, r25
     750:	0a 94       	dec	r0
     752:	e2 f7       	brpl	.-8      	; 0x74c <DIO_togelpinvalue+0xf6>
     754:	84 27       	eor	r24, r20
     756:	8c 93       	st	X, r24
     758:	01 c0       	rjmp	.+2      	; 0x75c <DIO_togelpinvalue+0x106>
}
}
else 
{
	LOC_STATE=DIO_Nok;
     75a:	19 82       	std	Y+1, r1	; 0x01
}
return LOC_STATE ;
     75c:	89 81       	ldd	r24, Y+1	; 0x01
}
     75e:	0f 90       	pop	r0
     760:	0f 90       	pop	r0
     762:	0f 90       	pop	r0
     764:	0f 90       	pop	r0
     766:	0f 90       	pop	r0
     768:	cf 91       	pop	r28
     76a:	df 91       	pop	r29
     76c:	08 95       	ret

0000076e <DIO_setportdirection>:
	return : its statues (DIO_Nok,DIO_ok)

*/

DIO_errorstate DIO_setportdirection (u8 copy_port , u8 copy_portdirection )
{
     76e:	df 93       	push	r29
     770:	cf 93       	push	r28
     772:	00 d0       	rcall	.+0      	; 0x774 <DIO_setportdirection+0x6>
     774:	00 d0       	rcall	.+0      	; 0x776 <DIO_setportdirection+0x8>
     776:	0f 92       	push	r0
     778:	cd b7       	in	r28, 0x3d	; 61
     77a:	de b7       	in	r29, 0x3e	; 62
     77c:	8a 83       	std	Y+2, r24	; 0x02
     77e:	6b 83       	std	Y+3, r22	; 0x03
	DIO_errorstate LOC_STATE = DIO_ok;
     780:	81 e0       	ldi	r24, 0x01	; 1
     782:	89 83       	std	Y+1, r24	; 0x01
	/* check on givin paramter is in valid range */
	
	if( copy_port<=DIO_portD ){
     784:	8a 81       	ldd	r24, Y+2	; 0x02
     786:	84 30       	cpi	r24, 0x04	; 4
     788:	98 f5       	brcc	.+102    	; 0x7f0 <DIO_setportdirection+0x82>
		/* check on port name */
		switch(copy_port)
     78a:	8a 81       	ldd	r24, Y+2	; 0x02
     78c:	28 2f       	mov	r18, r24
     78e:	30 e0       	ldi	r19, 0x00	; 0
     790:	3d 83       	std	Y+5, r19	; 0x05
     792:	2c 83       	std	Y+4, r18	; 0x04
     794:	8c 81       	ldd	r24, Y+4	; 0x04
     796:	9d 81       	ldd	r25, Y+5	; 0x05
     798:	81 30       	cpi	r24, 0x01	; 1
     79a:	91 05       	cpc	r25, r1
     79c:	d1 f0       	breq	.+52     	; 0x7d2 <DIO_setportdirection+0x64>
     79e:	2c 81       	ldd	r18, Y+4	; 0x04
     7a0:	3d 81       	ldd	r19, Y+5	; 0x05
     7a2:	22 30       	cpi	r18, 0x02	; 2
     7a4:	31 05       	cpc	r19, r1
     7a6:	2c f4       	brge	.+10     	; 0x7b2 <DIO_setportdirection+0x44>
     7a8:	8c 81       	ldd	r24, Y+4	; 0x04
     7aa:	9d 81       	ldd	r25, Y+5	; 0x05
     7ac:	00 97       	sbiw	r24, 0x00	; 0
     7ae:	61 f0       	breq	.+24     	; 0x7c8 <DIO_setportdirection+0x5a>
     7b0:	20 c0       	rjmp	.+64     	; 0x7f2 <DIO_setportdirection+0x84>
     7b2:	2c 81       	ldd	r18, Y+4	; 0x04
     7b4:	3d 81       	ldd	r19, Y+5	; 0x05
     7b6:	22 30       	cpi	r18, 0x02	; 2
     7b8:	31 05       	cpc	r19, r1
     7ba:	81 f0       	breq	.+32     	; 0x7dc <DIO_setportdirection+0x6e>
     7bc:	8c 81       	ldd	r24, Y+4	; 0x04
     7be:	9d 81       	ldd	r25, Y+5	; 0x05
     7c0:	83 30       	cpi	r24, 0x03	; 3
     7c2:	91 05       	cpc	r25, r1
     7c4:	81 f0       	breq	.+32     	; 0x7e6 <DIO_setportdirection+0x78>
     7c6:	15 c0       	rjmp	.+42     	; 0x7f2 <DIO_setportdirection+0x84>
		{
		case	DIO_portA : DDRA_REGISTER = copy_portdirection ; break ;
     7c8:	ea e3       	ldi	r30, 0x3A	; 58
     7ca:	f0 e0       	ldi	r31, 0x00	; 0
     7cc:	8b 81       	ldd	r24, Y+3	; 0x03
     7ce:	80 83       	st	Z, r24
     7d0:	10 c0       	rjmp	.+32     	; 0x7f2 <DIO_setportdirection+0x84>
		case    DIO_portB : DDRB_REGISTER = copy_portdirection ; break ;
     7d2:	e7 e3       	ldi	r30, 0x37	; 55
     7d4:	f0 e0       	ldi	r31, 0x00	; 0
     7d6:	8b 81       	ldd	r24, Y+3	; 0x03
     7d8:	80 83       	st	Z, r24
     7da:	0b c0       	rjmp	.+22     	; 0x7f2 <DIO_setportdirection+0x84>
		case	DIO_portC : DDRC_REGISTER = copy_portdirection ; break ;
     7dc:	e4 e3       	ldi	r30, 0x34	; 52
     7de:	f0 e0       	ldi	r31, 0x00	; 0
     7e0:	8b 81       	ldd	r24, Y+3	; 0x03
     7e2:	80 83       	st	Z, r24
     7e4:	06 c0       	rjmp	.+12     	; 0x7f2 <DIO_setportdirection+0x84>
		case    DIO_portD : DDRD_REGISTER = copy_portdirection ; break ;
     7e6:	e1 e3       	ldi	r30, 0x31	; 49
     7e8:	f0 e0       	ldi	r31, 0x00	; 0
     7ea:	8b 81       	ldd	r24, Y+3	; 0x03
     7ec:	80 83       	st	Z, r24
     7ee:	01 c0       	rjmp	.+2      	; 0x7f2 <DIO_setportdirection+0x84>
		}
	}
	else 
	{
		LOC_STATE =DIO_Nok;
     7f0:	19 82       	std	Y+1, r1	; 0x01
	}
	return LOC_STATE ;
     7f2:	89 81       	ldd	r24, Y+1	; 0x01
}
     7f4:	0f 90       	pop	r0
     7f6:	0f 90       	pop	r0
     7f8:	0f 90       	pop	r0
     7fa:	0f 90       	pop	r0
     7fc:	0f 90       	pop	r0
     7fe:	cf 91       	pop	r28
     800:	df 91       	pop	r29
     802:	08 95       	ret

00000804 <DIO_setportvalue>:

*/


DIO_errorstate DIO_setportvalue     (u8 copy_port , u8 copy_portvalue     )
{
     804:	df 93       	push	r29
     806:	cf 93       	push	r28
     808:	00 d0       	rcall	.+0      	; 0x80a <DIO_setportvalue+0x6>
     80a:	00 d0       	rcall	.+0      	; 0x80c <DIO_setportvalue+0x8>
     80c:	0f 92       	push	r0
     80e:	cd b7       	in	r28, 0x3d	; 61
     810:	de b7       	in	r29, 0x3e	; 62
     812:	8a 83       	std	Y+2, r24	; 0x02
     814:	6b 83       	std	Y+3, r22	; 0x03
		DIO_errorstate LOC_STATE = DIO_ok;
     816:	81 e0       	ldi	r24, 0x01	; 1
     818:	89 83       	std	Y+1, r24	; 0x01
	/* check on givin paramter is in valid range */
	
	if( copy_port<=DIO_portD ){
     81a:	8a 81       	ldd	r24, Y+2	; 0x02
     81c:	84 30       	cpi	r24, 0x04	; 4
     81e:	98 f5       	brcc	.+102    	; 0x886 <__stack+0x27>
		
		/* check on port name */
		switch(copy_port)
     820:	8a 81       	ldd	r24, Y+2	; 0x02
     822:	28 2f       	mov	r18, r24
     824:	30 e0       	ldi	r19, 0x00	; 0
     826:	3d 83       	std	Y+5, r19	; 0x05
     828:	2c 83       	std	Y+4, r18	; 0x04
     82a:	8c 81       	ldd	r24, Y+4	; 0x04
     82c:	9d 81       	ldd	r25, Y+5	; 0x05
     82e:	81 30       	cpi	r24, 0x01	; 1
     830:	91 05       	cpc	r25, r1
     832:	d1 f0       	breq	.+52     	; 0x868 <__stack+0x9>
     834:	2c 81       	ldd	r18, Y+4	; 0x04
     836:	3d 81       	ldd	r19, Y+5	; 0x05
     838:	22 30       	cpi	r18, 0x02	; 2
     83a:	31 05       	cpc	r19, r1
     83c:	2c f4       	brge	.+10     	; 0x848 <DIO_setportvalue+0x44>
     83e:	8c 81       	ldd	r24, Y+4	; 0x04
     840:	9d 81       	ldd	r25, Y+5	; 0x05
     842:	00 97       	sbiw	r24, 0x00	; 0
     844:	61 f0       	breq	.+24     	; 0x85e <DIO_setportvalue+0x5a>
     846:	20 c0       	rjmp	.+64     	; 0x888 <__stack+0x29>
     848:	2c 81       	ldd	r18, Y+4	; 0x04
     84a:	3d 81       	ldd	r19, Y+5	; 0x05
     84c:	22 30       	cpi	r18, 0x02	; 2
     84e:	31 05       	cpc	r19, r1
     850:	81 f0       	breq	.+32     	; 0x872 <__stack+0x13>
     852:	8c 81       	ldd	r24, Y+4	; 0x04
     854:	9d 81       	ldd	r25, Y+5	; 0x05
     856:	83 30       	cpi	r24, 0x03	; 3
     858:	91 05       	cpc	r25, r1
     85a:	81 f0       	breq	.+32     	; 0x87c <__stack+0x1d>
     85c:	15 c0       	rjmp	.+42     	; 0x888 <__stack+0x29>
		{
		case	DIO_portA : PORTA_REGISTER = copy_portvalue ; break ;
     85e:	eb e3       	ldi	r30, 0x3B	; 59
     860:	f0 e0       	ldi	r31, 0x00	; 0
     862:	8b 81       	ldd	r24, Y+3	; 0x03
     864:	80 83       	st	Z, r24
     866:	10 c0       	rjmp	.+32     	; 0x888 <__stack+0x29>
		case    DIO_portB : PORTB_REGISTER = copy_portvalue ; break ;
     868:	e8 e3       	ldi	r30, 0x38	; 56
     86a:	f0 e0       	ldi	r31, 0x00	; 0
     86c:	8b 81       	ldd	r24, Y+3	; 0x03
     86e:	80 83       	st	Z, r24
     870:	0b c0       	rjmp	.+22     	; 0x888 <__stack+0x29>
		case	DIO_portC : PORTC_REGISTER = copy_portvalue ; break ;
     872:	e5 e3       	ldi	r30, 0x35	; 53
     874:	f0 e0       	ldi	r31, 0x00	; 0
     876:	8b 81       	ldd	r24, Y+3	; 0x03
     878:	80 83       	st	Z, r24
     87a:	06 c0       	rjmp	.+12     	; 0x888 <__stack+0x29>
		case    DIO_portD : PORTD_REGISTER = copy_portvalue ; break ;
     87c:	e2 e3       	ldi	r30, 0x32	; 50
     87e:	f0 e0       	ldi	r31, 0x00	; 0
     880:	8b 81       	ldd	r24, Y+3	; 0x03
     882:	80 83       	st	Z, r24
     884:	01 c0       	rjmp	.+2      	; 0x888 <__stack+0x29>
		}
	}
	else 
	{
		LOC_STATE =DIO_Nok;
     886:	19 82       	std	Y+1, r1	; 0x01
	}
	return LOC_STATE ;
     888:	89 81       	ldd	r24, Y+1	; 0x01
}
     88a:	0f 90       	pop	r0
     88c:	0f 90       	pop	r0
     88e:	0f 90       	pop	r0
     890:	0f 90       	pop	r0
     892:	0f 90       	pop	r0
     894:	cf 91       	pop	r28
     896:	df 91       	pop	r29
     898:	08 95       	ret

0000089a <DIO_getportvalue>:
	return : its statues (DIO_Nok,DIO_ok)

*/

DIO_errorstate DIO_getportvalue     (u8 copy_port , u8 * ptr_data         )
{
     89a:	df 93       	push	r29
     89c:	cf 93       	push	r28
     89e:	00 d0       	rcall	.+0      	; 0x8a0 <DIO_getportvalue+0x6>
     8a0:	00 d0       	rcall	.+0      	; 0x8a2 <DIO_getportvalue+0x8>
     8a2:	00 d0       	rcall	.+0      	; 0x8a4 <DIO_getportvalue+0xa>
     8a4:	cd b7       	in	r28, 0x3d	; 61
     8a6:	de b7       	in	r29, 0x3e	; 62
     8a8:	8a 83       	std	Y+2, r24	; 0x02
     8aa:	7c 83       	std	Y+4, r23	; 0x04
     8ac:	6b 83       	std	Y+3, r22	; 0x03
			DIO_errorstate LOC_STATE = DIO_ok;
     8ae:	81 e0       	ldi	r24, 0x01	; 1
     8b0:	89 83       	std	Y+1, r24	; 0x01
	/* check on givin paramter is in valid range */
	
	if( copy_port<=DIO_portD ){
     8b2:	8a 81       	ldd	r24, Y+2	; 0x02
     8b4:	84 30       	cpi	r24, 0x04	; 4
     8b6:	d8 f5       	brcc	.+118    	; 0x92e <DIO_getportvalue+0x94>
		
		/* check on port name */
		switch(copy_port)
     8b8:	8a 81       	ldd	r24, Y+2	; 0x02
     8ba:	28 2f       	mov	r18, r24
     8bc:	30 e0       	ldi	r19, 0x00	; 0
     8be:	3e 83       	std	Y+6, r19	; 0x06
     8c0:	2d 83       	std	Y+5, r18	; 0x05
     8c2:	8d 81       	ldd	r24, Y+5	; 0x05
     8c4:	9e 81       	ldd	r25, Y+6	; 0x06
     8c6:	81 30       	cpi	r24, 0x01	; 1
     8c8:	91 05       	cpc	r25, r1
     8ca:	e1 f0       	breq	.+56     	; 0x904 <DIO_getportvalue+0x6a>
     8cc:	2d 81       	ldd	r18, Y+5	; 0x05
     8ce:	3e 81       	ldd	r19, Y+6	; 0x06
     8d0:	22 30       	cpi	r18, 0x02	; 2
     8d2:	31 05       	cpc	r19, r1
     8d4:	2c f4       	brge	.+10     	; 0x8e0 <DIO_getportvalue+0x46>
     8d6:	8d 81       	ldd	r24, Y+5	; 0x05
     8d8:	9e 81       	ldd	r25, Y+6	; 0x06
     8da:	00 97       	sbiw	r24, 0x00	; 0
     8dc:	61 f0       	breq	.+24     	; 0x8f6 <DIO_getportvalue+0x5c>
     8de:	28 c0       	rjmp	.+80     	; 0x930 <DIO_getportvalue+0x96>
     8e0:	2d 81       	ldd	r18, Y+5	; 0x05
     8e2:	3e 81       	ldd	r19, Y+6	; 0x06
     8e4:	22 30       	cpi	r18, 0x02	; 2
     8e6:	31 05       	cpc	r19, r1
     8e8:	a1 f0       	breq	.+40     	; 0x912 <DIO_getportvalue+0x78>
     8ea:	8d 81       	ldd	r24, Y+5	; 0x05
     8ec:	9e 81       	ldd	r25, Y+6	; 0x06
     8ee:	83 30       	cpi	r24, 0x03	; 3
     8f0:	91 05       	cpc	r25, r1
     8f2:	b1 f0       	breq	.+44     	; 0x920 <DIO_getportvalue+0x86>
     8f4:	1d c0       	rjmp	.+58     	; 0x930 <DIO_getportvalue+0x96>
		{
		case	DIO_portA :  *ptr_data =    PINA_REGISTER ; break ;
     8f6:	e9 e3       	ldi	r30, 0x39	; 57
     8f8:	f0 e0       	ldi	r31, 0x00	; 0
     8fa:	80 81       	ld	r24, Z
     8fc:	eb 81       	ldd	r30, Y+3	; 0x03
     8fe:	fc 81       	ldd	r31, Y+4	; 0x04
     900:	80 83       	st	Z, r24
     902:	16 c0       	rjmp	.+44     	; 0x930 <DIO_getportvalue+0x96>
		case    DIO_portB :  *ptr_data =    PINB_REGISTER ; break ;
     904:	e6 e3       	ldi	r30, 0x36	; 54
     906:	f0 e0       	ldi	r31, 0x00	; 0
     908:	80 81       	ld	r24, Z
     90a:	eb 81       	ldd	r30, Y+3	; 0x03
     90c:	fc 81       	ldd	r31, Y+4	; 0x04
     90e:	80 83       	st	Z, r24
     910:	0f c0       	rjmp	.+30     	; 0x930 <DIO_getportvalue+0x96>
		case	DIO_portC :  *ptr_data =    PINC_REGISTER ; break ;
     912:	e3 e3       	ldi	r30, 0x33	; 51
     914:	f0 e0       	ldi	r31, 0x00	; 0
     916:	80 81       	ld	r24, Z
     918:	eb 81       	ldd	r30, Y+3	; 0x03
     91a:	fc 81       	ldd	r31, Y+4	; 0x04
     91c:	80 83       	st	Z, r24
     91e:	08 c0       	rjmp	.+16     	; 0x930 <DIO_getportvalue+0x96>
		case    DIO_portD :  *ptr_data =    PIND_REGISTER ; break ;
     920:	e0 e3       	ldi	r30, 0x30	; 48
     922:	f0 e0       	ldi	r31, 0x00	; 0
     924:	80 81       	ld	r24, Z
     926:	eb 81       	ldd	r30, Y+3	; 0x03
     928:	fc 81       	ldd	r31, Y+4	; 0x04
     92a:	80 83       	st	Z, r24
     92c:	01 c0       	rjmp	.+2      	; 0x930 <DIO_getportvalue+0x96>
		}
	}
	else 
	{
		LOC_STATE =DIO_Nok;
     92e:	19 82       	std	Y+1, r1	; 0x01
	}
	return LOC_STATE ;
     930:	89 81       	ldd	r24, Y+1	; 0x01
}
     932:	26 96       	adiw	r28, 0x06	; 6
     934:	0f b6       	in	r0, 0x3f	; 63
     936:	f8 94       	cli
     938:	de bf       	out	0x3e, r29	; 62
     93a:	0f be       	out	0x3f, r0	; 63
     93c:	cd bf       	out	0x3d, r28	; 61
     93e:	cf 91       	pop	r28
     940:	df 91       	pop	r29
     942:	08 95       	ret

00000944 <DIO_togelportvalue>:
	return : its statues (DIO_Nok,DIO_ok)

*/

DIO_errorstate DIO_togelportvalue   (u8 copy_port                         )
{
     944:	df 93       	push	r29
     946:	cf 93       	push	r28
     948:	00 d0       	rcall	.+0      	; 0x94a <DIO_togelportvalue+0x6>
     94a:	00 d0       	rcall	.+0      	; 0x94c <DIO_togelportvalue+0x8>
     94c:	cd b7       	in	r28, 0x3d	; 61
     94e:	de b7       	in	r29, 0x3e	; 62
     950:	8a 83       	std	Y+2, r24	; 0x02
			DIO_errorstate LOC_STATE = DIO_ok;
     952:	81 e0       	ldi	r24, 0x01	; 1
     954:	89 83       	std	Y+1, r24	; 0x01
	/* check on givin paramter is in valid range */
	
	if( copy_port<=DIO_portD ){
     956:	8a 81       	ldd	r24, Y+2	; 0x02
     958:	84 30       	cpi	r24, 0x04	; 4
     95a:	08 f0       	brcs	.+2      	; 0x95e <DIO_togelportvalue+0x1a>
     95c:	3f c0       	rjmp	.+126    	; 0x9dc <DIO_togelportvalue+0x98>
		
		/* check on port name */
		switch(copy_port)
     95e:	8a 81       	ldd	r24, Y+2	; 0x02
     960:	28 2f       	mov	r18, r24
     962:	30 e0       	ldi	r19, 0x00	; 0
     964:	3c 83       	std	Y+4, r19	; 0x04
     966:	2b 83       	std	Y+3, r18	; 0x03
     968:	8b 81       	ldd	r24, Y+3	; 0x03
     96a:	9c 81       	ldd	r25, Y+4	; 0x04
     96c:	81 30       	cpi	r24, 0x01	; 1
     96e:	91 05       	cpc	r25, r1
     970:	e9 f0       	breq	.+58     	; 0x9ac <DIO_togelportvalue+0x68>
     972:	2b 81       	ldd	r18, Y+3	; 0x03
     974:	3c 81       	ldd	r19, Y+4	; 0x04
     976:	22 30       	cpi	r18, 0x02	; 2
     978:	31 05       	cpc	r19, r1
     97a:	2c f4       	brge	.+10     	; 0x986 <DIO_togelportvalue+0x42>
     97c:	8b 81       	ldd	r24, Y+3	; 0x03
     97e:	9c 81       	ldd	r25, Y+4	; 0x04
     980:	00 97       	sbiw	r24, 0x00	; 0
     982:	61 f0       	breq	.+24     	; 0x99c <DIO_togelportvalue+0x58>
     984:	2c c0       	rjmp	.+88     	; 0x9de <DIO_togelportvalue+0x9a>
     986:	2b 81       	ldd	r18, Y+3	; 0x03
     988:	3c 81       	ldd	r19, Y+4	; 0x04
     98a:	22 30       	cpi	r18, 0x02	; 2
     98c:	31 05       	cpc	r19, r1
     98e:	b1 f0       	breq	.+44     	; 0x9bc <DIO_togelportvalue+0x78>
     990:	8b 81       	ldd	r24, Y+3	; 0x03
     992:	9c 81       	ldd	r25, Y+4	; 0x04
     994:	83 30       	cpi	r24, 0x03	; 3
     996:	91 05       	cpc	r25, r1
     998:	c9 f0       	breq	.+50     	; 0x9cc <DIO_togelportvalue+0x88>
     99a:	21 c0       	rjmp	.+66     	; 0x9de <DIO_togelportvalue+0x9a>
		{
		case	DIO_portA :  PORTA_REGISTER =   ~ PORTA_REGISTER ; break ;
     99c:	ab e3       	ldi	r26, 0x3B	; 59
     99e:	b0 e0       	ldi	r27, 0x00	; 0
     9a0:	eb e3       	ldi	r30, 0x3B	; 59
     9a2:	f0 e0       	ldi	r31, 0x00	; 0
     9a4:	80 81       	ld	r24, Z
     9a6:	80 95       	com	r24
     9a8:	8c 93       	st	X, r24
     9aa:	19 c0       	rjmp	.+50     	; 0x9de <DIO_togelportvalue+0x9a>
		case    DIO_portB :  PORTB_REGISTER =   ~ PORTB_REGISTER ; break ;
     9ac:	a8 e3       	ldi	r26, 0x38	; 56
     9ae:	b0 e0       	ldi	r27, 0x00	; 0
     9b0:	e8 e3       	ldi	r30, 0x38	; 56
     9b2:	f0 e0       	ldi	r31, 0x00	; 0
     9b4:	80 81       	ld	r24, Z
     9b6:	80 95       	com	r24
     9b8:	8c 93       	st	X, r24
     9ba:	11 c0       	rjmp	.+34     	; 0x9de <DIO_togelportvalue+0x9a>
		case	DIO_portC :  PORTC_REGISTER =   ~ PORTC_REGISTER ; break ;
     9bc:	a5 e3       	ldi	r26, 0x35	; 53
     9be:	b0 e0       	ldi	r27, 0x00	; 0
     9c0:	e5 e3       	ldi	r30, 0x35	; 53
     9c2:	f0 e0       	ldi	r31, 0x00	; 0
     9c4:	80 81       	ld	r24, Z
     9c6:	80 95       	com	r24
     9c8:	8c 93       	st	X, r24
     9ca:	09 c0       	rjmp	.+18     	; 0x9de <DIO_togelportvalue+0x9a>
		case    DIO_portD :  PORTD_REGISTER =   ~ PORTD_REGISTER ; break ;
     9cc:	a2 e3       	ldi	r26, 0x32	; 50
     9ce:	b0 e0       	ldi	r27, 0x00	; 0
     9d0:	e2 e3       	ldi	r30, 0x32	; 50
     9d2:	f0 e0       	ldi	r31, 0x00	; 0
     9d4:	80 81       	ld	r24, Z
     9d6:	80 95       	com	r24
     9d8:	8c 93       	st	X, r24
     9da:	01 c0       	rjmp	.+2      	; 0x9de <DIO_togelportvalue+0x9a>
		}
	}
	else 
	{
		LOC_STATE =DIO_Nok;
     9dc:	19 82       	std	Y+1, r1	; 0x01
	}
	return LOC_STATE ;
     9de:	89 81       	ldd	r24, Y+1	; 0x01
}
     9e0:	0f 90       	pop	r0
     9e2:	0f 90       	pop	r0
     9e4:	0f 90       	pop	r0
     9e6:	0f 90       	pop	r0
     9e8:	cf 91       	pop	r28
     9ea:	df 91       	pop	r29
     9ec:	08 95       	ret

000009ee <DIO_writehighnibles>:

*/


DIO_errorstate DIO_writehighnibles (u8 copy_port , u8 copy_value )
{
     9ee:	df 93       	push	r29
     9f0:	cf 93       	push	r28
     9f2:	00 d0       	rcall	.+0      	; 0x9f4 <DIO_writehighnibles+0x6>
     9f4:	00 d0       	rcall	.+0      	; 0x9f6 <DIO_writehighnibles+0x8>
     9f6:	0f 92       	push	r0
     9f8:	cd b7       	in	r28, 0x3d	; 61
     9fa:	de b7       	in	r29, 0x3e	; 62
     9fc:	8a 83       	std	Y+2, r24	; 0x02
     9fe:	6b 83       	std	Y+3, r22	; 0x03
				DIO_errorstate LOC_STATE = DIO_ok;
     a00:	81 e0       	ldi	r24, 0x01	; 1
     a02:	89 83       	std	Y+1, r24	; 0x01
	/* check on givin paramter is in valid range */
	
	if( copy_port<=DIO_portD ){
     a04:	8a 81       	ldd	r24, Y+2	; 0x02
     a06:	84 30       	cpi	r24, 0x04	; 4
     a08:	08 f0       	brcs	.+2      	; 0xa0c <DIO_writehighnibles+0x1e>
     a0a:	4f c0       	rjmp	.+158    	; 0xaaa <DIO_writehighnibles+0xbc>
		copy_value = (copy_value<<4);
     a0c:	8b 81       	ldd	r24, Y+3	; 0x03
     a0e:	82 95       	swap	r24
     a10:	80 7f       	andi	r24, 0xF0	; 240
     a12:	8b 83       	std	Y+3, r24	; 0x03
		/* check on port name */
		switch(copy_port)
     a14:	8a 81       	ldd	r24, Y+2	; 0x02
     a16:	28 2f       	mov	r18, r24
     a18:	30 e0       	ldi	r19, 0x00	; 0
     a1a:	3d 83       	std	Y+5, r19	; 0x05
     a1c:	2c 83       	std	Y+4, r18	; 0x04
     a1e:	8c 81       	ldd	r24, Y+4	; 0x04
     a20:	9d 81       	ldd	r25, Y+5	; 0x05
     a22:	81 30       	cpi	r24, 0x01	; 1
     a24:	91 05       	cpc	r25, r1
     a26:	01 f1       	breq	.+64     	; 0xa68 <DIO_writehighnibles+0x7a>
     a28:	2c 81       	ldd	r18, Y+4	; 0x04
     a2a:	3d 81       	ldd	r19, Y+5	; 0x05
     a2c:	22 30       	cpi	r18, 0x02	; 2
     a2e:	31 05       	cpc	r19, r1
     a30:	2c f4       	brge	.+10     	; 0xa3c <DIO_writehighnibles+0x4e>
     a32:	8c 81       	ldd	r24, Y+4	; 0x04
     a34:	9d 81       	ldd	r25, Y+5	; 0x05
     a36:	00 97       	sbiw	r24, 0x00	; 0
     a38:	61 f0       	breq	.+24     	; 0xa52 <DIO_writehighnibles+0x64>
     a3a:	38 c0       	rjmp	.+112    	; 0xaac <DIO_writehighnibles+0xbe>
     a3c:	2c 81       	ldd	r18, Y+4	; 0x04
     a3e:	3d 81       	ldd	r19, Y+5	; 0x05
     a40:	22 30       	cpi	r18, 0x02	; 2
     a42:	31 05       	cpc	r19, r1
     a44:	e1 f0       	breq	.+56     	; 0xa7e <DIO_writehighnibles+0x90>
     a46:	8c 81       	ldd	r24, Y+4	; 0x04
     a48:	9d 81       	ldd	r25, Y+5	; 0x05
     a4a:	83 30       	cpi	r24, 0x03	; 3
     a4c:	91 05       	cpc	r25, r1
     a4e:	11 f1       	breq	.+68     	; 0xa94 <DIO_writehighnibles+0xa6>
     a50:	2d c0       	rjmp	.+90     	; 0xaac <DIO_writehighnibles+0xbe>
		{
		case	DIO_portA :  PORTA_REGISTER = ((PORTA_REGISTER & 0x0f )|(copy_value)) ; break ;
     a52:	ab e3       	ldi	r26, 0x3B	; 59
     a54:	b0 e0       	ldi	r27, 0x00	; 0
     a56:	eb e3       	ldi	r30, 0x3B	; 59
     a58:	f0 e0       	ldi	r31, 0x00	; 0
     a5a:	80 81       	ld	r24, Z
     a5c:	98 2f       	mov	r25, r24
     a5e:	9f 70       	andi	r25, 0x0F	; 15
     a60:	8b 81       	ldd	r24, Y+3	; 0x03
     a62:	89 2b       	or	r24, r25
     a64:	8c 93       	st	X, r24
     a66:	22 c0       	rjmp	.+68     	; 0xaac <DIO_writehighnibles+0xbe>
		case    DIO_portB :  PORTB_REGISTER = ((PORTB_REGISTER & 0x0f )|(copy_value)) ; break ;
     a68:	a8 e3       	ldi	r26, 0x38	; 56
     a6a:	b0 e0       	ldi	r27, 0x00	; 0
     a6c:	e8 e3       	ldi	r30, 0x38	; 56
     a6e:	f0 e0       	ldi	r31, 0x00	; 0
     a70:	80 81       	ld	r24, Z
     a72:	98 2f       	mov	r25, r24
     a74:	9f 70       	andi	r25, 0x0F	; 15
     a76:	8b 81       	ldd	r24, Y+3	; 0x03
     a78:	89 2b       	or	r24, r25
     a7a:	8c 93       	st	X, r24
     a7c:	17 c0       	rjmp	.+46     	; 0xaac <DIO_writehighnibles+0xbe>
		case	DIO_portC :  PORTC_REGISTER = ((PORTC_REGISTER & 0x0f )|(copy_value)) ; break ;
     a7e:	a5 e3       	ldi	r26, 0x35	; 53
     a80:	b0 e0       	ldi	r27, 0x00	; 0
     a82:	e5 e3       	ldi	r30, 0x35	; 53
     a84:	f0 e0       	ldi	r31, 0x00	; 0
     a86:	80 81       	ld	r24, Z
     a88:	98 2f       	mov	r25, r24
     a8a:	9f 70       	andi	r25, 0x0F	; 15
     a8c:	8b 81       	ldd	r24, Y+3	; 0x03
     a8e:	89 2b       	or	r24, r25
     a90:	8c 93       	st	X, r24
     a92:	0c c0       	rjmp	.+24     	; 0xaac <DIO_writehighnibles+0xbe>
		case    DIO_portD :  PORTD_REGISTER = ((PORTD_REGISTER & 0x0f )|(copy_value)) ; break ;
     a94:	a2 e3       	ldi	r26, 0x32	; 50
     a96:	b0 e0       	ldi	r27, 0x00	; 0
     a98:	e2 e3       	ldi	r30, 0x32	; 50
     a9a:	f0 e0       	ldi	r31, 0x00	; 0
     a9c:	80 81       	ld	r24, Z
     a9e:	98 2f       	mov	r25, r24
     aa0:	9f 70       	andi	r25, 0x0F	; 15
     aa2:	8b 81       	ldd	r24, Y+3	; 0x03
     aa4:	89 2b       	or	r24, r25
     aa6:	8c 93       	st	X, r24
     aa8:	01 c0       	rjmp	.+2      	; 0xaac <DIO_writehighnibles+0xbe>
		}
	}
	else 
	{
		LOC_STATE =DIO_Nok;
     aaa:	19 82       	std	Y+1, r1	; 0x01
	}
	return LOC_STATE ;
     aac:	89 81       	ldd	r24, Y+1	; 0x01
}
     aae:	0f 90       	pop	r0
     ab0:	0f 90       	pop	r0
     ab2:	0f 90       	pop	r0
     ab4:	0f 90       	pop	r0
     ab6:	0f 90       	pop	r0
     ab8:	cf 91       	pop	r28
     aba:	df 91       	pop	r29
     abc:	08 95       	ret

00000abe <DIO_writelownibles>:




DIO_errorstate DIO_writelownibles  (u8 copy_port , u8 copy_value )
{
     abe:	df 93       	push	r29
     ac0:	cf 93       	push	r28
     ac2:	00 d0       	rcall	.+0      	; 0xac4 <DIO_writelownibles+0x6>
     ac4:	00 d0       	rcall	.+0      	; 0xac6 <DIO_writelownibles+0x8>
     ac6:	0f 92       	push	r0
     ac8:	cd b7       	in	r28, 0x3d	; 61
     aca:	de b7       	in	r29, 0x3e	; 62
     acc:	8a 83       	std	Y+2, r24	; 0x02
     ace:	6b 83       	std	Y+3, r22	; 0x03
				DIO_errorstate LOC_STATE = DIO_ok;
     ad0:	81 e0       	ldi	r24, 0x01	; 1
     ad2:	89 83       	std	Y+1, r24	; 0x01
	/* check on givin paramter is in valid range */
	
	if( copy_port<=DIO_portD ){
     ad4:	8a 81       	ldd	r24, Y+2	; 0x02
     ad6:	84 30       	cpi	r24, 0x04	; 4
     ad8:	08 f0       	brcs	.+2      	; 0xadc <DIO_writelownibles+0x1e>
     ada:	4e c0       	rjmp	.+156    	; 0xb78 <DIO_writelownibles+0xba>
		copy_value = (copy_value&0x0f);
     adc:	8b 81       	ldd	r24, Y+3	; 0x03
     ade:	8f 70       	andi	r24, 0x0F	; 15
     ae0:	8b 83       	std	Y+3, r24	; 0x03
		/* check on port name */
		switch(copy_port)
     ae2:	8a 81       	ldd	r24, Y+2	; 0x02
     ae4:	28 2f       	mov	r18, r24
     ae6:	30 e0       	ldi	r19, 0x00	; 0
     ae8:	3d 83       	std	Y+5, r19	; 0x05
     aea:	2c 83       	std	Y+4, r18	; 0x04
     aec:	8c 81       	ldd	r24, Y+4	; 0x04
     aee:	9d 81       	ldd	r25, Y+5	; 0x05
     af0:	81 30       	cpi	r24, 0x01	; 1
     af2:	91 05       	cpc	r25, r1
     af4:	01 f1       	breq	.+64     	; 0xb36 <DIO_writelownibles+0x78>
     af6:	2c 81       	ldd	r18, Y+4	; 0x04
     af8:	3d 81       	ldd	r19, Y+5	; 0x05
     afa:	22 30       	cpi	r18, 0x02	; 2
     afc:	31 05       	cpc	r19, r1
     afe:	2c f4       	brge	.+10     	; 0xb0a <DIO_writelownibles+0x4c>
     b00:	8c 81       	ldd	r24, Y+4	; 0x04
     b02:	9d 81       	ldd	r25, Y+5	; 0x05
     b04:	00 97       	sbiw	r24, 0x00	; 0
     b06:	61 f0       	breq	.+24     	; 0xb20 <DIO_writelownibles+0x62>
     b08:	38 c0       	rjmp	.+112    	; 0xb7a <DIO_writelownibles+0xbc>
     b0a:	2c 81       	ldd	r18, Y+4	; 0x04
     b0c:	3d 81       	ldd	r19, Y+5	; 0x05
     b0e:	22 30       	cpi	r18, 0x02	; 2
     b10:	31 05       	cpc	r19, r1
     b12:	e1 f0       	breq	.+56     	; 0xb4c <DIO_writelownibles+0x8e>
     b14:	8c 81       	ldd	r24, Y+4	; 0x04
     b16:	9d 81       	ldd	r25, Y+5	; 0x05
     b18:	83 30       	cpi	r24, 0x03	; 3
     b1a:	91 05       	cpc	r25, r1
     b1c:	11 f1       	breq	.+68     	; 0xb62 <DIO_writelownibles+0xa4>
     b1e:	2d c0       	rjmp	.+90     	; 0xb7a <DIO_writelownibles+0xbc>
		{
		case	DIO_portA :  PORTA_REGISTER = ((PORTA_REGISTER & 0xf0 )|(copy_value)) ; break ;
     b20:	ab e3       	ldi	r26, 0x3B	; 59
     b22:	b0 e0       	ldi	r27, 0x00	; 0
     b24:	eb e3       	ldi	r30, 0x3B	; 59
     b26:	f0 e0       	ldi	r31, 0x00	; 0
     b28:	80 81       	ld	r24, Z
     b2a:	98 2f       	mov	r25, r24
     b2c:	90 7f       	andi	r25, 0xF0	; 240
     b2e:	8b 81       	ldd	r24, Y+3	; 0x03
     b30:	89 2b       	or	r24, r25
     b32:	8c 93       	st	X, r24
     b34:	22 c0       	rjmp	.+68     	; 0xb7a <DIO_writelownibles+0xbc>
		case    DIO_portB :  PORTB_REGISTER = ((PORTB_REGISTER & 0xf0 )|(copy_value)) ; break ;
     b36:	a8 e3       	ldi	r26, 0x38	; 56
     b38:	b0 e0       	ldi	r27, 0x00	; 0
     b3a:	e8 e3       	ldi	r30, 0x38	; 56
     b3c:	f0 e0       	ldi	r31, 0x00	; 0
     b3e:	80 81       	ld	r24, Z
     b40:	98 2f       	mov	r25, r24
     b42:	90 7f       	andi	r25, 0xF0	; 240
     b44:	8b 81       	ldd	r24, Y+3	; 0x03
     b46:	89 2b       	or	r24, r25
     b48:	8c 93       	st	X, r24
     b4a:	17 c0       	rjmp	.+46     	; 0xb7a <DIO_writelownibles+0xbc>
		case	DIO_portC :  PORTC_REGISTER = ((PORTC_REGISTER & 0xf0 )|(copy_value)) ; break ;
     b4c:	a5 e3       	ldi	r26, 0x35	; 53
     b4e:	b0 e0       	ldi	r27, 0x00	; 0
     b50:	e5 e3       	ldi	r30, 0x35	; 53
     b52:	f0 e0       	ldi	r31, 0x00	; 0
     b54:	80 81       	ld	r24, Z
     b56:	98 2f       	mov	r25, r24
     b58:	90 7f       	andi	r25, 0xF0	; 240
     b5a:	8b 81       	ldd	r24, Y+3	; 0x03
     b5c:	89 2b       	or	r24, r25
     b5e:	8c 93       	st	X, r24
     b60:	0c c0       	rjmp	.+24     	; 0xb7a <DIO_writelownibles+0xbc>
		case    DIO_portD :  PORTD_REGISTER = ((PORTD_REGISTER & 0xf0 )|(copy_value)) ; break ;
     b62:	a2 e3       	ldi	r26, 0x32	; 50
     b64:	b0 e0       	ldi	r27, 0x00	; 0
     b66:	e2 e3       	ldi	r30, 0x32	; 50
     b68:	f0 e0       	ldi	r31, 0x00	; 0
     b6a:	80 81       	ld	r24, Z
     b6c:	98 2f       	mov	r25, r24
     b6e:	90 7f       	andi	r25, 0xF0	; 240
     b70:	8b 81       	ldd	r24, Y+3	; 0x03
     b72:	89 2b       	or	r24, r25
     b74:	8c 93       	st	X, r24
     b76:	01 c0       	rjmp	.+2      	; 0xb7a <DIO_writelownibles+0xbc>
		}
	}
	else 
	{
		LOC_STATE =DIO_Nok;
     b78:	19 82       	std	Y+1, r1	; 0x01
	}
	return LOC_STATE ;
     b7a:	89 81       	ldd	r24, Y+1	; 0x01
}
     b7c:	0f 90       	pop	r0
     b7e:	0f 90       	pop	r0
     b80:	0f 90       	pop	r0
     b82:	0f 90       	pop	r0
     b84:	0f 90       	pop	r0
     b86:	cf 91       	pop	r28
     b88:	df 91       	pop	r29
     b8a:	08 95       	ret

00000b8c <GIE_enable>:
#include "GIE_interface.h"
#include "GIE_private.h"



void GIE_enable(void){
     b8c:	df 93       	push	r29
     b8e:	cf 93       	push	r28
     b90:	cd b7       	in	r28, 0x3d	; 61
     b92:	de b7       	in	r29, 0x3e	; 62
	SET_BIT(SREG_REG,SREG_BIT);
     b94:	af e5       	ldi	r26, 0x5F	; 95
     b96:	b0 e0       	ldi	r27, 0x00	; 0
     b98:	ef e5       	ldi	r30, 0x5F	; 95
     b9a:	f0 e0       	ldi	r31, 0x00	; 0
     b9c:	80 81       	ld	r24, Z
     b9e:	80 68       	ori	r24, 0x80	; 128
     ba0:	8c 93       	st	X, r24
	
	
}
     ba2:	cf 91       	pop	r28
     ba4:	df 91       	pop	r29
     ba6:	08 95       	ret

00000ba8 <GIE_disable>:


void GIE_disable(void)
{
     ba8:	df 93       	push	r29
     baa:	cf 93       	push	r28
     bac:	cd b7       	in	r28, 0x3d	; 61
     bae:	de b7       	in	r29, 0x3e	; 62
	CLR_BIT(SREG_REG,SREG_BIT);
     bb0:	af e5       	ldi	r26, 0x5F	; 95
     bb2:	b0 e0       	ldi	r27, 0x00	; 0
     bb4:	ef e5       	ldi	r30, 0x5F	; 95
     bb6:	f0 e0       	ldi	r31, 0x00	; 0
     bb8:	80 81       	ld	r24, Z
     bba:	8f 77       	andi	r24, 0x7F	; 127
     bbc:	8c 93       	st	X, r24
}
     bbe:	cf 91       	pop	r28
     bc0:	df 91       	pop	r29
     bc2:	08 95       	ret

00000bc4 <LED_init>:
#include "DIO_interface.h"
#include "LED_interface.h"


void LED_init (LED_TYPE led_config)
{
     bc4:	df 93       	push	r29
     bc6:	cf 93       	push	r28
     bc8:	00 d0       	rcall	.+0      	; 0xbca <LED_init+0x6>
     bca:	0f 92       	push	r0
     bcc:	cd b7       	in	r28, 0x3d	; 61
     bce:	de b7       	in	r29, 0x3e	; 62
     bd0:	69 83       	std	Y+1, r22	; 0x01
     bd2:	7a 83       	std	Y+2, r23	; 0x02
     bd4:	8b 83       	std	Y+3, r24	; 0x03
	DIO_setpindirection(led_config.port,led_config.pin,DIO_pin_output);
     bd6:	89 81       	ldd	r24, Y+1	; 0x01
     bd8:	9a 81       	ldd	r25, Y+2	; 0x02
     bda:	69 2f       	mov	r22, r25
     bdc:	41 e0       	ldi	r20, 0x01	; 1
     bde:	0e 94 49 00 	call	0x92	; 0x92 <DIO_setpindirection>
}
     be2:	0f 90       	pop	r0
     be4:	0f 90       	pop	r0
     be6:	0f 90       	pop	r0
     be8:	cf 91       	pop	r28
     bea:	df 91       	pop	r29
     bec:	08 95       	ret

00000bee <LED_turnon>:


void LED_turnon (LED_TYPE led_config){
     bee:	df 93       	push	r29
     bf0:	cf 93       	push	r28
     bf2:	00 d0       	rcall	.+0      	; 0xbf4 <LED_turnon+0x6>
     bf4:	0f 92       	push	r0
     bf6:	cd b7       	in	r28, 0x3d	; 61
     bf8:	de b7       	in	r29, 0x3e	; 62
     bfa:	69 83       	std	Y+1, r22	; 0x01
     bfc:	7a 83       	std	Y+2, r23	; 0x02
     bfe:	8b 83       	std	Y+3, r24	; 0x03
	if(led_config.active_state==0){
     c00:	8b 81       	ldd	r24, Y+3	; 0x03
     c02:	88 23       	and	r24, r24
     c04:	39 f4       	brne	.+14     	; 0xc14 <LED_turnon+0x26>
		DIO_setpinvalue(led_config.port,led_config.pin,PIN_LOW);
     c06:	89 81       	ldd	r24, Y+1	; 0x01
     c08:	9a 81       	ldd	r25, Y+2	; 0x02
     c0a:	69 2f       	mov	r22, r25
     c0c:	40 e0       	ldi	r20, 0x00	; 0
     c0e:	0e 94 58 01 	call	0x2b0	; 0x2b0 <DIO_setpinvalue>
     c12:	06 c0       	rjmp	.+12     	; 0xc20 <LED_turnon+0x32>
	}
	else {
	DIO_setpinvalue(led_config.port,led_config.pin,PIN_HIGH);
     c14:	89 81       	ldd	r24, Y+1	; 0x01
     c16:	9a 81       	ldd	r25, Y+2	; 0x02
     c18:	69 2f       	mov	r22, r25
     c1a:	41 e0       	ldi	r20, 0x01	; 1
     c1c:	0e 94 58 01 	call	0x2b0	; 0x2b0 <DIO_setpinvalue>
}
}
     c20:	0f 90       	pop	r0
     c22:	0f 90       	pop	r0
     c24:	0f 90       	pop	r0
     c26:	cf 91       	pop	r28
     c28:	df 91       	pop	r29
     c2a:	08 95       	ret

00000c2c <LED_turnoff>:

void LED_turnoff (LED_TYPE led_config)
{
     c2c:	df 93       	push	r29
     c2e:	cf 93       	push	r28
     c30:	00 d0       	rcall	.+0      	; 0xc32 <LED_turnoff+0x6>
     c32:	0f 92       	push	r0
     c34:	cd b7       	in	r28, 0x3d	; 61
     c36:	de b7       	in	r29, 0x3e	; 62
     c38:	69 83       	std	Y+1, r22	; 0x01
     c3a:	7a 83       	std	Y+2, r23	; 0x02
     c3c:	8b 83       	std	Y+3, r24	; 0x03
	if(led_config.active_state==0){
     c3e:	8b 81       	ldd	r24, Y+3	; 0x03
     c40:	88 23       	and	r24, r24
     c42:	39 f4       	brne	.+14     	; 0xc52 <LED_turnoff+0x26>
		DIO_setpinvalue(led_config.port,led_config.pin,PIN_HIGH);
     c44:	89 81       	ldd	r24, Y+1	; 0x01
     c46:	9a 81       	ldd	r25, Y+2	; 0x02
     c48:	69 2f       	mov	r22, r25
     c4a:	41 e0       	ldi	r20, 0x01	; 1
     c4c:	0e 94 58 01 	call	0x2b0	; 0x2b0 <DIO_setpinvalue>
     c50:	06 c0       	rjmp	.+12     	; 0xc5e <LED_turnoff+0x32>
	}else{
	DIO_setpinvalue(led_config.port,led_config.pin,PIN_LOW);
     c52:	89 81       	ldd	r24, Y+1	; 0x01
     c54:	9a 81       	ldd	r25, Y+2	; 0x02
     c56:	69 2f       	mov	r22, r25
     c58:	40 e0       	ldi	r20, 0x00	; 0
     c5a:	0e 94 58 01 	call	0x2b0	; 0x2b0 <DIO_setpinvalue>
}
}
     c5e:	0f 90       	pop	r0
     c60:	0f 90       	pop	r0
     c62:	0f 90       	pop	r0
     c64:	cf 91       	pop	r28
     c66:	df 91       	pop	r29
     c68:	08 95       	ret

00000c6a <LED_togel>:

void LED_togel (LED_TYPE led_config)
{
     c6a:	df 93       	push	r29
     c6c:	cf 93       	push	r28
     c6e:	00 d0       	rcall	.+0      	; 0xc70 <LED_togel+0x6>
     c70:	0f 92       	push	r0
     c72:	cd b7       	in	r28, 0x3d	; 61
     c74:	de b7       	in	r29, 0x3e	; 62
     c76:	69 83       	std	Y+1, r22	; 0x01
     c78:	7a 83       	std	Y+2, r23	; 0x02
     c7a:	8b 83       	std	Y+3, r24	; 0x03
	DIO_togelpinvalue(led_config.port,led_config.pin);
     c7c:	89 81       	ldd	r24, Y+1	; 0x01
     c7e:	9a 81       	ldd	r25, Y+2	; 0x02
     c80:	69 2f       	mov	r22, r25
     c82:	0e 94 2b 03 	call	0x656	; 0x656 <DIO_togelpinvalue>
}
     c86:	0f 90       	pop	r0
     c88:	0f 90       	pop	r0
     c8a:	0f 90       	pop	r0
     c8c:	cf 91       	pop	r28
     c8e:	df 91       	pop	r29
     c90:	08 95       	ret

00000c92 <TIMER0_init>:

void (*func[16])(void)={Null};


void TIMER0_init()
{
     c92:	df 93       	push	r29
     c94:	cf 93       	push	r28
     c96:	cd b7       	in	r28, 0x3d	; 61
     c98:	de b7       	in	r29, 0x3e	; 62
	#if  TIMER0_GENERTION_MODE == TIMER_NORMAL_MODE
			CLR_BIT(TCCR0,TCCR0_WGM00);
     c9a:	a3 e5       	ldi	r26, 0x53	; 83
     c9c:	b0 e0       	ldi	r27, 0x00	; 0
     c9e:	e3 e5       	ldi	r30, 0x53	; 83
     ca0:	f0 e0       	ldi	r31, 0x00	; 0
     ca2:	80 81       	ld	r24, Z
     ca4:	8f 7b       	andi	r24, 0xBF	; 191
     ca6:	8c 93       	st	X, r24
			CLR_BIT(TCCR0,TCCR0_WGM01);
     ca8:	a3 e5       	ldi	r26, 0x53	; 83
     caa:	b0 e0       	ldi	r27, 0x00	; 0
     cac:	e3 e5       	ldi	r30, 0x53	; 83
     cae:	f0 e0       	ldi	r31, 0x00	; 0
     cb0:	80 81       	ld	r24, Z
     cb2:	87 7f       	andi	r24, 0xF7	; 247
     cb4:	8c 93       	st	X, r24
			
			#if TIMER0_OVERFLOW_INTERRUPT==DISABLE
					CLR_BIT(TMISK,TIMSK_TOIE0);
			#elif 	TIMER0_OVERFLOW_INTERRUPT==ENABLE
						SET_BIT(TIMSK,TIMSK_TOIE0);
     cb6:	a9 e5       	ldi	r26, 0x59	; 89
     cb8:	b0 e0       	ldi	r27, 0x00	; 0
     cba:	e9 e5       	ldi	r30, 0x59	; 89
     cbc:	f0 e0       	ldi	r31, 0x00	; 0
     cbe:	80 81       	ld	r24, Z
     cc0:	81 60       	ori	r24, 0x01	; 1
     cc2:	8c 93       	st	X, r24
			#endif			
			TCNT0=TIMER0_PRELOAD_VAL;			
     cc4:	e2 e5       	ldi	r30, 0x52	; 82
     cc6:	f0 e0       	ldi	r31, 0x00	; 0
     cc8:	80 ec       	ldi	r24, 0xC0	; 192
     cca:	80 83       	st	Z, r24
			
				
			
	#endif
	
	TCCR0&=PRE_SCALER_MASK ;
     ccc:	a3 e5       	ldi	r26, 0x53	; 83
     cce:	b0 e0       	ldi	r27, 0x00	; 0
     cd0:	e3 e5       	ldi	r30, 0x53	; 83
     cd2:	f0 e0       	ldi	r31, 0x00	; 0
     cd4:	80 81       	ld	r24, Z
     cd6:	88 7f       	andi	r24, 0xF8	; 248
     cd8:	8c 93       	st	X, r24
	TCCR0|=TIMER0_PRESCALER;
     cda:	a3 e5       	ldi	r26, 0x53	; 83
     cdc:	b0 e0       	ldi	r27, 0x00	; 0
     cde:	e3 e5       	ldi	r30, 0x53	; 83
     ce0:	f0 e0       	ldi	r31, 0x00	; 0
     ce2:	80 81       	ld	r24, Z
     ce4:	82 60       	ori	r24, 0x02	; 2
     ce6:	8c 93       	st	X, r24
}
     ce8:	cf 91       	pop	r28
     cea:	df 91       	pop	r29
     cec:	08 95       	ret

00000cee <TIMER2_init>:




void TIMER2_init()
{
     cee:	df 93       	push	r29
     cf0:	cf 93       	push	r28
     cf2:	cd b7       	in	r28, 0x3d	; 61
     cf4:	de b7       	in	r29, 0x3e	; 62
						SET_BIT(TMISK,TIMSK_TOIE2);
			#endif			
			TCNT0=TIMER2_PRELOAD_VAL;			
	#elif    TIMER2_GENERTION_MODE == TIMER_CTC_MODE 
	
			CLR_BIT(TCCR2,TCCR2_WGM20);
     cf6:	a5 e4       	ldi	r26, 0x45	; 69
     cf8:	b0 e0       	ldi	r27, 0x00	; 0
     cfa:	e5 e4       	ldi	r30, 0x45	; 69
     cfc:	f0 e0       	ldi	r31, 0x00	; 0
     cfe:	80 81       	ld	r24, Z
     d00:	8f 7b       	andi	r24, 0xBF	; 191
     d02:	8c 93       	st	X, r24
			SET_BIT(TCCR2,TCCR2_WGM21);
     d04:	a5 e4       	ldi	r26, 0x45	; 69
     d06:	b0 e0       	ldi	r27, 0x00	; 0
     d08:	e5 e4       	ldi	r30, 0x45	; 69
     d0a:	f0 e0       	ldi	r31, 0x00	; 0
     d0c:	80 81       	ld	r24, Z
     d0e:	88 60       	ori	r24, 0x08	; 8
     d10:	8c 93       	st	X, r24
			DIO_setpindirection(DIO_portD,PIN7,DIO_pin_output);
     d12:	83 e0       	ldi	r24, 0x03	; 3
     d14:	67 e0       	ldi	r22, 0x07	; 7
     d16:	41 e0       	ldi	r20, 0x01	; 1
     d18:	0e 94 49 00 	call	0x92	; 0x92 <DIO_setpindirection>
			
			
			#if TIMER2_CTC_INTERRUPT ==  ENABLE
				SET_BIT(TIMSK,TIMSK_OCIE2);
     d1c:	a9 e5       	ldi	r26, 0x59	; 89
     d1e:	b0 e0       	ldi	r27, 0x00	; 0
     d20:	e9 e5       	ldi	r30, 0x59	; 89
     d22:	f0 e0       	ldi	r31, 0x00	; 0
     d24:	80 81       	ld	r24, Z
     d26:	80 68       	ori	r24, 0x80	; 128
     d28:	8c 93       	st	X, r24
				CLR_BIT(TIMSK,TIMSK_OCIE2);
				
			#endif
			
			#if TIMER2_OC == CTC_OC_TOGGEL
				CLR_BIT(TCCR2,TCCR2_COM21);
     d2a:	a5 e4       	ldi	r26, 0x45	; 69
     d2c:	b0 e0       	ldi	r27, 0x00	; 0
     d2e:	e5 e4       	ldi	r30, 0x45	; 69
     d30:	f0 e0       	ldi	r31, 0x00	; 0
     d32:	80 81       	ld	r24, Z
     d34:	8f 7d       	andi	r24, 0xDF	; 223
     d36:	8c 93       	st	X, r24
				SET_BIT(TCCR2,TCCR2_COM20);
     d38:	a5 e4       	ldi	r26, 0x45	; 69
     d3a:	b0 e0       	ldi	r27, 0x00	; 0
     d3c:	e5 e4       	ldi	r30, 0x45	; 69
     d3e:	f0 e0       	ldi	r31, 0x00	; 0
     d40:	80 81       	ld	r24, Z
     d42:	80 61       	ori	r24, 0x10	; 16
     d44:	8c 93       	st	X, r24
			#elif 	TIMER2_OC == CTC_OC_SET
				SET_BIT(TCCR2,TCCR2_COM21);
				SET_BIT(TCCR2,TCCR2_COM20);
				
			#endif	
			OCR2=TIMER2_OCR_VAL;
     d46:	e3 e4       	ldi	r30, 0x43	; 67
     d48:	f0 e0       	ldi	r31, 0x00	; 0
     d4a:	8d e7       	ldi	r24, 0x7D	; 125
     d4c:	80 83       	st	Z, r24
			
				
			
	#endif
	
	TCCR2&=PRE_SCALER_MASK ;
     d4e:	a5 e4       	ldi	r26, 0x45	; 69
     d50:	b0 e0       	ldi	r27, 0x00	; 0
     d52:	e5 e4       	ldi	r30, 0x45	; 69
     d54:	f0 e0       	ldi	r31, 0x00	; 0
     d56:	80 81       	ld	r24, Z
     d58:	88 7f       	andi	r24, 0xF8	; 248
     d5a:	8c 93       	st	X, r24
	TCCR2|=TIMER2_PRESCALER;
     d5c:	a5 e4       	ldi	r26, 0x45	; 69
     d5e:	b0 e0       	ldi	r27, 0x00	; 0
     d60:	e5 e4       	ldi	r30, 0x45	; 69
     d62:	f0 e0       	ldi	r31, 0x00	; 0
     d64:	80 81       	ld	r24, Z
     d66:	84 60       	ori	r24, 0x04	; 4
     d68:	8c 93       	st	X, r24
}
     d6a:	cf 91       	pop	r28
     d6c:	df 91       	pop	r29
     d6e:	08 95       	ret

00000d70 <SET_CALLBACK>:




u8  SET_CALLBACK(void (*copy_func)(void),u8 copy_vector_id)
{
     d70:	df 93       	push	r29
     d72:	cf 93       	push	r28
     d74:	00 d0       	rcall	.+0      	; 0xd76 <SET_CALLBACK+0x6>
     d76:	00 d0       	rcall	.+0      	; 0xd78 <SET_CALLBACK+0x8>
     d78:	cd b7       	in	r28, 0x3d	; 61
     d7a:	de b7       	in	r29, 0x3e	; 62
     d7c:	9b 83       	std	Y+3, r25	; 0x03
     d7e:	8a 83       	std	Y+2, r24	; 0x02
     d80:	6c 83       	std	Y+4, r22	; 0x04
	u8 LOCAL_errorstate=Ok;
     d82:	81 e0       	ldi	r24, 0x01	; 1
     d84:	89 83       	std	Y+1, r24	; 0x01
	
	if(copy_func!=Null)
     d86:	8a 81       	ldd	r24, Y+2	; 0x02
     d88:	9b 81       	ldd	r25, Y+3	; 0x03
     d8a:	00 97       	sbiw	r24, 0x00	; 0
     d8c:	91 f0       	breq	.+36     	; 0xdb2 <SET_CALLBACK+0x42>
	{
		if(copy_vector_id!=0)
     d8e:	8c 81       	ldd	r24, Y+4	; 0x04
     d90:	88 23       	and	r24, r24
     d92:	69 f0       	breq	.+26     	; 0xdae <SET_CALLBACK+0x3e>
		{
			func[copy_vector_id]=copy_func;
     d94:	8c 81       	ldd	r24, Y+4	; 0x04
     d96:	88 2f       	mov	r24, r24
     d98:	90 e0       	ldi	r25, 0x00	; 0
     d9a:	88 0f       	add	r24, r24
     d9c:	99 1f       	adc	r25, r25
     d9e:	fc 01       	movw	r30, r24
     da0:	ea 59       	subi	r30, 0x9A	; 154
     da2:	ff 4f       	sbci	r31, 0xFF	; 255
     da4:	8a 81       	ldd	r24, Y+2	; 0x02
     da6:	9b 81       	ldd	r25, Y+3	; 0x03
     da8:	91 83       	std	Z+1, r25	; 0x01
     daa:	80 83       	st	Z, r24
     dac:	03 c0       	rjmp	.+6      	; 0xdb4 <SET_CALLBACK+0x44>
		}
		else{
			LOCAL_errorstate=Nok;
     dae:	19 82       	std	Y+1, r1	; 0x01
     db0:	01 c0       	rjmp	.+2      	; 0xdb4 <SET_CALLBACK+0x44>
		}
	}
	else{
		LOCAL_errorstate=Nok;
     db2:	19 82       	std	Y+1, r1	; 0x01
	}
	return LOCAL_errorstate;
     db4:	89 81       	ldd	r24, Y+1	; 0x01
}
     db6:	0f 90       	pop	r0
     db8:	0f 90       	pop	r0
     dba:	0f 90       	pop	r0
     dbc:	0f 90       	pop	r0
     dbe:	cf 91       	pop	r28
     dc0:	df 91       	pop	r29
     dc2:	08 95       	ret

00000dc4 <__vector_11>:




void __vector_11 (void)		__attribute__((signal)) ;
void __vector_11 (void){
     dc4:	1f 92       	push	r1
     dc6:	0f 92       	push	r0
     dc8:	0f b6       	in	r0, 0x3f	; 63
     dca:	0f 92       	push	r0
     dcc:	11 24       	eor	r1, r1
     dce:	2f 93       	push	r18
     dd0:	3f 93       	push	r19
     dd2:	4f 93       	push	r20
     dd4:	5f 93       	push	r21
     dd6:	6f 93       	push	r22
     dd8:	7f 93       	push	r23
     dda:	8f 93       	push	r24
     ddc:	9f 93       	push	r25
     dde:	af 93       	push	r26
     de0:	bf 93       	push	r27
     de2:	ef 93       	push	r30
     de4:	ff 93       	push	r31
     de6:	df 93       	push	r29
     de8:	cf 93       	push	r28
     dea:	cd b7       	in	r28, 0x3d	; 61
     dec:	de b7       	in	r29, 0x3e	; 62
	
	if(func[TIMER0_OVF_VICTOR_ID]!=Null)
     dee:	80 91 7c 00 	lds	r24, 0x007C
     df2:	90 91 7d 00 	lds	r25, 0x007D
     df6:	00 97       	sbiw	r24, 0x00	; 0
     df8:	29 f0       	breq	.+10     	; 0xe04 <__vector_11+0x40>
	{
		func[TIMER0_OVF_VICTOR_ID]();
     dfa:	e0 91 7c 00 	lds	r30, 0x007C
     dfe:	f0 91 7d 00 	lds	r31, 0x007D
     e02:	09 95       	icall
	}
	
}
     e04:	cf 91       	pop	r28
     e06:	df 91       	pop	r29
     e08:	ff 91       	pop	r31
     e0a:	ef 91       	pop	r30
     e0c:	bf 91       	pop	r27
     e0e:	af 91       	pop	r26
     e10:	9f 91       	pop	r25
     e12:	8f 91       	pop	r24
     e14:	7f 91       	pop	r23
     e16:	6f 91       	pop	r22
     e18:	5f 91       	pop	r21
     e1a:	4f 91       	pop	r20
     e1c:	3f 91       	pop	r19
     e1e:	2f 91       	pop	r18
     e20:	0f 90       	pop	r0
     e22:	0f be       	out	0x3f, r0	; 63
     e24:	0f 90       	pop	r0
     e26:	1f 90       	pop	r1
     e28:	18 95       	reti

00000e2a <__vector_10>:


void __vector_10 (void)		__attribute__((signal)) ;
void __vector_10 (void){
     e2a:	1f 92       	push	r1
     e2c:	0f 92       	push	r0
     e2e:	0f b6       	in	r0, 0x3f	; 63
     e30:	0f 92       	push	r0
     e32:	11 24       	eor	r1, r1
     e34:	2f 93       	push	r18
     e36:	3f 93       	push	r19
     e38:	4f 93       	push	r20
     e3a:	5f 93       	push	r21
     e3c:	6f 93       	push	r22
     e3e:	7f 93       	push	r23
     e40:	8f 93       	push	r24
     e42:	9f 93       	push	r25
     e44:	af 93       	push	r26
     e46:	bf 93       	push	r27
     e48:	ef 93       	push	r30
     e4a:	ff 93       	push	r31
     e4c:	df 93       	push	r29
     e4e:	cf 93       	push	r28
     e50:	cd b7       	in	r28, 0x3d	; 61
     e52:	de b7       	in	r29, 0x3e	; 62
	
	if(func[TIMER0_COMP_VICTOR_ID]!=Null)
     e54:	80 91 7a 00 	lds	r24, 0x007A
     e58:	90 91 7b 00 	lds	r25, 0x007B
     e5c:	00 97       	sbiw	r24, 0x00	; 0
     e5e:	29 f0       	breq	.+10     	; 0xe6a <__vector_10+0x40>
	{
		func[TIMER0_COMP_VICTOR_ID]();
     e60:	e0 91 7a 00 	lds	r30, 0x007A
     e64:	f0 91 7b 00 	lds	r31, 0x007B
     e68:	09 95       	icall
	}
	
}
     e6a:	cf 91       	pop	r28
     e6c:	df 91       	pop	r29
     e6e:	ff 91       	pop	r31
     e70:	ef 91       	pop	r30
     e72:	bf 91       	pop	r27
     e74:	af 91       	pop	r26
     e76:	9f 91       	pop	r25
     e78:	8f 91       	pop	r24
     e7a:	7f 91       	pop	r23
     e7c:	6f 91       	pop	r22
     e7e:	5f 91       	pop	r21
     e80:	4f 91       	pop	r20
     e82:	3f 91       	pop	r19
     e84:	2f 91       	pop	r18
     e86:	0f 90       	pop	r0
     e88:	0f be       	out	0x3f, r0	; 63
     e8a:	0f 90       	pop	r0
     e8c:	1f 90       	pop	r1
     e8e:	18 95       	reti

00000e90 <__vector_4>:


void __vector_4 (void)		__attribute__((signal)) ;
void __vector_4 (void){
     e90:	1f 92       	push	r1
     e92:	0f 92       	push	r0
     e94:	0f b6       	in	r0, 0x3f	; 63
     e96:	0f 92       	push	r0
     e98:	11 24       	eor	r1, r1
     e9a:	2f 93       	push	r18
     e9c:	3f 93       	push	r19
     e9e:	4f 93       	push	r20
     ea0:	5f 93       	push	r21
     ea2:	6f 93       	push	r22
     ea4:	7f 93       	push	r23
     ea6:	8f 93       	push	r24
     ea8:	9f 93       	push	r25
     eaa:	af 93       	push	r26
     eac:	bf 93       	push	r27
     eae:	ef 93       	push	r30
     eb0:	ff 93       	push	r31
     eb2:	df 93       	push	r29
     eb4:	cf 93       	push	r28
     eb6:	cd b7       	in	r28, 0x3d	; 61
     eb8:	de b7       	in	r29, 0x3e	; 62
	
	if(func[TIMER2_COMP_VICTOR_ID]!=Null)
     eba:	80 91 6e 00 	lds	r24, 0x006E
     ebe:	90 91 6f 00 	lds	r25, 0x006F
     ec2:	00 97       	sbiw	r24, 0x00	; 0
     ec4:	29 f0       	breq	.+10     	; 0xed0 <__vector_4+0x40>
	{
		
		func[TIMER2_COMP_VICTOR_ID]();
     ec6:	e0 91 6e 00 	lds	r30, 0x006E
     eca:	f0 91 6f 00 	lds	r31, 0x006F
     ece:	09 95       	icall
		
	}
	
}
     ed0:	cf 91       	pop	r28
     ed2:	df 91       	pop	r29
     ed4:	ff 91       	pop	r31
     ed6:	ef 91       	pop	r30
     ed8:	bf 91       	pop	r27
     eda:	af 91       	pop	r26
     edc:	9f 91       	pop	r25
     ede:	8f 91       	pop	r24
     ee0:	7f 91       	pop	r23
     ee2:	6f 91       	pop	r22
     ee4:	5f 91       	pop	r21
     ee6:	4f 91       	pop	r20
     ee8:	3f 91       	pop	r19
     eea:	2f 91       	pop	r18
     eec:	0f 90       	pop	r0
     eee:	0f be       	out	0x3f, r0	; 63
     ef0:	0f 90       	pop	r0
     ef2:	1f 90       	pop	r1
     ef4:	18 95       	reti

00000ef6 <__vector_5>:




void __vector_5 (void)		__attribute__((signal)) ;
void __vector_5 (void){
     ef6:	1f 92       	push	r1
     ef8:	0f 92       	push	r0
     efa:	0f b6       	in	r0, 0x3f	; 63
     efc:	0f 92       	push	r0
     efe:	11 24       	eor	r1, r1
     f00:	2f 93       	push	r18
     f02:	3f 93       	push	r19
     f04:	4f 93       	push	r20
     f06:	5f 93       	push	r21
     f08:	6f 93       	push	r22
     f0a:	7f 93       	push	r23
     f0c:	8f 93       	push	r24
     f0e:	9f 93       	push	r25
     f10:	af 93       	push	r26
     f12:	bf 93       	push	r27
     f14:	ef 93       	push	r30
     f16:	ff 93       	push	r31
     f18:	df 93       	push	r29
     f1a:	cf 93       	push	r28
     f1c:	cd b7       	in	r28, 0x3d	; 61
     f1e:	de b7       	in	r29, 0x3e	; 62
	
	
	if(func[TIMER2_OVF_VICTOR_ID]!=Null)
     f20:	80 91 70 00 	lds	r24, 0x0070
     f24:	90 91 71 00 	lds	r25, 0x0071
     f28:	00 97       	sbiw	r24, 0x00	; 0
     f2a:	29 f0       	breq	.+10     	; 0xf36 <__vector_5+0x40>
	{
		
		func[TIMER2_OVF_VICTOR_ID]();
     f2c:	e0 91 70 00 	lds	r30, 0x0070
     f30:	f0 91 71 00 	lds	r31, 0x0071
     f34:	09 95       	icall
		
	}
	
}
     f36:	cf 91       	pop	r28
     f38:	df 91       	pop	r29
     f3a:	ff 91       	pop	r31
     f3c:	ef 91       	pop	r30
     f3e:	bf 91       	pop	r27
     f40:	af 91       	pop	r26
     f42:	9f 91       	pop	r25
     f44:	8f 91       	pop	r24
     f46:	7f 91       	pop	r23
     f48:	6f 91       	pop	r22
     f4a:	5f 91       	pop	r21
     f4c:	4f 91       	pop	r20
     f4e:	3f 91       	pop	r19
     f50:	2f 91       	pop	r18
     f52:	0f 90       	pop	r0
     f54:	0f be       	out	0x3f, r0	; 63
     f56:	0f 90       	pop	r0
     f58:	1f 90       	pop	r1
     f5a:	18 95       	reti

00000f5c <init>:
u32 counter_ov =0;
u32 counter_comp=0;

LED_TYPE led1={LED_PORTA,LED_PIN0,LED_ACTIVE_HIGH};
LED_TYPE led2={LED_PORTA,LED_PIN1,LED_ACTIVE_HIGH};
void init(){
     f5c:	df 93       	push	r29
     f5e:	cf 93       	push	r28
     f60:	cd b7       	in	r28, 0x3d	; 61
     f62:	de b7       	in	r29, 0x3e	; 62


	TIMER0_init();
     f64:	0e 94 49 06 	call	0xc92	; 0xc92 <TIMER0_init>
	TIMER2_init();
     f68:	0e 94 77 06 	call	0xcee	; 0xcee <TIMER2_init>
	LED_init(led1);
     f6c:	60 91 60 00 	lds	r22, 0x0060
     f70:	70 91 61 00 	lds	r23, 0x0061
     f74:	80 91 62 00 	lds	r24, 0x0062
     f78:	0e 94 e2 05 	call	0xbc4	; 0xbc4 <LED_init>
	LED_init(led2);
     f7c:	60 91 63 00 	lds	r22, 0x0063
     f80:	70 91 64 00 	lds	r23, 0x0064
     f84:	80 91 65 00 	lds	r24, 0x0065
     f88:	0e 94 e2 05 	call	0xbc4	; 0xbc4 <LED_init>
}
     f8c:	cf 91       	pop	r28
     f8e:	df 91       	pop	r29
     f90:	08 95       	ret

00000f92 <func_OV>:

void func_OV (){
     f92:	df 93       	push	r29
     f94:	cf 93       	push	r28
     f96:	cd b7       	in	r28, 0x3d	; 61
     f98:	de b7       	in	r29, 0x3e	; 62
	counter_ov++;
     f9a:	80 91 86 00 	lds	r24, 0x0086
     f9e:	90 91 87 00 	lds	r25, 0x0087
     fa2:	01 96       	adiw	r24, 0x01	; 1
     fa4:	90 93 87 00 	sts	0x0087, r25
     fa8:	80 93 86 00 	sts	0x0086, r24
	if(counter_ov==19532){
     fac:	80 91 86 00 	lds	r24, 0x0086
     fb0:	90 91 87 00 	lds	r25, 0x0087
     fb4:	2c e4       	ldi	r18, 0x4C	; 76
     fb6:	8c 34       	cpi	r24, 0x4C	; 76
     fb8:	92 07       	cpc	r25, r18
     fba:	61 f4       	brne	.+24     	; 0xfd4 <func_OV+0x42>
	LED_togel(led1);
     fbc:	60 91 60 00 	lds	r22, 0x0060
     fc0:	70 91 61 00 	lds	r23, 0x0061
     fc4:	80 91 62 00 	lds	r24, 0x0062
     fc8:	0e 94 35 06 	call	0xc6a	; 0xc6a <LED_togel>
	counter_ov=0;
     fcc:	10 92 87 00 	sts	0x0087, r1
     fd0:	10 92 86 00 	sts	0x0086, r1
	}
}
     fd4:	cf 91       	pop	r28
     fd6:	df 91       	pop	r29
     fd8:	08 95       	ret

00000fda <func_COMP>:

void func_COMP(){
     fda:	df 93       	push	r29
     fdc:	cf 93       	push	r28
     fde:	cd b7       	in	r28, 0x3d	; 61
     fe0:	de b7       	in	r29, 0x3e	; 62

	counter_comp++;
     fe2:	80 91 88 00 	lds	r24, 0x0088
     fe6:	90 91 89 00 	lds	r25, 0x0089
     fea:	01 96       	adiw	r24, 0x01	; 1
     fec:	90 93 89 00 	sts	0x0089, r25
     ff0:	80 93 88 00 	sts	0x0088, r24
		if(counter_comp==1000){
     ff4:	80 91 88 00 	lds	r24, 0x0088
     ff8:	90 91 89 00 	lds	r25, 0x0089
     ffc:	23 e0       	ldi	r18, 0x03	; 3
     ffe:	88 3e       	cpi	r24, 0xE8	; 232
    1000:	92 07       	cpc	r25, r18
    1002:	61 f4       	brne	.+24     	; 0x101c <func_COMP+0x42>
		LED_togel(led2);
    1004:	60 91 63 00 	lds	r22, 0x0063
    1008:	70 91 64 00 	lds	r23, 0x0064
    100c:	80 91 65 00 	lds	r24, 0x0065
    1010:	0e 94 35 06 	call	0xc6a	; 0xc6a <LED_togel>
		counter_comp=0;
    1014:	10 92 89 00 	sts	0x0089, r1
    1018:	10 92 88 00 	sts	0x0088, r1
		}
}
    101c:	cf 91       	pop	r28
    101e:	df 91       	pop	r29
    1020:	08 95       	ret

00001022 <main>:


void main(){
    1022:	df 93       	push	r29
    1024:	cf 93       	push	r28
    1026:	cd b7       	in	r28, 0x3d	; 61
    1028:	de b7       	in	r29, 0x3e	; 62
	init();
    102a:	0e 94 ae 07 	call	0xf5c	; 0xf5c <init>
	GIE_enable();
    102e:	0e 94 c6 05 	call	0xb8c	; 0xb8c <GIE_enable>
	SET_CALLBACK(func_OV,TIMER0_OVF_VICTOR_ID);
    1032:	89 ec       	ldi	r24, 0xC9	; 201
    1034:	97 e0       	ldi	r25, 0x07	; 7
    1036:	6b e0       	ldi	r22, 0x0B	; 11
    1038:	0e 94 b8 06 	call	0xd70	; 0xd70 <SET_CALLBACK>
	SET_CALLBACK(func_COMP,TIMER2_COMP_VICTOR_ID);
    103c:	8d ee       	ldi	r24, 0xED	; 237
    103e:	97 e0       	ldi	r25, 0x07	; 7
    1040:	64 e0       	ldi	r22, 0x04	; 4
    1042:	0e 94 b8 06 	call	0xd70	; 0xd70 <SET_CALLBACK>
    1046:	ff cf       	rjmp	.-2      	; 0x1046 <main+0x24>

00001048 <_exit>:
    1048:	f8 94       	cli

0000104a <__stop_program>:
    104a:	ff cf       	rjmp	.-2      	; 0x104a <__stop_program>
