
FREE_RTOS_Lap1.elf:     file format elf32-avr

Sections:
Idx Name          Size      VMA       LMA       File off  Algn
  0 .text         0000373e  00000000  00000000  00000094  2**1
                  CONTENTS, ALLOC, LOAD, READONLY, CODE
  1 .data         00000010  00800060  0000373e  000037d2  2**0
                  CONTENTS, ALLOC, LOAD, DATA
  2 .bss          000004a7  00800070  00800070  000037e2  2**0
                  ALLOC
  3 .stab         000055a4  00000000  00000000  000037e4  2**2
                  CONTENTS, READONLY, DEBUGGING
  4 .stabstr      0000306f  00000000  00000000  00008d88  2**0
                  CONTENTS, READONLY, DEBUGGING

Disassembly of section .text:

00000000 <__vectors>:
       0:	0c 94 2a 00 	jmp	0x54	; 0x54 <__ctors_end>
       4:	0c 94 47 00 	jmp	0x8e	; 0x8e <__bad_interrupt>
       8:	0c 94 47 00 	jmp	0x8e	; 0x8e <__bad_interrupt>
       c:	0c 94 47 00 	jmp	0x8e	; 0x8e <__bad_interrupt>
      10:	0c 94 bb 07 	jmp	0xf76	; 0xf76 <__vector_4>
      14:	0c 94 ee 07 	jmp	0xfdc	; 0xfdc <__vector_5>
      18:	0c 94 88 07 	jmp	0xf10	; 0xf10 <__vector_6>
      1c:	0c 94 0f 10 	jmp	0x201e	; 0x201e <__vector_7>
      20:	0c 94 47 00 	jmp	0x8e	; 0x8e <__bad_interrupt>
      24:	0c 94 47 00 	jmp	0x8e	; 0x8e <__bad_interrupt>
      28:	0c 94 55 07 	jmp	0xeaa	; 0xeaa <__vector_10>
      2c:	0c 94 22 07 	jmp	0xe44	; 0xe44 <__vector_11>
      30:	0c 94 47 00 	jmp	0x8e	; 0x8e <__bad_interrupt>
      34:	0c 94 47 00 	jmp	0x8e	; 0x8e <__bad_interrupt>
      38:	0c 94 47 00 	jmp	0x8e	; 0x8e <__bad_interrupt>
      3c:	0c 94 47 00 	jmp	0x8e	; 0x8e <__bad_interrupt>
      40:	0c 94 47 00 	jmp	0x8e	; 0x8e <__bad_interrupt>
      44:	0c 94 47 00 	jmp	0x8e	; 0x8e <__bad_interrupt>
      48:	0c 94 47 00 	jmp	0x8e	; 0x8e <__bad_interrupt>
      4c:	0c 94 47 00 	jmp	0x8e	; 0x8e <__bad_interrupt>
      50:	0c 94 47 00 	jmp	0x8e	; 0x8e <__bad_interrupt>

00000054 <__ctors_end>:
      54:	11 24       	eor	r1, r1
      56:	1f be       	out	0x3f, r1	; 63
      58:	cf e5       	ldi	r28, 0x5F	; 95
      5a:	d8 e0       	ldi	r29, 0x08	; 8
      5c:	de bf       	out	0x3e, r29	; 62
      5e:	cd bf       	out	0x3d, r28	; 61

00000060 <__do_copy_data>:
      60:	10 e0       	ldi	r17, 0x00	; 0
      62:	a0 e6       	ldi	r26, 0x60	; 96
      64:	b0 e0       	ldi	r27, 0x00	; 0
      66:	ee e3       	ldi	r30, 0x3E	; 62
      68:	f7 e3       	ldi	r31, 0x37	; 55
      6a:	02 c0       	rjmp	.+4      	; 0x70 <.do_copy_data_start>

0000006c <.do_copy_data_loop>:
      6c:	05 90       	lpm	r0, Z+
      6e:	0d 92       	st	X+, r0

00000070 <.do_copy_data_start>:
      70:	a0 37       	cpi	r26, 0x70	; 112
      72:	b1 07       	cpc	r27, r17
      74:	d9 f7       	brne	.-10     	; 0x6c <.do_copy_data_loop>

00000076 <__do_clear_bss>:
      76:	15 e0       	ldi	r17, 0x05	; 5
      78:	a0 e7       	ldi	r26, 0x70	; 112
      7a:	b0 e0       	ldi	r27, 0x00	; 0
      7c:	01 c0       	rjmp	.+2      	; 0x80 <.do_clear_bss_start>

0000007e <.do_clear_bss_loop>:
      7e:	1d 92       	st	X+, r1

00000080 <.do_clear_bss_start>:
      80:	a7 31       	cpi	r26, 0x17	; 23
      82:	b1 07       	cpc	r27, r17
      84:	e1 f7       	brne	.-8      	; 0x7e <.do_clear_bss_loop>
      86:	0e 94 dc 0c 	call	0x19b8	; 0x19b8 <main>
      8a:	0c 94 9d 1b 	jmp	0x373a	; 0x373a <_exit>

0000008e <__bad_interrupt>:
      8e:	0c 94 00 00 	jmp	0	; 0x0 <__vectors>

00000092 <DIO_setpindirection>:
      92:	df 93       	push	r29
      94:	cf 93       	push	r28
      96:	cd b7       	in	r28, 0x3d	; 61
      98:	de b7       	in	r29, 0x3e	; 62
      9a:	28 97       	sbiw	r28, 0x08	; 8
      9c:	0f b6       	in	r0, 0x3f	; 63
      9e:	f8 94       	cli
      a0:	de bf       	out	0x3e, r29	; 62
      a2:	0f be       	out	0x3f, r0	; 63
      a4:	cd bf       	out	0x3d, r28	; 61
      a6:	8a 83       	std	Y+2, r24	; 0x02
      a8:	6b 83       	std	Y+3, r22	; 0x03
      aa:	4c 83       	std	Y+4, r20	; 0x04
      ac:	81 e0       	ldi	r24, 0x01	; 1
      ae:	89 83       	std	Y+1, r24	; 0x01
      b0:	8a 81       	ldd	r24, Y+2	; 0x02
      b2:	84 30       	cpi	r24, 0x04	; 4
      b4:	08 f0       	brcs	.+2      	; 0xb8 <DIO_setpindirection+0x26>
      b6:	f1 c0       	rjmp	.+482    	; 0x29a <DIO_setpindirection+0x208>
      b8:	8b 81       	ldd	r24, Y+3	; 0x03
      ba:	88 30       	cpi	r24, 0x08	; 8
      bc:	08 f0       	brcs	.+2      	; 0xc0 <DIO_setpindirection+0x2e>
      be:	ed c0       	rjmp	.+474    	; 0x29a <DIO_setpindirection+0x208>
      c0:	8c 81       	ldd	r24, Y+4	; 0x04
      c2:	88 23       	and	r24, r24
      c4:	09 f0       	breq	.+2      	; 0xc8 <DIO_setpindirection+0x36>
      c6:	74 c0       	rjmp	.+232    	; 0x1b0 <DIO_setpindirection+0x11e>
      c8:	8a 81       	ldd	r24, Y+2	; 0x02
      ca:	28 2f       	mov	r18, r24
      cc:	30 e0       	ldi	r19, 0x00	; 0
      ce:	38 87       	std	Y+8, r19	; 0x08
      d0:	2f 83       	std	Y+7, r18	; 0x07
      d2:	8f 81       	ldd	r24, Y+7	; 0x07
      d4:	98 85       	ldd	r25, Y+8	; 0x08
      d6:	81 30       	cpi	r24, 0x01	; 1
      d8:	91 05       	cpc	r25, r1
      da:	59 f1       	breq	.+86     	; 0x132 <DIO_setpindirection+0xa0>
      dc:	2f 81       	ldd	r18, Y+7	; 0x07
      de:	38 85       	ldd	r19, Y+8	; 0x08
      e0:	22 30       	cpi	r18, 0x02	; 2
      e2:	31 05       	cpc	r19, r1
      e4:	2c f4       	brge	.+10     	; 0xf0 <DIO_setpindirection+0x5e>
      e6:	8f 81       	ldd	r24, Y+7	; 0x07
      e8:	98 85       	ldd	r25, Y+8	; 0x08
      ea:	00 97       	sbiw	r24, 0x00	; 0
      ec:	69 f0       	breq	.+26     	; 0x108 <DIO_setpindirection+0x76>
      ee:	d6 c0       	rjmp	.+428    	; 0x29c <DIO_setpindirection+0x20a>
      f0:	2f 81       	ldd	r18, Y+7	; 0x07
      f2:	38 85       	ldd	r19, Y+8	; 0x08
      f4:	22 30       	cpi	r18, 0x02	; 2
      f6:	31 05       	cpc	r19, r1
      f8:	89 f1       	breq	.+98     	; 0x15c <DIO_setpindirection+0xca>
      fa:	8f 81       	ldd	r24, Y+7	; 0x07
      fc:	98 85       	ldd	r25, Y+8	; 0x08
      fe:	83 30       	cpi	r24, 0x03	; 3
     100:	91 05       	cpc	r25, r1
     102:	09 f4       	brne	.+2      	; 0x106 <DIO_setpindirection+0x74>
     104:	40 c0       	rjmp	.+128    	; 0x186 <DIO_setpindirection+0xf4>
     106:	ca c0       	rjmp	.+404    	; 0x29c <DIO_setpindirection+0x20a>
     108:	aa e3       	ldi	r26, 0x3A	; 58
     10a:	b0 e0       	ldi	r27, 0x00	; 0
     10c:	ea e3       	ldi	r30, 0x3A	; 58
     10e:	f0 e0       	ldi	r31, 0x00	; 0
     110:	80 81       	ld	r24, Z
     112:	48 2f       	mov	r20, r24
     114:	8b 81       	ldd	r24, Y+3	; 0x03
     116:	28 2f       	mov	r18, r24
     118:	30 e0       	ldi	r19, 0x00	; 0
     11a:	81 e0       	ldi	r24, 0x01	; 1
     11c:	90 e0       	ldi	r25, 0x00	; 0
     11e:	02 2e       	mov	r0, r18
     120:	02 c0       	rjmp	.+4      	; 0x126 <DIO_setpindirection+0x94>
     122:	88 0f       	add	r24, r24
     124:	99 1f       	adc	r25, r25
     126:	0a 94       	dec	r0
     128:	e2 f7       	brpl	.-8      	; 0x122 <DIO_setpindirection+0x90>
     12a:	80 95       	com	r24
     12c:	84 23       	and	r24, r20
     12e:	8c 93       	st	X, r24
     130:	b5 c0       	rjmp	.+362    	; 0x29c <DIO_setpindirection+0x20a>
     132:	a7 e3       	ldi	r26, 0x37	; 55
     134:	b0 e0       	ldi	r27, 0x00	; 0
     136:	e7 e3       	ldi	r30, 0x37	; 55
     138:	f0 e0       	ldi	r31, 0x00	; 0
     13a:	80 81       	ld	r24, Z
     13c:	48 2f       	mov	r20, r24
     13e:	8b 81       	ldd	r24, Y+3	; 0x03
     140:	28 2f       	mov	r18, r24
     142:	30 e0       	ldi	r19, 0x00	; 0
     144:	81 e0       	ldi	r24, 0x01	; 1
     146:	90 e0       	ldi	r25, 0x00	; 0
     148:	02 2e       	mov	r0, r18
     14a:	02 c0       	rjmp	.+4      	; 0x150 <DIO_setpindirection+0xbe>
     14c:	88 0f       	add	r24, r24
     14e:	99 1f       	adc	r25, r25
     150:	0a 94       	dec	r0
     152:	e2 f7       	brpl	.-8      	; 0x14c <DIO_setpindirection+0xba>
     154:	80 95       	com	r24
     156:	84 23       	and	r24, r20
     158:	8c 93       	st	X, r24
     15a:	a0 c0       	rjmp	.+320    	; 0x29c <DIO_setpindirection+0x20a>
     15c:	a4 e3       	ldi	r26, 0x34	; 52
     15e:	b0 e0       	ldi	r27, 0x00	; 0
     160:	e4 e3       	ldi	r30, 0x34	; 52
     162:	f0 e0       	ldi	r31, 0x00	; 0
     164:	80 81       	ld	r24, Z
     166:	48 2f       	mov	r20, r24
     168:	8b 81       	ldd	r24, Y+3	; 0x03
     16a:	28 2f       	mov	r18, r24
     16c:	30 e0       	ldi	r19, 0x00	; 0
     16e:	81 e0       	ldi	r24, 0x01	; 1
     170:	90 e0       	ldi	r25, 0x00	; 0
     172:	02 2e       	mov	r0, r18
     174:	02 c0       	rjmp	.+4      	; 0x17a <DIO_setpindirection+0xe8>
     176:	88 0f       	add	r24, r24
     178:	99 1f       	adc	r25, r25
     17a:	0a 94       	dec	r0
     17c:	e2 f7       	brpl	.-8      	; 0x176 <DIO_setpindirection+0xe4>
     17e:	80 95       	com	r24
     180:	84 23       	and	r24, r20
     182:	8c 93       	st	X, r24
     184:	8b c0       	rjmp	.+278    	; 0x29c <DIO_setpindirection+0x20a>
     186:	a1 e3       	ldi	r26, 0x31	; 49
     188:	b0 e0       	ldi	r27, 0x00	; 0
     18a:	e1 e3       	ldi	r30, 0x31	; 49
     18c:	f0 e0       	ldi	r31, 0x00	; 0
     18e:	80 81       	ld	r24, Z
     190:	48 2f       	mov	r20, r24
     192:	8b 81       	ldd	r24, Y+3	; 0x03
     194:	28 2f       	mov	r18, r24
     196:	30 e0       	ldi	r19, 0x00	; 0
     198:	81 e0       	ldi	r24, 0x01	; 1
     19a:	90 e0       	ldi	r25, 0x00	; 0
     19c:	02 2e       	mov	r0, r18
     19e:	02 c0       	rjmp	.+4      	; 0x1a4 <DIO_setpindirection+0x112>
     1a0:	88 0f       	add	r24, r24
     1a2:	99 1f       	adc	r25, r25
     1a4:	0a 94       	dec	r0
     1a6:	e2 f7       	brpl	.-8      	; 0x1a0 <DIO_setpindirection+0x10e>
     1a8:	80 95       	com	r24
     1aa:	84 23       	and	r24, r20
     1ac:	8c 93       	st	X, r24
     1ae:	76 c0       	rjmp	.+236    	; 0x29c <DIO_setpindirection+0x20a>
     1b0:	8c 81       	ldd	r24, Y+4	; 0x04
     1b2:	81 30       	cpi	r24, 0x01	; 1
     1b4:	09 f0       	breq	.+2      	; 0x1b8 <DIO_setpindirection+0x126>
     1b6:	6f c0       	rjmp	.+222    	; 0x296 <DIO_setpindirection+0x204>
     1b8:	8a 81       	ldd	r24, Y+2	; 0x02
     1ba:	28 2f       	mov	r18, r24
     1bc:	30 e0       	ldi	r19, 0x00	; 0
     1be:	3e 83       	std	Y+6, r19	; 0x06
     1c0:	2d 83       	std	Y+5, r18	; 0x05
     1c2:	8d 81       	ldd	r24, Y+5	; 0x05
     1c4:	9e 81       	ldd	r25, Y+6	; 0x06
     1c6:	81 30       	cpi	r24, 0x01	; 1
     1c8:	91 05       	cpc	r25, r1
     1ca:	49 f1       	breq	.+82     	; 0x21e <DIO_setpindirection+0x18c>
     1cc:	2d 81       	ldd	r18, Y+5	; 0x05
     1ce:	3e 81       	ldd	r19, Y+6	; 0x06
     1d0:	22 30       	cpi	r18, 0x02	; 2
     1d2:	31 05       	cpc	r19, r1
     1d4:	2c f4       	brge	.+10     	; 0x1e0 <DIO_setpindirection+0x14e>
     1d6:	8d 81       	ldd	r24, Y+5	; 0x05
     1d8:	9e 81       	ldd	r25, Y+6	; 0x06
     1da:	00 97       	sbiw	r24, 0x00	; 0
     1dc:	61 f0       	breq	.+24     	; 0x1f6 <DIO_setpindirection+0x164>
     1de:	5e c0       	rjmp	.+188    	; 0x29c <DIO_setpindirection+0x20a>
     1e0:	2d 81       	ldd	r18, Y+5	; 0x05
     1e2:	3e 81       	ldd	r19, Y+6	; 0x06
     1e4:	22 30       	cpi	r18, 0x02	; 2
     1e6:	31 05       	cpc	r19, r1
     1e8:	71 f1       	breq	.+92     	; 0x246 <DIO_setpindirection+0x1b4>
     1ea:	8d 81       	ldd	r24, Y+5	; 0x05
     1ec:	9e 81       	ldd	r25, Y+6	; 0x06
     1ee:	83 30       	cpi	r24, 0x03	; 3
     1f0:	91 05       	cpc	r25, r1
     1f2:	e9 f1       	breq	.+122    	; 0x26e <DIO_setpindirection+0x1dc>
     1f4:	53 c0       	rjmp	.+166    	; 0x29c <DIO_setpindirection+0x20a>
     1f6:	aa e3       	ldi	r26, 0x3A	; 58
     1f8:	b0 e0       	ldi	r27, 0x00	; 0
     1fa:	ea e3       	ldi	r30, 0x3A	; 58
     1fc:	f0 e0       	ldi	r31, 0x00	; 0
     1fe:	80 81       	ld	r24, Z
     200:	48 2f       	mov	r20, r24
     202:	8b 81       	ldd	r24, Y+3	; 0x03
     204:	28 2f       	mov	r18, r24
     206:	30 e0       	ldi	r19, 0x00	; 0
     208:	81 e0       	ldi	r24, 0x01	; 1
     20a:	90 e0       	ldi	r25, 0x00	; 0
     20c:	02 2e       	mov	r0, r18
     20e:	02 c0       	rjmp	.+4      	; 0x214 <DIO_setpindirection+0x182>
     210:	88 0f       	add	r24, r24
     212:	99 1f       	adc	r25, r25
     214:	0a 94       	dec	r0
     216:	e2 f7       	brpl	.-8      	; 0x210 <DIO_setpindirection+0x17e>
     218:	84 2b       	or	r24, r20
     21a:	8c 93       	st	X, r24
     21c:	3f c0       	rjmp	.+126    	; 0x29c <DIO_setpindirection+0x20a>
     21e:	a7 e3       	ldi	r26, 0x37	; 55
     220:	b0 e0       	ldi	r27, 0x00	; 0
     222:	e7 e3       	ldi	r30, 0x37	; 55
     224:	f0 e0       	ldi	r31, 0x00	; 0
     226:	80 81       	ld	r24, Z
     228:	48 2f       	mov	r20, r24
     22a:	8b 81       	ldd	r24, Y+3	; 0x03
     22c:	28 2f       	mov	r18, r24
     22e:	30 e0       	ldi	r19, 0x00	; 0
     230:	81 e0       	ldi	r24, 0x01	; 1
     232:	90 e0       	ldi	r25, 0x00	; 0
     234:	02 2e       	mov	r0, r18
     236:	02 c0       	rjmp	.+4      	; 0x23c <DIO_setpindirection+0x1aa>
     238:	88 0f       	add	r24, r24
     23a:	99 1f       	adc	r25, r25
     23c:	0a 94       	dec	r0
     23e:	e2 f7       	brpl	.-8      	; 0x238 <DIO_setpindirection+0x1a6>
     240:	84 2b       	or	r24, r20
     242:	8c 93       	st	X, r24
     244:	2b c0       	rjmp	.+86     	; 0x29c <DIO_setpindirection+0x20a>
     246:	a4 e3       	ldi	r26, 0x34	; 52
     248:	b0 e0       	ldi	r27, 0x00	; 0
     24a:	e4 e3       	ldi	r30, 0x34	; 52
     24c:	f0 e0       	ldi	r31, 0x00	; 0
     24e:	80 81       	ld	r24, Z
     250:	48 2f       	mov	r20, r24
     252:	8b 81       	ldd	r24, Y+3	; 0x03
     254:	28 2f       	mov	r18, r24
     256:	30 e0       	ldi	r19, 0x00	; 0
     258:	81 e0       	ldi	r24, 0x01	; 1
     25a:	90 e0       	ldi	r25, 0x00	; 0
     25c:	02 2e       	mov	r0, r18
     25e:	02 c0       	rjmp	.+4      	; 0x264 <DIO_setpindirection+0x1d2>
     260:	88 0f       	add	r24, r24
     262:	99 1f       	adc	r25, r25
     264:	0a 94       	dec	r0
     266:	e2 f7       	brpl	.-8      	; 0x260 <DIO_setpindirection+0x1ce>
     268:	84 2b       	or	r24, r20
     26a:	8c 93       	st	X, r24
     26c:	17 c0       	rjmp	.+46     	; 0x29c <DIO_setpindirection+0x20a>
     26e:	a1 e3       	ldi	r26, 0x31	; 49
     270:	b0 e0       	ldi	r27, 0x00	; 0
     272:	e1 e3       	ldi	r30, 0x31	; 49
     274:	f0 e0       	ldi	r31, 0x00	; 0
     276:	80 81       	ld	r24, Z
     278:	48 2f       	mov	r20, r24
     27a:	8b 81       	ldd	r24, Y+3	; 0x03
     27c:	28 2f       	mov	r18, r24
     27e:	30 e0       	ldi	r19, 0x00	; 0
     280:	81 e0       	ldi	r24, 0x01	; 1
     282:	90 e0       	ldi	r25, 0x00	; 0
     284:	02 2e       	mov	r0, r18
     286:	02 c0       	rjmp	.+4      	; 0x28c <DIO_setpindirection+0x1fa>
     288:	88 0f       	add	r24, r24
     28a:	99 1f       	adc	r25, r25
     28c:	0a 94       	dec	r0
     28e:	e2 f7       	brpl	.-8      	; 0x288 <DIO_setpindirection+0x1f6>
     290:	84 2b       	or	r24, r20
     292:	8c 93       	st	X, r24
     294:	03 c0       	rjmp	.+6      	; 0x29c <DIO_setpindirection+0x20a>
     296:	19 82       	std	Y+1, r1	; 0x01
     298:	01 c0       	rjmp	.+2      	; 0x29c <DIO_setpindirection+0x20a>
     29a:	19 82       	std	Y+1, r1	; 0x01
     29c:	89 81       	ldd	r24, Y+1	; 0x01
     29e:	28 96       	adiw	r28, 0x08	; 8
     2a0:	0f b6       	in	r0, 0x3f	; 63
     2a2:	f8 94       	cli
     2a4:	de bf       	out	0x3e, r29	; 62
     2a6:	0f be       	out	0x3f, r0	; 63
     2a8:	cd bf       	out	0x3d, r28	; 61
     2aa:	cf 91       	pop	r28
     2ac:	df 91       	pop	r29
     2ae:	08 95       	ret

000002b0 <DIO_setpinvalue>:
	return : its statues (DIO_Nok,DIO_ok)

*/	

DIO_errorstate DIO_setpinvalue(u8 copy_port,u8 copy_pinnumber , u8 copy_pinvalue         )
{
     2b0:	df 93       	push	r29
     2b2:	cf 93       	push	r28
     2b4:	cd b7       	in	r28, 0x3d	; 61
     2b6:	de b7       	in	r29, 0x3e	; 62
     2b8:	28 97       	sbiw	r28, 0x08	; 8
     2ba:	0f b6       	in	r0, 0x3f	; 63
     2bc:	f8 94       	cli
     2be:	de bf       	out	0x3e, r29	; 62
     2c0:	0f be       	out	0x3f, r0	; 63
     2c2:	cd bf       	out	0x3d, r28	; 61
     2c4:	8a 83       	std	Y+2, r24	; 0x02
     2c6:	6b 83       	std	Y+3, r22	; 0x03
     2c8:	4c 83       	std	Y+4, r20	; 0x04
DIO_errorstate LOC_STATE =DIO_ok;
     2ca:	81 e0       	ldi	r24, 0x01	; 1
     2cc:	89 83       	std	Y+1, r24	; 0x01
/* check if the given paramter is in valid range */
if((copy_port<=DIO_portD)&&(copy_pinnumber<=PIN7))
     2ce:	8a 81       	ldd	r24, Y+2	; 0x02
     2d0:	84 30       	cpi	r24, 0x04	; 4
     2d2:	08 f0       	brcs	.+2      	; 0x2d6 <DIO_setpinvalue+0x26>
     2d4:	f0 c0       	rjmp	.+480    	; 0x4b6 <DIO_setpinvalue+0x206>
     2d6:	8b 81       	ldd	r24, Y+3	; 0x03
     2d8:	88 30       	cpi	r24, 0x08	; 8
     2da:	08 f0       	brcs	.+2      	; 0x2de <DIO_setpinvalue+0x2e>
     2dc:	ec c0       	rjmp	.+472    	; 0x4b6 <DIO_setpinvalue+0x206>
{
if(copy_pinvalue==PIN_LOW)
     2de:	8c 81       	ldd	r24, Y+4	; 0x04
     2e0:	88 23       	and	r24, r24
     2e2:	09 f0       	breq	.+2      	; 0x2e6 <DIO_setpinvalue+0x36>
     2e4:	73 c0       	rjmp	.+230    	; 0x3cc <DIO_setpinvalue+0x11c>
{
	/* check on the port name */
switch(copy_port)
     2e6:	8a 81       	ldd	r24, Y+2	; 0x02
     2e8:	28 2f       	mov	r18, r24
     2ea:	30 e0       	ldi	r19, 0x00	; 0
     2ec:	38 87       	std	Y+8, r19	; 0x08
     2ee:	2f 83       	std	Y+7, r18	; 0x07
     2f0:	8f 81       	ldd	r24, Y+7	; 0x07
     2f2:	98 85       	ldd	r25, Y+8	; 0x08
     2f4:	81 30       	cpi	r24, 0x01	; 1
     2f6:	91 05       	cpc	r25, r1
     2f8:	59 f1       	breq	.+86     	; 0x350 <DIO_setpinvalue+0xa0>
     2fa:	2f 81       	ldd	r18, Y+7	; 0x07
     2fc:	38 85       	ldd	r19, Y+8	; 0x08
     2fe:	22 30       	cpi	r18, 0x02	; 2
     300:	31 05       	cpc	r19, r1
     302:	2c f4       	brge	.+10     	; 0x30e <DIO_setpinvalue+0x5e>
     304:	8f 81       	ldd	r24, Y+7	; 0x07
     306:	98 85       	ldd	r25, Y+8	; 0x08
     308:	00 97       	sbiw	r24, 0x00	; 0
     30a:	69 f0       	breq	.+26     	; 0x326 <DIO_setpinvalue+0x76>
     30c:	5f c0       	rjmp	.+190    	; 0x3cc <DIO_setpinvalue+0x11c>
     30e:	2f 81       	ldd	r18, Y+7	; 0x07
     310:	38 85       	ldd	r19, Y+8	; 0x08
     312:	22 30       	cpi	r18, 0x02	; 2
     314:	31 05       	cpc	r19, r1
     316:	89 f1       	breq	.+98     	; 0x37a <DIO_setpinvalue+0xca>
     318:	8f 81       	ldd	r24, Y+7	; 0x07
     31a:	98 85       	ldd	r25, Y+8	; 0x08
     31c:	83 30       	cpi	r24, 0x03	; 3
     31e:	91 05       	cpc	r25, r1
     320:	09 f4       	brne	.+2      	; 0x324 <DIO_setpinvalue+0x74>
     322:	40 c0       	rjmp	.+128    	; 0x3a4 <DIO_setpinvalue+0xf4>
     324:	53 c0       	rjmp	.+166    	; 0x3cc <DIO_setpinvalue+0x11c>
{
		case    DIO_portA:CLR_BIT(PORTA_REGISTER,copy_pinnumber); break;
     326:	ab e3       	ldi	r26, 0x3B	; 59
     328:	b0 e0       	ldi	r27, 0x00	; 0
     32a:	eb e3       	ldi	r30, 0x3B	; 59
     32c:	f0 e0       	ldi	r31, 0x00	; 0
     32e:	80 81       	ld	r24, Z
     330:	48 2f       	mov	r20, r24
     332:	8b 81       	ldd	r24, Y+3	; 0x03
     334:	28 2f       	mov	r18, r24
     336:	30 e0       	ldi	r19, 0x00	; 0
     338:	81 e0       	ldi	r24, 0x01	; 1
     33a:	90 e0       	ldi	r25, 0x00	; 0
     33c:	02 2e       	mov	r0, r18
     33e:	02 c0       	rjmp	.+4      	; 0x344 <DIO_setpinvalue+0x94>
     340:	88 0f       	add	r24, r24
     342:	99 1f       	adc	r25, r25
     344:	0a 94       	dec	r0
     346:	e2 f7       	brpl	.-8      	; 0x340 <DIO_setpinvalue+0x90>
     348:	80 95       	com	r24
     34a:	84 23       	and	r24, r20
     34c:	8c 93       	st	X, r24
     34e:	3e c0       	rjmp	.+124    	; 0x3cc <DIO_setpinvalue+0x11c>
		case	DIO_portB:CLR_BIT(PORTB_REGISTER,copy_pinnumber); break;
     350:	a8 e3       	ldi	r26, 0x38	; 56
     352:	b0 e0       	ldi	r27, 0x00	; 0
     354:	e8 e3       	ldi	r30, 0x38	; 56
     356:	f0 e0       	ldi	r31, 0x00	; 0
     358:	80 81       	ld	r24, Z
     35a:	48 2f       	mov	r20, r24
     35c:	8b 81       	ldd	r24, Y+3	; 0x03
     35e:	28 2f       	mov	r18, r24
     360:	30 e0       	ldi	r19, 0x00	; 0
     362:	81 e0       	ldi	r24, 0x01	; 1
     364:	90 e0       	ldi	r25, 0x00	; 0
     366:	02 2e       	mov	r0, r18
     368:	02 c0       	rjmp	.+4      	; 0x36e <DIO_setpinvalue+0xbe>
     36a:	88 0f       	add	r24, r24
     36c:	99 1f       	adc	r25, r25
     36e:	0a 94       	dec	r0
     370:	e2 f7       	brpl	.-8      	; 0x36a <DIO_setpinvalue+0xba>
     372:	80 95       	com	r24
     374:	84 23       	and	r24, r20
     376:	8c 93       	st	X, r24
     378:	29 c0       	rjmp	.+82     	; 0x3cc <DIO_setpinvalue+0x11c>
		case 	DIO_portC:CLR_BIT(PORTC_REGISTER,copy_pinnumber); break;
     37a:	a5 e3       	ldi	r26, 0x35	; 53
     37c:	b0 e0       	ldi	r27, 0x00	; 0
     37e:	e5 e3       	ldi	r30, 0x35	; 53
     380:	f0 e0       	ldi	r31, 0x00	; 0
     382:	80 81       	ld	r24, Z
     384:	48 2f       	mov	r20, r24
     386:	8b 81       	ldd	r24, Y+3	; 0x03
     388:	28 2f       	mov	r18, r24
     38a:	30 e0       	ldi	r19, 0x00	; 0
     38c:	81 e0       	ldi	r24, 0x01	; 1
     38e:	90 e0       	ldi	r25, 0x00	; 0
     390:	02 2e       	mov	r0, r18
     392:	02 c0       	rjmp	.+4      	; 0x398 <DIO_setpinvalue+0xe8>
     394:	88 0f       	add	r24, r24
     396:	99 1f       	adc	r25, r25
     398:	0a 94       	dec	r0
     39a:	e2 f7       	brpl	.-8      	; 0x394 <DIO_setpinvalue+0xe4>
     39c:	80 95       	com	r24
     39e:	84 23       	and	r24, r20
     3a0:	8c 93       	st	X, r24
     3a2:	14 c0       	rjmp	.+40     	; 0x3cc <DIO_setpinvalue+0x11c>
		case	DIO_portD:CLR_BIT(PORTD_REGISTER,copy_pinnumber); break;
     3a4:	a2 e3       	ldi	r26, 0x32	; 50
     3a6:	b0 e0       	ldi	r27, 0x00	; 0
     3a8:	e2 e3       	ldi	r30, 0x32	; 50
     3aa:	f0 e0       	ldi	r31, 0x00	; 0
     3ac:	80 81       	ld	r24, Z
     3ae:	48 2f       	mov	r20, r24
     3b0:	8b 81       	ldd	r24, Y+3	; 0x03
     3b2:	28 2f       	mov	r18, r24
     3b4:	30 e0       	ldi	r19, 0x00	; 0
     3b6:	81 e0       	ldi	r24, 0x01	; 1
     3b8:	90 e0       	ldi	r25, 0x00	; 0
     3ba:	02 2e       	mov	r0, r18
     3bc:	02 c0       	rjmp	.+4      	; 0x3c2 <DIO_setpinvalue+0x112>
     3be:	88 0f       	add	r24, r24
     3c0:	99 1f       	adc	r25, r25
     3c2:	0a 94       	dec	r0
     3c4:	e2 f7       	brpl	.-8      	; 0x3be <DIO_setpinvalue+0x10e>
     3c6:	80 95       	com	r24
     3c8:	84 23       	and	r24, r20
     3ca:	8c 93       	st	X, r24
}
}
if(copy_pinvalue==PIN_HIGH)
     3cc:	8c 81       	ldd	r24, Y+4	; 0x04
     3ce:	81 30       	cpi	r24, 0x01	; 1
     3d0:	09 f0       	breq	.+2      	; 0x3d4 <DIO_setpinvalue+0x124>
     3d2:	6f c0       	rjmp	.+222    	; 0x4b2 <DIO_setpinvalue+0x202>
{
switch(copy_port)
     3d4:	8a 81       	ldd	r24, Y+2	; 0x02
     3d6:	28 2f       	mov	r18, r24
     3d8:	30 e0       	ldi	r19, 0x00	; 0
     3da:	3e 83       	std	Y+6, r19	; 0x06
     3dc:	2d 83       	std	Y+5, r18	; 0x05
     3de:	8d 81       	ldd	r24, Y+5	; 0x05
     3e0:	9e 81       	ldd	r25, Y+6	; 0x06
     3e2:	81 30       	cpi	r24, 0x01	; 1
     3e4:	91 05       	cpc	r25, r1
     3e6:	49 f1       	breq	.+82     	; 0x43a <DIO_setpinvalue+0x18a>
     3e8:	2d 81       	ldd	r18, Y+5	; 0x05
     3ea:	3e 81       	ldd	r19, Y+6	; 0x06
     3ec:	22 30       	cpi	r18, 0x02	; 2
     3ee:	31 05       	cpc	r19, r1
     3f0:	2c f4       	brge	.+10     	; 0x3fc <DIO_setpinvalue+0x14c>
     3f2:	8d 81       	ldd	r24, Y+5	; 0x05
     3f4:	9e 81       	ldd	r25, Y+6	; 0x06
     3f6:	00 97       	sbiw	r24, 0x00	; 0
     3f8:	61 f0       	breq	.+24     	; 0x412 <DIO_setpinvalue+0x162>
     3fa:	5e c0       	rjmp	.+188    	; 0x4b8 <DIO_setpinvalue+0x208>
     3fc:	2d 81       	ldd	r18, Y+5	; 0x05
     3fe:	3e 81       	ldd	r19, Y+6	; 0x06
     400:	22 30       	cpi	r18, 0x02	; 2
     402:	31 05       	cpc	r19, r1
     404:	71 f1       	breq	.+92     	; 0x462 <DIO_setpinvalue+0x1b2>
     406:	8d 81       	ldd	r24, Y+5	; 0x05
     408:	9e 81       	ldd	r25, Y+6	; 0x06
     40a:	83 30       	cpi	r24, 0x03	; 3
     40c:	91 05       	cpc	r25, r1
     40e:	e9 f1       	breq	.+122    	; 0x48a <DIO_setpinvalue+0x1da>
     410:	53 c0       	rjmp	.+166    	; 0x4b8 <DIO_setpinvalue+0x208>
{
	/* check on the port name */
	case	DIO_portA:SET_BIT(PORTA_REGISTER,copy_pinnumber); break;
     412:	ab e3       	ldi	r26, 0x3B	; 59
     414:	b0 e0       	ldi	r27, 0x00	; 0
     416:	eb e3       	ldi	r30, 0x3B	; 59
     418:	f0 e0       	ldi	r31, 0x00	; 0
     41a:	80 81       	ld	r24, Z
     41c:	48 2f       	mov	r20, r24
     41e:	8b 81       	ldd	r24, Y+3	; 0x03
     420:	28 2f       	mov	r18, r24
     422:	30 e0       	ldi	r19, 0x00	; 0
     424:	81 e0       	ldi	r24, 0x01	; 1
     426:	90 e0       	ldi	r25, 0x00	; 0
     428:	02 2e       	mov	r0, r18
     42a:	02 c0       	rjmp	.+4      	; 0x430 <DIO_setpinvalue+0x180>
     42c:	88 0f       	add	r24, r24
     42e:	99 1f       	adc	r25, r25
     430:	0a 94       	dec	r0
     432:	e2 f7       	brpl	.-8      	; 0x42c <DIO_setpinvalue+0x17c>
     434:	84 2b       	or	r24, r20
     436:	8c 93       	st	X, r24
     438:	3f c0       	rjmp	.+126    	; 0x4b8 <DIO_setpinvalue+0x208>
	case	DIO_portB:SET_BIT(PORTB_REGISTER,copy_pinnumber); break;
     43a:	a8 e3       	ldi	r26, 0x38	; 56
     43c:	b0 e0       	ldi	r27, 0x00	; 0
     43e:	e8 e3       	ldi	r30, 0x38	; 56
     440:	f0 e0       	ldi	r31, 0x00	; 0
     442:	80 81       	ld	r24, Z
     444:	48 2f       	mov	r20, r24
     446:	8b 81       	ldd	r24, Y+3	; 0x03
     448:	28 2f       	mov	r18, r24
     44a:	30 e0       	ldi	r19, 0x00	; 0
     44c:	81 e0       	ldi	r24, 0x01	; 1
     44e:	90 e0       	ldi	r25, 0x00	; 0
     450:	02 2e       	mov	r0, r18
     452:	02 c0       	rjmp	.+4      	; 0x458 <DIO_setpinvalue+0x1a8>
     454:	88 0f       	add	r24, r24
     456:	99 1f       	adc	r25, r25
     458:	0a 94       	dec	r0
     45a:	e2 f7       	brpl	.-8      	; 0x454 <DIO_setpinvalue+0x1a4>
     45c:	84 2b       	or	r24, r20
     45e:	8c 93       	st	X, r24
     460:	2b c0       	rjmp	.+86     	; 0x4b8 <DIO_setpinvalue+0x208>
	case	DIO_portC:SET_BIT(PORTC_REGISTER,copy_pinnumber); break;
     462:	a5 e3       	ldi	r26, 0x35	; 53
     464:	b0 e0       	ldi	r27, 0x00	; 0
     466:	e5 e3       	ldi	r30, 0x35	; 53
     468:	f0 e0       	ldi	r31, 0x00	; 0
     46a:	80 81       	ld	r24, Z
     46c:	48 2f       	mov	r20, r24
     46e:	8b 81       	ldd	r24, Y+3	; 0x03
     470:	28 2f       	mov	r18, r24
     472:	30 e0       	ldi	r19, 0x00	; 0
     474:	81 e0       	ldi	r24, 0x01	; 1
     476:	90 e0       	ldi	r25, 0x00	; 0
     478:	02 2e       	mov	r0, r18
     47a:	02 c0       	rjmp	.+4      	; 0x480 <DIO_setpinvalue+0x1d0>
     47c:	88 0f       	add	r24, r24
     47e:	99 1f       	adc	r25, r25
     480:	0a 94       	dec	r0
     482:	e2 f7       	brpl	.-8      	; 0x47c <DIO_setpinvalue+0x1cc>
     484:	84 2b       	or	r24, r20
     486:	8c 93       	st	X, r24
     488:	17 c0       	rjmp	.+46     	; 0x4b8 <DIO_setpinvalue+0x208>
	case	DIO_portD:SET_BIT(PORTD_REGISTER,copy_pinnumber); break;
     48a:	a2 e3       	ldi	r26, 0x32	; 50
     48c:	b0 e0       	ldi	r27, 0x00	; 0
     48e:	e2 e3       	ldi	r30, 0x32	; 50
     490:	f0 e0       	ldi	r31, 0x00	; 0
     492:	80 81       	ld	r24, Z
     494:	48 2f       	mov	r20, r24
     496:	8b 81       	ldd	r24, Y+3	; 0x03
     498:	28 2f       	mov	r18, r24
     49a:	30 e0       	ldi	r19, 0x00	; 0
     49c:	81 e0       	ldi	r24, 0x01	; 1
     49e:	90 e0       	ldi	r25, 0x00	; 0
     4a0:	02 2e       	mov	r0, r18
     4a2:	02 c0       	rjmp	.+4      	; 0x4a8 <DIO_setpinvalue+0x1f8>
     4a4:	88 0f       	add	r24, r24
     4a6:	99 1f       	adc	r25, r25
     4a8:	0a 94       	dec	r0
     4aa:	e2 f7       	brpl	.-8      	; 0x4a4 <DIO_setpinvalue+0x1f4>
     4ac:	84 2b       	or	r24, r20
     4ae:	8c 93       	st	X, r24
     4b0:	03 c0       	rjmp	.+6      	; 0x4b8 <DIO_setpinvalue+0x208>
}
}
else
{
	LOC_STATE=DIO_Nok;
     4b2:	19 82       	std	Y+1, r1	; 0x01
     4b4:	01 c0       	rjmp	.+2      	; 0x4b8 <DIO_setpinvalue+0x208>
}
}
else
{
	LOC_STATE=DIO_Nok;
     4b6:	19 82       	std	Y+1, r1	; 0x01
}
return LOC_STATE;
     4b8:	89 81       	ldd	r24, Y+1	; 0x01
}
     4ba:	28 96       	adiw	r28, 0x08	; 8
     4bc:	0f b6       	in	r0, 0x3f	; 63
     4be:	f8 94       	cli
     4c0:	de bf       	out	0x3e, r29	; 62
     4c2:	0f be       	out	0x3f, r0	; 63
     4c4:	cd bf       	out	0x3d, r28	; 61
     4c6:	cf 91       	pop	r28
     4c8:	df 91       	pop	r29
     4ca:	08 95       	ret

000004cc <DIO_getpinvalue>:

*/	


DIO_errorstate DIO_getpinvalue(u8 copy_port,u8 copy_pinnumber , u8* pinvalue             )
{
     4cc:	df 93       	push	r29
     4ce:	cf 93       	push	r28
     4d0:	cd b7       	in	r28, 0x3d	; 61
     4d2:	de b7       	in	r29, 0x3e	; 62
     4d4:	27 97       	sbiw	r28, 0x07	; 7
     4d6:	0f b6       	in	r0, 0x3f	; 63
     4d8:	f8 94       	cli
     4da:	de bf       	out	0x3e, r29	; 62
     4dc:	0f be       	out	0x3f, r0	; 63
     4de:	cd bf       	out	0x3d, r28	; 61
     4e0:	8a 83       	std	Y+2, r24	; 0x02
     4e2:	6b 83       	std	Y+3, r22	; 0x03
     4e4:	5d 83       	std	Y+5, r21	; 0x05
     4e6:	4c 83       	std	Y+4, r20	; 0x04
DIO_errorstate LOC_STATE=DIO_ok;
     4e8:	81 e0       	ldi	r24, 0x01	; 1
     4ea:	89 83       	std	Y+1, r24	; 0x01
/* check if the given paramter is in valid range */
if((copy_port<=DIO_portD)&&(copy_pinnumber<=PIN7))
     4ec:	8a 81       	ldd	r24, Y+2	; 0x02
     4ee:	84 30       	cpi	r24, 0x04	; 4
     4f0:	08 f0       	brcs	.+2      	; 0x4f4 <DIO_getpinvalue+0x28>
     4f2:	a6 c0       	rjmp	.+332    	; 0x640 <DIO_getpinvalue+0x174>
     4f4:	8b 81       	ldd	r24, Y+3	; 0x03
     4f6:	88 30       	cpi	r24, 0x08	; 8
     4f8:	08 f0       	brcs	.+2      	; 0x4fc <DIO_getpinvalue+0x30>
     4fa:	a2 c0       	rjmp	.+324    	; 0x640 <DIO_getpinvalue+0x174>
{
switch(copy_port)
     4fc:	8a 81       	ldd	r24, Y+2	; 0x02
     4fe:	28 2f       	mov	r18, r24
     500:	30 e0       	ldi	r19, 0x00	; 0
     502:	3f 83       	std	Y+7, r19	; 0x07
     504:	2e 83       	std	Y+6, r18	; 0x06
     506:	4e 81       	ldd	r20, Y+6	; 0x06
     508:	5f 81       	ldd	r21, Y+7	; 0x07
     50a:	41 30       	cpi	r20, 0x01	; 1
     50c:	51 05       	cpc	r21, r1
     50e:	c1 f1       	breq	.+112    	; 0x580 <DIO_getpinvalue+0xb4>
     510:	8e 81       	ldd	r24, Y+6	; 0x06
     512:	9f 81       	ldd	r25, Y+7	; 0x07
     514:	82 30       	cpi	r24, 0x02	; 2
     516:	91 05       	cpc	r25, r1
     518:	34 f4       	brge	.+12     	; 0x526 <DIO_getpinvalue+0x5a>
     51a:	2e 81       	ldd	r18, Y+6	; 0x06
     51c:	3f 81       	ldd	r19, Y+7	; 0x07
     51e:	21 15       	cp	r18, r1
     520:	31 05       	cpc	r19, r1
     522:	71 f0       	breq	.+28     	; 0x540 <DIO_getpinvalue+0x74>
     524:	8e c0       	rjmp	.+284    	; 0x642 <DIO_getpinvalue+0x176>
     526:	4e 81       	ldd	r20, Y+6	; 0x06
     528:	5f 81       	ldd	r21, Y+7	; 0x07
     52a:	42 30       	cpi	r20, 0x02	; 2
     52c:	51 05       	cpc	r21, r1
     52e:	09 f4       	brne	.+2      	; 0x532 <DIO_getpinvalue+0x66>
     530:	47 c0       	rjmp	.+142    	; 0x5c0 <DIO_getpinvalue+0xf4>
     532:	8e 81       	ldd	r24, Y+6	; 0x06
     534:	9f 81       	ldd	r25, Y+7	; 0x07
     536:	83 30       	cpi	r24, 0x03	; 3
     538:	91 05       	cpc	r25, r1
     53a:	09 f4       	brne	.+2      	; 0x53e <DIO_getpinvalue+0x72>
     53c:	61 c0       	rjmp	.+194    	; 0x600 <DIO_getpinvalue+0x134>
     53e:	81 c0       	rjmp	.+258    	; 0x642 <DIO_getpinvalue+0x176>
{
	/* check on the port name */
	case	DIO_portA:* pinvalue  = GET_BIT(PINA_REGISTER,copy_pinnumber);break;
     540:	e9 e3       	ldi	r30, 0x39	; 57
     542:	f0 e0       	ldi	r31, 0x00	; 0
     544:	80 81       	ld	r24, Z
     546:	48 2f       	mov	r20, r24
     548:	50 e0       	ldi	r21, 0x00	; 0
     54a:	8b 81       	ldd	r24, Y+3	; 0x03
     54c:	28 2f       	mov	r18, r24
     54e:	30 e0       	ldi	r19, 0x00	; 0
     550:	81 e0       	ldi	r24, 0x01	; 1
     552:	90 e0       	ldi	r25, 0x00	; 0
     554:	02 c0       	rjmp	.+4      	; 0x55a <DIO_getpinvalue+0x8e>
     556:	88 0f       	add	r24, r24
     558:	99 1f       	adc	r25, r25
     55a:	2a 95       	dec	r18
     55c:	e2 f7       	brpl	.-8      	; 0x556 <DIO_getpinvalue+0x8a>
     55e:	9a 01       	movw	r18, r20
     560:	28 23       	and	r18, r24
     562:	39 23       	and	r19, r25
     564:	8b 81       	ldd	r24, Y+3	; 0x03
     566:	88 2f       	mov	r24, r24
     568:	90 e0       	ldi	r25, 0x00	; 0
     56a:	a9 01       	movw	r20, r18
     56c:	02 c0       	rjmp	.+4      	; 0x572 <DIO_getpinvalue+0xa6>
     56e:	55 95       	asr	r21
     570:	47 95       	ror	r20
     572:	8a 95       	dec	r24
     574:	e2 f7       	brpl	.-8      	; 0x56e <DIO_getpinvalue+0xa2>
     576:	ca 01       	movw	r24, r20
     578:	ec 81       	ldd	r30, Y+4	; 0x04
     57a:	fd 81       	ldd	r31, Y+5	; 0x05
     57c:	80 83       	st	Z, r24
     57e:	61 c0       	rjmp	.+194    	; 0x642 <DIO_getpinvalue+0x176>
	case	DIO_portB:* pinvalue  = GET_BIT(PINB_REGISTER,copy_pinnumber);break;
     580:	e6 e3       	ldi	r30, 0x36	; 54
     582:	f0 e0       	ldi	r31, 0x00	; 0
     584:	80 81       	ld	r24, Z
     586:	48 2f       	mov	r20, r24
     588:	50 e0       	ldi	r21, 0x00	; 0
     58a:	8b 81       	ldd	r24, Y+3	; 0x03
     58c:	28 2f       	mov	r18, r24
     58e:	30 e0       	ldi	r19, 0x00	; 0
     590:	81 e0       	ldi	r24, 0x01	; 1
     592:	90 e0       	ldi	r25, 0x00	; 0
     594:	02 c0       	rjmp	.+4      	; 0x59a <DIO_getpinvalue+0xce>
     596:	88 0f       	add	r24, r24
     598:	99 1f       	adc	r25, r25
     59a:	2a 95       	dec	r18
     59c:	e2 f7       	brpl	.-8      	; 0x596 <DIO_getpinvalue+0xca>
     59e:	9a 01       	movw	r18, r20
     5a0:	28 23       	and	r18, r24
     5a2:	39 23       	and	r19, r25
     5a4:	8b 81       	ldd	r24, Y+3	; 0x03
     5a6:	88 2f       	mov	r24, r24
     5a8:	90 e0       	ldi	r25, 0x00	; 0
     5aa:	a9 01       	movw	r20, r18
     5ac:	02 c0       	rjmp	.+4      	; 0x5b2 <DIO_getpinvalue+0xe6>
     5ae:	55 95       	asr	r21
     5b0:	47 95       	ror	r20
     5b2:	8a 95       	dec	r24
     5b4:	e2 f7       	brpl	.-8      	; 0x5ae <DIO_getpinvalue+0xe2>
     5b6:	ca 01       	movw	r24, r20
     5b8:	ec 81       	ldd	r30, Y+4	; 0x04
     5ba:	fd 81       	ldd	r31, Y+5	; 0x05
     5bc:	80 83       	st	Z, r24
     5be:	41 c0       	rjmp	.+130    	; 0x642 <DIO_getpinvalue+0x176>
	case	DIO_portC:* pinvalue  = GET_BIT(PINC_REGISTER,copy_pinnumber);break;
     5c0:	e3 e3       	ldi	r30, 0x33	; 51
     5c2:	f0 e0       	ldi	r31, 0x00	; 0
     5c4:	80 81       	ld	r24, Z
     5c6:	48 2f       	mov	r20, r24
     5c8:	50 e0       	ldi	r21, 0x00	; 0
     5ca:	8b 81       	ldd	r24, Y+3	; 0x03
     5cc:	28 2f       	mov	r18, r24
     5ce:	30 e0       	ldi	r19, 0x00	; 0
     5d0:	81 e0       	ldi	r24, 0x01	; 1
     5d2:	90 e0       	ldi	r25, 0x00	; 0
     5d4:	02 c0       	rjmp	.+4      	; 0x5da <DIO_getpinvalue+0x10e>
     5d6:	88 0f       	add	r24, r24
     5d8:	99 1f       	adc	r25, r25
     5da:	2a 95       	dec	r18
     5dc:	e2 f7       	brpl	.-8      	; 0x5d6 <DIO_getpinvalue+0x10a>
     5de:	9a 01       	movw	r18, r20
     5e0:	28 23       	and	r18, r24
     5e2:	39 23       	and	r19, r25
     5e4:	8b 81       	ldd	r24, Y+3	; 0x03
     5e6:	88 2f       	mov	r24, r24
     5e8:	90 e0       	ldi	r25, 0x00	; 0
     5ea:	a9 01       	movw	r20, r18
     5ec:	02 c0       	rjmp	.+4      	; 0x5f2 <DIO_getpinvalue+0x126>
     5ee:	55 95       	asr	r21
     5f0:	47 95       	ror	r20
     5f2:	8a 95       	dec	r24
     5f4:	e2 f7       	brpl	.-8      	; 0x5ee <DIO_getpinvalue+0x122>
     5f6:	ca 01       	movw	r24, r20
     5f8:	ec 81       	ldd	r30, Y+4	; 0x04
     5fa:	fd 81       	ldd	r31, Y+5	; 0x05
     5fc:	80 83       	st	Z, r24
     5fe:	21 c0       	rjmp	.+66     	; 0x642 <DIO_getpinvalue+0x176>
	case	DIO_portD:* pinvalue  = GET_BIT(PIND_REGISTER,copy_pinnumber);break;
     600:	e0 e3       	ldi	r30, 0x30	; 48
     602:	f0 e0       	ldi	r31, 0x00	; 0
     604:	80 81       	ld	r24, Z
     606:	48 2f       	mov	r20, r24
     608:	50 e0       	ldi	r21, 0x00	; 0
     60a:	8b 81       	ldd	r24, Y+3	; 0x03
     60c:	28 2f       	mov	r18, r24
     60e:	30 e0       	ldi	r19, 0x00	; 0
     610:	81 e0       	ldi	r24, 0x01	; 1
     612:	90 e0       	ldi	r25, 0x00	; 0
     614:	02 c0       	rjmp	.+4      	; 0x61a <DIO_getpinvalue+0x14e>
     616:	88 0f       	add	r24, r24
     618:	99 1f       	adc	r25, r25
     61a:	2a 95       	dec	r18
     61c:	e2 f7       	brpl	.-8      	; 0x616 <DIO_getpinvalue+0x14a>
     61e:	9a 01       	movw	r18, r20
     620:	28 23       	and	r18, r24
     622:	39 23       	and	r19, r25
     624:	8b 81       	ldd	r24, Y+3	; 0x03
     626:	88 2f       	mov	r24, r24
     628:	90 e0       	ldi	r25, 0x00	; 0
     62a:	a9 01       	movw	r20, r18
     62c:	02 c0       	rjmp	.+4      	; 0x632 <DIO_getpinvalue+0x166>
     62e:	55 95       	asr	r21
     630:	47 95       	ror	r20
     632:	8a 95       	dec	r24
     634:	e2 f7       	brpl	.-8      	; 0x62e <DIO_getpinvalue+0x162>
     636:	ca 01       	movw	r24, r20
     638:	ec 81       	ldd	r30, Y+4	; 0x04
     63a:	fd 81       	ldd	r31, Y+5	; 0x05
     63c:	80 83       	st	Z, r24
     63e:	01 c0       	rjmp	.+2      	; 0x642 <DIO_getpinvalue+0x176>
}
}
else
{
	LOC_STATE=DIO_Nok;
     640:	19 82       	std	Y+1, r1	; 0x01
}
return LOC_STATE ;
     642:	89 81       	ldd	r24, Y+1	; 0x01
}
     644:	27 96       	adiw	r28, 0x07	; 7
     646:	0f b6       	in	r0, 0x3f	; 63
     648:	f8 94       	cli
     64a:	de bf       	out	0x3e, r29	; 62
     64c:	0f be       	out	0x3f, r0	; 63
     64e:	cd bf       	out	0x3d, r28	; 61
     650:	cf 91       	pop	r28
     652:	df 91       	pop	r29
     654:	08 95       	ret

00000656 <DIO_togelpinvalue>:
	return : its statues (DIO_Nok,DIO_ok)

*/

DIO_errorstate DIO_togelpinvalue(u8 copy_port,u8 copy_pinnumber                          )
{
     656:	df 93       	push	r29
     658:	cf 93       	push	r28
     65a:	00 d0       	rcall	.+0      	; 0x65c <DIO_togelpinvalue+0x6>
     65c:	00 d0       	rcall	.+0      	; 0x65e <DIO_togelpinvalue+0x8>
     65e:	0f 92       	push	r0
     660:	cd b7       	in	r28, 0x3d	; 61
     662:	de b7       	in	r29, 0x3e	; 62
     664:	8a 83       	std	Y+2, r24	; 0x02
     666:	6b 83       	std	Y+3, r22	; 0x03
DIO_errorstate LOC_STATE=DIO_ok;
     668:	81 e0       	ldi	r24, 0x01	; 1
     66a:	89 83       	std	Y+1, r24	; 0x01
/* check if the given paramter is in valid range */
if((copy_port<=DIO_portD)&&(copy_pinnumber<=PIN7))
     66c:	8a 81       	ldd	r24, Y+2	; 0x02
     66e:	84 30       	cpi	r24, 0x04	; 4
     670:	08 f0       	brcs	.+2      	; 0x674 <DIO_togelpinvalue+0x1e>
     672:	73 c0       	rjmp	.+230    	; 0x75a <DIO_togelpinvalue+0x104>
     674:	8b 81       	ldd	r24, Y+3	; 0x03
     676:	88 30       	cpi	r24, 0x08	; 8
     678:	08 f0       	brcs	.+2      	; 0x67c <DIO_togelpinvalue+0x26>
     67a:	6f c0       	rjmp	.+222    	; 0x75a <DIO_togelpinvalue+0x104>
{
switch(copy_port){
     67c:	8a 81       	ldd	r24, Y+2	; 0x02
     67e:	28 2f       	mov	r18, r24
     680:	30 e0       	ldi	r19, 0x00	; 0
     682:	3d 83       	std	Y+5, r19	; 0x05
     684:	2c 83       	std	Y+4, r18	; 0x04
     686:	8c 81       	ldd	r24, Y+4	; 0x04
     688:	9d 81       	ldd	r25, Y+5	; 0x05
     68a:	81 30       	cpi	r24, 0x01	; 1
     68c:	91 05       	cpc	r25, r1
     68e:	49 f1       	breq	.+82     	; 0x6e2 <DIO_togelpinvalue+0x8c>
     690:	2c 81       	ldd	r18, Y+4	; 0x04
     692:	3d 81       	ldd	r19, Y+5	; 0x05
     694:	22 30       	cpi	r18, 0x02	; 2
     696:	31 05       	cpc	r19, r1
     698:	2c f4       	brge	.+10     	; 0x6a4 <DIO_togelpinvalue+0x4e>
     69a:	8c 81       	ldd	r24, Y+4	; 0x04
     69c:	9d 81       	ldd	r25, Y+5	; 0x05
     69e:	00 97       	sbiw	r24, 0x00	; 0
     6a0:	61 f0       	breq	.+24     	; 0x6ba <DIO_togelpinvalue+0x64>
     6a2:	5c c0       	rjmp	.+184    	; 0x75c <DIO_togelpinvalue+0x106>
     6a4:	2c 81       	ldd	r18, Y+4	; 0x04
     6a6:	3d 81       	ldd	r19, Y+5	; 0x05
     6a8:	22 30       	cpi	r18, 0x02	; 2
     6aa:	31 05       	cpc	r19, r1
     6ac:	71 f1       	breq	.+92     	; 0x70a <DIO_togelpinvalue+0xb4>
     6ae:	8c 81       	ldd	r24, Y+4	; 0x04
     6b0:	9d 81       	ldd	r25, Y+5	; 0x05
     6b2:	83 30       	cpi	r24, 0x03	; 3
     6b4:	91 05       	cpc	r25, r1
     6b6:	e9 f1       	breq	.+122    	; 0x732 <DIO_togelpinvalue+0xdc>
     6b8:	51 c0       	rjmp	.+162    	; 0x75c <DIO_togelpinvalue+0x106>
	/* check on the port name */
	case	DIO_portA:TOG_BIT(PORTA_REGISTER,copy_pinnumber); break;
     6ba:	ab e3       	ldi	r26, 0x3B	; 59
     6bc:	b0 e0       	ldi	r27, 0x00	; 0
     6be:	eb e3       	ldi	r30, 0x3B	; 59
     6c0:	f0 e0       	ldi	r31, 0x00	; 0
     6c2:	80 81       	ld	r24, Z
     6c4:	48 2f       	mov	r20, r24
     6c6:	8b 81       	ldd	r24, Y+3	; 0x03
     6c8:	28 2f       	mov	r18, r24
     6ca:	30 e0       	ldi	r19, 0x00	; 0
     6cc:	81 e0       	ldi	r24, 0x01	; 1
     6ce:	90 e0       	ldi	r25, 0x00	; 0
     6d0:	02 2e       	mov	r0, r18
     6d2:	02 c0       	rjmp	.+4      	; 0x6d8 <DIO_togelpinvalue+0x82>
     6d4:	88 0f       	add	r24, r24
     6d6:	99 1f       	adc	r25, r25
     6d8:	0a 94       	dec	r0
     6da:	e2 f7       	brpl	.-8      	; 0x6d4 <DIO_togelpinvalue+0x7e>
     6dc:	84 27       	eor	r24, r20
     6de:	8c 93       	st	X, r24
     6e0:	3d c0       	rjmp	.+122    	; 0x75c <DIO_togelpinvalue+0x106>
	case	DIO_portB:TOG_BIT(PORTB_REGISTER,copy_pinnumber); break;
     6e2:	a8 e3       	ldi	r26, 0x38	; 56
     6e4:	b0 e0       	ldi	r27, 0x00	; 0
     6e6:	e8 e3       	ldi	r30, 0x38	; 56
     6e8:	f0 e0       	ldi	r31, 0x00	; 0
     6ea:	80 81       	ld	r24, Z
     6ec:	48 2f       	mov	r20, r24
     6ee:	8b 81       	ldd	r24, Y+3	; 0x03
     6f0:	28 2f       	mov	r18, r24
     6f2:	30 e0       	ldi	r19, 0x00	; 0
     6f4:	81 e0       	ldi	r24, 0x01	; 1
     6f6:	90 e0       	ldi	r25, 0x00	; 0
     6f8:	02 2e       	mov	r0, r18
     6fa:	02 c0       	rjmp	.+4      	; 0x700 <DIO_togelpinvalue+0xaa>
     6fc:	88 0f       	add	r24, r24
     6fe:	99 1f       	adc	r25, r25
     700:	0a 94       	dec	r0
     702:	e2 f7       	brpl	.-8      	; 0x6fc <DIO_togelpinvalue+0xa6>
     704:	84 27       	eor	r24, r20
     706:	8c 93       	st	X, r24
     708:	29 c0       	rjmp	.+82     	; 0x75c <DIO_togelpinvalue+0x106>
	case	DIO_portC:TOG_BIT(PORTC_REGISTER,copy_pinnumber); break;
     70a:	a5 e3       	ldi	r26, 0x35	; 53
     70c:	b0 e0       	ldi	r27, 0x00	; 0
     70e:	e5 e3       	ldi	r30, 0x35	; 53
     710:	f0 e0       	ldi	r31, 0x00	; 0
     712:	80 81       	ld	r24, Z
     714:	48 2f       	mov	r20, r24
     716:	8b 81       	ldd	r24, Y+3	; 0x03
     718:	28 2f       	mov	r18, r24
     71a:	30 e0       	ldi	r19, 0x00	; 0
     71c:	81 e0       	ldi	r24, 0x01	; 1
     71e:	90 e0       	ldi	r25, 0x00	; 0
     720:	02 2e       	mov	r0, r18
     722:	02 c0       	rjmp	.+4      	; 0x728 <DIO_togelpinvalue+0xd2>
     724:	88 0f       	add	r24, r24
     726:	99 1f       	adc	r25, r25
     728:	0a 94       	dec	r0
     72a:	e2 f7       	brpl	.-8      	; 0x724 <DIO_togelpinvalue+0xce>
     72c:	84 27       	eor	r24, r20
     72e:	8c 93       	st	X, r24
     730:	15 c0       	rjmp	.+42     	; 0x75c <DIO_togelpinvalue+0x106>
	case	DIO_portD:TOG_BIT(PORTD_REGISTER,copy_pinnumber); break;
     732:	a2 e3       	ldi	r26, 0x32	; 50
     734:	b0 e0       	ldi	r27, 0x00	; 0
     736:	e2 e3       	ldi	r30, 0x32	; 50
     738:	f0 e0       	ldi	r31, 0x00	; 0
     73a:	80 81       	ld	r24, Z
     73c:	48 2f       	mov	r20, r24
     73e:	8b 81       	ldd	r24, Y+3	; 0x03
     740:	28 2f       	mov	r18, r24
     742:	30 e0       	ldi	r19, 0x00	; 0
     744:	81 e0       	ldi	r24, 0x01	; 1
     746:	90 e0       	ldi	r25, 0x00	; 0
     748:	02 2e       	mov	r0, r18
     74a:	02 c0       	rjmp	.+4      	; 0x750 <DIO_togelpinvalue+0xfa>
     74c:	88 0f       	add	r24, r24
     74e:	99 1f       	adc	r25, r25
     750:	0a 94       	dec	r0
     752:	e2 f7       	brpl	.-8      	; 0x74c <DIO_togelpinvalue+0xf6>
     754:	84 27       	eor	r24, r20
     756:	8c 93       	st	X, r24
     758:	01 c0       	rjmp	.+2      	; 0x75c <DIO_togelpinvalue+0x106>
}
}
else 
{
	LOC_STATE=DIO_Nok;
     75a:	19 82       	std	Y+1, r1	; 0x01
}
return LOC_STATE ;
     75c:	89 81       	ldd	r24, Y+1	; 0x01
}
     75e:	0f 90       	pop	r0
     760:	0f 90       	pop	r0
     762:	0f 90       	pop	r0
     764:	0f 90       	pop	r0
     766:	0f 90       	pop	r0
     768:	cf 91       	pop	r28
     76a:	df 91       	pop	r29
     76c:	08 95       	ret

0000076e <DIO_setportdirection>:
	return : its statues (DIO_Nok,DIO_ok)

*/

DIO_errorstate DIO_setportdirection (u8 copy_port , u8 copy_portdirection )
{
     76e:	df 93       	push	r29
     770:	cf 93       	push	r28
     772:	00 d0       	rcall	.+0      	; 0x774 <DIO_setportdirection+0x6>
     774:	00 d0       	rcall	.+0      	; 0x776 <DIO_setportdirection+0x8>
     776:	0f 92       	push	r0
     778:	cd b7       	in	r28, 0x3d	; 61
     77a:	de b7       	in	r29, 0x3e	; 62
     77c:	8a 83       	std	Y+2, r24	; 0x02
     77e:	6b 83       	std	Y+3, r22	; 0x03
	DIO_errorstate LOC_STATE = DIO_ok;
     780:	81 e0       	ldi	r24, 0x01	; 1
     782:	89 83       	std	Y+1, r24	; 0x01
	/* check on givin paramter is in valid range */
	
	if( copy_port<=DIO_portD ){
     784:	8a 81       	ldd	r24, Y+2	; 0x02
     786:	84 30       	cpi	r24, 0x04	; 4
     788:	98 f5       	brcc	.+102    	; 0x7f0 <DIO_setportdirection+0x82>
		/* check on port name */
		switch(copy_port)
     78a:	8a 81       	ldd	r24, Y+2	; 0x02
     78c:	28 2f       	mov	r18, r24
     78e:	30 e0       	ldi	r19, 0x00	; 0
     790:	3d 83       	std	Y+5, r19	; 0x05
     792:	2c 83       	std	Y+4, r18	; 0x04
     794:	8c 81       	ldd	r24, Y+4	; 0x04
     796:	9d 81       	ldd	r25, Y+5	; 0x05
     798:	81 30       	cpi	r24, 0x01	; 1
     79a:	91 05       	cpc	r25, r1
     79c:	d1 f0       	breq	.+52     	; 0x7d2 <DIO_setportdirection+0x64>
     79e:	2c 81       	ldd	r18, Y+4	; 0x04
     7a0:	3d 81       	ldd	r19, Y+5	; 0x05
     7a2:	22 30       	cpi	r18, 0x02	; 2
     7a4:	31 05       	cpc	r19, r1
     7a6:	2c f4       	brge	.+10     	; 0x7b2 <DIO_setportdirection+0x44>
     7a8:	8c 81       	ldd	r24, Y+4	; 0x04
     7aa:	9d 81       	ldd	r25, Y+5	; 0x05
     7ac:	00 97       	sbiw	r24, 0x00	; 0
     7ae:	61 f0       	breq	.+24     	; 0x7c8 <DIO_setportdirection+0x5a>
     7b0:	20 c0       	rjmp	.+64     	; 0x7f2 <DIO_setportdirection+0x84>
     7b2:	2c 81       	ldd	r18, Y+4	; 0x04
     7b4:	3d 81       	ldd	r19, Y+5	; 0x05
     7b6:	22 30       	cpi	r18, 0x02	; 2
     7b8:	31 05       	cpc	r19, r1
     7ba:	81 f0       	breq	.+32     	; 0x7dc <DIO_setportdirection+0x6e>
     7bc:	8c 81       	ldd	r24, Y+4	; 0x04
     7be:	9d 81       	ldd	r25, Y+5	; 0x05
     7c0:	83 30       	cpi	r24, 0x03	; 3
     7c2:	91 05       	cpc	r25, r1
     7c4:	81 f0       	breq	.+32     	; 0x7e6 <DIO_setportdirection+0x78>
     7c6:	15 c0       	rjmp	.+42     	; 0x7f2 <DIO_setportdirection+0x84>
		{
		case	DIO_portA : DDRA_REGISTER = copy_portdirection ; break ;
     7c8:	ea e3       	ldi	r30, 0x3A	; 58
     7ca:	f0 e0       	ldi	r31, 0x00	; 0
     7cc:	8b 81       	ldd	r24, Y+3	; 0x03
     7ce:	80 83       	st	Z, r24
     7d0:	10 c0       	rjmp	.+32     	; 0x7f2 <DIO_setportdirection+0x84>
		case    DIO_portB : DDRB_REGISTER = copy_portdirection ; break ;
     7d2:	e7 e3       	ldi	r30, 0x37	; 55
     7d4:	f0 e0       	ldi	r31, 0x00	; 0
     7d6:	8b 81       	ldd	r24, Y+3	; 0x03
     7d8:	80 83       	st	Z, r24
     7da:	0b c0       	rjmp	.+22     	; 0x7f2 <DIO_setportdirection+0x84>
		case	DIO_portC : DDRC_REGISTER = copy_portdirection ; break ;
     7dc:	e4 e3       	ldi	r30, 0x34	; 52
     7de:	f0 e0       	ldi	r31, 0x00	; 0
     7e0:	8b 81       	ldd	r24, Y+3	; 0x03
     7e2:	80 83       	st	Z, r24
     7e4:	06 c0       	rjmp	.+12     	; 0x7f2 <DIO_setportdirection+0x84>
		case    DIO_portD : DDRD_REGISTER = copy_portdirection ; break ;
     7e6:	e1 e3       	ldi	r30, 0x31	; 49
     7e8:	f0 e0       	ldi	r31, 0x00	; 0
     7ea:	8b 81       	ldd	r24, Y+3	; 0x03
     7ec:	80 83       	st	Z, r24
     7ee:	01 c0       	rjmp	.+2      	; 0x7f2 <DIO_setportdirection+0x84>
		}
	}
	else 
	{
		LOC_STATE =DIO_Nok;
     7f0:	19 82       	std	Y+1, r1	; 0x01
	}
	return LOC_STATE ;
     7f2:	89 81       	ldd	r24, Y+1	; 0x01
}
     7f4:	0f 90       	pop	r0
     7f6:	0f 90       	pop	r0
     7f8:	0f 90       	pop	r0
     7fa:	0f 90       	pop	r0
     7fc:	0f 90       	pop	r0
     7fe:	cf 91       	pop	r28
     800:	df 91       	pop	r29
     802:	08 95       	ret

00000804 <DIO_setportvalue>:

*/


DIO_errorstate DIO_setportvalue     (u8 copy_port , u8 copy_portvalue     )
{
     804:	df 93       	push	r29
     806:	cf 93       	push	r28
     808:	00 d0       	rcall	.+0      	; 0x80a <DIO_setportvalue+0x6>
     80a:	00 d0       	rcall	.+0      	; 0x80c <DIO_setportvalue+0x8>
     80c:	0f 92       	push	r0
     80e:	cd b7       	in	r28, 0x3d	; 61
     810:	de b7       	in	r29, 0x3e	; 62
     812:	8a 83       	std	Y+2, r24	; 0x02
     814:	6b 83       	std	Y+3, r22	; 0x03
		DIO_errorstate LOC_STATE = DIO_ok;
     816:	81 e0       	ldi	r24, 0x01	; 1
     818:	89 83       	std	Y+1, r24	; 0x01
	/* check on givin paramter is in valid range */
	
	if( copy_port<=DIO_portD ){
     81a:	8a 81       	ldd	r24, Y+2	; 0x02
     81c:	84 30       	cpi	r24, 0x04	; 4
     81e:	98 f5       	brcc	.+102    	; 0x886 <__stack+0x27>
		
		/* check on port name */
		switch(copy_port)
     820:	8a 81       	ldd	r24, Y+2	; 0x02
     822:	28 2f       	mov	r18, r24
     824:	30 e0       	ldi	r19, 0x00	; 0
     826:	3d 83       	std	Y+5, r19	; 0x05
     828:	2c 83       	std	Y+4, r18	; 0x04
     82a:	8c 81       	ldd	r24, Y+4	; 0x04
     82c:	9d 81       	ldd	r25, Y+5	; 0x05
     82e:	81 30       	cpi	r24, 0x01	; 1
     830:	91 05       	cpc	r25, r1
     832:	d1 f0       	breq	.+52     	; 0x868 <__stack+0x9>
     834:	2c 81       	ldd	r18, Y+4	; 0x04
     836:	3d 81       	ldd	r19, Y+5	; 0x05
     838:	22 30       	cpi	r18, 0x02	; 2
     83a:	31 05       	cpc	r19, r1
     83c:	2c f4       	brge	.+10     	; 0x848 <DIO_setportvalue+0x44>
     83e:	8c 81       	ldd	r24, Y+4	; 0x04
     840:	9d 81       	ldd	r25, Y+5	; 0x05
     842:	00 97       	sbiw	r24, 0x00	; 0
     844:	61 f0       	breq	.+24     	; 0x85e <DIO_setportvalue+0x5a>
     846:	20 c0       	rjmp	.+64     	; 0x888 <__stack+0x29>
     848:	2c 81       	ldd	r18, Y+4	; 0x04
     84a:	3d 81       	ldd	r19, Y+5	; 0x05
     84c:	22 30       	cpi	r18, 0x02	; 2
     84e:	31 05       	cpc	r19, r1
     850:	81 f0       	breq	.+32     	; 0x872 <__stack+0x13>
     852:	8c 81       	ldd	r24, Y+4	; 0x04
     854:	9d 81       	ldd	r25, Y+5	; 0x05
     856:	83 30       	cpi	r24, 0x03	; 3
     858:	91 05       	cpc	r25, r1
     85a:	81 f0       	breq	.+32     	; 0x87c <__stack+0x1d>
     85c:	15 c0       	rjmp	.+42     	; 0x888 <__stack+0x29>
		{
		case	DIO_portA : PORTA_REGISTER = copy_portvalue ; break ;
     85e:	eb e3       	ldi	r30, 0x3B	; 59
     860:	f0 e0       	ldi	r31, 0x00	; 0
     862:	8b 81       	ldd	r24, Y+3	; 0x03
     864:	80 83       	st	Z, r24
     866:	10 c0       	rjmp	.+32     	; 0x888 <__stack+0x29>
		case    DIO_portB : PORTB_REGISTER = copy_portvalue ; break ;
     868:	e8 e3       	ldi	r30, 0x38	; 56
     86a:	f0 e0       	ldi	r31, 0x00	; 0
     86c:	8b 81       	ldd	r24, Y+3	; 0x03
     86e:	80 83       	st	Z, r24
     870:	0b c0       	rjmp	.+22     	; 0x888 <__stack+0x29>
		case	DIO_portC : PORTC_REGISTER = copy_portvalue ; break ;
     872:	e5 e3       	ldi	r30, 0x35	; 53
     874:	f0 e0       	ldi	r31, 0x00	; 0
     876:	8b 81       	ldd	r24, Y+3	; 0x03
     878:	80 83       	st	Z, r24
     87a:	06 c0       	rjmp	.+12     	; 0x888 <__stack+0x29>
		case    DIO_portD : PORTD_REGISTER = copy_portvalue ; break ;
     87c:	e2 e3       	ldi	r30, 0x32	; 50
     87e:	f0 e0       	ldi	r31, 0x00	; 0
     880:	8b 81       	ldd	r24, Y+3	; 0x03
     882:	80 83       	st	Z, r24
     884:	01 c0       	rjmp	.+2      	; 0x888 <__stack+0x29>
		}
	}
	else 
	{
		LOC_STATE =DIO_Nok;
     886:	19 82       	std	Y+1, r1	; 0x01
	}
	return LOC_STATE ;
     888:	89 81       	ldd	r24, Y+1	; 0x01
}
     88a:	0f 90       	pop	r0
     88c:	0f 90       	pop	r0
     88e:	0f 90       	pop	r0
     890:	0f 90       	pop	r0
     892:	0f 90       	pop	r0
     894:	cf 91       	pop	r28
     896:	df 91       	pop	r29
     898:	08 95       	ret

0000089a <DIO_getportvalue>:
	return : its statues (DIO_Nok,DIO_ok)

*/

DIO_errorstate DIO_getportvalue     (u8 copy_port , u8 * ptr_data         )
{
     89a:	df 93       	push	r29
     89c:	cf 93       	push	r28
     89e:	00 d0       	rcall	.+0      	; 0x8a0 <DIO_getportvalue+0x6>
     8a0:	00 d0       	rcall	.+0      	; 0x8a2 <DIO_getportvalue+0x8>
     8a2:	00 d0       	rcall	.+0      	; 0x8a4 <DIO_getportvalue+0xa>
     8a4:	cd b7       	in	r28, 0x3d	; 61
     8a6:	de b7       	in	r29, 0x3e	; 62
     8a8:	8a 83       	std	Y+2, r24	; 0x02
     8aa:	7c 83       	std	Y+4, r23	; 0x04
     8ac:	6b 83       	std	Y+3, r22	; 0x03
			DIO_errorstate LOC_STATE = DIO_ok;
     8ae:	81 e0       	ldi	r24, 0x01	; 1
     8b0:	89 83       	std	Y+1, r24	; 0x01
	/* check on givin paramter is in valid range */
	
	if( copy_port<=DIO_portD ){
     8b2:	8a 81       	ldd	r24, Y+2	; 0x02
     8b4:	84 30       	cpi	r24, 0x04	; 4
     8b6:	d8 f5       	brcc	.+118    	; 0x92e <DIO_getportvalue+0x94>
		
		/* check on port name */
		switch(copy_port)
     8b8:	8a 81       	ldd	r24, Y+2	; 0x02
     8ba:	28 2f       	mov	r18, r24
     8bc:	30 e0       	ldi	r19, 0x00	; 0
     8be:	3e 83       	std	Y+6, r19	; 0x06
     8c0:	2d 83       	std	Y+5, r18	; 0x05
     8c2:	8d 81       	ldd	r24, Y+5	; 0x05
     8c4:	9e 81       	ldd	r25, Y+6	; 0x06
     8c6:	81 30       	cpi	r24, 0x01	; 1
     8c8:	91 05       	cpc	r25, r1
     8ca:	e1 f0       	breq	.+56     	; 0x904 <DIO_getportvalue+0x6a>
     8cc:	2d 81       	ldd	r18, Y+5	; 0x05
     8ce:	3e 81       	ldd	r19, Y+6	; 0x06
     8d0:	22 30       	cpi	r18, 0x02	; 2
     8d2:	31 05       	cpc	r19, r1
     8d4:	2c f4       	brge	.+10     	; 0x8e0 <DIO_getportvalue+0x46>
     8d6:	8d 81       	ldd	r24, Y+5	; 0x05
     8d8:	9e 81       	ldd	r25, Y+6	; 0x06
     8da:	00 97       	sbiw	r24, 0x00	; 0
     8dc:	61 f0       	breq	.+24     	; 0x8f6 <DIO_getportvalue+0x5c>
     8de:	28 c0       	rjmp	.+80     	; 0x930 <DIO_getportvalue+0x96>
     8e0:	2d 81       	ldd	r18, Y+5	; 0x05
     8e2:	3e 81       	ldd	r19, Y+6	; 0x06
     8e4:	22 30       	cpi	r18, 0x02	; 2
     8e6:	31 05       	cpc	r19, r1
     8e8:	a1 f0       	breq	.+40     	; 0x912 <DIO_getportvalue+0x78>
     8ea:	8d 81       	ldd	r24, Y+5	; 0x05
     8ec:	9e 81       	ldd	r25, Y+6	; 0x06
     8ee:	83 30       	cpi	r24, 0x03	; 3
     8f0:	91 05       	cpc	r25, r1
     8f2:	b1 f0       	breq	.+44     	; 0x920 <DIO_getportvalue+0x86>
     8f4:	1d c0       	rjmp	.+58     	; 0x930 <DIO_getportvalue+0x96>
		{
		case	DIO_portA :  *ptr_data =    PINA_REGISTER ; break ;
     8f6:	e9 e3       	ldi	r30, 0x39	; 57
     8f8:	f0 e0       	ldi	r31, 0x00	; 0
     8fa:	80 81       	ld	r24, Z
     8fc:	eb 81       	ldd	r30, Y+3	; 0x03
     8fe:	fc 81       	ldd	r31, Y+4	; 0x04
     900:	80 83       	st	Z, r24
     902:	16 c0       	rjmp	.+44     	; 0x930 <DIO_getportvalue+0x96>
		case    DIO_portB :  *ptr_data =    PINB_REGISTER ; break ;
     904:	e6 e3       	ldi	r30, 0x36	; 54
     906:	f0 e0       	ldi	r31, 0x00	; 0
     908:	80 81       	ld	r24, Z
     90a:	eb 81       	ldd	r30, Y+3	; 0x03
     90c:	fc 81       	ldd	r31, Y+4	; 0x04
     90e:	80 83       	st	Z, r24
     910:	0f c0       	rjmp	.+30     	; 0x930 <DIO_getportvalue+0x96>
		case	DIO_portC :  *ptr_data =    PINC_REGISTER ; break ;
     912:	e3 e3       	ldi	r30, 0x33	; 51
     914:	f0 e0       	ldi	r31, 0x00	; 0
     916:	80 81       	ld	r24, Z
     918:	eb 81       	ldd	r30, Y+3	; 0x03
     91a:	fc 81       	ldd	r31, Y+4	; 0x04
     91c:	80 83       	st	Z, r24
     91e:	08 c0       	rjmp	.+16     	; 0x930 <DIO_getportvalue+0x96>
		case    DIO_portD :  *ptr_data =    PIND_REGISTER ; break ;
     920:	e0 e3       	ldi	r30, 0x30	; 48
     922:	f0 e0       	ldi	r31, 0x00	; 0
     924:	80 81       	ld	r24, Z
     926:	eb 81       	ldd	r30, Y+3	; 0x03
     928:	fc 81       	ldd	r31, Y+4	; 0x04
     92a:	80 83       	st	Z, r24
     92c:	01 c0       	rjmp	.+2      	; 0x930 <DIO_getportvalue+0x96>
		}
	}
	else 
	{
		LOC_STATE =DIO_Nok;
     92e:	19 82       	std	Y+1, r1	; 0x01
	}
	return LOC_STATE ;
     930:	89 81       	ldd	r24, Y+1	; 0x01
}
     932:	26 96       	adiw	r28, 0x06	; 6
     934:	0f b6       	in	r0, 0x3f	; 63
     936:	f8 94       	cli
     938:	de bf       	out	0x3e, r29	; 62
     93a:	0f be       	out	0x3f, r0	; 63
     93c:	cd bf       	out	0x3d, r28	; 61
     93e:	cf 91       	pop	r28
     940:	df 91       	pop	r29
     942:	08 95       	ret

00000944 <DIO_togelportvalue>:
	return : its statues (DIO_Nok,DIO_ok)

*/

DIO_errorstate DIO_togelportvalue   (u8 copy_port                         )
{
     944:	df 93       	push	r29
     946:	cf 93       	push	r28
     948:	00 d0       	rcall	.+0      	; 0x94a <DIO_togelportvalue+0x6>
     94a:	00 d0       	rcall	.+0      	; 0x94c <DIO_togelportvalue+0x8>
     94c:	cd b7       	in	r28, 0x3d	; 61
     94e:	de b7       	in	r29, 0x3e	; 62
     950:	8a 83       	std	Y+2, r24	; 0x02
			DIO_errorstate LOC_STATE = DIO_ok;
     952:	81 e0       	ldi	r24, 0x01	; 1
     954:	89 83       	std	Y+1, r24	; 0x01
	/* check on givin paramter is in valid range */
	
	if( copy_port<=DIO_portD ){
     956:	8a 81       	ldd	r24, Y+2	; 0x02
     958:	84 30       	cpi	r24, 0x04	; 4
     95a:	08 f0       	brcs	.+2      	; 0x95e <DIO_togelportvalue+0x1a>
     95c:	3f c0       	rjmp	.+126    	; 0x9dc <DIO_togelportvalue+0x98>
		
		/* check on port name */
		switch(copy_port)
     95e:	8a 81       	ldd	r24, Y+2	; 0x02
     960:	28 2f       	mov	r18, r24
     962:	30 e0       	ldi	r19, 0x00	; 0
     964:	3c 83       	std	Y+4, r19	; 0x04
     966:	2b 83       	std	Y+3, r18	; 0x03
     968:	8b 81       	ldd	r24, Y+3	; 0x03
     96a:	9c 81       	ldd	r25, Y+4	; 0x04
     96c:	81 30       	cpi	r24, 0x01	; 1
     96e:	91 05       	cpc	r25, r1
     970:	e9 f0       	breq	.+58     	; 0x9ac <DIO_togelportvalue+0x68>
     972:	2b 81       	ldd	r18, Y+3	; 0x03
     974:	3c 81       	ldd	r19, Y+4	; 0x04
     976:	22 30       	cpi	r18, 0x02	; 2
     978:	31 05       	cpc	r19, r1
     97a:	2c f4       	brge	.+10     	; 0x986 <DIO_togelportvalue+0x42>
     97c:	8b 81       	ldd	r24, Y+3	; 0x03
     97e:	9c 81       	ldd	r25, Y+4	; 0x04
     980:	00 97       	sbiw	r24, 0x00	; 0
     982:	61 f0       	breq	.+24     	; 0x99c <DIO_togelportvalue+0x58>
     984:	2c c0       	rjmp	.+88     	; 0x9de <DIO_togelportvalue+0x9a>
     986:	2b 81       	ldd	r18, Y+3	; 0x03
     988:	3c 81       	ldd	r19, Y+4	; 0x04
     98a:	22 30       	cpi	r18, 0x02	; 2
     98c:	31 05       	cpc	r19, r1
     98e:	b1 f0       	breq	.+44     	; 0x9bc <DIO_togelportvalue+0x78>
     990:	8b 81       	ldd	r24, Y+3	; 0x03
     992:	9c 81       	ldd	r25, Y+4	; 0x04
     994:	83 30       	cpi	r24, 0x03	; 3
     996:	91 05       	cpc	r25, r1
     998:	c9 f0       	breq	.+50     	; 0x9cc <DIO_togelportvalue+0x88>
     99a:	21 c0       	rjmp	.+66     	; 0x9de <DIO_togelportvalue+0x9a>
		{
		case	DIO_portA :  PORTA_REGISTER =   ~ PORTA_REGISTER ; break ;
     99c:	ab e3       	ldi	r26, 0x3B	; 59
     99e:	b0 e0       	ldi	r27, 0x00	; 0
     9a0:	eb e3       	ldi	r30, 0x3B	; 59
     9a2:	f0 e0       	ldi	r31, 0x00	; 0
     9a4:	80 81       	ld	r24, Z
     9a6:	80 95       	com	r24
     9a8:	8c 93       	st	X, r24
     9aa:	19 c0       	rjmp	.+50     	; 0x9de <DIO_togelportvalue+0x9a>
		case    DIO_portB :  PORTB_REGISTER =   ~ PORTB_REGISTER ; break ;
     9ac:	a8 e3       	ldi	r26, 0x38	; 56
     9ae:	b0 e0       	ldi	r27, 0x00	; 0
     9b0:	e8 e3       	ldi	r30, 0x38	; 56
     9b2:	f0 e0       	ldi	r31, 0x00	; 0
     9b4:	80 81       	ld	r24, Z
     9b6:	80 95       	com	r24
     9b8:	8c 93       	st	X, r24
     9ba:	11 c0       	rjmp	.+34     	; 0x9de <DIO_togelportvalue+0x9a>
		case	DIO_portC :  PORTC_REGISTER =   ~ PORTC_REGISTER ; break ;
     9bc:	a5 e3       	ldi	r26, 0x35	; 53
     9be:	b0 e0       	ldi	r27, 0x00	; 0
     9c0:	e5 e3       	ldi	r30, 0x35	; 53
     9c2:	f0 e0       	ldi	r31, 0x00	; 0
     9c4:	80 81       	ld	r24, Z
     9c6:	80 95       	com	r24
     9c8:	8c 93       	st	X, r24
     9ca:	09 c0       	rjmp	.+18     	; 0x9de <DIO_togelportvalue+0x9a>
		case    DIO_portD :  PORTD_REGISTER =   ~ PORTD_REGISTER ; break ;
     9cc:	a2 e3       	ldi	r26, 0x32	; 50
     9ce:	b0 e0       	ldi	r27, 0x00	; 0
     9d0:	e2 e3       	ldi	r30, 0x32	; 50
     9d2:	f0 e0       	ldi	r31, 0x00	; 0
     9d4:	80 81       	ld	r24, Z
     9d6:	80 95       	com	r24
     9d8:	8c 93       	st	X, r24
     9da:	01 c0       	rjmp	.+2      	; 0x9de <DIO_togelportvalue+0x9a>
		}
	}
	else 
	{
		LOC_STATE =DIO_Nok;
     9dc:	19 82       	std	Y+1, r1	; 0x01
	}
	return LOC_STATE ;
     9de:	89 81       	ldd	r24, Y+1	; 0x01
}
     9e0:	0f 90       	pop	r0
     9e2:	0f 90       	pop	r0
     9e4:	0f 90       	pop	r0
     9e6:	0f 90       	pop	r0
     9e8:	cf 91       	pop	r28
     9ea:	df 91       	pop	r29
     9ec:	08 95       	ret

000009ee <DIO_writehighnibles>:

*/


DIO_errorstate DIO_writehighnibles (u8 copy_port , u8 copy_value )
{
     9ee:	df 93       	push	r29
     9f0:	cf 93       	push	r28
     9f2:	00 d0       	rcall	.+0      	; 0x9f4 <DIO_writehighnibles+0x6>
     9f4:	00 d0       	rcall	.+0      	; 0x9f6 <DIO_writehighnibles+0x8>
     9f6:	0f 92       	push	r0
     9f8:	cd b7       	in	r28, 0x3d	; 61
     9fa:	de b7       	in	r29, 0x3e	; 62
     9fc:	8a 83       	std	Y+2, r24	; 0x02
     9fe:	6b 83       	std	Y+3, r22	; 0x03
				DIO_errorstate LOC_STATE = DIO_ok;
     a00:	81 e0       	ldi	r24, 0x01	; 1
     a02:	89 83       	std	Y+1, r24	; 0x01
	/* check on givin paramter is in valid range */
	
	if( copy_port<=DIO_portD ){
     a04:	8a 81       	ldd	r24, Y+2	; 0x02
     a06:	84 30       	cpi	r24, 0x04	; 4
     a08:	08 f0       	brcs	.+2      	; 0xa0c <DIO_writehighnibles+0x1e>
     a0a:	4f c0       	rjmp	.+158    	; 0xaaa <DIO_writehighnibles+0xbc>
		copy_value = (copy_value<<4);
     a0c:	8b 81       	ldd	r24, Y+3	; 0x03
     a0e:	82 95       	swap	r24
     a10:	80 7f       	andi	r24, 0xF0	; 240
     a12:	8b 83       	std	Y+3, r24	; 0x03
		/* check on port name */
		switch(copy_port)
     a14:	8a 81       	ldd	r24, Y+2	; 0x02
     a16:	28 2f       	mov	r18, r24
     a18:	30 e0       	ldi	r19, 0x00	; 0
     a1a:	3d 83       	std	Y+5, r19	; 0x05
     a1c:	2c 83       	std	Y+4, r18	; 0x04
     a1e:	8c 81       	ldd	r24, Y+4	; 0x04
     a20:	9d 81       	ldd	r25, Y+5	; 0x05
     a22:	81 30       	cpi	r24, 0x01	; 1
     a24:	91 05       	cpc	r25, r1
     a26:	01 f1       	breq	.+64     	; 0xa68 <DIO_writehighnibles+0x7a>
     a28:	2c 81       	ldd	r18, Y+4	; 0x04
     a2a:	3d 81       	ldd	r19, Y+5	; 0x05
     a2c:	22 30       	cpi	r18, 0x02	; 2
     a2e:	31 05       	cpc	r19, r1
     a30:	2c f4       	brge	.+10     	; 0xa3c <DIO_writehighnibles+0x4e>
     a32:	8c 81       	ldd	r24, Y+4	; 0x04
     a34:	9d 81       	ldd	r25, Y+5	; 0x05
     a36:	00 97       	sbiw	r24, 0x00	; 0
     a38:	61 f0       	breq	.+24     	; 0xa52 <DIO_writehighnibles+0x64>
     a3a:	38 c0       	rjmp	.+112    	; 0xaac <DIO_writehighnibles+0xbe>
     a3c:	2c 81       	ldd	r18, Y+4	; 0x04
     a3e:	3d 81       	ldd	r19, Y+5	; 0x05
     a40:	22 30       	cpi	r18, 0x02	; 2
     a42:	31 05       	cpc	r19, r1
     a44:	e1 f0       	breq	.+56     	; 0xa7e <DIO_writehighnibles+0x90>
     a46:	8c 81       	ldd	r24, Y+4	; 0x04
     a48:	9d 81       	ldd	r25, Y+5	; 0x05
     a4a:	83 30       	cpi	r24, 0x03	; 3
     a4c:	91 05       	cpc	r25, r1
     a4e:	11 f1       	breq	.+68     	; 0xa94 <DIO_writehighnibles+0xa6>
     a50:	2d c0       	rjmp	.+90     	; 0xaac <DIO_writehighnibles+0xbe>
		{
		case	DIO_portA :  PORTA_REGISTER = ((PORTA_REGISTER & 0x0f )|(copy_value)) ; break ;
     a52:	ab e3       	ldi	r26, 0x3B	; 59
     a54:	b0 e0       	ldi	r27, 0x00	; 0
     a56:	eb e3       	ldi	r30, 0x3B	; 59
     a58:	f0 e0       	ldi	r31, 0x00	; 0
     a5a:	80 81       	ld	r24, Z
     a5c:	98 2f       	mov	r25, r24
     a5e:	9f 70       	andi	r25, 0x0F	; 15
     a60:	8b 81       	ldd	r24, Y+3	; 0x03
     a62:	89 2b       	or	r24, r25
     a64:	8c 93       	st	X, r24
     a66:	22 c0       	rjmp	.+68     	; 0xaac <DIO_writehighnibles+0xbe>
		case    DIO_portB :  PORTB_REGISTER = ((PORTB_REGISTER & 0x0f )|(copy_value)) ; break ;
     a68:	a8 e3       	ldi	r26, 0x38	; 56
     a6a:	b0 e0       	ldi	r27, 0x00	; 0
     a6c:	e8 e3       	ldi	r30, 0x38	; 56
     a6e:	f0 e0       	ldi	r31, 0x00	; 0
     a70:	80 81       	ld	r24, Z
     a72:	98 2f       	mov	r25, r24
     a74:	9f 70       	andi	r25, 0x0F	; 15
     a76:	8b 81       	ldd	r24, Y+3	; 0x03
     a78:	89 2b       	or	r24, r25
     a7a:	8c 93       	st	X, r24
     a7c:	17 c0       	rjmp	.+46     	; 0xaac <DIO_writehighnibles+0xbe>
		case	DIO_portC :  PORTC_REGISTER = ((PORTC_REGISTER & 0x0f )|(copy_value)) ; break ;
     a7e:	a5 e3       	ldi	r26, 0x35	; 53
     a80:	b0 e0       	ldi	r27, 0x00	; 0
     a82:	e5 e3       	ldi	r30, 0x35	; 53
     a84:	f0 e0       	ldi	r31, 0x00	; 0
     a86:	80 81       	ld	r24, Z
     a88:	98 2f       	mov	r25, r24
     a8a:	9f 70       	andi	r25, 0x0F	; 15
     a8c:	8b 81       	ldd	r24, Y+3	; 0x03
     a8e:	89 2b       	or	r24, r25
     a90:	8c 93       	st	X, r24
     a92:	0c c0       	rjmp	.+24     	; 0xaac <DIO_writehighnibles+0xbe>
		case    DIO_portD :  PORTD_REGISTER = ((PORTD_REGISTER & 0x0f )|(copy_value)) ; break ;
     a94:	a2 e3       	ldi	r26, 0x32	; 50
     a96:	b0 e0       	ldi	r27, 0x00	; 0
     a98:	e2 e3       	ldi	r30, 0x32	; 50
     a9a:	f0 e0       	ldi	r31, 0x00	; 0
     a9c:	80 81       	ld	r24, Z
     a9e:	98 2f       	mov	r25, r24
     aa0:	9f 70       	andi	r25, 0x0F	; 15
     aa2:	8b 81       	ldd	r24, Y+3	; 0x03
     aa4:	89 2b       	or	r24, r25
     aa6:	8c 93       	st	X, r24
     aa8:	01 c0       	rjmp	.+2      	; 0xaac <DIO_writehighnibles+0xbe>
		}
	}
	else 
	{
		LOC_STATE =DIO_Nok;
     aaa:	19 82       	std	Y+1, r1	; 0x01
	}
	return LOC_STATE ;
     aac:	89 81       	ldd	r24, Y+1	; 0x01
}
     aae:	0f 90       	pop	r0
     ab0:	0f 90       	pop	r0
     ab2:	0f 90       	pop	r0
     ab4:	0f 90       	pop	r0
     ab6:	0f 90       	pop	r0
     ab8:	cf 91       	pop	r28
     aba:	df 91       	pop	r29
     abc:	08 95       	ret

00000abe <DIO_writelownibles>:




DIO_errorstate DIO_writelownibles  (u8 copy_port , u8 copy_value )
{
     abe:	df 93       	push	r29
     ac0:	cf 93       	push	r28
     ac2:	00 d0       	rcall	.+0      	; 0xac4 <DIO_writelownibles+0x6>
     ac4:	00 d0       	rcall	.+0      	; 0xac6 <DIO_writelownibles+0x8>
     ac6:	0f 92       	push	r0
     ac8:	cd b7       	in	r28, 0x3d	; 61
     aca:	de b7       	in	r29, 0x3e	; 62
     acc:	8a 83       	std	Y+2, r24	; 0x02
     ace:	6b 83       	std	Y+3, r22	; 0x03
				DIO_errorstate LOC_STATE = DIO_ok;
     ad0:	81 e0       	ldi	r24, 0x01	; 1
     ad2:	89 83       	std	Y+1, r24	; 0x01
	/* check on givin paramter is in valid range */
	
	if( copy_port<=DIO_portD ){
     ad4:	8a 81       	ldd	r24, Y+2	; 0x02
     ad6:	84 30       	cpi	r24, 0x04	; 4
     ad8:	08 f0       	brcs	.+2      	; 0xadc <DIO_writelownibles+0x1e>
     ada:	4e c0       	rjmp	.+156    	; 0xb78 <DIO_writelownibles+0xba>
		copy_value = (copy_value&0x0f);
     adc:	8b 81       	ldd	r24, Y+3	; 0x03
     ade:	8f 70       	andi	r24, 0x0F	; 15
     ae0:	8b 83       	std	Y+3, r24	; 0x03
		/* check on port name */
		switch(copy_port)
     ae2:	8a 81       	ldd	r24, Y+2	; 0x02
     ae4:	28 2f       	mov	r18, r24
     ae6:	30 e0       	ldi	r19, 0x00	; 0
     ae8:	3d 83       	std	Y+5, r19	; 0x05
     aea:	2c 83       	std	Y+4, r18	; 0x04
     aec:	8c 81       	ldd	r24, Y+4	; 0x04
     aee:	9d 81       	ldd	r25, Y+5	; 0x05
     af0:	81 30       	cpi	r24, 0x01	; 1
     af2:	91 05       	cpc	r25, r1
     af4:	01 f1       	breq	.+64     	; 0xb36 <DIO_writelownibles+0x78>
     af6:	2c 81       	ldd	r18, Y+4	; 0x04
     af8:	3d 81       	ldd	r19, Y+5	; 0x05
     afa:	22 30       	cpi	r18, 0x02	; 2
     afc:	31 05       	cpc	r19, r1
     afe:	2c f4       	brge	.+10     	; 0xb0a <DIO_writelownibles+0x4c>
     b00:	8c 81       	ldd	r24, Y+4	; 0x04
     b02:	9d 81       	ldd	r25, Y+5	; 0x05
     b04:	00 97       	sbiw	r24, 0x00	; 0
     b06:	61 f0       	breq	.+24     	; 0xb20 <DIO_writelownibles+0x62>
     b08:	38 c0       	rjmp	.+112    	; 0xb7a <DIO_writelownibles+0xbc>
     b0a:	2c 81       	ldd	r18, Y+4	; 0x04
     b0c:	3d 81       	ldd	r19, Y+5	; 0x05
     b0e:	22 30       	cpi	r18, 0x02	; 2
     b10:	31 05       	cpc	r19, r1
     b12:	e1 f0       	breq	.+56     	; 0xb4c <DIO_writelownibles+0x8e>
     b14:	8c 81       	ldd	r24, Y+4	; 0x04
     b16:	9d 81       	ldd	r25, Y+5	; 0x05
     b18:	83 30       	cpi	r24, 0x03	; 3
     b1a:	91 05       	cpc	r25, r1
     b1c:	11 f1       	breq	.+68     	; 0xb62 <DIO_writelownibles+0xa4>
     b1e:	2d c0       	rjmp	.+90     	; 0xb7a <DIO_writelownibles+0xbc>
		{
		case	DIO_portA :  PORTA_REGISTER = ((PORTA_REGISTER & 0xf0 )|(copy_value)) ; break ;
     b20:	ab e3       	ldi	r26, 0x3B	; 59
     b22:	b0 e0       	ldi	r27, 0x00	; 0
     b24:	eb e3       	ldi	r30, 0x3B	; 59
     b26:	f0 e0       	ldi	r31, 0x00	; 0
     b28:	80 81       	ld	r24, Z
     b2a:	98 2f       	mov	r25, r24
     b2c:	90 7f       	andi	r25, 0xF0	; 240
     b2e:	8b 81       	ldd	r24, Y+3	; 0x03
     b30:	89 2b       	or	r24, r25
     b32:	8c 93       	st	X, r24
     b34:	22 c0       	rjmp	.+68     	; 0xb7a <DIO_writelownibles+0xbc>
		case    DIO_portB :  PORTB_REGISTER = ((PORTB_REGISTER & 0xf0 )|(copy_value)) ; break ;
     b36:	a8 e3       	ldi	r26, 0x38	; 56
     b38:	b0 e0       	ldi	r27, 0x00	; 0
     b3a:	e8 e3       	ldi	r30, 0x38	; 56
     b3c:	f0 e0       	ldi	r31, 0x00	; 0
     b3e:	80 81       	ld	r24, Z
     b40:	98 2f       	mov	r25, r24
     b42:	90 7f       	andi	r25, 0xF0	; 240
     b44:	8b 81       	ldd	r24, Y+3	; 0x03
     b46:	89 2b       	or	r24, r25
     b48:	8c 93       	st	X, r24
     b4a:	17 c0       	rjmp	.+46     	; 0xb7a <DIO_writelownibles+0xbc>
		case	DIO_portC :  PORTC_REGISTER = ((PORTC_REGISTER & 0xf0 )|(copy_value)) ; break ;
     b4c:	a5 e3       	ldi	r26, 0x35	; 53
     b4e:	b0 e0       	ldi	r27, 0x00	; 0
     b50:	e5 e3       	ldi	r30, 0x35	; 53
     b52:	f0 e0       	ldi	r31, 0x00	; 0
     b54:	80 81       	ld	r24, Z
     b56:	98 2f       	mov	r25, r24
     b58:	90 7f       	andi	r25, 0xF0	; 240
     b5a:	8b 81       	ldd	r24, Y+3	; 0x03
     b5c:	89 2b       	or	r24, r25
     b5e:	8c 93       	st	X, r24
     b60:	0c c0       	rjmp	.+24     	; 0xb7a <DIO_writelownibles+0xbc>
		case    DIO_portD :  PORTD_REGISTER = ((PORTD_REGISTER & 0xf0 )|(copy_value)) ; break ;
     b62:	a2 e3       	ldi	r26, 0x32	; 50
     b64:	b0 e0       	ldi	r27, 0x00	; 0
     b66:	e2 e3       	ldi	r30, 0x32	; 50
     b68:	f0 e0       	ldi	r31, 0x00	; 0
     b6a:	80 81       	ld	r24, Z
     b6c:	98 2f       	mov	r25, r24
     b6e:	90 7f       	andi	r25, 0xF0	; 240
     b70:	8b 81       	ldd	r24, Y+3	; 0x03
     b72:	89 2b       	or	r24, r25
     b74:	8c 93       	st	X, r24
     b76:	01 c0       	rjmp	.+2      	; 0xb7a <DIO_writelownibles+0xbc>
		}
	}
	else 
	{
		LOC_STATE =DIO_Nok;
     b78:	19 82       	std	Y+1, r1	; 0x01
	}
	return LOC_STATE ;
     b7a:	89 81       	ldd	r24, Y+1	; 0x01
}
     b7c:	0f 90       	pop	r0
     b7e:	0f 90       	pop	r0
     b80:	0f 90       	pop	r0
     b82:	0f 90       	pop	r0
     b84:	0f 90       	pop	r0
     b86:	cf 91       	pop	r28
     b88:	df 91       	pop	r29
     b8a:	08 95       	ret

00000b8c <LED_init>:
#include "DIO_interface.h"
#include "LED_interface.h"


void LED_init (LED_TYPE led_config)
{
     b8c:	df 93       	push	r29
     b8e:	cf 93       	push	r28
     b90:	00 d0       	rcall	.+0      	; 0xb92 <LED_init+0x6>
     b92:	0f 92       	push	r0
     b94:	cd b7       	in	r28, 0x3d	; 61
     b96:	de b7       	in	r29, 0x3e	; 62
     b98:	69 83       	std	Y+1, r22	; 0x01
     b9a:	7a 83       	std	Y+2, r23	; 0x02
     b9c:	8b 83       	std	Y+3, r24	; 0x03
	DIO_setpindirection(led_config.port,led_config.pin,DIO_pin_output);
     b9e:	89 81       	ldd	r24, Y+1	; 0x01
     ba0:	9a 81       	ldd	r25, Y+2	; 0x02
     ba2:	69 2f       	mov	r22, r25
     ba4:	41 e0       	ldi	r20, 0x01	; 1
     ba6:	0e 94 49 00 	call	0x92	; 0x92 <DIO_setpindirection>
}
     baa:	0f 90       	pop	r0
     bac:	0f 90       	pop	r0
     bae:	0f 90       	pop	r0
     bb0:	cf 91       	pop	r28
     bb2:	df 91       	pop	r29
     bb4:	08 95       	ret

00000bb6 <LED_turnon>:


void LED_turnon (LED_TYPE led_config){
     bb6:	df 93       	push	r29
     bb8:	cf 93       	push	r28
     bba:	00 d0       	rcall	.+0      	; 0xbbc <LED_turnon+0x6>
     bbc:	0f 92       	push	r0
     bbe:	cd b7       	in	r28, 0x3d	; 61
     bc0:	de b7       	in	r29, 0x3e	; 62
     bc2:	69 83       	std	Y+1, r22	; 0x01
     bc4:	7a 83       	std	Y+2, r23	; 0x02
     bc6:	8b 83       	std	Y+3, r24	; 0x03
	if(led_config.active_state==0){
     bc8:	8b 81       	ldd	r24, Y+3	; 0x03
     bca:	88 23       	and	r24, r24
     bcc:	39 f4       	brne	.+14     	; 0xbdc <LED_turnon+0x26>
		DIO_setpinvalue(led_config.port,led_config.pin,PIN_LOW);
     bce:	89 81       	ldd	r24, Y+1	; 0x01
     bd0:	9a 81       	ldd	r25, Y+2	; 0x02
     bd2:	69 2f       	mov	r22, r25
     bd4:	40 e0       	ldi	r20, 0x00	; 0
     bd6:	0e 94 58 01 	call	0x2b0	; 0x2b0 <DIO_setpinvalue>
     bda:	06 c0       	rjmp	.+12     	; 0xbe8 <LED_turnon+0x32>
	}
	else {
	DIO_setpinvalue(led_config.port,led_config.pin,PIN_HIGH);
     bdc:	89 81       	ldd	r24, Y+1	; 0x01
     bde:	9a 81       	ldd	r25, Y+2	; 0x02
     be0:	69 2f       	mov	r22, r25
     be2:	41 e0       	ldi	r20, 0x01	; 1
     be4:	0e 94 58 01 	call	0x2b0	; 0x2b0 <DIO_setpinvalue>
}
}
     be8:	0f 90       	pop	r0
     bea:	0f 90       	pop	r0
     bec:	0f 90       	pop	r0
     bee:	cf 91       	pop	r28
     bf0:	df 91       	pop	r29
     bf2:	08 95       	ret

00000bf4 <LED_turnoff>:

void LED_turnoff (LED_TYPE led_config)
{
     bf4:	df 93       	push	r29
     bf6:	cf 93       	push	r28
     bf8:	00 d0       	rcall	.+0      	; 0xbfa <LED_turnoff+0x6>
     bfa:	0f 92       	push	r0
     bfc:	cd b7       	in	r28, 0x3d	; 61
     bfe:	de b7       	in	r29, 0x3e	; 62
     c00:	69 83       	std	Y+1, r22	; 0x01
     c02:	7a 83       	std	Y+2, r23	; 0x02
     c04:	8b 83       	std	Y+3, r24	; 0x03
	if(led_config.active_state==0){
     c06:	8b 81       	ldd	r24, Y+3	; 0x03
     c08:	88 23       	and	r24, r24
     c0a:	39 f4       	brne	.+14     	; 0xc1a <LED_turnoff+0x26>
		DIO_setpinvalue(led_config.port,led_config.pin,PIN_HIGH);
     c0c:	89 81       	ldd	r24, Y+1	; 0x01
     c0e:	9a 81       	ldd	r25, Y+2	; 0x02
     c10:	69 2f       	mov	r22, r25
     c12:	41 e0       	ldi	r20, 0x01	; 1
     c14:	0e 94 58 01 	call	0x2b0	; 0x2b0 <DIO_setpinvalue>
     c18:	06 c0       	rjmp	.+12     	; 0xc26 <LED_turnoff+0x32>
	}else{
	DIO_setpinvalue(led_config.port,led_config.pin,PIN_LOW);
     c1a:	89 81       	ldd	r24, Y+1	; 0x01
     c1c:	9a 81       	ldd	r25, Y+2	; 0x02
     c1e:	69 2f       	mov	r22, r25
     c20:	40 e0       	ldi	r20, 0x00	; 0
     c22:	0e 94 58 01 	call	0x2b0	; 0x2b0 <DIO_setpinvalue>
}
}
     c26:	0f 90       	pop	r0
     c28:	0f 90       	pop	r0
     c2a:	0f 90       	pop	r0
     c2c:	cf 91       	pop	r28
     c2e:	df 91       	pop	r29
     c30:	08 95       	ret

00000c32 <LED_togel>:

void LED_togel (LED_TYPE led_config)
{
     c32:	df 93       	push	r29
     c34:	cf 93       	push	r28
     c36:	00 d0       	rcall	.+0      	; 0xc38 <LED_togel+0x6>
     c38:	0f 92       	push	r0
     c3a:	cd b7       	in	r28, 0x3d	; 61
     c3c:	de b7       	in	r29, 0x3e	; 62
     c3e:	69 83       	std	Y+1, r22	; 0x01
     c40:	7a 83       	std	Y+2, r23	; 0x02
     c42:	8b 83       	std	Y+3, r24	; 0x03
	DIO_togelpinvalue(led_config.port,led_config.pin);
     c44:	89 81       	ldd	r24, Y+1	; 0x01
     c46:	9a 81       	ldd	r25, Y+2	; 0x02
     c48:	69 2f       	mov	r22, r25
     c4a:	0e 94 2b 03 	call	0x656	; 0x656 <DIO_togelpinvalue>
}
     c4e:	0f 90       	pop	r0
     c50:	0f 90       	pop	r0
     c52:	0f 90       	pop	r0
     c54:	cf 91       	pop	r28
     c56:	df 91       	pop	r29
     c58:	08 95       	ret

00000c5a <TIMER0_init>:

void (*func[16])(void)={Null};


void TIMER0_init()
{
     c5a:	df 93       	push	r29
     c5c:	cf 93       	push	r28
     c5e:	cd b7       	in	r28, 0x3d	; 61
     c60:	de b7       	in	r29, 0x3e	; 62
				SET_BIT(TCCR0,TCCR0_COM01);
				SET_BIT(TCCR0,TCCR0_COM00);
            #endif
	#elif 	TIMER0_GENERTION_MODE == TIMER_FASTPWM_MODE

			SET_BIT(TCCR0,TCCR0_WGM00);
     c62:	a3 e5       	ldi	r26, 0x53	; 83
     c64:	b0 e0       	ldi	r27, 0x00	; 0
     c66:	e3 e5       	ldi	r30, 0x53	; 83
     c68:	f0 e0       	ldi	r31, 0x00	; 0
     c6a:	80 81       	ld	r24, Z
     c6c:	80 64       	ori	r24, 0x40	; 64
     c6e:	8c 93       	st	X, r24
			CLR_BIT(TCCR0,TCCR0_WGM01);
     c70:	a3 e5       	ldi	r26, 0x53	; 83
     c72:	b0 e0       	ldi	r27, 0x00	; 0
     c74:	e3 e5       	ldi	r30, 0x53	; 83
     c76:	f0 e0       	ldi	r31, 0x00	; 0
     c78:	80 81       	ld	r24, Z
     c7a:	87 7f       	andi	r24, 0xF7	; 247
     c7c:	8c 93       	st	X, r24
			DIO_setpindirection(DIO_portB,PIN3,DIO_pin_output);
     c7e:	81 e0       	ldi	r24, 0x01	; 1
     c80:	63 e0       	ldi	r22, 0x03	; 3
     c82:	41 e0       	ldi	r20, 0x01	; 1
     c84:	0e 94 49 00 	call	0x92	; 0x92 <DIO_setpindirection>
			OCR0=TIMER0_OCR_VAL;
     c88:	ec e5       	ldi	r30, 0x5C	; 92
     c8a:	f0 e0       	ldi	r31, 0x00	; 0
     c8c:	86 e2       	ldi	r24, 0x26	; 38
     c8e:	80 83       	st	Z, r24
			#if	TIMER0_OC == FASTPWM_OC_DISCONNECT
				CLR_BIT(TCCR0,TCCR0_COM01);
				CLR_BIT(TCCR0,TCCR0_COM00);
			#elif TIMER0_OC == FASTPWM_OC_CLR_COMP
				SET_BIT(TCCR0,TCCR0_COM01);
     c90:	a3 e5       	ldi	r26, 0x53	; 83
     c92:	b0 e0       	ldi	r27, 0x00	; 0
     c94:	e3 e5       	ldi	r30, 0x53	; 83
     c96:	f0 e0       	ldi	r31, 0x00	; 0
     c98:	80 81       	ld	r24, Z
     c9a:	80 62       	ori	r24, 0x20	; 32
     c9c:	8c 93       	st	X, r24
				CLR_BIT(TCCR0,TCCR0_COM00);
     c9e:	a3 e5       	ldi	r26, 0x53	; 83
     ca0:	b0 e0       	ldi	r27, 0x00	; 0
     ca2:	e3 e5       	ldi	r30, 0x53	; 83
     ca4:	f0 e0       	ldi	r31, 0x00	; 0
     ca6:	80 81       	ld	r24, Z
     ca8:	8f 7e       	andi	r24, 0xEF	; 239
     caa:	8c 93       	st	X, r24
			

			
	#endif
	
	TCCR0&=PRE_SCALER_MASK ;
     cac:	a3 e5       	ldi	r26, 0x53	; 83
     cae:	b0 e0       	ldi	r27, 0x00	; 0
     cb0:	e3 e5       	ldi	r30, 0x53	; 83
     cb2:	f0 e0       	ldi	r31, 0x00	; 0
     cb4:	80 81       	ld	r24, Z
     cb6:	88 7f       	andi	r24, 0xF8	; 248
     cb8:	8c 93       	st	X, r24
	TCCR0|=TIMER0_PRESCALER;
     cba:	a3 e5       	ldi	r26, 0x53	; 83
     cbc:	b0 e0       	ldi	r27, 0x00	; 0
     cbe:	e3 e5       	ldi	r30, 0x53	; 83
     cc0:	f0 e0       	ldi	r31, 0x00	; 0
     cc2:	80 81       	ld	r24, Z
     cc4:	85 60       	ori	r24, 0x05	; 5
     cc6:	8c 93       	st	X, r24
}
     cc8:	cf 91       	pop	r28
     cca:	df 91       	pop	r29
     ccc:	08 95       	ret

00000cce <TIMER1>:


void TIMER1()
{
     cce:	df 93       	push	r29
     cd0:	cf 93       	push	r28
     cd2:	cd b7       	in	r28, 0x3d	; 61
     cd4:	de b7       	in	r29, 0x3e	; 62
	
	SET_BIT(TCCR1A,TCCR1A_WGM11);
     cd6:	af e4       	ldi	r26, 0x4F	; 79
     cd8:	b0 e0       	ldi	r27, 0x00	; 0
     cda:	ef e4       	ldi	r30, 0x4F	; 79
     cdc:	f0 e0       	ldi	r31, 0x00	; 0
     cde:	80 81       	ld	r24, Z
     ce0:	82 60       	ori	r24, 0x02	; 2
     ce2:	8c 93       	st	X, r24
	SET_BIT(TCCR1B,TCCR1B_WGM13);
     ce4:	ae e4       	ldi	r26, 0x4E	; 78
     ce6:	b0 e0       	ldi	r27, 0x00	; 0
     ce8:	ee e4       	ldi	r30, 0x4E	; 78
     cea:	f0 e0       	ldi	r31, 0x00	; 0
     cec:	80 81       	ld	r24, Z
     cee:	80 61       	ori	r24, 0x10	; 16
     cf0:	8c 93       	st	X, r24
	CLR_BIT(TCCR1A,TCCR1A_WGM10);
     cf2:	af e4       	ldi	r26, 0x4F	; 79
     cf4:	b0 e0       	ldi	r27, 0x00	; 0
     cf6:	ef e4       	ldi	r30, 0x4F	; 79
     cf8:	f0 e0       	ldi	r31, 0x00	; 0
     cfa:	80 81       	ld	r24, Z
     cfc:	8e 7f       	andi	r24, 0xFE	; 254
     cfe:	8c 93       	st	X, r24
	CLR_BIT(TCCR1B,TCCR1B_WGM12);
     d00:	ae e4       	ldi	r26, 0x4E	; 78
     d02:	b0 e0       	ldi	r27, 0x00	; 0
     d04:	ee e4       	ldi	r30, 0x4E	; 78
     d06:	f0 e0       	ldi	r31, 0x00	; 0
     d08:	80 81       	ld	r24, Z
     d0a:	87 7f       	andi	r24, 0xF7	; 247
     d0c:	8c 93       	st	X, r24
	SET_BIT(TCCR1B , TCCR1B_ICES1);
     d0e:	ae e4       	ldi	r26, 0x4E	; 78
     d10:	b0 e0       	ldi	r27, 0x00	; 0
     d12:	ee e4       	ldi	r30, 0x4E	; 78
     d14:	f0 e0       	ldi	r31, 0x00	; 0
     d16:	80 81       	ld	r24, Z
     d18:	80 64       	ori	r24, 0x40	; 64
     d1a:	8c 93       	st	X, r24
	SET_BIT(TIMSK,TIMSK_TICIE1);
     d1c:	a9 e5       	ldi	r26, 0x59	; 89
     d1e:	b0 e0       	ldi	r27, 0x00	; 0
     d20:	e9 e5       	ldi	r30, 0x59	; 89
     d22:	f0 e0       	ldi	r31, 0x00	; 0
     d24:	80 81       	ld	r24, Z
     d26:	80 62       	ori	r24, 0x20	; 32
     d28:	8c 93       	st	X, r24
	
}
     d2a:	cf 91       	pop	r28
     d2c:	df 91       	pop	r29
     d2e:	08 95       	ret

00000d30 <TIMER2_init>:


void TIMER2_init()
{
     d30:	df 93       	push	r29
     d32:	cf 93       	push	r28
     d34:	cd b7       	in	r28, 0x3d	; 61
     d36:	de b7       	in	r29, 0x3e	; 62
				
			#endif	
			OCR2=TIMER2_OCR_VAL;
#elif 	TIMER2_GENERTION_MODE == TIMER_PWM_MODE

			SET_BIT(TCCR2,TCCR2_WGM20);
     d38:	a5 e4       	ldi	r26, 0x45	; 69
     d3a:	b0 e0       	ldi	r27, 0x00	; 0
     d3c:	e5 e4       	ldi	r30, 0x45	; 69
     d3e:	f0 e0       	ldi	r31, 0x00	; 0
     d40:	80 81       	ld	r24, Z
     d42:	80 64       	ori	r24, 0x40	; 64
     d44:	8c 93       	st	X, r24
			SET_BIT(TCCR2,TCCR2_WGM21);
     d46:	a5 e4       	ldi	r26, 0x45	; 69
     d48:	b0 e0       	ldi	r27, 0x00	; 0
     d4a:	e5 e4       	ldi	r30, 0x45	; 69
     d4c:	f0 e0       	ldi	r31, 0x00	; 0
     d4e:	80 81       	ld	r24, Z
     d50:	88 60       	ori	r24, 0x08	; 8
     d52:	8c 93       	st	X, r24
			DIO_setpindirection(DIO_portD,PIN7,DIO_pin_output);
     d54:	83 e0       	ldi	r24, 0x03	; 3
     d56:	67 e0       	ldi	r22, 0x07	; 7
     d58:	41 e0       	ldi	r20, 0x01	; 1
     d5a:	0e 94 49 00 	call	0x92	; 0x92 <DIO_setpindirection>
			OCR2=TIMER2_OCR_VAL;
     d5e:	e3 e4       	ldi	r30, 0x43	; 67
     d60:	f0 e0       	ldi	r31, 0x00	; 0
     d62:	86 e2       	ldi	r24, 0x26	; 38
     d64:	80 83       	st	Z, r24
			#if	TIMER2_OC == PWM_OC_DISCONNECT
				CLR_BIT(TCCR2,TCCR2_COM21);
				CLR_BIT(TCCR2,TCCR2_COM20);
			#elif TIMER2_OC == PWM_OC_CLR_UPCOUNTING
				SET_BIT(TCCR2,TCCR2_COM21);
     d66:	a5 e4       	ldi	r26, 0x45	; 69
     d68:	b0 e0       	ldi	r27, 0x00	; 0
     d6a:	e5 e4       	ldi	r30, 0x45	; 69
     d6c:	f0 e0       	ldi	r31, 0x00	; 0
     d6e:	80 81       	ld	r24, Z
     d70:	80 62       	ori	r24, 0x20	; 32
     d72:	8c 93       	st	X, r24
				CLR_BIT(TCCR2,TCCR2_COM20);
     d74:	a5 e4       	ldi	r26, 0x45	; 69
     d76:	b0 e0       	ldi	r27, 0x00	; 0
     d78:	e5 e4       	ldi	r30, 0x45	; 69
     d7a:	f0 e0       	ldi	r31, 0x00	; 0
     d7c:	80 81       	ld	r24, Z
     d7e:	8f 7e       	andi	r24, 0xEF	; 239
     d80:	8c 93       	st	X, r24
			
				
			
	#endif
	
	TCCR2&=PRE_SCALER_MASK ;
     d82:	a5 e4       	ldi	r26, 0x45	; 69
     d84:	b0 e0       	ldi	r27, 0x00	; 0
     d86:	e5 e4       	ldi	r30, 0x45	; 69
     d88:	f0 e0       	ldi	r31, 0x00	; 0
     d8a:	80 81       	ld	r24, Z
     d8c:	88 7f       	andi	r24, 0xF8	; 248
     d8e:	8c 93       	st	X, r24
	TCCR2|=TIMER2_PRESCALER;
     d90:	a5 e4       	ldi	r26, 0x45	; 69
     d92:	b0 e0       	ldi	r27, 0x00	; 0
     d94:	e5 e4       	ldi	r30, 0x45	; 69
     d96:	f0 e0       	ldi	r31, 0x00	; 0
     d98:	80 81       	ld	r24, Z
     d9a:	85 60       	ori	r24, 0x05	; 5
     d9c:	8c 93       	st	X, r24
}
     d9e:	cf 91       	pop	r28
     da0:	df 91       	pop	r29
     da2:	08 95       	ret

00000da4 <SET_CALLBACK>:




u8  SET_CALLBACK(void (*copy_func)(void),u8 copy_vector_id)
{
     da4:	df 93       	push	r29
     da6:	cf 93       	push	r28
     da8:	00 d0       	rcall	.+0      	; 0xdaa <SET_CALLBACK+0x6>
     daa:	00 d0       	rcall	.+0      	; 0xdac <SET_CALLBACK+0x8>
     dac:	cd b7       	in	r28, 0x3d	; 61
     dae:	de b7       	in	r29, 0x3e	; 62
     db0:	9b 83       	std	Y+3, r25	; 0x03
     db2:	8a 83       	std	Y+2, r24	; 0x02
     db4:	6c 83       	std	Y+4, r22	; 0x04
	u8 LOCAL_errorstate=Ok;
     db6:	81 e0       	ldi	r24, 0x01	; 1
     db8:	89 83       	std	Y+1, r24	; 0x01
	
	if(copy_func!=Null)
     dba:	8a 81       	ldd	r24, Y+2	; 0x02
     dbc:	9b 81       	ldd	r25, Y+3	; 0x03
     dbe:	00 97       	sbiw	r24, 0x00	; 0
     dc0:	91 f0       	breq	.+36     	; 0xde6 <SET_CALLBACK+0x42>
	{
		if(copy_vector_id!=0)
     dc2:	8c 81       	ldd	r24, Y+4	; 0x04
     dc4:	88 23       	and	r24, r24
     dc6:	69 f0       	breq	.+26     	; 0xde2 <SET_CALLBACK+0x3e>
		{
			func[copy_vector_id]=copy_func;
     dc8:	8c 81       	ldd	r24, Y+4	; 0x04
     dca:	88 2f       	mov	r24, r24
     dcc:	90 e0       	ldi	r25, 0x00	; 0
     dce:	88 0f       	add	r24, r24
     dd0:	99 1f       	adc	r25, r25
     dd2:	fc 01       	movw	r30, r24
     dd4:	e0 59       	subi	r30, 0x90	; 144
     dd6:	ff 4f       	sbci	r31, 0xFF	; 255
     dd8:	8a 81       	ldd	r24, Y+2	; 0x02
     dda:	9b 81       	ldd	r25, Y+3	; 0x03
     ddc:	91 83       	std	Z+1, r25	; 0x01
     dde:	80 83       	st	Z, r24
     de0:	03 c0       	rjmp	.+6      	; 0xde8 <SET_CALLBACK+0x44>
		}
		else{
			LOCAL_errorstate=Nok;
     de2:	19 82       	std	Y+1, r1	; 0x01
     de4:	01 c0       	rjmp	.+2      	; 0xde8 <SET_CALLBACK+0x44>
		}
	}
	else{
		LOCAL_errorstate=Nok;
     de6:	19 82       	std	Y+1, r1	; 0x01
	}
	return LOCAL_errorstate;
     de8:	89 81       	ldd	r24, Y+1	; 0x01
}
     dea:	0f 90       	pop	r0
     dec:	0f 90       	pop	r0
     dee:	0f 90       	pop	r0
     df0:	0f 90       	pop	r0
     df2:	cf 91       	pop	r28
     df4:	df 91       	pop	r29
     df6:	08 95       	ret

00000df8 <TIMER_ICUtriger>:
void TIMER_ICUtriger(u8 copy_state)
{
     df8:	df 93       	push	r29
     dfa:	cf 93       	push	r28
     dfc:	0f 92       	push	r0
     dfe:	cd b7       	in	r28, 0x3d	; 61
     e00:	de b7       	in	r29, 0x3e	; 62
     e02:	89 83       	std	Y+1, r24	; 0x01
	/* Set trigger source as rising edge Initially  */
	if (copy_state == RAISING_EDGE)
     e04:	89 81       	ldd	r24, Y+1	; 0x01
     e06:	81 30       	cpi	r24, 0x01	; 1
     e08:	41 f4       	brne	.+16     	; 0xe1a <TIMER_ICUtriger+0x22>
		SET_BIT(TCCR1B,TCCR1B_ICES1);
     e0a:	ae e4       	ldi	r26, 0x4E	; 78
     e0c:	b0 e0       	ldi	r27, 0x00	; 0
     e0e:	ee e4       	ldi	r30, 0x4E	; 78
     e10:	f0 e0       	ldi	r31, 0x00	; 0
     e12:	80 81       	ld	r24, Z
     e14:	80 64       	ori	r24, 0x40	; 64
     e16:	8c 93       	st	X, r24
     e18:	0a c0       	rjmp	.+20     	; 0xe2e <TIMER_ICUtriger+0x36>
	else if(copy_state == FALLING_EDGE){
     e1a:	89 81       	ldd	r24, Y+1	; 0x01
     e1c:	88 23       	and	r24, r24
     e1e:	39 f4       	brne	.+14     	; 0xe2e <TIMER_ICUtriger+0x36>
		CLR_BIT(TCCR1B,TCCR1B_ICES1);
     e20:	ae e4       	ldi	r26, 0x4E	; 78
     e22:	b0 e0       	ldi	r27, 0x00	; 0
     e24:	ee e4       	ldi	r30, 0x4E	; 78
     e26:	f0 e0       	ldi	r31, 0x00	; 0
     e28:	80 81       	ld	r24, Z
     e2a:	8f 7b       	andi	r24, 0xBF	; 191
     e2c:	8c 93       	st	X, r24
	}
	
	/* Enable Interrupt of ICU */
	SET_BIT(TIMSK,TIMSK_TICIE1);
     e2e:	a9 e5       	ldi	r26, 0x59	; 89
     e30:	b0 e0       	ldi	r27, 0x00	; 0
     e32:	e9 e5       	ldi	r30, 0x59	; 89
     e34:	f0 e0       	ldi	r31, 0x00	; 0
     e36:	80 81       	ld	r24, Z
     e38:	80 62       	ori	r24, 0x20	; 32
     e3a:	8c 93       	st	X, r24
}
     e3c:	0f 90       	pop	r0
     e3e:	cf 91       	pop	r28
     e40:	df 91       	pop	r29
     e42:	08 95       	ret

00000e44 <__vector_11>:




void __vector_11 (void)		__attribute__((signal)) ;
void __vector_11 (void){
     e44:	1f 92       	push	r1
     e46:	0f 92       	push	r0
     e48:	0f b6       	in	r0, 0x3f	; 63
     e4a:	0f 92       	push	r0
     e4c:	11 24       	eor	r1, r1
     e4e:	2f 93       	push	r18
     e50:	3f 93       	push	r19
     e52:	4f 93       	push	r20
     e54:	5f 93       	push	r21
     e56:	6f 93       	push	r22
     e58:	7f 93       	push	r23
     e5a:	8f 93       	push	r24
     e5c:	9f 93       	push	r25
     e5e:	af 93       	push	r26
     e60:	bf 93       	push	r27
     e62:	ef 93       	push	r30
     e64:	ff 93       	push	r31
     e66:	df 93       	push	r29
     e68:	cf 93       	push	r28
     e6a:	cd b7       	in	r28, 0x3d	; 61
     e6c:	de b7       	in	r29, 0x3e	; 62
	
	if(func[TIMER0_OVF_VICTOR_ID]!=Null)
     e6e:	80 91 86 00 	lds	r24, 0x0086
     e72:	90 91 87 00 	lds	r25, 0x0087
     e76:	00 97       	sbiw	r24, 0x00	; 0
     e78:	29 f0       	breq	.+10     	; 0xe84 <__vector_11+0x40>
	{
		func[TIMER0_OVF_VICTOR_ID]();
     e7a:	e0 91 86 00 	lds	r30, 0x0086
     e7e:	f0 91 87 00 	lds	r31, 0x0087
     e82:	09 95       	icall
	}
	
}
     e84:	cf 91       	pop	r28
     e86:	df 91       	pop	r29
     e88:	ff 91       	pop	r31
     e8a:	ef 91       	pop	r30
     e8c:	bf 91       	pop	r27
     e8e:	af 91       	pop	r26
     e90:	9f 91       	pop	r25
     e92:	8f 91       	pop	r24
     e94:	7f 91       	pop	r23
     e96:	6f 91       	pop	r22
     e98:	5f 91       	pop	r21
     e9a:	4f 91       	pop	r20
     e9c:	3f 91       	pop	r19
     e9e:	2f 91       	pop	r18
     ea0:	0f 90       	pop	r0
     ea2:	0f be       	out	0x3f, r0	; 63
     ea4:	0f 90       	pop	r0
     ea6:	1f 90       	pop	r1
     ea8:	18 95       	reti

00000eaa <__vector_10>:


void __vector_10 (void)		__attribute__((signal)) ;
void __vector_10 (void){
     eaa:	1f 92       	push	r1
     eac:	0f 92       	push	r0
     eae:	0f b6       	in	r0, 0x3f	; 63
     eb0:	0f 92       	push	r0
     eb2:	11 24       	eor	r1, r1
     eb4:	2f 93       	push	r18
     eb6:	3f 93       	push	r19
     eb8:	4f 93       	push	r20
     eba:	5f 93       	push	r21
     ebc:	6f 93       	push	r22
     ebe:	7f 93       	push	r23
     ec0:	8f 93       	push	r24
     ec2:	9f 93       	push	r25
     ec4:	af 93       	push	r26
     ec6:	bf 93       	push	r27
     ec8:	ef 93       	push	r30
     eca:	ff 93       	push	r31
     ecc:	df 93       	push	r29
     ece:	cf 93       	push	r28
     ed0:	cd b7       	in	r28, 0x3d	; 61
     ed2:	de b7       	in	r29, 0x3e	; 62
	
	if(func[TIMER0_COMP_VICTOR_ID]!=Null)
     ed4:	80 91 84 00 	lds	r24, 0x0084
     ed8:	90 91 85 00 	lds	r25, 0x0085
     edc:	00 97       	sbiw	r24, 0x00	; 0
     ede:	29 f0       	breq	.+10     	; 0xeea <__vector_10+0x40>
	{
		func[TIMER0_COMP_VICTOR_ID]();
     ee0:	e0 91 84 00 	lds	r30, 0x0084
     ee4:	f0 91 85 00 	lds	r31, 0x0085
     ee8:	09 95       	icall
	}
	
}
     eea:	cf 91       	pop	r28
     eec:	df 91       	pop	r29
     eee:	ff 91       	pop	r31
     ef0:	ef 91       	pop	r30
     ef2:	bf 91       	pop	r27
     ef4:	af 91       	pop	r26
     ef6:	9f 91       	pop	r25
     ef8:	8f 91       	pop	r24
     efa:	7f 91       	pop	r23
     efc:	6f 91       	pop	r22
     efe:	5f 91       	pop	r21
     f00:	4f 91       	pop	r20
     f02:	3f 91       	pop	r19
     f04:	2f 91       	pop	r18
     f06:	0f 90       	pop	r0
     f08:	0f be       	out	0x3f, r0	; 63
     f0a:	0f 90       	pop	r0
     f0c:	1f 90       	pop	r1
     f0e:	18 95       	reti

00000f10 <__vector_6>:


void __vector_6 (void)		__attribute__((signal)) ;
void __vector_6 (void)
{
     f10:	1f 92       	push	r1
     f12:	0f 92       	push	r0
     f14:	0f b6       	in	r0, 0x3f	; 63
     f16:	0f 92       	push	r0
     f18:	11 24       	eor	r1, r1
     f1a:	2f 93       	push	r18
     f1c:	3f 93       	push	r19
     f1e:	4f 93       	push	r20
     f20:	5f 93       	push	r21
     f22:	6f 93       	push	r22
     f24:	7f 93       	push	r23
     f26:	8f 93       	push	r24
     f28:	9f 93       	push	r25
     f2a:	af 93       	push	r26
     f2c:	bf 93       	push	r27
     f2e:	ef 93       	push	r30
     f30:	ff 93       	push	r31
     f32:	df 93       	push	r29
     f34:	cf 93       	push	r28
     f36:	cd b7       	in	r28, 0x3d	; 61
     f38:	de b7       	in	r29, 0x3e	; 62
	if (func[TIMER1_ICU_VICTOR_ID]!=Null)
     f3a:	80 91 7c 00 	lds	r24, 0x007C
     f3e:	90 91 7d 00 	lds	r25, 0x007D
     f42:	00 97       	sbiw	r24, 0x00	; 0
     f44:	29 f0       	breq	.+10     	; 0xf50 <__vector_6+0x40>
	{
		func[TIMER1_ICU_VICTOR_ID](); ;
     f46:	e0 91 7c 00 	lds	r30, 0x007C
     f4a:	f0 91 7d 00 	lds	r31, 0x007D
     f4e:	09 95       	icall
	}
}
     f50:	cf 91       	pop	r28
     f52:	df 91       	pop	r29
     f54:	ff 91       	pop	r31
     f56:	ef 91       	pop	r30
     f58:	bf 91       	pop	r27
     f5a:	af 91       	pop	r26
     f5c:	9f 91       	pop	r25
     f5e:	8f 91       	pop	r24
     f60:	7f 91       	pop	r23
     f62:	6f 91       	pop	r22
     f64:	5f 91       	pop	r21
     f66:	4f 91       	pop	r20
     f68:	3f 91       	pop	r19
     f6a:	2f 91       	pop	r18
     f6c:	0f 90       	pop	r0
     f6e:	0f be       	out	0x3f, r0	; 63
     f70:	0f 90       	pop	r0
     f72:	1f 90       	pop	r1
     f74:	18 95       	reti

00000f76 <__vector_4>:


void __vector_4 (void)		__attribute__((signal)) ;
void __vector_4 (void){
     f76:	1f 92       	push	r1
     f78:	0f 92       	push	r0
     f7a:	0f b6       	in	r0, 0x3f	; 63
     f7c:	0f 92       	push	r0
     f7e:	11 24       	eor	r1, r1
     f80:	2f 93       	push	r18
     f82:	3f 93       	push	r19
     f84:	4f 93       	push	r20
     f86:	5f 93       	push	r21
     f88:	6f 93       	push	r22
     f8a:	7f 93       	push	r23
     f8c:	8f 93       	push	r24
     f8e:	9f 93       	push	r25
     f90:	af 93       	push	r26
     f92:	bf 93       	push	r27
     f94:	ef 93       	push	r30
     f96:	ff 93       	push	r31
     f98:	df 93       	push	r29
     f9a:	cf 93       	push	r28
     f9c:	cd b7       	in	r28, 0x3d	; 61
     f9e:	de b7       	in	r29, 0x3e	; 62
	
	if(func[TIMER2_COMP_VICTOR_ID]!=Null)
     fa0:	80 91 78 00 	lds	r24, 0x0078
     fa4:	90 91 79 00 	lds	r25, 0x0079
     fa8:	00 97       	sbiw	r24, 0x00	; 0
     faa:	29 f0       	breq	.+10     	; 0xfb6 <__vector_4+0x40>
	{
		
		func[TIMER2_COMP_VICTOR_ID]();
     fac:	e0 91 78 00 	lds	r30, 0x0078
     fb0:	f0 91 79 00 	lds	r31, 0x0079
     fb4:	09 95       	icall
		
	}
	
}
     fb6:	cf 91       	pop	r28
     fb8:	df 91       	pop	r29
     fba:	ff 91       	pop	r31
     fbc:	ef 91       	pop	r30
     fbe:	bf 91       	pop	r27
     fc0:	af 91       	pop	r26
     fc2:	9f 91       	pop	r25
     fc4:	8f 91       	pop	r24
     fc6:	7f 91       	pop	r23
     fc8:	6f 91       	pop	r22
     fca:	5f 91       	pop	r21
     fcc:	4f 91       	pop	r20
     fce:	3f 91       	pop	r19
     fd0:	2f 91       	pop	r18
     fd2:	0f 90       	pop	r0
     fd4:	0f be       	out	0x3f, r0	; 63
     fd6:	0f 90       	pop	r0
     fd8:	1f 90       	pop	r1
     fda:	18 95       	reti

00000fdc <__vector_5>:




void __vector_5 (void)		__attribute__((signal)) ;
void __vector_5 (void){
     fdc:	1f 92       	push	r1
     fde:	0f 92       	push	r0
     fe0:	0f b6       	in	r0, 0x3f	; 63
     fe2:	0f 92       	push	r0
     fe4:	11 24       	eor	r1, r1
     fe6:	2f 93       	push	r18
     fe8:	3f 93       	push	r19
     fea:	4f 93       	push	r20
     fec:	5f 93       	push	r21
     fee:	6f 93       	push	r22
     ff0:	7f 93       	push	r23
     ff2:	8f 93       	push	r24
     ff4:	9f 93       	push	r25
     ff6:	af 93       	push	r26
     ff8:	bf 93       	push	r27
     ffa:	ef 93       	push	r30
     ffc:	ff 93       	push	r31
     ffe:	df 93       	push	r29
    1000:	cf 93       	push	r28
    1002:	cd b7       	in	r28, 0x3d	; 61
    1004:	de b7       	in	r29, 0x3e	; 62
	
	
	if(func[TIMER2_OVF_VICTOR_ID]!=Null)
    1006:	80 91 7a 00 	lds	r24, 0x007A
    100a:	90 91 7b 00 	lds	r25, 0x007B
    100e:	00 97       	sbiw	r24, 0x00	; 0
    1010:	29 f0       	breq	.+10     	; 0x101c <__vector_5+0x40>
	{
		
		func[TIMER2_OVF_VICTOR_ID]();
    1012:	e0 91 7a 00 	lds	r30, 0x007A
    1016:	f0 91 7b 00 	lds	r31, 0x007B
    101a:	09 95       	icall
		
	}
	
}
    101c:	cf 91       	pop	r28
    101e:	df 91       	pop	r29
    1020:	ff 91       	pop	r31
    1022:	ef 91       	pop	r30
    1024:	bf 91       	pop	r27
    1026:	af 91       	pop	r26
    1028:	9f 91       	pop	r25
    102a:	8f 91       	pop	r24
    102c:	7f 91       	pop	r23
    102e:	6f 91       	pop	r22
    1030:	5f 91       	pop	r21
    1032:	4f 91       	pop	r20
    1034:	3f 91       	pop	r19
    1036:	2f 91       	pop	r18
    1038:	0f 90       	pop	r0
    103a:	0f be       	out	0x3f, r0	; 63
    103c:	0f 90       	pop	r0
    103e:	1f 90       	pop	r1
    1040:	18 95       	reti

00001042 <xCoRoutineCreate>:
static void prvCheckDelayedList( void );

/*-----------------------------------------------------------*/

signed portBASE_TYPE xCoRoutineCreate( crCOROUTINE_CODE pxCoRoutineCode, unsigned portBASE_TYPE uxPriority, unsigned portBASE_TYPE uxIndex )
{
    1042:	df 93       	push	r29
    1044:	cf 93       	push	r28
    1046:	cd b7       	in	r28, 0x3d	; 61
    1048:	de b7       	in	r29, 0x3e	; 62
    104a:	27 97       	sbiw	r28, 0x07	; 7
    104c:	0f b6       	in	r0, 0x3f	; 63
    104e:	f8 94       	cli
    1050:	de bf       	out	0x3e, r29	; 62
    1052:	0f be       	out	0x3f, r0	; 63
    1054:	cd bf       	out	0x3d, r28	; 61
    1056:	9d 83       	std	Y+5, r25	; 0x05
    1058:	8c 83       	std	Y+4, r24	; 0x04
    105a:	6e 83       	std	Y+6, r22	; 0x06
    105c:	4f 83       	std	Y+7, r20	; 0x07
signed portBASE_TYPE xReturn;
corCRCB *pxCoRoutine;

	/* Allocate the memory that will store the co-routine control block. */
	pxCoRoutine = ( corCRCB * ) pvPortMalloc( sizeof( corCRCB ) );
    105e:	8a e1       	ldi	r24, 0x1A	; 26
    1060:	90 e0       	ldi	r25, 0x00	; 0
    1062:	0e 94 f9 0a 	call	0x15f2	; 0x15f2 <pvPortMalloc>
    1066:	9a 83       	std	Y+2, r25	; 0x02
    1068:	89 83       	std	Y+1, r24	; 0x01
	if( pxCoRoutine )
    106a:	89 81       	ldd	r24, Y+1	; 0x01
    106c:	9a 81       	ldd	r25, Y+2	; 0x02
    106e:	00 97       	sbiw	r24, 0x00	; 0
    1070:	09 f4       	brne	.+2      	; 0x1074 <xCoRoutineCreate+0x32>
    1072:	6f c0       	rjmp	.+222    	; 0x1152 <xCoRoutineCreate+0x110>
	{
		/* If pxCurrentCoRoutine is NULL then this is the first co-routine to
		be created and the co-routine data structures need initialising. */
		if( pxCurrentCoRoutine == NULL )
    1074:	80 91 90 00 	lds	r24, 0x0090
    1078:	90 91 91 00 	lds	r25, 0x0091
    107c:	00 97       	sbiw	r24, 0x00	; 0
    107e:	41 f4       	brne	.+16     	; 0x1090 <xCoRoutineCreate+0x4e>
		{
			pxCurrentCoRoutine = pxCoRoutine;
    1080:	89 81       	ldd	r24, Y+1	; 0x01
    1082:	9a 81       	ldd	r25, Y+2	; 0x02
    1084:	90 93 91 00 	sts	0x0091, r25
    1088:	80 93 90 00 	sts	0x0090, r24
			prvInitialiseCoRoutineLists();
    108c:	0e 94 88 0a 	call	0x1510	; 0x1510 <prvInitialiseCoRoutineLists>
		}

		/* Check the priority is within limits. */
		if( uxPriority >= configMAX_CO_ROUTINE_PRIORITIES )
    1090:	8e 81       	ldd	r24, Y+6	; 0x06
    1092:	82 30       	cpi	r24, 0x02	; 2
    1094:	10 f0       	brcs	.+4      	; 0x109a <xCoRoutineCreate+0x58>
		{
			uxPriority = configMAX_CO_ROUTINE_PRIORITIES - 1;
    1096:	81 e0       	ldi	r24, 0x01	; 1
    1098:	8e 83       	std	Y+6, r24	; 0x06
		}

		/* Fill out the co-routine control block from the function parameters. */
		pxCoRoutine->uxState = corINITIAL_STATE;
    109a:	e9 81       	ldd	r30, Y+1	; 0x01
    109c:	fa 81       	ldd	r31, Y+2	; 0x02
    109e:	11 8e       	std	Z+25, r1	; 0x19
    10a0:	10 8e       	std	Z+24, r1	; 0x18
		pxCoRoutine->uxPriority = uxPriority;
    10a2:	e9 81       	ldd	r30, Y+1	; 0x01
    10a4:	fa 81       	ldd	r31, Y+2	; 0x02
    10a6:	8e 81       	ldd	r24, Y+6	; 0x06
    10a8:	86 8b       	std	Z+22, r24	; 0x16
		pxCoRoutine->uxIndex = uxIndex;
    10aa:	e9 81       	ldd	r30, Y+1	; 0x01
    10ac:	fa 81       	ldd	r31, Y+2	; 0x02
    10ae:	8f 81       	ldd	r24, Y+7	; 0x07
    10b0:	87 8b       	std	Z+23, r24	; 0x17
		pxCoRoutine->pxCoRoutineFunction = pxCoRoutineCode;
    10b2:	e9 81       	ldd	r30, Y+1	; 0x01
    10b4:	fa 81       	ldd	r31, Y+2	; 0x02
    10b6:	8c 81       	ldd	r24, Y+4	; 0x04
    10b8:	9d 81       	ldd	r25, Y+5	; 0x05
    10ba:	91 83       	std	Z+1, r25	; 0x01
    10bc:	80 83       	st	Z, r24

		/* Initialise all the other co-routine control block parameters. */
		vListInitialiseItem( &( pxCoRoutine->xGenericListItem ) );
    10be:	89 81       	ldd	r24, Y+1	; 0x01
    10c0:	9a 81       	ldd	r25, Y+2	; 0x02
    10c2:	02 96       	adiw	r24, 0x02	; 2
    10c4:	0e 94 8f 0b 	call	0x171e	; 0x171e <vListInitialiseItem>
		vListInitialiseItem( &( pxCoRoutine->xEventListItem ) );
    10c8:	89 81       	ldd	r24, Y+1	; 0x01
    10ca:	9a 81       	ldd	r25, Y+2	; 0x02
    10cc:	0c 96       	adiw	r24, 0x0c	; 12
    10ce:	0e 94 8f 0b 	call	0x171e	; 0x171e <vListInitialiseItem>

		/* Set the co-routine control block as a link back from the xListItem.
		This is so we can get back to the containing CRCB from a generic item
		in a list. */
		listSET_LIST_ITEM_OWNER( &( pxCoRoutine->xGenericListItem ), pxCoRoutine );
    10d2:	e9 81       	ldd	r30, Y+1	; 0x01
    10d4:	fa 81       	ldd	r31, Y+2	; 0x02
    10d6:	89 81       	ldd	r24, Y+1	; 0x01
    10d8:	9a 81       	ldd	r25, Y+2	; 0x02
    10da:	91 87       	std	Z+9, r25	; 0x09
    10dc:	80 87       	std	Z+8, r24	; 0x08
		listSET_LIST_ITEM_OWNER( &( pxCoRoutine->xEventListItem ), pxCoRoutine );
    10de:	e9 81       	ldd	r30, Y+1	; 0x01
    10e0:	fa 81       	ldd	r31, Y+2	; 0x02
    10e2:	89 81       	ldd	r24, Y+1	; 0x01
    10e4:	9a 81       	ldd	r25, Y+2	; 0x02
    10e6:	93 8b       	std	Z+19, r25	; 0x13
    10e8:	82 8b       	std	Z+18, r24	; 0x12
	
		/* Event lists are always in priority order. */
		listSET_LIST_ITEM_VALUE( &( pxCoRoutine->xEventListItem ), configMAX_PRIORITIES - ( portTickType ) uxPriority );
    10ea:	8e 81       	ldd	r24, Y+6	; 0x06
    10ec:	28 2f       	mov	r18, r24
    10ee:	30 e0       	ldi	r19, 0x00	; 0
    10f0:	85 e0       	ldi	r24, 0x05	; 5
    10f2:	90 e0       	ldi	r25, 0x00	; 0
    10f4:	82 1b       	sub	r24, r18
    10f6:	93 0b       	sbc	r25, r19
    10f8:	e9 81       	ldd	r30, Y+1	; 0x01
    10fa:	fa 81       	ldd	r31, Y+2	; 0x02
    10fc:	95 87       	std	Z+13, r25	; 0x0d
    10fe:	84 87       	std	Z+12, r24	; 0x0c
		
		/* Now the co-routine has been initialised it can be added to the ready
		list at the correct priority. */
		prvAddCoRoutineToReadyQueue( pxCoRoutine );
    1100:	e9 81       	ldd	r30, Y+1	; 0x01
    1102:	fa 81       	ldd	r31, Y+2	; 0x02
    1104:	96 89       	ldd	r25, Z+22	; 0x16
    1106:	80 91 92 00 	lds	r24, 0x0092
    110a:	89 17       	cp	r24, r25
    110c:	28 f4       	brcc	.+10     	; 0x1118 <xCoRoutineCreate+0xd6>
    110e:	e9 81       	ldd	r30, Y+1	; 0x01
    1110:	fa 81       	ldd	r31, Y+2	; 0x02
    1112:	86 89       	ldd	r24, Z+22	; 0x16
    1114:	80 93 92 00 	sts	0x0092, r24
    1118:	e9 81       	ldd	r30, Y+1	; 0x01
    111a:	fa 81       	ldd	r31, Y+2	; 0x02
    111c:	86 89       	ldd	r24, Z+22	; 0x16
    111e:	28 2f       	mov	r18, r24
    1120:	30 e0       	ldi	r19, 0x00	; 0
    1122:	c9 01       	movw	r24, r18
    1124:	88 0f       	add	r24, r24
    1126:	99 1f       	adc	r25, r25
    1128:	88 0f       	add	r24, r24
    112a:	99 1f       	adc	r25, r25
    112c:	88 0f       	add	r24, r24
    112e:	99 1f       	adc	r25, r25
    1130:	82 0f       	add	r24, r18
    1132:	93 1f       	adc	r25, r19
    1134:	ac 01       	movw	r20, r24
    1136:	47 56       	subi	r20, 0x67	; 103
    1138:	5f 4f       	sbci	r21, 0xFF	; 255
    113a:	89 81       	ldd	r24, Y+1	; 0x01
    113c:	9a 81       	ldd	r25, Y+2	; 0x02
    113e:	9c 01       	movw	r18, r24
    1140:	2e 5f       	subi	r18, 0xFE	; 254
    1142:	3f 4f       	sbci	r19, 0xFF	; 255
    1144:	ca 01       	movw	r24, r20
    1146:	b9 01       	movw	r22, r18
    1148:	0e 94 9f 0b 	call	0x173e	; 0x173e <vListInsertEnd>

		xReturn = pdPASS;
    114c:	81 e0       	ldi	r24, 0x01	; 1
    114e:	8b 83       	std	Y+3, r24	; 0x03
    1150:	02 c0       	rjmp	.+4      	; 0x1156 <xCoRoutineCreate+0x114>
	}
	else
	{		
		xReturn = errCOULD_NOT_ALLOCATE_REQUIRED_MEMORY;
    1152:	8f ef       	ldi	r24, 0xFF	; 255
    1154:	8b 83       	std	Y+3, r24	; 0x03
	}
	
	return xReturn;	
    1156:	8b 81       	ldd	r24, Y+3	; 0x03
}
    1158:	27 96       	adiw	r28, 0x07	; 7
    115a:	0f b6       	in	r0, 0x3f	; 63
    115c:	f8 94       	cli
    115e:	de bf       	out	0x3e, r29	; 62
    1160:	0f be       	out	0x3f, r0	; 63
    1162:	cd bf       	out	0x3d, r28	; 61
    1164:	cf 91       	pop	r28
    1166:	df 91       	pop	r29
    1168:	08 95       	ret

0000116a <vCoRoutineAddToDelayedList>:
/*-----------------------------------------------------------*/

void vCoRoutineAddToDelayedList( portTickType xTicksToDelay, xList *pxEventList )
{
    116a:	df 93       	push	r29
    116c:	cf 93       	push	r28
    116e:	00 d0       	rcall	.+0      	; 0x1170 <vCoRoutineAddToDelayedList+0x6>
    1170:	00 d0       	rcall	.+0      	; 0x1172 <vCoRoutineAddToDelayedList+0x8>
    1172:	00 d0       	rcall	.+0      	; 0x1174 <vCoRoutineAddToDelayedList+0xa>
    1174:	cd b7       	in	r28, 0x3d	; 61
    1176:	de b7       	in	r29, 0x3e	; 62
    1178:	9c 83       	std	Y+4, r25	; 0x04
    117a:	8b 83       	std	Y+3, r24	; 0x03
    117c:	7e 83       	std	Y+6, r23	; 0x06
    117e:	6d 83       	std	Y+5, r22	; 0x05
portTickType xTimeToWake;

	/* Calculate the time to wake - this may overflow but this is
	not a problem. */
	xTimeToWake = xCoRoutineTickCount + xTicksToDelay;
    1180:	20 91 93 00 	lds	r18, 0x0093
    1184:	30 91 94 00 	lds	r19, 0x0094
    1188:	8b 81       	ldd	r24, Y+3	; 0x03
    118a:	9c 81       	ldd	r25, Y+4	; 0x04
    118c:	82 0f       	add	r24, r18
    118e:	93 1f       	adc	r25, r19
    1190:	9a 83       	std	Y+2, r25	; 0x02
    1192:	89 83       	std	Y+1, r24	; 0x01

	/* We must remove ourselves from the ready list before adding
	ourselves to the blocked list as the same list item is used for
	both lists. */
	vListRemove( ( xListItem * ) &( pxCurrentCoRoutine->xGenericListItem ) );
    1194:	80 91 90 00 	lds	r24, 0x0090
    1198:	90 91 91 00 	lds	r25, 0x0091
    119c:	02 96       	adiw	r24, 0x02	; 2
    119e:	0e 94 57 0c 	call	0x18ae	; 0x18ae <vListRemove>

	/* The list item will be inserted in wake time order. */
	listSET_LIST_ITEM_VALUE( &( pxCurrentCoRoutine->xGenericListItem ), xTimeToWake );
    11a2:	e0 91 90 00 	lds	r30, 0x0090
    11a6:	f0 91 91 00 	lds	r31, 0x0091
    11aa:	89 81       	ldd	r24, Y+1	; 0x01
    11ac:	9a 81       	ldd	r25, Y+2	; 0x02
    11ae:	93 83       	std	Z+3, r25	; 0x03
    11b0:	82 83       	std	Z+2, r24	; 0x02

	if( xTimeToWake < xCoRoutineTickCount )
    11b2:	20 91 93 00 	lds	r18, 0x0093
    11b6:	30 91 94 00 	lds	r19, 0x0094
    11ba:	89 81       	ldd	r24, Y+1	; 0x01
    11bc:	9a 81       	ldd	r25, Y+2	; 0x02
    11be:	82 17       	cp	r24, r18
    11c0:	93 07       	cpc	r25, r19
    11c2:	70 f4       	brcc	.+28     	; 0x11e0 <vCoRoutineAddToDelayedList+0x76>
	{
		/* Wake time has overflowed.  Place this item in the
		overflow list. */
		vListInsert( ( xList * ) pxOverflowDelayedCoRoutineList, ( xListItem * ) &( pxCurrentCoRoutine->xGenericListItem ) );
    11c4:	80 91 bf 00 	lds	r24, 0x00BF
    11c8:	90 91 c0 00 	lds	r25, 0x00C0
    11cc:	20 91 90 00 	lds	r18, 0x0090
    11d0:	30 91 91 00 	lds	r19, 0x0091
    11d4:	2e 5f       	subi	r18, 0xFE	; 254
    11d6:	3f 4f       	sbci	r19, 0xFF	; 255
    11d8:	b9 01       	movw	r22, r18
    11da:	0e 94 eb 0b 	call	0x17d6	; 0x17d6 <vListInsert>
    11de:	0d c0       	rjmp	.+26     	; 0x11fa <vCoRoutineAddToDelayedList+0x90>
	}
	else
	{
		/* The wake time has not overflowed, so we can use the
		current block list. */
		vListInsert( ( xList * ) pxDelayedCoRoutineList, ( xListItem * ) &( pxCurrentCoRoutine->xGenericListItem ) );
    11e0:	80 91 bd 00 	lds	r24, 0x00BD
    11e4:	90 91 be 00 	lds	r25, 0x00BE
    11e8:	20 91 90 00 	lds	r18, 0x0090
    11ec:	30 91 91 00 	lds	r19, 0x0091
    11f0:	2e 5f       	subi	r18, 0xFE	; 254
    11f2:	3f 4f       	sbci	r19, 0xFF	; 255
    11f4:	b9 01       	movw	r22, r18
    11f6:	0e 94 eb 0b 	call	0x17d6	; 0x17d6 <vListInsert>
	}

	if( pxEventList )
    11fa:	8d 81       	ldd	r24, Y+5	; 0x05
    11fc:	9e 81       	ldd	r25, Y+6	; 0x06
    11fe:	00 97       	sbiw	r24, 0x00	; 0
    1200:	61 f0       	breq	.+24     	; 0x121a <vCoRoutineAddToDelayedList+0xb0>
	{
		/* Also add the co-routine to an event list.  If this is done then the
		function must be called with interrupts disabled. */
		vListInsert( pxEventList, &( pxCurrentCoRoutine->xEventListItem ) );
    1202:	80 91 90 00 	lds	r24, 0x0090
    1206:	90 91 91 00 	lds	r25, 0x0091
    120a:	9c 01       	movw	r18, r24
    120c:	24 5f       	subi	r18, 0xF4	; 244
    120e:	3f 4f       	sbci	r19, 0xFF	; 255
    1210:	8d 81       	ldd	r24, Y+5	; 0x05
    1212:	9e 81       	ldd	r25, Y+6	; 0x06
    1214:	b9 01       	movw	r22, r18
    1216:	0e 94 eb 0b 	call	0x17d6	; 0x17d6 <vListInsert>
	}
}
    121a:	26 96       	adiw	r28, 0x06	; 6
    121c:	0f b6       	in	r0, 0x3f	; 63
    121e:	f8 94       	cli
    1220:	de bf       	out	0x3e, r29	; 62
    1222:	0f be       	out	0x3f, r0	; 63
    1224:	cd bf       	out	0x3d, r28	; 61
    1226:	cf 91       	pop	r28
    1228:	df 91       	pop	r29
    122a:	08 95       	ret

0000122c <prvCheckPendingReadyList>:
/*-----------------------------------------------------------*/

static void prvCheckPendingReadyList( void )
{
    122c:	df 93       	push	r29
    122e:	cf 93       	push	r28
    1230:	00 d0       	rcall	.+0      	; 0x1232 <prvCheckPendingReadyList+0x6>
    1232:	cd b7       	in	r28, 0x3d	; 61
    1234:	de b7       	in	r29, 0x3e	; 62
    1236:	3a c0       	rjmp	.+116    	; 0x12ac <prvCheckPendingReadyList+0x80>
	while( listLIST_IS_EMPTY( &xPendingReadyCoRoutineList ) == pdFALSE )
	{
		corCRCB *pxUnblockedCRCB;

		/* The pending ready list can be accessed by an ISR. */
		portDISABLE_INTERRUPTS();
    1238:	f8 94       	cli
		{	
			pxUnblockedCRCB = ( corCRCB * ) listGET_OWNER_OF_HEAD_ENTRY( (&xPendingReadyCoRoutineList) );			
    123a:	e0 91 c6 00 	lds	r30, 0x00C6
    123e:	f0 91 c7 00 	lds	r31, 0x00C7
    1242:	86 81       	ldd	r24, Z+6	; 0x06
    1244:	97 81       	ldd	r25, Z+7	; 0x07
    1246:	9a 83       	std	Y+2, r25	; 0x02
    1248:	89 83       	std	Y+1, r24	; 0x01
			vListRemove( &( pxUnblockedCRCB->xEventListItem ) );
    124a:	89 81       	ldd	r24, Y+1	; 0x01
    124c:	9a 81       	ldd	r25, Y+2	; 0x02
    124e:	0c 96       	adiw	r24, 0x0c	; 12
    1250:	0e 94 57 0c 	call	0x18ae	; 0x18ae <vListRemove>
		}
		portENABLE_INTERRUPTS();
    1254:	78 94       	sei

		vListRemove( &( pxUnblockedCRCB->xGenericListItem ) );
    1256:	89 81       	ldd	r24, Y+1	; 0x01
    1258:	9a 81       	ldd	r25, Y+2	; 0x02
    125a:	02 96       	adiw	r24, 0x02	; 2
    125c:	0e 94 57 0c 	call	0x18ae	; 0x18ae <vListRemove>
		prvAddCoRoutineToReadyQueue( pxUnblockedCRCB );	
    1260:	e9 81       	ldd	r30, Y+1	; 0x01
    1262:	fa 81       	ldd	r31, Y+2	; 0x02
    1264:	96 89       	ldd	r25, Z+22	; 0x16
    1266:	80 91 92 00 	lds	r24, 0x0092
    126a:	89 17       	cp	r24, r25
    126c:	28 f4       	brcc	.+10     	; 0x1278 <prvCheckPendingReadyList+0x4c>
    126e:	e9 81       	ldd	r30, Y+1	; 0x01
    1270:	fa 81       	ldd	r31, Y+2	; 0x02
    1272:	86 89       	ldd	r24, Z+22	; 0x16
    1274:	80 93 92 00 	sts	0x0092, r24
    1278:	e9 81       	ldd	r30, Y+1	; 0x01
    127a:	fa 81       	ldd	r31, Y+2	; 0x02
    127c:	86 89       	ldd	r24, Z+22	; 0x16
    127e:	28 2f       	mov	r18, r24
    1280:	30 e0       	ldi	r19, 0x00	; 0
    1282:	c9 01       	movw	r24, r18
    1284:	88 0f       	add	r24, r24
    1286:	99 1f       	adc	r25, r25
    1288:	88 0f       	add	r24, r24
    128a:	99 1f       	adc	r25, r25
    128c:	88 0f       	add	r24, r24
    128e:	99 1f       	adc	r25, r25
    1290:	82 0f       	add	r24, r18
    1292:	93 1f       	adc	r25, r19
    1294:	ac 01       	movw	r20, r24
    1296:	47 56       	subi	r20, 0x67	; 103
    1298:	5f 4f       	sbci	r21, 0xFF	; 255
    129a:	89 81       	ldd	r24, Y+1	; 0x01
    129c:	9a 81       	ldd	r25, Y+2	; 0x02
    129e:	9c 01       	movw	r18, r24
    12a0:	2e 5f       	subi	r18, 0xFE	; 254
    12a2:	3f 4f       	sbci	r19, 0xFF	; 255
    12a4:	ca 01       	movw	r24, r20
    12a6:	b9 01       	movw	r22, r18
    12a8:	0e 94 9f 0b 	call	0x173e	; 0x173e <vListInsertEnd>
static void prvCheckPendingReadyList( void )
{
	/* Are there any co-routines waiting to get moved to the ready list?  These
	are co-routines that have been readied by an ISR.  The ISR cannot access
	the	ready lists itself. */
	while( listLIST_IS_EMPTY( &xPendingReadyCoRoutineList ) == pdFALSE )
    12ac:	80 91 c1 00 	lds	r24, 0x00C1
    12b0:	88 23       	and	r24, r24
    12b2:	09 f0       	breq	.+2      	; 0x12b6 <prvCheckPendingReadyList+0x8a>
    12b4:	c1 cf       	rjmp	.-126    	; 0x1238 <prvCheckPendingReadyList+0xc>
		portENABLE_INTERRUPTS();

		vListRemove( &( pxUnblockedCRCB->xGenericListItem ) );
		prvAddCoRoutineToReadyQueue( pxUnblockedCRCB );	
	}
}
    12b6:	0f 90       	pop	r0
    12b8:	0f 90       	pop	r0
    12ba:	cf 91       	pop	r28
    12bc:	df 91       	pop	r29
    12be:	08 95       	ret

000012c0 <prvCheckDelayedList>:
/*-----------------------------------------------------------*/

static void prvCheckDelayedList( void )
{
    12c0:	df 93       	push	r29
    12c2:	cf 93       	push	r28
    12c4:	00 d0       	rcall	.+0      	; 0x12c6 <prvCheckDelayedList+0x6>
    12c6:	00 d0       	rcall	.+0      	; 0x12c8 <prvCheckDelayedList+0x8>
    12c8:	cd b7       	in	r28, 0x3d	; 61
    12ca:	de b7       	in	r29, 0x3e	; 62
corCRCB *pxCRCB;

	xPassedTicks = xTaskGetTickCount() - xLastTickCount;
    12cc:	0e 94 65 17 	call	0x2eca	; 0x2eca <xTaskGetTickCount>
    12d0:	20 91 95 00 	lds	r18, 0x0095
    12d4:	30 91 96 00 	lds	r19, 0x0096
    12d8:	82 1b       	sub	r24, r18
    12da:	93 0b       	sbc	r25, r19
    12dc:	90 93 98 00 	sts	0x0098, r25
    12e0:	80 93 97 00 	sts	0x0097, r24
    12e4:	85 c0       	rjmp	.+266    	; 0x13f0 <prvCheckDelayedList+0x130>
	while( xPassedTicks )
	{
		xCoRoutineTickCount++;
    12e6:	80 91 93 00 	lds	r24, 0x0093
    12ea:	90 91 94 00 	lds	r25, 0x0094
    12ee:	01 96       	adiw	r24, 0x01	; 1
    12f0:	90 93 94 00 	sts	0x0094, r25
    12f4:	80 93 93 00 	sts	0x0093, r24
		xPassedTicks--;
    12f8:	80 91 97 00 	lds	r24, 0x0097
    12fc:	90 91 98 00 	lds	r25, 0x0098
    1300:	01 97       	sbiw	r24, 0x01	; 1
    1302:	90 93 98 00 	sts	0x0098, r25
    1306:	80 93 97 00 	sts	0x0097, r24

		/* If the tick count has overflowed we need to swap the ready lists. */
		if( xCoRoutineTickCount == 0 )
    130a:	80 91 93 00 	lds	r24, 0x0093
    130e:	90 91 94 00 	lds	r25, 0x0094
    1312:	00 97       	sbiw	r24, 0x00	; 0
    1314:	09 f0       	breq	.+2      	; 0x1318 <prvCheckDelayedList+0x58>
    1316:	64 c0       	rjmp	.+200    	; 0x13e0 <prvCheckDelayedList+0x120>
		{
			xList * pxTemp;

			/* Tick count has overflowed so we need to swap the delay lists.  If there are
			any items in pxDelayedCoRoutineList here then there is an error! */
			pxTemp = pxDelayedCoRoutineList;
    1318:	80 91 bd 00 	lds	r24, 0x00BD
    131c:	90 91 be 00 	lds	r25, 0x00BE
    1320:	9a 83       	std	Y+2, r25	; 0x02
    1322:	89 83       	std	Y+1, r24	; 0x01
			pxDelayedCoRoutineList = pxOverflowDelayedCoRoutineList;
    1324:	80 91 bf 00 	lds	r24, 0x00BF
    1328:	90 91 c0 00 	lds	r25, 0x00C0
    132c:	90 93 be 00 	sts	0x00BE, r25
    1330:	80 93 bd 00 	sts	0x00BD, r24
			pxOverflowDelayedCoRoutineList = pxTemp;
    1334:	89 81       	ldd	r24, Y+1	; 0x01
    1336:	9a 81       	ldd	r25, Y+2	; 0x02
    1338:	90 93 c0 00 	sts	0x00C0, r25
    133c:	80 93 bf 00 	sts	0x00BF, r24
    1340:	4f c0       	rjmp	.+158    	; 0x13e0 <prvCheckDelayedList+0x120>
		}

		/* See if this tick has made a timeout expire. */
		while( listLIST_IS_EMPTY( pxDelayedCoRoutineList ) == pdFALSE )
		{
			pxCRCB = ( corCRCB * ) listGET_OWNER_OF_HEAD_ENTRY( pxDelayedCoRoutineList );
    1342:	e0 91 bd 00 	lds	r30, 0x00BD
    1346:	f0 91 be 00 	lds	r31, 0x00BE
    134a:	05 80       	ldd	r0, Z+5	; 0x05
    134c:	f6 81       	ldd	r31, Z+6	; 0x06
    134e:	e0 2d       	mov	r30, r0
    1350:	86 81       	ldd	r24, Z+6	; 0x06
    1352:	97 81       	ldd	r25, Z+7	; 0x07
    1354:	9c 83       	std	Y+4, r25	; 0x04
    1356:	8b 83       	std	Y+3, r24	; 0x03

			if( xCoRoutineTickCount < listGET_LIST_ITEM_VALUE( &( pxCRCB->xGenericListItem ) ) )				
    1358:	eb 81       	ldd	r30, Y+3	; 0x03
    135a:	fc 81       	ldd	r31, Y+4	; 0x04
    135c:	22 81       	ldd	r18, Z+2	; 0x02
    135e:	33 81       	ldd	r19, Z+3	; 0x03
    1360:	80 91 93 00 	lds	r24, 0x0093
    1364:	90 91 94 00 	lds	r25, 0x0094
    1368:	82 17       	cp	r24, r18
    136a:	93 07       	cpc	r25, r19
    136c:	08 f4       	brcc	.+2      	; 0x1370 <prvCheckDelayedList+0xb0>
    136e:	40 c0       	rjmp	.+128    	; 0x13f0 <prvCheckDelayedList+0x130>
			{			
				/* Timeout not yet expired. */																			
				break;																				
			}																						

			portDISABLE_INTERRUPTS();
    1370:	f8 94       	cli
				/* The event could have occurred just before this critical
				section.  If this is the case then the generic list item will
				have been moved to the pending ready list and the following
				line is still valid.  Also the pvContainer parameter will have
				been set to NULL so the following lines are also valid. */
				vListRemove( &( pxCRCB->xGenericListItem ) );											
    1372:	8b 81       	ldd	r24, Y+3	; 0x03
    1374:	9c 81       	ldd	r25, Y+4	; 0x04
    1376:	02 96       	adiw	r24, 0x02	; 2
    1378:	0e 94 57 0c 	call	0x18ae	; 0x18ae <vListRemove>

				/* Is the co-routine waiting on an event also? */												
				if( pxCRCB->xEventListItem.pvContainer )													
    137c:	eb 81       	ldd	r30, Y+3	; 0x03
    137e:	fc 81       	ldd	r31, Y+4	; 0x04
    1380:	84 89       	ldd	r24, Z+20	; 0x14
    1382:	95 89       	ldd	r25, Z+21	; 0x15
    1384:	00 97       	sbiw	r24, 0x00	; 0
    1386:	29 f0       	breq	.+10     	; 0x1392 <prvCheckDelayedList+0xd2>
				{															
					vListRemove( &( pxCRCB->xEventListItem ) );											
    1388:	8b 81       	ldd	r24, Y+3	; 0x03
    138a:	9c 81       	ldd	r25, Y+4	; 0x04
    138c:	0c 96       	adiw	r24, 0x0c	; 12
    138e:	0e 94 57 0c 	call	0x18ae	; 0x18ae <vListRemove>
				}
			}
			portENABLE_INTERRUPTS();
    1392:	78 94       	sei

			prvAddCoRoutineToReadyQueue( pxCRCB );													
    1394:	eb 81       	ldd	r30, Y+3	; 0x03
    1396:	fc 81       	ldd	r31, Y+4	; 0x04
    1398:	96 89       	ldd	r25, Z+22	; 0x16
    139a:	80 91 92 00 	lds	r24, 0x0092
    139e:	89 17       	cp	r24, r25
    13a0:	28 f4       	brcc	.+10     	; 0x13ac <prvCheckDelayedList+0xec>
    13a2:	eb 81       	ldd	r30, Y+3	; 0x03
    13a4:	fc 81       	ldd	r31, Y+4	; 0x04
    13a6:	86 89       	ldd	r24, Z+22	; 0x16
    13a8:	80 93 92 00 	sts	0x0092, r24
    13ac:	eb 81       	ldd	r30, Y+3	; 0x03
    13ae:	fc 81       	ldd	r31, Y+4	; 0x04
    13b0:	86 89       	ldd	r24, Z+22	; 0x16
    13b2:	28 2f       	mov	r18, r24
    13b4:	30 e0       	ldi	r19, 0x00	; 0
    13b6:	c9 01       	movw	r24, r18
    13b8:	88 0f       	add	r24, r24
    13ba:	99 1f       	adc	r25, r25
    13bc:	88 0f       	add	r24, r24
    13be:	99 1f       	adc	r25, r25
    13c0:	88 0f       	add	r24, r24
    13c2:	99 1f       	adc	r25, r25
    13c4:	82 0f       	add	r24, r18
    13c6:	93 1f       	adc	r25, r19
    13c8:	ac 01       	movw	r20, r24
    13ca:	47 56       	subi	r20, 0x67	; 103
    13cc:	5f 4f       	sbci	r21, 0xFF	; 255
    13ce:	8b 81       	ldd	r24, Y+3	; 0x03
    13d0:	9c 81       	ldd	r25, Y+4	; 0x04
    13d2:	9c 01       	movw	r18, r24
    13d4:	2e 5f       	subi	r18, 0xFE	; 254
    13d6:	3f 4f       	sbci	r19, 0xFF	; 255
    13d8:	ca 01       	movw	r24, r20
    13da:	b9 01       	movw	r22, r18
    13dc:	0e 94 9f 0b 	call	0x173e	; 0x173e <vListInsertEnd>
			pxDelayedCoRoutineList = pxOverflowDelayedCoRoutineList;
			pxOverflowDelayedCoRoutineList = pxTemp;
		}

		/* See if this tick has made a timeout expire. */
		while( listLIST_IS_EMPTY( pxDelayedCoRoutineList ) == pdFALSE )
    13e0:	e0 91 bd 00 	lds	r30, 0x00BD
    13e4:	f0 91 be 00 	lds	r31, 0x00BE
    13e8:	80 81       	ld	r24, Z
    13ea:	88 23       	and	r24, r24
    13ec:	09 f0       	breq	.+2      	; 0x13f0 <prvCheckDelayedList+0x130>
    13ee:	a9 cf       	rjmp	.-174    	; 0x1342 <prvCheckDelayedList+0x82>
static void prvCheckDelayedList( void )
{
corCRCB *pxCRCB;

	xPassedTicks = xTaskGetTickCount() - xLastTickCount;
	while( xPassedTicks )
    13f0:	80 91 97 00 	lds	r24, 0x0097
    13f4:	90 91 98 00 	lds	r25, 0x0098
    13f8:	00 97       	sbiw	r24, 0x00	; 0
    13fa:	09 f0       	breq	.+2      	; 0x13fe <prvCheckDelayedList+0x13e>
    13fc:	74 cf       	rjmp	.-280    	; 0x12e6 <prvCheckDelayedList+0x26>

			prvAddCoRoutineToReadyQueue( pxCRCB );													
		}																									
	}

	xLastTickCount = xCoRoutineTickCount;
    13fe:	80 91 93 00 	lds	r24, 0x0093
    1402:	90 91 94 00 	lds	r25, 0x0094
    1406:	90 93 96 00 	sts	0x0096, r25
    140a:	80 93 95 00 	sts	0x0095, r24
}
    140e:	0f 90       	pop	r0
    1410:	0f 90       	pop	r0
    1412:	0f 90       	pop	r0
    1414:	0f 90       	pop	r0
    1416:	cf 91       	pop	r28
    1418:	df 91       	pop	r29
    141a:	08 95       	ret

0000141c <vCoRoutineSchedule>:
/*-----------------------------------------------------------*/

void vCoRoutineSchedule( void )
{
    141c:	df 93       	push	r29
    141e:	cf 93       	push	r28
    1420:	00 d0       	rcall	.+0      	; 0x1422 <vCoRoutineSchedule+0x6>
    1422:	cd b7       	in	r28, 0x3d	; 61
    1424:	de b7       	in	r29, 0x3e	; 62
	/* See if any co-routines readied by events need moving to the ready lists. */
	prvCheckPendingReadyList();
    1426:	0e 94 16 09 	call	0x122c	; 0x122c <prvCheckPendingReadyList>

	/* See if any delayed co-routines have timed out. */
	prvCheckDelayedList();
    142a:	0e 94 60 09 	call	0x12c0	; 0x12c0 <prvCheckDelayedList>
    142e:	0a c0       	rjmp	.+20     	; 0x1444 <vCoRoutineSchedule+0x28>

	/* Find the highest priority queue that contains ready co-routines. */
	while( listLIST_IS_EMPTY( &( pxReadyCoRoutineLists[ uxTopCoRoutineReadyPriority ] ) ) )
	{
		if( uxTopCoRoutineReadyPriority == 0 )
    1430:	80 91 92 00 	lds	r24, 0x0092
    1434:	88 23       	and	r24, r24
    1436:	09 f4       	brne	.+2      	; 0x143a <vCoRoutineSchedule+0x1e>
    1438:	66 c0       	rjmp	.+204    	; 0x1506 <vCoRoutineSchedule+0xea>
		{
			/* No more co-routines to check. */
			return;
		}
		--uxTopCoRoutineReadyPriority;
    143a:	80 91 92 00 	lds	r24, 0x0092
    143e:	81 50       	subi	r24, 0x01	; 1
    1440:	80 93 92 00 	sts	0x0092, r24

	/* See if any delayed co-routines have timed out. */
	prvCheckDelayedList();

	/* Find the highest priority queue that contains ready co-routines. */
	while( listLIST_IS_EMPTY( &( pxReadyCoRoutineLists[ uxTopCoRoutineReadyPriority ] ) ) )
    1444:	80 91 92 00 	lds	r24, 0x0092
    1448:	28 2f       	mov	r18, r24
    144a:	30 e0       	ldi	r19, 0x00	; 0
    144c:	c9 01       	movw	r24, r18
    144e:	88 0f       	add	r24, r24
    1450:	99 1f       	adc	r25, r25
    1452:	88 0f       	add	r24, r24
    1454:	99 1f       	adc	r25, r25
    1456:	88 0f       	add	r24, r24
    1458:	99 1f       	adc	r25, r25
    145a:	82 0f       	add	r24, r18
    145c:	93 1f       	adc	r25, r19
    145e:	fc 01       	movw	r30, r24
    1460:	e7 56       	subi	r30, 0x67	; 103
    1462:	ff 4f       	sbci	r31, 0xFF	; 255
    1464:	80 81       	ld	r24, Z
    1466:	88 23       	and	r24, r24
    1468:	19 f3       	breq	.-58     	; 0x1430 <vCoRoutineSchedule+0x14>
		--uxTopCoRoutineReadyPriority;
	}

	/* listGET_OWNER_OF_NEXT_ENTRY walks through the list, so the co-routines
	 of the	same priority get an equal share of the processor time. */
	listGET_OWNER_OF_NEXT_ENTRY( pxCurrentCoRoutine, &( pxReadyCoRoutineLists[ uxTopCoRoutineReadyPriority ] ) );
    146a:	80 91 92 00 	lds	r24, 0x0092
    146e:	28 2f       	mov	r18, r24
    1470:	30 e0       	ldi	r19, 0x00	; 0
    1472:	c9 01       	movw	r24, r18
    1474:	88 0f       	add	r24, r24
    1476:	99 1f       	adc	r25, r25
    1478:	88 0f       	add	r24, r24
    147a:	99 1f       	adc	r25, r25
    147c:	88 0f       	add	r24, r24
    147e:	99 1f       	adc	r25, r25
    1480:	82 0f       	add	r24, r18
    1482:	93 1f       	adc	r25, r19
    1484:	87 56       	subi	r24, 0x67	; 103
    1486:	9f 4f       	sbci	r25, 0xFF	; 255
    1488:	9a 83       	std	Y+2, r25	; 0x02
    148a:	89 83       	std	Y+1, r24	; 0x01
    148c:	e9 81       	ldd	r30, Y+1	; 0x01
    148e:	fa 81       	ldd	r31, Y+2	; 0x02
    1490:	01 80       	ldd	r0, Z+1	; 0x01
    1492:	f2 81       	ldd	r31, Z+2	; 0x02
    1494:	e0 2d       	mov	r30, r0
    1496:	82 81       	ldd	r24, Z+2	; 0x02
    1498:	93 81       	ldd	r25, Z+3	; 0x03
    149a:	e9 81       	ldd	r30, Y+1	; 0x01
    149c:	fa 81       	ldd	r31, Y+2	; 0x02
    149e:	92 83       	std	Z+2, r25	; 0x02
    14a0:	81 83       	std	Z+1, r24	; 0x01
    14a2:	e9 81       	ldd	r30, Y+1	; 0x01
    14a4:	fa 81       	ldd	r31, Y+2	; 0x02
    14a6:	21 81       	ldd	r18, Z+1	; 0x01
    14a8:	32 81       	ldd	r19, Z+2	; 0x02
    14aa:	89 81       	ldd	r24, Y+1	; 0x01
    14ac:	9a 81       	ldd	r25, Y+2	; 0x02
    14ae:	03 96       	adiw	r24, 0x03	; 3
    14b0:	28 17       	cp	r18, r24
    14b2:	39 07       	cpc	r19, r25
    14b4:	59 f4       	brne	.+22     	; 0x14cc <vCoRoutineSchedule+0xb0>
    14b6:	e9 81       	ldd	r30, Y+1	; 0x01
    14b8:	fa 81       	ldd	r31, Y+2	; 0x02
    14ba:	01 80       	ldd	r0, Z+1	; 0x01
    14bc:	f2 81       	ldd	r31, Z+2	; 0x02
    14be:	e0 2d       	mov	r30, r0
    14c0:	82 81       	ldd	r24, Z+2	; 0x02
    14c2:	93 81       	ldd	r25, Z+3	; 0x03
    14c4:	e9 81       	ldd	r30, Y+1	; 0x01
    14c6:	fa 81       	ldd	r31, Y+2	; 0x02
    14c8:	92 83       	std	Z+2, r25	; 0x02
    14ca:	81 83       	std	Z+1, r24	; 0x01
    14cc:	e9 81       	ldd	r30, Y+1	; 0x01
    14ce:	fa 81       	ldd	r31, Y+2	; 0x02
    14d0:	01 80       	ldd	r0, Z+1	; 0x01
    14d2:	f2 81       	ldd	r31, Z+2	; 0x02
    14d4:	e0 2d       	mov	r30, r0
    14d6:	86 81       	ldd	r24, Z+6	; 0x06
    14d8:	97 81       	ldd	r25, Z+7	; 0x07
    14da:	90 93 91 00 	sts	0x0091, r25
    14de:	80 93 90 00 	sts	0x0090, r24

	/* Call the co-routine. */
	( pxCurrentCoRoutine->pxCoRoutineFunction )( pxCurrentCoRoutine, pxCurrentCoRoutine->uxIndex );
    14e2:	e0 91 90 00 	lds	r30, 0x0090
    14e6:	f0 91 91 00 	lds	r31, 0x0091
    14ea:	40 81       	ld	r20, Z
    14ec:	51 81       	ldd	r21, Z+1	; 0x01
    14ee:	80 91 90 00 	lds	r24, 0x0090
    14f2:	90 91 91 00 	lds	r25, 0x0091
    14f6:	e0 91 90 00 	lds	r30, 0x0090
    14fa:	f0 91 91 00 	lds	r31, 0x0091
    14fe:	27 89       	ldd	r18, Z+23	; 0x17
    1500:	62 2f       	mov	r22, r18
    1502:	fa 01       	movw	r30, r20
    1504:	09 95       	icall

	return;
}
    1506:	0f 90       	pop	r0
    1508:	0f 90       	pop	r0
    150a:	cf 91       	pop	r28
    150c:	df 91       	pop	r29
    150e:	08 95       	ret

00001510 <prvInitialiseCoRoutineLists>:
/*-----------------------------------------------------------*/

static void prvInitialiseCoRoutineLists( void )
{
    1510:	df 93       	push	r29
    1512:	cf 93       	push	r28
    1514:	0f 92       	push	r0
    1516:	cd b7       	in	r28, 0x3d	; 61
    1518:	de b7       	in	r29, 0x3e	; 62
unsigned portBASE_TYPE uxPriority;

	for( uxPriority = 0; uxPriority < configMAX_CO_ROUTINE_PRIORITIES; uxPriority++ )
    151a:	19 82       	std	Y+1, r1	; 0x01
    151c:	13 c0       	rjmp	.+38     	; 0x1544 <prvInitialiseCoRoutineLists+0x34>
	{
		vListInitialise( ( xList * ) &( pxReadyCoRoutineLists[ uxPriority ] ) );
    151e:	89 81       	ldd	r24, Y+1	; 0x01
    1520:	28 2f       	mov	r18, r24
    1522:	30 e0       	ldi	r19, 0x00	; 0
    1524:	c9 01       	movw	r24, r18
    1526:	88 0f       	add	r24, r24
    1528:	99 1f       	adc	r25, r25
    152a:	88 0f       	add	r24, r24
    152c:	99 1f       	adc	r25, r25
    152e:	88 0f       	add	r24, r24
    1530:	99 1f       	adc	r25, r25
    1532:	82 0f       	add	r24, r18
    1534:	93 1f       	adc	r25, r19
    1536:	87 56       	subi	r24, 0x67	; 103
    1538:	9f 4f       	sbci	r25, 0xFF	; 255
    153a:	0e 94 65 0b 	call	0x16ca	; 0x16ca <vListInitialise>

static void prvInitialiseCoRoutineLists( void )
{
unsigned portBASE_TYPE uxPriority;

	for( uxPriority = 0; uxPriority < configMAX_CO_ROUTINE_PRIORITIES; uxPriority++ )
    153e:	89 81       	ldd	r24, Y+1	; 0x01
    1540:	8f 5f       	subi	r24, 0xFF	; 255
    1542:	89 83       	std	Y+1, r24	; 0x01
    1544:	89 81       	ldd	r24, Y+1	; 0x01
    1546:	82 30       	cpi	r24, 0x02	; 2
    1548:	50 f3       	brcs	.-44     	; 0x151e <prvInitialiseCoRoutineLists+0xe>
	{
		vListInitialise( ( xList * ) &( pxReadyCoRoutineLists[ uxPriority ] ) );
	}

	vListInitialise( ( xList * ) &xDelayedCoRoutineList1 );
    154a:	8b ea       	ldi	r24, 0xAB	; 171
    154c:	90 e0       	ldi	r25, 0x00	; 0
    154e:	0e 94 65 0b 	call	0x16ca	; 0x16ca <vListInitialise>
	vListInitialise( ( xList * ) &xDelayedCoRoutineList2 );
    1552:	84 eb       	ldi	r24, 0xB4	; 180
    1554:	90 e0       	ldi	r25, 0x00	; 0
    1556:	0e 94 65 0b 	call	0x16ca	; 0x16ca <vListInitialise>
	vListInitialise( ( xList * ) &xPendingReadyCoRoutineList );
    155a:	81 ec       	ldi	r24, 0xC1	; 193
    155c:	90 e0       	ldi	r25, 0x00	; 0
    155e:	0e 94 65 0b 	call	0x16ca	; 0x16ca <vListInitialise>

	/* Start with pxDelayedCoRoutineList using list1 and the
	pxOverflowDelayedCoRoutineList using list2. */
	pxDelayedCoRoutineList = &xDelayedCoRoutineList1;
    1562:	8b ea       	ldi	r24, 0xAB	; 171
    1564:	90 e0       	ldi	r25, 0x00	; 0
    1566:	90 93 be 00 	sts	0x00BE, r25
    156a:	80 93 bd 00 	sts	0x00BD, r24
	pxOverflowDelayedCoRoutineList = &xDelayedCoRoutineList2;
    156e:	84 eb       	ldi	r24, 0xB4	; 180
    1570:	90 e0       	ldi	r25, 0x00	; 0
    1572:	90 93 c0 00 	sts	0x00C0, r25
    1576:	80 93 bf 00 	sts	0x00BF, r24
}
    157a:	0f 90       	pop	r0
    157c:	cf 91       	pop	r28
    157e:	df 91       	pop	r29
    1580:	08 95       	ret

00001582 <xCoRoutineRemoveFromEventList>:
/*-----------------------------------------------------------*/

signed portBASE_TYPE xCoRoutineRemoveFromEventList( const xList *pxEventList )
{
    1582:	df 93       	push	r29
    1584:	cf 93       	push	r28
    1586:	00 d0       	rcall	.+0      	; 0x1588 <xCoRoutineRemoveFromEventList+0x6>
    1588:	00 d0       	rcall	.+0      	; 0x158a <xCoRoutineRemoveFromEventList+0x8>
    158a:	0f 92       	push	r0
    158c:	cd b7       	in	r28, 0x3d	; 61
    158e:	de b7       	in	r29, 0x3e	; 62
    1590:	9d 83       	std	Y+5, r25	; 0x05
    1592:	8c 83       	std	Y+4, r24	; 0x04
signed portBASE_TYPE xReturn;

	/* This function is called from within an interrupt.  It can only access
	event lists and the pending ready list.  This function assumes that a
	check has already been made to ensure pxEventList is not empty. */
	pxUnblockedCRCB = ( corCRCB * ) listGET_OWNER_OF_HEAD_ENTRY( pxEventList );
    1594:	ec 81       	ldd	r30, Y+4	; 0x04
    1596:	fd 81       	ldd	r31, Y+5	; 0x05
    1598:	05 80       	ldd	r0, Z+5	; 0x05
    159a:	f6 81       	ldd	r31, Z+6	; 0x06
    159c:	e0 2d       	mov	r30, r0
    159e:	86 81       	ldd	r24, Z+6	; 0x06
    15a0:	97 81       	ldd	r25, Z+7	; 0x07
    15a2:	9b 83       	std	Y+3, r25	; 0x03
    15a4:	8a 83       	std	Y+2, r24	; 0x02
	vListRemove( &( pxUnblockedCRCB->xEventListItem ) );
    15a6:	8a 81       	ldd	r24, Y+2	; 0x02
    15a8:	9b 81       	ldd	r25, Y+3	; 0x03
    15aa:	0c 96       	adiw	r24, 0x0c	; 12
    15ac:	0e 94 57 0c 	call	0x18ae	; 0x18ae <vListRemove>
	vListInsertEnd( ( xList * ) &( xPendingReadyCoRoutineList ), &( pxUnblockedCRCB->xEventListItem ) );
    15b0:	8a 81       	ldd	r24, Y+2	; 0x02
    15b2:	9b 81       	ldd	r25, Y+3	; 0x03
    15b4:	9c 01       	movw	r18, r24
    15b6:	24 5f       	subi	r18, 0xF4	; 244
    15b8:	3f 4f       	sbci	r19, 0xFF	; 255
    15ba:	81 ec       	ldi	r24, 0xC1	; 193
    15bc:	90 e0       	ldi	r25, 0x00	; 0
    15be:	b9 01       	movw	r22, r18
    15c0:	0e 94 9f 0b 	call	0x173e	; 0x173e <vListInsertEnd>

	if( pxUnblockedCRCB->uxPriority >= pxCurrentCoRoutine->uxPriority )
    15c4:	ea 81       	ldd	r30, Y+2	; 0x02
    15c6:	fb 81       	ldd	r31, Y+3	; 0x03
    15c8:	96 89       	ldd	r25, Z+22	; 0x16
    15ca:	e0 91 90 00 	lds	r30, 0x0090
    15ce:	f0 91 91 00 	lds	r31, 0x0091
    15d2:	86 89       	ldd	r24, Z+22	; 0x16
    15d4:	98 17       	cp	r25, r24
    15d6:	18 f0       	brcs	.+6      	; 0x15de <xCoRoutineRemoveFromEventList+0x5c>
	{
		xReturn = pdTRUE;
    15d8:	81 e0       	ldi	r24, 0x01	; 1
    15da:	89 83       	std	Y+1, r24	; 0x01
    15dc:	01 c0       	rjmp	.+2      	; 0x15e0 <xCoRoutineRemoveFromEventList+0x5e>
	}
	else
	{
		xReturn = pdFALSE;
    15de:	19 82       	std	Y+1, r1	; 0x01
	}

	return xReturn;
    15e0:	89 81       	ldd	r24, Y+1	; 0x01
}
    15e2:	0f 90       	pop	r0
    15e4:	0f 90       	pop	r0
    15e6:	0f 90       	pop	r0
    15e8:	0f 90       	pop	r0
    15ea:	0f 90       	pop	r0
    15ec:	cf 91       	pop	r28
    15ee:	df 91       	pop	r29
    15f0:	08 95       	ret

000015f2 <pvPortMalloc>:

static size_t xNextFreeByte = ( size_t ) 0;
/*-----------------------------------------------------------*/

void *pvPortMalloc( size_t xWantedSize )
{
    15f2:	df 93       	push	r29
    15f4:	cf 93       	push	r28
    15f6:	00 d0       	rcall	.+0      	; 0x15f8 <pvPortMalloc+0x6>
    15f8:	00 d0       	rcall	.+0      	; 0x15fa <pvPortMalloc+0x8>
    15fa:	cd b7       	in	r28, 0x3d	; 61
    15fc:	de b7       	in	r29, 0x3e	; 62
    15fe:	9c 83       	std	Y+4, r25	; 0x04
    1600:	8b 83       	std	Y+3, r24	; 0x03
void *pvReturn = NULL; 
    1602:	1a 82       	std	Y+2, r1	; 0x02
    1604:	19 82       	std	Y+1, r1	; 0x01
			/* Byte alignment required. */
			xWantedSize += ( portBYTE_ALIGNMENT - ( xWantedSize & portBYTE_ALIGNMENT_MASK ) );
		}
	#endif

	vTaskSuspendAll();
    1606:	0e 94 cf 16 	call	0x2d9e	; 0x2d9e <vTaskSuspendAll>
	{
		/* Check there is enough room left for the allocation. */
		if( ( ( xNextFreeByte + xWantedSize ) < configTOTAL_HEAP_SIZE ) &&
    160a:	80 91 ca 00 	lds	r24, 0x00CA
    160e:	90 91 cb 00 	lds	r25, 0x00CB
    1612:	2b 81       	ldd	r18, Y+3	; 0x03
    1614:	3c 81       	ldd	r19, Y+4	; 0x04
    1616:	82 0f       	add	r24, r18
    1618:	93 1f       	adc	r25, r19
    161a:	23 e0       	ldi	r18, 0x03	; 3
    161c:	88 3e       	cpi	r24, 0xE8	; 232
    161e:	92 07       	cpc	r25, r18
    1620:	18 f5       	brcc	.+70     	; 0x1668 <pvPortMalloc+0x76>
    1622:	20 91 ca 00 	lds	r18, 0x00CA
    1626:	30 91 cb 00 	lds	r19, 0x00CB
    162a:	8b 81       	ldd	r24, Y+3	; 0x03
    162c:	9c 81       	ldd	r25, Y+4	; 0x04
    162e:	28 0f       	add	r18, r24
    1630:	39 1f       	adc	r19, r25
    1632:	80 91 ca 00 	lds	r24, 0x00CA
    1636:	90 91 cb 00 	lds	r25, 0x00CB
    163a:	82 17       	cp	r24, r18
    163c:	93 07       	cpc	r25, r19
    163e:	a0 f4       	brcc	.+40     	; 0x1668 <pvPortMalloc+0x76>
			( ( xNextFreeByte + xWantedSize ) > xNextFreeByte )	)/* Check for overflow. */
		{
			/* Return the next free byte then increment the index past this
			block. */
			pvReturn = &( xHeap.ucHeap[ xNextFreeByte ] );
    1640:	80 91 ca 00 	lds	r24, 0x00CA
    1644:	90 91 cb 00 	lds	r25, 0x00CB
    1648:	84 53       	subi	r24, 0x34	; 52
    164a:	9f 4f       	sbci	r25, 0xFF	; 255
    164c:	9a 83       	std	Y+2, r25	; 0x02
    164e:	89 83       	std	Y+1, r24	; 0x01
			xNextFreeByte += xWantedSize;			
    1650:	20 91 ca 00 	lds	r18, 0x00CA
    1654:	30 91 cb 00 	lds	r19, 0x00CB
    1658:	8b 81       	ldd	r24, Y+3	; 0x03
    165a:	9c 81       	ldd	r25, Y+4	; 0x04
    165c:	82 0f       	add	r24, r18
    165e:	93 1f       	adc	r25, r19
    1660:	90 93 cb 00 	sts	0x00CB, r25
    1664:	80 93 ca 00 	sts	0x00CA, r24
		}	
	}
	xTaskResumeAll();
    1668:	0e 94 db 16 	call	0x2db6	; 0x2db6 <xTaskResumeAll>
			vApplicationMallocFailedHook();
		}
	}
	#endif	

	return pvReturn;
    166c:	89 81       	ldd	r24, Y+1	; 0x01
    166e:	9a 81       	ldd	r25, Y+2	; 0x02
}
    1670:	0f 90       	pop	r0
    1672:	0f 90       	pop	r0
    1674:	0f 90       	pop	r0
    1676:	0f 90       	pop	r0
    1678:	cf 91       	pop	r28
    167a:	df 91       	pop	r29
    167c:	08 95       	ret

0000167e <vPortFree>:
/*-----------------------------------------------------------*/

void vPortFree( void *pv )
{
    167e:	df 93       	push	r29
    1680:	cf 93       	push	r28
    1682:	00 d0       	rcall	.+0      	; 0x1684 <vPortFree+0x6>
    1684:	cd b7       	in	r28, 0x3d	; 61
    1686:	de b7       	in	r29, 0x3e	; 62
    1688:	9a 83       	std	Y+2, r25	; 0x02
    168a:	89 83       	std	Y+1, r24	; 0x01
	/* Memory cannot be freed using this scheme.  See heap_2.c and heap_3.c 
	for alternative implementations, and the memory management pages of 
	http://www.FreeRTOS.org for more information. */
	( void ) pv;
}
    168c:	0f 90       	pop	r0
    168e:	0f 90       	pop	r0
    1690:	cf 91       	pop	r28
    1692:	df 91       	pop	r29
    1694:	08 95       	ret

00001696 <vPortInitialiseBlocks>:
/*-----------------------------------------------------------*/

void vPortInitialiseBlocks( void )
{
    1696:	df 93       	push	r29
    1698:	cf 93       	push	r28
    169a:	cd b7       	in	r28, 0x3d	; 61
    169c:	de b7       	in	r29, 0x3e	; 62
	/* Only required when static memory is not cleared. */
	xNextFreeByte = ( size_t ) 0;
    169e:	10 92 cb 00 	sts	0x00CB, r1
    16a2:	10 92 ca 00 	sts	0x00CA, r1
}
    16a6:	cf 91       	pop	r28
    16a8:	df 91       	pop	r29
    16aa:	08 95       	ret

000016ac <xPortGetFreeHeapSize>:
/*-----------------------------------------------------------*/

size_t xPortGetFreeHeapSize( void )
{
    16ac:	df 93       	push	r29
    16ae:	cf 93       	push	r28
    16b0:	cd b7       	in	r28, 0x3d	; 61
    16b2:	de b7       	in	r29, 0x3e	; 62
	return ( configTOTAL_HEAP_SIZE - xNextFreeByte );
    16b4:	20 91 ca 00 	lds	r18, 0x00CA
    16b8:	30 91 cb 00 	lds	r19, 0x00CB
    16bc:	88 ee       	ldi	r24, 0xE8	; 232
    16be:	93 e0       	ldi	r25, 0x03	; 3
    16c0:	82 1b       	sub	r24, r18
    16c2:	93 0b       	sbc	r25, r19
}
    16c4:	cf 91       	pop	r28
    16c6:	df 91       	pop	r29
    16c8:	08 95       	ret

000016ca <vListInitialise>:
/*-----------------------------------------------------------
 * PUBLIC LIST API documented in list.h
 *----------------------------------------------------------*/

void vListInitialise( xList *pxList )
{
    16ca:	df 93       	push	r29
    16cc:	cf 93       	push	r28
    16ce:	00 d0       	rcall	.+0      	; 0x16d0 <vListInitialise+0x6>
    16d0:	cd b7       	in	r28, 0x3d	; 61
    16d2:	de b7       	in	r29, 0x3e	; 62
    16d4:	9a 83       	std	Y+2, r25	; 0x02
    16d6:	89 83       	std	Y+1, r24	; 0x01
	/* The list structure contains a list item which is used to mark the
	end of the list.  To initialise the list the list end is inserted
	as the only list entry. */
	pxList->pxIndex = ( xListItem * ) &( pxList->xListEnd );
    16d8:	89 81       	ldd	r24, Y+1	; 0x01
    16da:	9a 81       	ldd	r25, Y+2	; 0x02
    16dc:	03 96       	adiw	r24, 0x03	; 3
    16de:	e9 81       	ldd	r30, Y+1	; 0x01
    16e0:	fa 81       	ldd	r31, Y+2	; 0x02
    16e2:	92 83       	std	Z+2, r25	; 0x02
    16e4:	81 83       	std	Z+1, r24	; 0x01

	/* The list end value is the highest possible value in the list to
	ensure it remains at the end of the list. */
	pxList->xListEnd.xItemValue = portMAX_DELAY;
    16e6:	e9 81       	ldd	r30, Y+1	; 0x01
    16e8:	fa 81       	ldd	r31, Y+2	; 0x02
    16ea:	8f ef       	ldi	r24, 0xFF	; 255
    16ec:	9f ef       	ldi	r25, 0xFF	; 255
    16ee:	94 83       	std	Z+4, r25	; 0x04
    16f0:	83 83       	std	Z+3, r24	; 0x03

	/* The list end next and previous pointers point to itself so we know
	when the list is empty. */
	pxList->xListEnd.pxNext = ( xListItem * ) &( pxList->xListEnd );
    16f2:	89 81       	ldd	r24, Y+1	; 0x01
    16f4:	9a 81       	ldd	r25, Y+2	; 0x02
    16f6:	03 96       	adiw	r24, 0x03	; 3
    16f8:	e9 81       	ldd	r30, Y+1	; 0x01
    16fa:	fa 81       	ldd	r31, Y+2	; 0x02
    16fc:	96 83       	std	Z+6, r25	; 0x06
    16fe:	85 83       	std	Z+5, r24	; 0x05
	pxList->xListEnd.pxPrevious = ( xListItem * ) &( pxList->xListEnd );
    1700:	89 81       	ldd	r24, Y+1	; 0x01
    1702:	9a 81       	ldd	r25, Y+2	; 0x02
    1704:	03 96       	adiw	r24, 0x03	; 3
    1706:	e9 81       	ldd	r30, Y+1	; 0x01
    1708:	fa 81       	ldd	r31, Y+2	; 0x02
    170a:	90 87       	std	Z+8, r25	; 0x08
    170c:	87 83       	std	Z+7, r24	; 0x07

	pxList->uxNumberOfItems = ( unsigned portBASE_TYPE ) 0U;
    170e:	e9 81       	ldd	r30, Y+1	; 0x01
    1710:	fa 81       	ldd	r31, Y+2	; 0x02
    1712:	10 82       	st	Z, r1
}
    1714:	0f 90       	pop	r0
    1716:	0f 90       	pop	r0
    1718:	cf 91       	pop	r28
    171a:	df 91       	pop	r29
    171c:	08 95       	ret

0000171e <vListInitialiseItem>:
/*-----------------------------------------------------------*/

void vListInitialiseItem( xListItem *pxItem )
{
    171e:	df 93       	push	r29
    1720:	cf 93       	push	r28
    1722:	00 d0       	rcall	.+0      	; 0x1724 <vListInitialiseItem+0x6>
    1724:	cd b7       	in	r28, 0x3d	; 61
    1726:	de b7       	in	r29, 0x3e	; 62
    1728:	9a 83       	std	Y+2, r25	; 0x02
    172a:	89 83       	std	Y+1, r24	; 0x01
	/* Make sure the list item is not recorded as being on a list. */
	pxItem->pvContainer = NULL;
    172c:	e9 81       	ldd	r30, Y+1	; 0x01
    172e:	fa 81       	ldd	r31, Y+2	; 0x02
    1730:	11 86       	std	Z+9, r1	; 0x09
    1732:	10 86       	std	Z+8, r1	; 0x08
}
    1734:	0f 90       	pop	r0
    1736:	0f 90       	pop	r0
    1738:	cf 91       	pop	r28
    173a:	df 91       	pop	r29
    173c:	08 95       	ret

0000173e <vListInsertEnd>:
/*-----------------------------------------------------------*/

void vListInsertEnd( xList *pxList, xListItem *pxNewListItem )
{
    173e:	df 93       	push	r29
    1740:	cf 93       	push	r28
    1742:	00 d0       	rcall	.+0      	; 0x1744 <vListInsertEnd+0x6>
    1744:	00 d0       	rcall	.+0      	; 0x1746 <vListInsertEnd+0x8>
    1746:	00 d0       	rcall	.+0      	; 0x1748 <vListInsertEnd+0xa>
    1748:	cd b7       	in	r28, 0x3d	; 61
    174a:	de b7       	in	r29, 0x3e	; 62
    174c:	9c 83       	std	Y+4, r25	; 0x04
    174e:	8b 83       	std	Y+3, r24	; 0x03
    1750:	7e 83       	std	Y+6, r23	; 0x06
    1752:	6d 83       	std	Y+5, r22	; 0x05

	/* Insert a new list item into pxList, but rather than sort the list,
	makes the new list item the last item to be removed by a call to
	pvListGetOwnerOfNextEntry.  This means it has to be the item pointed to by
	the pxIndex member. */
	pxIndex = pxList->pxIndex;
    1754:	eb 81       	ldd	r30, Y+3	; 0x03
    1756:	fc 81       	ldd	r31, Y+4	; 0x04
    1758:	81 81       	ldd	r24, Z+1	; 0x01
    175a:	92 81       	ldd	r25, Z+2	; 0x02
    175c:	9a 83       	std	Y+2, r25	; 0x02
    175e:	89 83       	std	Y+1, r24	; 0x01

	pxNewListItem->pxNext = pxIndex->pxNext;
    1760:	e9 81       	ldd	r30, Y+1	; 0x01
    1762:	fa 81       	ldd	r31, Y+2	; 0x02
    1764:	82 81       	ldd	r24, Z+2	; 0x02
    1766:	93 81       	ldd	r25, Z+3	; 0x03
    1768:	ed 81       	ldd	r30, Y+5	; 0x05
    176a:	fe 81       	ldd	r31, Y+6	; 0x06
    176c:	93 83       	std	Z+3, r25	; 0x03
    176e:	82 83       	std	Z+2, r24	; 0x02
	pxNewListItem->pxPrevious = pxList->pxIndex;
    1770:	eb 81       	ldd	r30, Y+3	; 0x03
    1772:	fc 81       	ldd	r31, Y+4	; 0x04
    1774:	81 81       	ldd	r24, Z+1	; 0x01
    1776:	92 81       	ldd	r25, Z+2	; 0x02
    1778:	ed 81       	ldd	r30, Y+5	; 0x05
    177a:	fe 81       	ldd	r31, Y+6	; 0x06
    177c:	95 83       	std	Z+5, r25	; 0x05
    177e:	84 83       	std	Z+4, r24	; 0x04
	pxIndex->pxNext->pxPrevious = ( volatile xListItem * ) pxNewListItem;
    1780:	e9 81       	ldd	r30, Y+1	; 0x01
    1782:	fa 81       	ldd	r31, Y+2	; 0x02
    1784:	02 80       	ldd	r0, Z+2	; 0x02
    1786:	f3 81       	ldd	r31, Z+3	; 0x03
    1788:	e0 2d       	mov	r30, r0
    178a:	8d 81       	ldd	r24, Y+5	; 0x05
    178c:	9e 81       	ldd	r25, Y+6	; 0x06
    178e:	95 83       	std	Z+5, r25	; 0x05
    1790:	84 83       	std	Z+4, r24	; 0x04
	pxIndex->pxNext = ( volatile xListItem * ) pxNewListItem;
    1792:	8d 81       	ldd	r24, Y+5	; 0x05
    1794:	9e 81       	ldd	r25, Y+6	; 0x06
    1796:	e9 81       	ldd	r30, Y+1	; 0x01
    1798:	fa 81       	ldd	r31, Y+2	; 0x02
    179a:	93 83       	std	Z+3, r25	; 0x03
    179c:	82 83       	std	Z+2, r24	; 0x02
	pxList->pxIndex = ( volatile xListItem * ) pxNewListItem;
    179e:	8d 81       	ldd	r24, Y+5	; 0x05
    17a0:	9e 81       	ldd	r25, Y+6	; 0x06
    17a2:	eb 81       	ldd	r30, Y+3	; 0x03
    17a4:	fc 81       	ldd	r31, Y+4	; 0x04
    17a6:	92 83       	std	Z+2, r25	; 0x02
    17a8:	81 83       	std	Z+1, r24	; 0x01

	/* Remember which list the item is in. */
	pxNewListItem->pvContainer = ( void * ) pxList;
    17aa:	ed 81       	ldd	r30, Y+5	; 0x05
    17ac:	fe 81       	ldd	r31, Y+6	; 0x06
    17ae:	8b 81       	ldd	r24, Y+3	; 0x03
    17b0:	9c 81       	ldd	r25, Y+4	; 0x04
    17b2:	91 87       	std	Z+9, r25	; 0x09
    17b4:	80 87       	std	Z+8, r24	; 0x08

	( pxList->uxNumberOfItems )++;
    17b6:	eb 81       	ldd	r30, Y+3	; 0x03
    17b8:	fc 81       	ldd	r31, Y+4	; 0x04
    17ba:	80 81       	ld	r24, Z
    17bc:	8f 5f       	subi	r24, 0xFF	; 255
    17be:	eb 81       	ldd	r30, Y+3	; 0x03
    17c0:	fc 81       	ldd	r31, Y+4	; 0x04
    17c2:	80 83       	st	Z, r24
}
    17c4:	26 96       	adiw	r28, 0x06	; 6
    17c6:	0f b6       	in	r0, 0x3f	; 63
    17c8:	f8 94       	cli
    17ca:	de bf       	out	0x3e, r29	; 62
    17cc:	0f be       	out	0x3f, r0	; 63
    17ce:	cd bf       	out	0x3d, r28	; 61
    17d0:	cf 91       	pop	r28
    17d2:	df 91       	pop	r29
    17d4:	08 95       	ret

000017d6 <vListInsert>:
/*-----------------------------------------------------------*/

void vListInsert( xList *pxList, xListItem *pxNewListItem )
{
    17d6:	df 93       	push	r29
    17d8:	cf 93       	push	r28
    17da:	cd b7       	in	r28, 0x3d	; 61
    17dc:	de b7       	in	r29, 0x3e	; 62
    17de:	28 97       	sbiw	r28, 0x08	; 8
    17e0:	0f b6       	in	r0, 0x3f	; 63
    17e2:	f8 94       	cli
    17e4:	de bf       	out	0x3e, r29	; 62
    17e6:	0f be       	out	0x3f, r0	; 63
    17e8:	cd bf       	out	0x3d, r28	; 61
    17ea:	9e 83       	std	Y+6, r25	; 0x06
    17ec:	8d 83       	std	Y+5, r24	; 0x05
    17ee:	78 87       	std	Y+8, r23	; 0x08
    17f0:	6f 83       	std	Y+7, r22	; 0x07
volatile xListItem *pxIterator;
portTickType xValueOfInsertion;

	/* Insert the new list item into the list, sorted in ulListItem order. */
	xValueOfInsertion = pxNewListItem->xItemValue;
    17f2:	ef 81       	ldd	r30, Y+7	; 0x07
    17f4:	f8 85       	ldd	r31, Y+8	; 0x08
    17f6:	80 81       	ld	r24, Z
    17f8:	91 81       	ldd	r25, Z+1	; 0x01
    17fa:	9a 83       	std	Y+2, r25	; 0x02
    17fc:	89 83       	std	Y+1, r24	; 0x01
	are stored in ready lists (all of which have the same ulListItem value)
	get an equal share of the CPU.  However, if the xItemValue is the same as
	the back marker the iteration loop below will not end.  This means we need
	to guard against this by checking the value first and modifying the
	algorithm slightly if necessary. */
	if( xValueOfInsertion == portMAX_DELAY )
    17fe:	89 81       	ldd	r24, Y+1	; 0x01
    1800:	9a 81       	ldd	r25, Y+2	; 0x02
    1802:	2f ef       	ldi	r18, 0xFF	; 255
    1804:	8f 3f       	cpi	r24, 0xFF	; 255
    1806:	92 07       	cpc	r25, r18
    1808:	39 f4       	brne	.+14     	; 0x1818 <vListInsert+0x42>
	{
		pxIterator = pxList->xListEnd.pxPrevious;
    180a:	ed 81       	ldd	r30, Y+5	; 0x05
    180c:	fe 81       	ldd	r31, Y+6	; 0x06
    180e:	87 81       	ldd	r24, Z+7	; 0x07
    1810:	90 85       	ldd	r25, Z+8	; 0x08
    1812:	9c 83       	std	Y+4, r25	; 0x04
    1814:	8b 83       	std	Y+3, r24	; 0x03
    1816:	18 c0       	rjmp	.+48     	; 0x1848 <vListInsert+0x72>
			   before the scheduler has been started (are interrupts firing
			   before vTaskStartScheduler() has been called?).
		See http://www.freertos.org/FAQHelp.html for more tips.
		**********************************************************************/
		
		for( pxIterator = ( xListItem * ) &( pxList->xListEnd ); pxIterator->pxNext->xItemValue <= xValueOfInsertion; pxIterator = pxIterator->pxNext )
    1818:	8d 81       	ldd	r24, Y+5	; 0x05
    181a:	9e 81       	ldd	r25, Y+6	; 0x06
    181c:	03 96       	adiw	r24, 0x03	; 3
    181e:	9c 83       	std	Y+4, r25	; 0x04
    1820:	8b 83       	std	Y+3, r24	; 0x03
    1822:	06 c0       	rjmp	.+12     	; 0x1830 <vListInsert+0x5a>
    1824:	eb 81       	ldd	r30, Y+3	; 0x03
    1826:	fc 81       	ldd	r31, Y+4	; 0x04
    1828:	82 81       	ldd	r24, Z+2	; 0x02
    182a:	93 81       	ldd	r25, Z+3	; 0x03
    182c:	9c 83       	std	Y+4, r25	; 0x04
    182e:	8b 83       	std	Y+3, r24	; 0x03
    1830:	eb 81       	ldd	r30, Y+3	; 0x03
    1832:	fc 81       	ldd	r31, Y+4	; 0x04
    1834:	02 80       	ldd	r0, Z+2	; 0x02
    1836:	f3 81       	ldd	r31, Z+3	; 0x03
    1838:	e0 2d       	mov	r30, r0
    183a:	20 81       	ld	r18, Z
    183c:	31 81       	ldd	r19, Z+1	; 0x01
    183e:	89 81       	ldd	r24, Y+1	; 0x01
    1840:	9a 81       	ldd	r25, Y+2	; 0x02
    1842:	82 17       	cp	r24, r18
    1844:	93 07       	cpc	r25, r19
    1846:	70 f7       	brcc	.-36     	; 0x1824 <vListInsert+0x4e>
			/* There is nothing to do here, we are just iterating to the
			wanted insertion position. */
		}
	}

	pxNewListItem->pxNext = pxIterator->pxNext;
    1848:	eb 81       	ldd	r30, Y+3	; 0x03
    184a:	fc 81       	ldd	r31, Y+4	; 0x04
    184c:	82 81       	ldd	r24, Z+2	; 0x02
    184e:	93 81       	ldd	r25, Z+3	; 0x03
    1850:	ef 81       	ldd	r30, Y+7	; 0x07
    1852:	f8 85       	ldd	r31, Y+8	; 0x08
    1854:	93 83       	std	Z+3, r25	; 0x03
    1856:	82 83       	std	Z+2, r24	; 0x02
	pxNewListItem->pxNext->pxPrevious = ( volatile xListItem * ) pxNewListItem;
    1858:	ef 81       	ldd	r30, Y+7	; 0x07
    185a:	f8 85       	ldd	r31, Y+8	; 0x08
    185c:	02 80       	ldd	r0, Z+2	; 0x02
    185e:	f3 81       	ldd	r31, Z+3	; 0x03
    1860:	e0 2d       	mov	r30, r0
    1862:	8f 81       	ldd	r24, Y+7	; 0x07
    1864:	98 85       	ldd	r25, Y+8	; 0x08
    1866:	95 83       	std	Z+5, r25	; 0x05
    1868:	84 83       	std	Z+4, r24	; 0x04
	pxNewListItem->pxPrevious = pxIterator;
    186a:	ef 81       	ldd	r30, Y+7	; 0x07
    186c:	f8 85       	ldd	r31, Y+8	; 0x08
    186e:	8b 81       	ldd	r24, Y+3	; 0x03
    1870:	9c 81       	ldd	r25, Y+4	; 0x04
    1872:	95 83       	std	Z+5, r25	; 0x05
    1874:	84 83       	std	Z+4, r24	; 0x04
	pxIterator->pxNext = ( volatile xListItem * ) pxNewListItem;
    1876:	8f 81       	ldd	r24, Y+7	; 0x07
    1878:	98 85       	ldd	r25, Y+8	; 0x08
    187a:	eb 81       	ldd	r30, Y+3	; 0x03
    187c:	fc 81       	ldd	r31, Y+4	; 0x04
    187e:	93 83       	std	Z+3, r25	; 0x03
    1880:	82 83       	std	Z+2, r24	; 0x02

	/* Remember which list the item is in.  This allows fast removal of the
	item later. */
	pxNewListItem->pvContainer = ( void * ) pxList;
    1882:	ef 81       	ldd	r30, Y+7	; 0x07
    1884:	f8 85       	ldd	r31, Y+8	; 0x08
    1886:	8d 81       	ldd	r24, Y+5	; 0x05
    1888:	9e 81       	ldd	r25, Y+6	; 0x06
    188a:	91 87       	std	Z+9, r25	; 0x09
    188c:	80 87       	std	Z+8, r24	; 0x08

	( pxList->uxNumberOfItems )++;
    188e:	ed 81       	ldd	r30, Y+5	; 0x05
    1890:	fe 81       	ldd	r31, Y+6	; 0x06
    1892:	80 81       	ld	r24, Z
    1894:	8f 5f       	subi	r24, 0xFF	; 255
    1896:	ed 81       	ldd	r30, Y+5	; 0x05
    1898:	fe 81       	ldd	r31, Y+6	; 0x06
    189a:	80 83       	st	Z, r24
}
    189c:	28 96       	adiw	r28, 0x08	; 8
    189e:	0f b6       	in	r0, 0x3f	; 63
    18a0:	f8 94       	cli
    18a2:	de bf       	out	0x3e, r29	; 62
    18a4:	0f be       	out	0x3f, r0	; 63
    18a6:	cd bf       	out	0x3d, r28	; 61
    18a8:	cf 91       	pop	r28
    18aa:	df 91       	pop	r29
    18ac:	08 95       	ret

000018ae <vListRemove>:
/*-----------------------------------------------------------*/

void vListRemove( xListItem *pxItemToRemove )
{
    18ae:	df 93       	push	r29
    18b0:	cf 93       	push	r28
    18b2:	00 d0       	rcall	.+0      	; 0x18b4 <vListRemove+0x6>
    18b4:	00 d0       	rcall	.+0      	; 0x18b6 <vListRemove+0x8>
    18b6:	cd b7       	in	r28, 0x3d	; 61
    18b8:	de b7       	in	r29, 0x3e	; 62
    18ba:	9c 83       	std	Y+4, r25	; 0x04
    18bc:	8b 83       	std	Y+3, r24	; 0x03
xList * pxList;

	pxItemToRemove->pxNext->pxPrevious = pxItemToRemove->pxPrevious;
    18be:	eb 81       	ldd	r30, Y+3	; 0x03
    18c0:	fc 81       	ldd	r31, Y+4	; 0x04
    18c2:	a2 81       	ldd	r26, Z+2	; 0x02
    18c4:	b3 81       	ldd	r27, Z+3	; 0x03
    18c6:	eb 81       	ldd	r30, Y+3	; 0x03
    18c8:	fc 81       	ldd	r31, Y+4	; 0x04
    18ca:	84 81       	ldd	r24, Z+4	; 0x04
    18cc:	95 81       	ldd	r25, Z+5	; 0x05
    18ce:	15 96       	adiw	r26, 0x05	; 5
    18d0:	9c 93       	st	X, r25
    18d2:	8e 93       	st	-X, r24
    18d4:	14 97       	sbiw	r26, 0x04	; 4
	pxItemToRemove->pxPrevious->pxNext = pxItemToRemove->pxNext;
    18d6:	eb 81       	ldd	r30, Y+3	; 0x03
    18d8:	fc 81       	ldd	r31, Y+4	; 0x04
    18da:	a4 81       	ldd	r26, Z+4	; 0x04
    18dc:	b5 81       	ldd	r27, Z+5	; 0x05
    18de:	eb 81       	ldd	r30, Y+3	; 0x03
    18e0:	fc 81       	ldd	r31, Y+4	; 0x04
    18e2:	82 81       	ldd	r24, Z+2	; 0x02
    18e4:	93 81       	ldd	r25, Z+3	; 0x03
    18e6:	13 96       	adiw	r26, 0x03	; 3
    18e8:	9c 93       	st	X, r25
    18ea:	8e 93       	st	-X, r24
    18ec:	12 97       	sbiw	r26, 0x02	; 2
	
	/* The list item knows which list it is in.  Obtain the list from the list
	item. */
	pxList = ( xList * ) pxItemToRemove->pvContainer;
    18ee:	eb 81       	ldd	r30, Y+3	; 0x03
    18f0:	fc 81       	ldd	r31, Y+4	; 0x04
    18f2:	80 85       	ldd	r24, Z+8	; 0x08
    18f4:	91 85       	ldd	r25, Z+9	; 0x09
    18f6:	9a 83       	std	Y+2, r25	; 0x02
    18f8:	89 83       	std	Y+1, r24	; 0x01

	/* Make sure the index is left pointing to a valid item. */
	if( pxList->pxIndex == pxItemToRemove )
    18fa:	e9 81       	ldd	r30, Y+1	; 0x01
    18fc:	fa 81       	ldd	r31, Y+2	; 0x02
    18fe:	21 81       	ldd	r18, Z+1	; 0x01
    1900:	32 81       	ldd	r19, Z+2	; 0x02
    1902:	8b 81       	ldd	r24, Y+3	; 0x03
    1904:	9c 81       	ldd	r25, Y+4	; 0x04
    1906:	28 17       	cp	r18, r24
    1908:	39 07       	cpc	r19, r25
    190a:	41 f4       	brne	.+16     	; 0x191c <vListRemove+0x6e>
	{
		pxList->pxIndex = pxItemToRemove->pxPrevious;
    190c:	eb 81       	ldd	r30, Y+3	; 0x03
    190e:	fc 81       	ldd	r31, Y+4	; 0x04
    1910:	84 81       	ldd	r24, Z+4	; 0x04
    1912:	95 81       	ldd	r25, Z+5	; 0x05
    1914:	e9 81       	ldd	r30, Y+1	; 0x01
    1916:	fa 81       	ldd	r31, Y+2	; 0x02
    1918:	92 83       	std	Z+2, r25	; 0x02
    191a:	81 83       	std	Z+1, r24	; 0x01
	}

	pxItemToRemove->pvContainer = NULL;
    191c:	eb 81       	ldd	r30, Y+3	; 0x03
    191e:	fc 81       	ldd	r31, Y+4	; 0x04
    1920:	11 86       	std	Z+9, r1	; 0x09
    1922:	10 86       	std	Z+8, r1	; 0x08
	( pxList->uxNumberOfItems )--;
    1924:	e9 81       	ldd	r30, Y+1	; 0x01
    1926:	fa 81       	ldd	r31, Y+2	; 0x02
    1928:	80 81       	ld	r24, Z
    192a:	81 50       	subi	r24, 0x01	; 1
    192c:	e9 81       	ldd	r30, Y+1	; 0x01
    192e:	fa 81       	ldd	r31, Y+2	; 0x02
    1930:	80 83       	st	Z, r24
}
    1932:	0f 90       	pop	r0
    1934:	0f 90       	pop	r0
    1936:	0f 90       	pop	r0
    1938:	0f 90       	pop	r0
    193a:	cf 91       	pop	r28
    193c:	df 91       	pop	r29
    193e:	08 95       	ret

00001940 <LED1_func>:
LED_TYPE Led1={LED_PORTA,LED_PIN0,LED_ACTIVE_HIGH};
LED_TYPE Led2={LED_PORTA,LED_PIN1,LED_ACTIVE_HIGH};
LED_TYPE Led3={LED_PORTA,LED_PIN2,LED_ACTIVE_HIGH};

void LED1_func(void *pv)
{
    1940:	df 93       	push	r29
    1942:	cf 93       	push	r28
    1944:	00 d0       	rcall	.+0      	; 0x1946 <LED1_func+0x6>
    1946:	cd b7       	in	r28, 0x3d	; 61
    1948:	de b7       	in	r29, 0x3e	; 62
    194a:	9a 83       	std	Y+2, r25	; 0x02
    194c:	89 83       	std	Y+1, r24	; 0x01
	while(1){
	LED_togel(Led1);
    194e:	60 91 65 00 	lds	r22, 0x0065
    1952:	70 91 66 00 	lds	r23, 0x0066
    1956:	80 91 67 00 	lds	r24, 0x0067
    195a:	0e 94 19 06 	call	0xc32	; 0xc32 <LED_togel>
	vTaskDelay(1000);
    195e:	88 ee       	ldi	r24, 0xE8	; 232
    1960:	93 e0       	ldi	r25, 0x03	; 3
    1962:	0e 94 57 16 	call	0x2cae	; 0x2cae <vTaskDelay>
    1966:	f3 cf       	rjmp	.-26     	; 0x194e <LED1_func+0xe>

00001968 <LED2_func>:
	}

}

void LED2_func(void *pv)
{
    1968:	df 93       	push	r29
    196a:	cf 93       	push	r28
    196c:	00 d0       	rcall	.+0      	; 0x196e <LED2_func+0x6>
    196e:	cd b7       	in	r28, 0x3d	; 61
    1970:	de b7       	in	r29, 0x3e	; 62
    1972:	9a 83       	std	Y+2, r25	; 0x02
    1974:	89 83       	std	Y+1, r24	; 0x01
	while(1){
	LED_togel(Led2);
    1976:	60 91 68 00 	lds	r22, 0x0068
    197a:	70 91 69 00 	lds	r23, 0x0069
    197e:	80 91 6a 00 	lds	r24, 0x006A
    1982:	0e 94 19 06 	call	0xc32	; 0xc32 <LED_togel>
	vTaskDelay(2000);
    1986:	80 ed       	ldi	r24, 0xD0	; 208
    1988:	97 e0       	ldi	r25, 0x07	; 7
    198a:	0e 94 57 16 	call	0x2cae	; 0x2cae <vTaskDelay>
    198e:	f3 cf       	rjmp	.-26     	; 0x1976 <LED2_func+0xe>

00001990 <LED3_func>:
	}

}

void LED3_func(void *pv)
{
    1990:	df 93       	push	r29
    1992:	cf 93       	push	r28
    1994:	00 d0       	rcall	.+0      	; 0x1996 <LED3_func+0x6>
    1996:	cd b7       	in	r28, 0x3d	; 61
    1998:	de b7       	in	r29, 0x3e	; 62
    199a:	9a 83       	std	Y+2, r25	; 0x02
    199c:	89 83       	std	Y+1, r24	; 0x01
    while(1)
    {
        // Delay until the next period (every 1 tick)
       // vTaskDelayUntil(&xLastWakeTime, xFrequency);

        LED_togel(Led3);  // Toggle LED3
    199e:	60 91 6b 00 	lds	r22, 0x006B
    19a2:	70 91 6c 00 	lds	r23, 0x006C
    19a6:	80 91 6d 00 	lds	r24, 0x006D
    19aa:	0e 94 19 06 	call	0xc32	; 0xc32 <LED_togel>

        // Optional delay to control the rate of toggling
        vTaskDelay(3000);  // Delay for 3000 ticks (3 seconds assuming 1000Hz tick rate)
    19ae:	88 eb       	ldi	r24, 0xB8	; 184
    19b0:	9b e0       	ldi	r25, 0x0B	; 11
    19b2:	0e 94 57 16 	call	0x2cae	; 0x2cae <vTaskDelay>
    19b6:	f3 cf       	rjmp	.-26     	; 0x199e <LED3_func+0xe>

000019b8 <main>:




int main()
{
    19b8:	af 92       	push	r10
    19ba:	bf 92       	push	r11
    19bc:	cf 92       	push	r12
    19be:	df 92       	push	r13
    19c0:	ef 92       	push	r14
    19c2:	ff 92       	push	r15
    19c4:	0f 93       	push	r16
    19c6:	df 93       	push	r29
    19c8:	cf 93       	push	r28
    19ca:	cd b7       	in	r28, 0x3d	; 61
    19cc:	de b7       	in	r29, 0x3e	; 62
	LED_init(Led1);
    19ce:	60 91 65 00 	lds	r22, 0x0065
    19d2:	70 91 66 00 	lds	r23, 0x0066
    19d6:	80 91 67 00 	lds	r24, 0x0067
    19da:	0e 94 c6 05 	call	0xb8c	; 0xb8c <LED_init>
	LED_init(Led2);
    19de:	60 91 68 00 	lds	r22, 0x0068
    19e2:	70 91 69 00 	lds	r23, 0x0069
    19e6:	80 91 6a 00 	lds	r24, 0x006A
    19ea:	0e 94 c6 05 	call	0xb8c	; 0xb8c <LED_init>
	LED_init(Led3);
    19ee:	60 91 6b 00 	lds	r22, 0x006B
    19f2:	70 91 6c 00 	lds	r23, 0x006C
    19f6:	80 91 6d 00 	lds	r24, 0x006D
    19fa:	0e 94 c6 05 	call	0xb8c	; 0xb8c <LED_init>

	 xTaskCreate(LED1_func,NULL,Task1_stack_depth,NULL,TASK1_perioerty,NULL);
    19fe:	80 ea       	ldi	r24, 0xA0	; 160
    1a00:	9c e0       	ldi	r25, 0x0C	; 12
    1a02:	60 e0       	ldi	r22, 0x00	; 0
    1a04:	70 e0       	ldi	r23, 0x00	; 0
    1a06:	4a ea       	ldi	r20, 0xAA	; 170
    1a08:	50 e0       	ldi	r21, 0x00	; 0
    1a0a:	20 e0       	ldi	r18, 0x00	; 0
    1a0c:	30 e0       	ldi	r19, 0x00	; 0
    1a0e:	02 e0       	ldi	r16, 0x02	; 2
    1a10:	ee 24       	eor	r14, r14
    1a12:	ff 24       	eor	r15, r15
    1a14:	cc 24       	eor	r12, r12
    1a16:	dd 24       	eor	r13, r13
    1a18:	aa 24       	eor	r10, r10
    1a1a:	bb 24       	eor	r11, r11
    1a1c:	0e 94 93 14 	call	0x2926	; 0x2926 <xTaskGenericCreate>
	 xTaskCreate(LED2_func,NULL,Task2_stack_depth,NULL,TASK2_perioerty,NULL);
    1a20:	84 eb       	ldi	r24, 0xB4	; 180
    1a22:	9c e0       	ldi	r25, 0x0C	; 12
    1a24:	60 e0       	ldi	r22, 0x00	; 0
    1a26:	70 e0       	ldi	r23, 0x00	; 0
    1a28:	4a ea       	ldi	r20, 0xAA	; 170
    1a2a:	50 e0       	ldi	r21, 0x00	; 0
    1a2c:	20 e0       	ldi	r18, 0x00	; 0
    1a2e:	30 e0       	ldi	r19, 0x00	; 0
    1a30:	01 e0       	ldi	r16, 0x01	; 1
    1a32:	ee 24       	eor	r14, r14
    1a34:	ff 24       	eor	r15, r15
    1a36:	cc 24       	eor	r12, r12
    1a38:	dd 24       	eor	r13, r13
    1a3a:	aa 24       	eor	r10, r10
    1a3c:	bb 24       	eor	r11, r11
    1a3e:	0e 94 93 14 	call	0x2926	; 0x2926 <xTaskGenericCreate>
	  xTaskCreate(LED3_func,NULL,Task3_stack_depth,NULL,TASK3_perioerty,NULL);
    1a42:	88 ec       	ldi	r24, 0xC8	; 200
    1a44:	9c e0       	ldi	r25, 0x0C	; 12
    1a46:	60 e0       	ldi	r22, 0x00	; 0
    1a48:	70 e0       	ldi	r23, 0x00	; 0
    1a4a:	4a ea       	ldi	r20, 0xAA	; 170
    1a4c:	50 e0       	ldi	r21, 0x00	; 0
    1a4e:	20 e0       	ldi	r18, 0x00	; 0
    1a50:	30 e0       	ldi	r19, 0x00	; 0
    1a52:	03 e0       	ldi	r16, 0x03	; 3
    1a54:	ee 24       	eor	r14, r14
    1a56:	ff 24       	eor	r15, r15
    1a58:	cc 24       	eor	r12, r12
    1a5a:	dd 24       	eor	r13, r13
    1a5c:	aa 24       	eor	r10, r10
    1a5e:	bb 24       	eor	r11, r11
    1a60:	0e 94 93 14 	call	0x2926	; 0x2926 <xTaskGenericCreate>

	 vTaskStartScheduler();
    1a64:	0e 94 8c 16 	call	0x2d18	; 0x2d18 <vTaskStartScheduler>
    1a68:	80 e0       	ldi	r24, 0x00	; 0
    1a6a:	90 e0       	ldi	r25, 0x00	; 0


}
    1a6c:	cf 91       	pop	r28
    1a6e:	df 91       	pop	r29
    1a70:	0f 91       	pop	r16
    1a72:	ff 90       	pop	r15
    1a74:	ef 90       	pop	r14
    1a76:	df 90       	pop	r13
    1a78:	cf 90       	pop	r12
    1a7a:	bf 90       	pop	r11
    1a7c:	af 90       	pop	r10
    1a7e:	08 95       	ret

00001a80 <pxPortInitialiseStack>:

/* 
 * See header file for description. 
 */
portSTACK_TYPE *pxPortInitialiseStack( portSTACK_TYPE *pxTopOfStack, pdTASK_CODE pxCode, void *pvParameters )
{
    1a80:	df 93       	push	r29
    1a82:	cf 93       	push	r28
    1a84:	cd b7       	in	r28, 0x3d	; 61
    1a86:	de b7       	in	r29, 0x3e	; 62
    1a88:	28 97       	sbiw	r28, 0x08	; 8
    1a8a:	0f b6       	in	r0, 0x3f	; 63
    1a8c:	f8 94       	cli
    1a8e:	de bf       	out	0x3e, r29	; 62
    1a90:	0f be       	out	0x3f, r0	; 63
    1a92:	cd bf       	out	0x3d, r28	; 61
    1a94:	9c 83       	std	Y+4, r25	; 0x04
    1a96:	8b 83       	std	Y+3, r24	; 0x03
    1a98:	7e 83       	std	Y+6, r23	; 0x06
    1a9a:	6d 83       	std	Y+5, r22	; 0x05
    1a9c:	58 87       	std	Y+8, r21	; 0x08
    1a9e:	4f 83       	std	Y+7, r20	; 0x07
unsigned short usAddress;

	/* Place a few bytes of known values on the bottom of the stack. 
	This is just useful for debugging. */

	*pxTopOfStack = 0x11;
    1aa0:	eb 81       	ldd	r30, Y+3	; 0x03
    1aa2:	fc 81       	ldd	r31, Y+4	; 0x04
    1aa4:	81 e1       	ldi	r24, 0x11	; 17
    1aa6:	80 83       	st	Z, r24
	pxTopOfStack--;
    1aa8:	8b 81       	ldd	r24, Y+3	; 0x03
    1aaa:	9c 81       	ldd	r25, Y+4	; 0x04
    1aac:	01 97       	sbiw	r24, 0x01	; 1
    1aae:	9c 83       	std	Y+4, r25	; 0x04
    1ab0:	8b 83       	std	Y+3, r24	; 0x03
	*pxTopOfStack = 0x22;
    1ab2:	eb 81       	ldd	r30, Y+3	; 0x03
    1ab4:	fc 81       	ldd	r31, Y+4	; 0x04
    1ab6:	82 e2       	ldi	r24, 0x22	; 34
    1ab8:	80 83       	st	Z, r24
	pxTopOfStack--;
    1aba:	8b 81       	ldd	r24, Y+3	; 0x03
    1abc:	9c 81       	ldd	r25, Y+4	; 0x04
    1abe:	01 97       	sbiw	r24, 0x01	; 1
    1ac0:	9c 83       	std	Y+4, r25	; 0x04
    1ac2:	8b 83       	std	Y+3, r24	; 0x03
	*pxTopOfStack = 0x33;
    1ac4:	eb 81       	ldd	r30, Y+3	; 0x03
    1ac6:	fc 81       	ldd	r31, Y+4	; 0x04
    1ac8:	83 e3       	ldi	r24, 0x33	; 51
    1aca:	80 83       	st	Z, r24
	pxTopOfStack--;
    1acc:	8b 81       	ldd	r24, Y+3	; 0x03
    1ace:	9c 81       	ldd	r25, Y+4	; 0x04
    1ad0:	01 97       	sbiw	r24, 0x01	; 1
    1ad2:	9c 83       	std	Y+4, r25	; 0x04
    1ad4:	8b 83       	std	Y+3, r24	; 0x03

	/*lint -e950 -e611 -e923 Lint doesn't like this much - but nothing I can do about it. */

	/* The start of the task code will be popped off the stack last, so place
	it on first. */
	usAddress = ( unsigned short ) pxCode;
    1ad6:	8d 81       	ldd	r24, Y+5	; 0x05
    1ad8:	9e 81       	ldd	r25, Y+6	; 0x06
    1ada:	9a 83       	std	Y+2, r25	; 0x02
    1adc:	89 83       	std	Y+1, r24	; 0x01
	*pxTopOfStack = ( portSTACK_TYPE ) ( usAddress & ( unsigned short ) 0x00ff );
    1ade:	89 81       	ldd	r24, Y+1	; 0x01
    1ae0:	eb 81       	ldd	r30, Y+3	; 0x03
    1ae2:	fc 81       	ldd	r31, Y+4	; 0x04
    1ae4:	80 83       	st	Z, r24
	pxTopOfStack--;
    1ae6:	8b 81       	ldd	r24, Y+3	; 0x03
    1ae8:	9c 81       	ldd	r25, Y+4	; 0x04
    1aea:	01 97       	sbiw	r24, 0x01	; 1
    1aec:	9c 83       	std	Y+4, r25	; 0x04
    1aee:	8b 83       	std	Y+3, r24	; 0x03

	usAddress >>= 8;
    1af0:	89 81       	ldd	r24, Y+1	; 0x01
    1af2:	9a 81       	ldd	r25, Y+2	; 0x02
    1af4:	89 2f       	mov	r24, r25
    1af6:	99 27       	eor	r25, r25
    1af8:	9a 83       	std	Y+2, r25	; 0x02
    1afa:	89 83       	std	Y+1, r24	; 0x01
	*pxTopOfStack = ( portSTACK_TYPE ) ( usAddress & ( unsigned short ) 0x00ff );
    1afc:	89 81       	ldd	r24, Y+1	; 0x01
    1afe:	eb 81       	ldd	r30, Y+3	; 0x03
    1b00:	fc 81       	ldd	r31, Y+4	; 0x04
    1b02:	80 83       	st	Z, r24
	pxTopOfStack--;
    1b04:	8b 81       	ldd	r24, Y+3	; 0x03
    1b06:	9c 81       	ldd	r25, Y+4	; 0x04
    1b08:	01 97       	sbiw	r24, 0x01	; 1
    1b0a:	9c 83       	std	Y+4, r25	; 0x04
    1b0c:	8b 83       	std	Y+3, r24	; 0x03

	/* Next simulate the stack as if after a call to portSAVE_CONTEXT().  
	portSAVE_CONTEXT places the flags on the stack immediately after r0
	to ensure the interrupts get disabled as soon as possible, and so ensuring
	the stack use is minimal should a context switch interrupt occur. */
	*pxTopOfStack = ( portSTACK_TYPE ) 0x00;	/* R0 */
    1b0e:	eb 81       	ldd	r30, Y+3	; 0x03
    1b10:	fc 81       	ldd	r31, Y+4	; 0x04
    1b12:	10 82       	st	Z, r1
	pxTopOfStack--;
    1b14:	8b 81       	ldd	r24, Y+3	; 0x03
    1b16:	9c 81       	ldd	r25, Y+4	; 0x04
    1b18:	01 97       	sbiw	r24, 0x01	; 1
    1b1a:	9c 83       	std	Y+4, r25	; 0x04
    1b1c:	8b 83       	std	Y+3, r24	; 0x03
	*pxTopOfStack = portFLAGS_INT_ENABLED;
    1b1e:	eb 81       	ldd	r30, Y+3	; 0x03
    1b20:	fc 81       	ldd	r31, Y+4	; 0x04
    1b22:	80 e8       	ldi	r24, 0x80	; 128
    1b24:	80 83       	st	Z, r24
	pxTopOfStack--;
    1b26:	8b 81       	ldd	r24, Y+3	; 0x03
    1b28:	9c 81       	ldd	r25, Y+4	; 0x04
    1b2a:	01 97       	sbiw	r24, 0x01	; 1
    1b2c:	9c 83       	std	Y+4, r25	; 0x04
    1b2e:	8b 83       	std	Y+3, r24	; 0x03


	/* Now the remaining registers.   The compiler expects R1 to be 0. */
	*pxTopOfStack = ( portSTACK_TYPE ) 0x00;	/* R1 */
    1b30:	eb 81       	ldd	r30, Y+3	; 0x03
    1b32:	fc 81       	ldd	r31, Y+4	; 0x04
    1b34:	10 82       	st	Z, r1
	pxTopOfStack--;
    1b36:	8b 81       	ldd	r24, Y+3	; 0x03
    1b38:	9c 81       	ldd	r25, Y+4	; 0x04
    1b3a:	01 97       	sbiw	r24, 0x01	; 1
    1b3c:	9c 83       	std	Y+4, r25	; 0x04
    1b3e:	8b 83       	std	Y+3, r24	; 0x03
	*pxTopOfStack = ( portSTACK_TYPE ) 0x02;	/* R2 */
    1b40:	eb 81       	ldd	r30, Y+3	; 0x03
    1b42:	fc 81       	ldd	r31, Y+4	; 0x04
    1b44:	82 e0       	ldi	r24, 0x02	; 2
    1b46:	80 83       	st	Z, r24
	pxTopOfStack--;
    1b48:	8b 81       	ldd	r24, Y+3	; 0x03
    1b4a:	9c 81       	ldd	r25, Y+4	; 0x04
    1b4c:	01 97       	sbiw	r24, 0x01	; 1
    1b4e:	9c 83       	std	Y+4, r25	; 0x04
    1b50:	8b 83       	std	Y+3, r24	; 0x03
	*pxTopOfStack = ( portSTACK_TYPE ) 0x03;	/* R3 */
    1b52:	eb 81       	ldd	r30, Y+3	; 0x03
    1b54:	fc 81       	ldd	r31, Y+4	; 0x04
    1b56:	83 e0       	ldi	r24, 0x03	; 3
    1b58:	80 83       	st	Z, r24
	pxTopOfStack--;
    1b5a:	8b 81       	ldd	r24, Y+3	; 0x03
    1b5c:	9c 81       	ldd	r25, Y+4	; 0x04
    1b5e:	01 97       	sbiw	r24, 0x01	; 1
    1b60:	9c 83       	std	Y+4, r25	; 0x04
    1b62:	8b 83       	std	Y+3, r24	; 0x03
	*pxTopOfStack = ( portSTACK_TYPE ) 0x04;	/* R4 */
    1b64:	eb 81       	ldd	r30, Y+3	; 0x03
    1b66:	fc 81       	ldd	r31, Y+4	; 0x04
    1b68:	84 e0       	ldi	r24, 0x04	; 4
    1b6a:	80 83       	st	Z, r24
	pxTopOfStack--;
    1b6c:	8b 81       	ldd	r24, Y+3	; 0x03
    1b6e:	9c 81       	ldd	r25, Y+4	; 0x04
    1b70:	01 97       	sbiw	r24, 0x01	; 1
    1b72:	9c 83       	std	Y+4, r25	; 0x04
    1b74:	8b 83       	std	Y+3, r24	; 0x03
	*pxTopOfStack = ( portSTACK_TYPE ) 0x05;	/* R5 */
    1b76:	eb 81       	ldd	r30, Y+3	; 0x03
    1b78:	fc 81       	ldd	r31, Y+4	; 0x04
    1b7a:	85 e0       	ldi	r24, 0x05	; 5
    1b7c:	80 83       	st	Z, r24
	pxTopOfStack--;
    1b7e:	8b 81       	ldd	r24, Y+3	; 0x03
    1b80:	9c 81       	ldd	r25, Y+4	; 0x04
    1b82:	01 97       	sbiw	r24, 0x01	; 1
    1b84:	9c 83       	std	Y+4, r25	; 0x04
    1b86:	8b 83       	std	Y+3, r24	; 0x03
	*pxTopOfStack = ( portSTACK_TYPE ) 0x06;	/* R6 */
    1b88:	eb 81       	ldd	r30, Y+3	; 0x03
    1b8a:	fc 81       	ldd	r31, Y+4	; 0x04
    1b8c:	86 e0       	ldi	r24, 0x06	; 6
    1b8e:	80 83       	st	Z, r24
	pxTopOfStack--;
    1b90:	8b 81       	ldd	r24, Y+3	; 0x03
    1b92:	9c 81       	ldd	r25, Y+4	; 0x04
    1b94:	01 97       	sbiw	r24, 0x01	; 1
    1b96:	9c 83       	std	Y+4, r25	; 0x04
    1b98:	8b 83       	std	Y+3, r24	; 0x03
	*pxTopOfStack = ( portSTACK_TYPE ) 0x07;	/* R7 */
    1b9a:	eb 81       	ldd	r30, Y+3	; 0x03
    1b9c:	fc 81       	ldd	r31, Y+4	; 0x04
    1b9e:	87 e0       	ldi	r24, 0x07	; 7
    1ba0:	80 83       	st	Z, r24
	pxTopOfStack--;
    1ba2:	8b 81       	ldd	r24, Y+3	; 0x03
    1ba4:	9c 81       	ldd	r25, Y+4	; 0x04
    1ba6:	01 97       	sbiw	r24, 0x01	; 1
    1ba8:	9c 83       	std	Y+4, r25	; 0x04
    1baa:	8b 83       	std	Y+3, r24	; 0x03
	*pxTopOfStack = ( portSTACK_TYPE ) 0x08;	/* R8 */
    1bac:	eb 81       	ldd	r30, Y+3	; 0x03
    1bae:	fc 81       	ldd	r31, Y+4	; 0x04
    1bb0:	88 e0       	ldi	r24, 0x08	; 8
    1bb2:	80 83       	st	Z, r24
	pxTopOfStack--;
    1bb4:	8b 81       	ldd	r24, Y+3	; 0x03
    1bb6:	9c 81       	ldd	r25, Y+4	; 0x04
    1bb8:	01 97       	sbiw	r24, 0x01	; 1
    1bba:	9c 83       	std	Y+4, r25	; 0x04
    1bbc:	8b 83       	std	Y+3, r24	; 0x03
	*pxTopOfStack = ( portSTACK_TYPE ) 0x09;	/* R9 */
    1bbe:	eb 81       	ldd	r30, Y+3	; 0x03
    1bc0:	fc 81       	ldd	r31, Y+4	; 0x04
    1bc2:	89 e0       	ldi	r24, 0x09	; 9
    1bc4:	80 83       	st	Z, r24
	pxTopOfStack--;
    1bc6:	8b 81       	ldd	r24, Y+3	; 0x03
    1bc8:	9c 81       	ldd	r25, Y+4	; 0x04
    1bca:	01 97       	sbiw	r24, 0x01	; 1
    1bcc:	9c 83       	std	Y+4, r25	; 0x04
    1bce:	8b 83       	std	Y+3, r24	; 0x03
	*pxTopOfStack = ( portSTACK_TYPE ) 0x10;	/* R10 */
    1bd0:	eb 81       	ldd	r30, Y+3	; 0x03
    1bd2:	fc 81       	ldd	r31, Y+4	; 0x04
    1bd4:	80 e1       	ldi	r24, 0x10	; 16
    1bd6:	80 83       	st	Z, r24
	pxTopOfStack--;
    1bd8:	8b 81       	ldd	r24, Y+3	; 0x03
    1bda:	9c 81       	ldd	r25, Y+4	; 0x04
    1bdc:	01 97       	sbiw	r24, 0x01	; 1
    1bde:	9c 83       	std	Y+4, r25	; 0x04
    1be0:	8b 83       	std	Y+3, r24	; 0x03
	*pxTopOfStack = ( portSTACK_TYPE ) 0x11;	/* R11 */
    1be2:	eb 81       	ldd	r30, Y+3	; 0x03
    1be4:	fc 81       	ldd	r31, Y+4	; 0x04
    1be6:	81 e1       	ldi	r24, 0x11	; 17
    1be8:	80 83       	st	Z, r24
	pxTopOfStack--;
    1bea:	8b 81       	ldd	r24, Y+3	; 0x03
    1bec:	9c 81       	ldd	r25, Y+4	; 0x04
    1bee:	01 97       	sbiw	r24, 0x01	; 1
    1bf0:	9c 83       	std	Y+4, r25	; 0x04
    1bf2:	8b 83       	std	Y+3, r24	; 0x03
	*pxTopOfStack = ( portSTACK_TYPE ) 0x12;	/* R12 */
    1bf4:	eb 81       	ldd	r30, Y+3	; 0x03
    1bf6:	fc 81       	ldd	r31, Y+4	; 0x04
    1bf8:	82 e1       	ldi	r24, 0x12	; 18
    1bfa:	80 83       	st	Z, r24
	pxTopOfStack--;
    1bfc:	8b 81       	ldd	r24, Y+3	; 0x03
    1bfe:	9c 81       	ldd	r25, Y+4	; 0x04
    1c00:	01 97       	sbiw	r24, 0x01	; 1
    1c02:	9c 83       	std	Y+4, r25	; 0x04
    1c04:	8b 83       	std	Y+3, r24	; 0x03
	*pxTopOfStack = ( portSTACK_TYPE ) 0x13;	/* R13 */
    1c06:	eb 81       	ldd	r30, Y+3	; 0x03
    1c08:	fc 81       	ldd	r31, Y+4	; 0x04
    1c0a:	83 e1       	ldi	r24, 0x13	; 19
    1c0c:	80 83       	st	Z, r24
	pxTopOfStack--;
    1c0e:	8b 81       	ldd	r24, Y+3	; 0x03
    1c10:	9c 81       	ldd	r25, Y+4	; 0x04
    1c12:	01 97       	sbiw	r24, 0x01	; 1
    1c14:	9c 83       	std	Y+4, r25	; 0x04
    1c16:	8b 83       	std	Y+3, r24	; 0x03
	*pxTopOfStack = ( portSTACK_TYPE ) 0x14;	/* R14 */
    1c18:	eb 81       	ldd	r30, Y+3	; 0x03
    1c1a:	fc 81       	ldd	r31, Y+4	; 0x04
    1c1c:	84 e1       	ldi	r24, 0x14	; 20
    1c1e:	80 83       	st	Z, r24
	pxTopOfStack--;
    1c20:	8b 81       	ldd	r24, Y+3	; 0x03
    1c22:	9c 81       	ldd	r25, Y+4	; 0x04
    1c24:	01 97       	sbiw	r24, 0x01	; 1
    1c26:	9c 83       	std	Y+4, r25	; 0x04
    1c28:	8b 83       	std	Y+3, r24	; 0x03
	*pxTopOfStack = ( portSTACK_TYPE ) 0x15;	/* R15 */
    1c2a:	eb 81       	ldd	r30, Y+3	; 0x03
    1c2c:	fc 81       	ldd	r31, Y+4	; 0x04
    1c2e:	85 e1       	ldi	r24, 0x15	; 21
    1c30:	80 83       	st	Z, r24
	pxTopOfStack--;
    1c32:	8b 81       	ldd	r24, Y+3	; 0x03
    1c34:	9c 81       	ldd	r25, Y+4	; 0x04
    1c36:	01 97       	sbiw	r24, 0x01	; 1
    1c38:	9c 83       	std	Y+4, r25	; 0x04
    1c3a:	8b 83       	std	Y+3, r24	; 0x03
	*pxTopOfStack = ( portSTACK_TYPE ) 0x16;	/* R16 */
    1c3c:	eb 81       	ldd	r30, Y+3	; 0x03
    1c3e:	fc 81       	ldd	r31, Y+4	; 0x04
    1c40:	86 e1       	ldi	r24, 0x16	; 22
    1c42:	80 83       	st	Z, r24
	pxTopOfStack--;
    1c44:	8b 81       	ldd	r24, Y+3	; 0x03
    1c46:	9c 81       	ldd	r25, Y+4	; 0x04
    1c48:	01 97       	sbiw	r24, 0x01	; 1
    1c4a:	9c 83       	std	Y+4, r25	; 0x04
    1c4c:	8b 83       	std	Y+3, r24	; 0x03
	*pxTopOfStack = ( portSTACK_TYPE ) 0x17;	/* R17 */
    1c4e:	eb 81       	ldd	r30, Y+3	; 0x03
    1c50:	fc 81       	ldd	r31, Y+4	; 0x04
    1c52:	87 e1       	ldi	r24, 0x17	; 23
    1c54:	80 83       	st	Z, r24
	pxTopOfStack--;
    1c56:	8b 81       	ldd	r24, Y+3	; 0x03
    1c58:	9c 81       	ldd	r25, Y+4	; 0x04
    1c5a:	01 97       	sbiw	r24, 0x01	; 1
    1c5c:	9c 83       	std	Y+4, r25	; 0x04
    1c5e:	8b 83       	std	Y+3, r24	; 0x03
	*pxTopOfStack = ( portSTACK_TYPE ) 0x18;	/* R18 */
    1c60:	eb 81       	ldd	r30, Y+3	; 0x03
    1c62:	fc 81       	ldd	r31, Y+4	; 0x04
    1c64:	88 e1       	ldi	r24, 0x18	; 24
    1c66:	80 83       	st	Z, r24
	pxTopOfStack--;
    1c68:	8b 81       	ldd	r24, Y+3	; 0x03
    1c6a:	9c 81       	ldd	r25, Y+4	; 0x04
    1c6c:	01 97       	sbiw	r24, 0x01	; 1
    1c6e:	9c 83       	std	Y+4, r25	; 0x04
    1c70:	8b 83       	std	Y+3, r24	; 0x03
	*pxTopOfStack = ( portSTACK_TYPE ) 0x19;	/* R19 */
    1c72:	eb 81       	ldd	r30, Y+3	; 0x03
    1c74:	fc 81       	ldd	r31, Y+4	; 0x04
    1c76:	89 e1       	ldi	r24, 0x19	; 25
    1c78:	80 83       	st	Z, r24
	pxTopOfStack--;
    1c7a:	8b 81       	ldd	r24, Y+3	; 0x03
    1c7c:	9c 81       	ldd	r25, Y+4	; 0x04
    1c7e:	01 97       	sbiw	r24, 0x01	; 1
    1c80:	9c 83       	std	Y+4, r25	; 0x04
    1c82:	8b 83       	std	Y+3, r24	; 0x03
	*pxTopOfStack = ( portSTACK_TYPE ) 0x20;	/* R20 */
    1c84:	eb 81       	ldd	r30, Y+3	; 0x03
    1c86:	fc 81       	ldd	r31, Y+4	; 0x04
    1c88:	80 e2       	ldi	r24, 0x20	; 32
    1c8a:	80 83       	st	Z, r24
	pxTopOfStack--;
    1c8c:	8b 81       	ldd	r24, Y+3	; 0x03
    1c8e:	9c 81       	ldd	r25, Y+4	; 0x04
    1c90:	01 97       	sbiw	r24, 0x01	; 1
    1c92:	9c 83       	std	Y+4, r25	; 0x04
    1c94:	8b 83       	std	Y+3, r24	; 0x03
	*pxTopOfStack = ( portSTACK_TYPE ) 0x21;	/* R21 */
    1c96:	eb 81       	ldd	r30, Y+3	; 0x03
    1c98:	fc 81       	ldd	r31, Y+4	; 0x04
    1c9a:	81 e2       	ldi	r24, 0x21	; 33
    1c9c:	80 83       	st	Z, r24
	pxTopOfStack--;
    1c9e:	8b 81       	ldd	r24, Y+3	; 0x03
    1ca0:	9c 81       	ldd	r25, Y+4	; 0x04
    1ca2:	01 97       	sbiw	r24, 0x01	; 1
    1ca4:	9c 83       	std	Y+4, r25	; 0x04
    1ca6:	8b 83       	std	Y+3, r24	; 0x03
	*pxTopOfStack = ( portSTACK_TYPE ) 0x22;	/* R22 */
    1ca8:	eb 81       	ldd	r30, Y+3	; 0x03
    1caa:	fc 81       	ldd	r31, Y+4	; 0x04
    1cac:	82 e2       	ldi	r24, 0x22	; 34
    1cae:	80 83       	st	Z, r24
	pxTopOfStack--;
    1cb0:	8b 81       	ldd	r24, Y+3	; 0x03
    1cb2:	9c 81       	ldd	r25, Y+4	; 0x04
    1cb4:	01 97       	sbiw	r24, 0x01	; 1
    1cb6:	9c 83       	std	Y+4, r25	; 0x04
    1cb8:	8b 83       	std	Y+3, r24	; 0x03
	*pxTopOfStack = ( portSTACK_TYPE ) 0x23;	/* R23 */
    1cba:	eb 81       	ldd	r30, Y+3	; 0x03
    1cbc:	fc 81       	ldd	r31, Y+4	; 0x04
    1cbe:	83 e2       	ldi	r24, 0x23	; 35
    1cc0:	80 83       	st	Z, r24
	pxTopOfStack--;
    1cc2:	8b 81       	ldd	r24, Y+3	; 0x03
    1cc4:	9c 81       	ldd	r25, Y+4	; 0x04
    1cc6:	01 97       	sbiw	r24, 0x01	; 1
    1cc8:	9c 83       	std	Y+4, r25	; 0x04
    1cca:	8b 83       	std	Y+3, r24	; 0x03

	/* Place the parameter on the stack in the expected location. */
	usAddress = ( unsigned short ) pvParameters;
    1ccc:	8f 81       	ldd	r24, Y+7	; 0x07
    1cce:	98 85       	ldd	r25, Y+8	; 0x08
    1cd0:	9a 83       	std	Y+2, r25	; 0x02
    1cd2:	89 83       	std	Y+1, r24	; 0x01
	*pxTopOfStack = ( portSTACK_TYPE ) ( usAddress & ( unsigned short ) 0x00ff );
    1cd4:	89 81       	ldd	r24, Y+1	; 0x01
    1cd6:	eb 81       	ldd	r30, Y+3	; 0x03
    1cd8:	fc 81       	ldd	r31, Y+4	; 0x04
    1cda:	80 83       	st	Z, r24
	pxTopOfStack--;
    1cdc:	8b 81       	ldd	r24, Y+3	; 0x03
    1cde:	9c 81       	ldd	r25, Y+4	; 0x04
    1ce0:	01 97       	sbiw	r24, 0x01	; 1
    1ce2:	9c 83       	std	Y+4, r25	; 0x04
    1ce4:	8b 83       	std	Y+3, r24	; 0x03

	usAddress >>= 8;
    1ce6:	89 81       	ldd	r24, Y+1	; 0x01
    1ce8:	9a 81       	ldd	r25, Y+2	; 0x02
    1cea:	89 2f       	mov	r24, r25
    1cec:	99 27       	eor	r25, r25
    1cee:	9a 83       	std	Y+2, r25	; 0x02
    1cf0:	89 83       	std	Y+1, r24	; 0x01
	*pxTopOfStack = ( portSTACK_TYPE ) ( usAddress & ( unsigned short ) 0x00ff );
    1cf2:	89 81       	ldd	r24, Y+1	; 0x01
    1cf4:	eb 81       	ldd	r30, Y+3	; 0x03
    1cf6:	fc 81       	ldd	r31, Y+4	; 0x04
    1cf8:	80 83       	st	Z, r24
	pxTopOfStack--;
    1cfa:	8b 81       	ldd	r24, Y+3	; 0x03
    1cfc:	9c 81       	ldd	r25, Y+4	; 0x04
    1cfe:	01 97       	sbiw	r24, 0x01	; 1
    1d00:	9c 83       	std	Y+4, r25	; 0x04
    1d02:	8b 83       	std	Y+3, r24	; 0x03

	*pxTopOfStack = ( portSTACK_TYPE ) 0x26;	/* R26 X */
    1d04:	eb 81       	ldd	r30, Y+3	; 0x03
    1d06:	fc 81       	ldd	r31, Y+4	; 0x04
    1d08:	86 e2       	ldi	r24, 0x26	; 38
    1d0a:	80 83       	st	Z, r24
	pxTopOfStack--;
    1d0c:	8b 81       	ldd	r24, Y+3	; 0x03
    1d0e:	9c 81       	ldd	r25, Y+4	; 0x04
    1d10:	01 97       	sbiw	r24, 0x01	; 1
    1d12:	9c 83       	std	Y+4, r25	; 0x04
    1d14:	8b 83       	std	Y+3, r24	; 0x03
	*pxTopOfStack = ( portSTACK_TYPE ) 0x27;	/* R27 */
    1d16:	eb 81       	ldd	r30, Y+3	; 0x03
    1d18:	fc 81       	ldd	r31, Y+4	; 0x04
    1d1a:	87 e2       	ldi	r24, 0x27	; 39
    1d1c:	80 83       	st	Z, r24
	pxTopOfStack--;
    1d1e:	8b 81       	ldd	r24, Y+3	; 0x03
    1d20:	9c 81       	ldd	r25, Y+4	; 0x04
    1d22:	01 97       	sbiw	r24, 0x01	; 1
    1d24:	9c 83       	std	Y+4, r25	; 0x04
    1d26:	8b 83       	std	Y+3, r24	; 0x03
	*pxTopOfStack = ( portSTACK_TYPE ) 0x28;	/* R28 Y */
    1d28:	eb 81       	ldd	r30, Y+3	; 0x03
    1d2a:	fc 81       	ldd	r31, Y+4	; 0x04
    1d2c:	88 e2       	ldi	r24, 0x28	; 40
    1d2e:	80 83       	st	Z, r24
	pxTopOfStack--;
    1d30:	8b 81       	ldd	r24, Y+3	; 0x03
    1d32:	9c 81       	ldd	r25, Y+4	; 0x04
    1d34:	01 97       	sbiw	r24, 0x01	; 1
    1d36:	9c 83       	std	Y+4, r25	; 0x04
    1d38:	8b 83       	std	Y+3, r24	; 0x03
	*pxTopOfStack = ( portSTACK_TYPE ) 0x29;	/* R29 */
    1d3a:	eb 81       	ldd	r30, Y+3	; 0x03
    1d3c:	fc 81       	ldd	r31, Y+4	; 0x04
    1d3e:	89 e2       	ldi	r24, 0x29	; 41
    1d40:	80 83       	st	Z, r24
	pxTopOfStack--;
    1d42:	8b 81       	ldd	r24, Y+3	; 0x03
    1d44:	9c 81       	ldd	r25, Y+4	; 0x04
    1d46:	01 97       	sbiw	r24, 0x01	; 1
    1d48:	9c 83       	std	Y+4, r25	; 0x04
    1d4a:	8b 83       	std	Y+3, r24	; 0x03
	*pxTopOfStack = ( portSTACK_TYPE ) 0x30;	/* R30 Z */
    1d4c:	eb 81       	ldd	r30, Y+3	; 0x03
    1d4e:	fc 81       	ldd	r31, Y+4	; 0x04
    1d50:	80 e3       	ldi	r24, 0x30	; 48
    1d52:	80 83       	st	Z, r24
	pxTopOfStack--;
    1d54:	8b 81       	ldd	r24, Y+3	; 0x03
    1d56:	9c 81       	ldd	r25, Y+4	; 0x04
    1d58:	01 97       	sbiw	r24, 0x01	; 1
    1d5a:	9c 83       	std	Y+4, r25	; 0x04
    1d5c:	8b 83       	std	Y+3, r24	; 0x03
	*pxTopOfStack = ( portSTACK_TYPE ) 0x031;	/* R31 */
    1d5e:	eb 81       	ldd	r30, Y+3	; 0x03
    1d60:	fc 81       	ldd	r31, Y+4	; 0x04
    1d62:	81 e3       	ldi	r24, 0x31	; 49
    1d64:	80 83       	st	Z, r24
	pxTopOfStack--;
    1d66:	8b 81       	ldd	r24, Y+3	; 0x03
    1d68:	9c 81       	ldd	r25, Y+4	; 0x04
    1d6a:	01 97       	sbiw	r24, 0x01	; 1
    1d6c:	9c 83       	std	Y+4, r25	; 0x04
    1d6e:	8b 83       	std	Y+3, r24	; 0x03

	/*lint +e950 +e611 +e923 */

	return pxTopOfStack;
    1d70:	8b 81       	ldd	r24, Y+3	; 0x03
    1d72:	9c 81       	ldd	r25, Y+4	; 0x04
}
    1d74:	28 96       	adiw	r28, 0x08	; 8
    1d76:	0f b6       	in	r0, 0x3f	; 63
    1d78:	f8 94       	cli
    1d7a:	de bf       	out	0x3e, r29	; 62
    1d7c:	0f be       	out	0x3f, r0	; 63
    1d7e:	cd bf       	out	0x3d, r28	; 61
    1d80:	cf 91       	pop	r28
    1d82:	df 91       	pop	r29
    1d84:	08 95       	ret

00001d86 <xPortStartScheduler>:
/*-----------------------------------------------------------*/

portBASE_TYPE xPortStartScheduler( void )
{
    1d86:	df 93       	push	r29
    1d88:	cf 93       	push	r28
    1d8a:	cd b7       	in	r28, 0x3d	; 61
    1d8c:	de b7       	in	r29, 0x3e	; 62
	/* Setup the hardware to generate the tick. */
	prvSetupTimerInterrupt();
    1d8e:	0e 94 b3 0f 	call	0x1f66	; 0x1f66 <prvSetupTimerInterrupt>

	/* Restore the context of the first task that is going to run. */
	portRESTORE_CONTEXT();
    1d92:	a0 91 b4 04 	lds	r26, 0x04B4
    1d96:	b0 91 b5 04 	lds	r27, 0x04B5
    1d9a:	cd 91       	ld	r28, X+
    1d9c:	cd bf       	out	0x3d, r28	; 61
    1d9e:	dd 91       	ld	r29, X+
    1da0:	de bf       	out	0x3e, r29	; 62
    1da2:	ff 91       	pop	r31
    1da4:	ef 91       	pop	r30
    1da6:	df 91       	pop	r29
    1da8:	cf 91       	pop	r28
    1daa:	bf 91       	pop	r27
    1dac:	af 91       	pop	r26
    1dae:	9f 91       	pop	r25
    1db0:	8f 91       	pop	r24
    1db2:	7f 91       	pop	r23
    1db4:	6f 91       	pop	r22
    1db6:	5f 91       	pop	r21
    1db8:	4f 91       	pop	r20
    1dba:	3f 91       	pop	r19
    1dbc:	2f 91       	pop	r18
    1dbe:	1f 91       	pop	r17
    1dc0:	0f 91       	pop	r16
    1dc2:	ff 90       	pop	r15
    1dc4:	ef 90       	pop	r14
    1dc6:	df 90       	pop	r13
    1dc8:	cf 90       	pop	r12
    1dca:	bf 90       	pop	r11
    1dcc:	af 90       	pop	r10
    1dce:	9f 90       	pop	r9
    1dd0:	8f 90       	pop	r8
    1dd2:	7f 90       	pop	r7
    1dd4:	6f 90       	pop	r6
    1dd6:	5f 90       	pop	r5
    1dd8:	4f 90       	pop	r4
    1dda:	3f 90       	pop	r3
    1ddc:	2f 90       	pop	r2
    1dde:	1f 90       	pop	r1
    1de0:	0f 90       	pop	r0
    1de2:	0f be       	out	0x3f, r0	; 63
    1de4:	0f 90       	pop	r0

	/* Simulate a function call end as generated by the compiler.  We will now
	jump to the start of the task the context of which we have just restored. */
	asm volatile ( "ret" );
    1de6:	08 95       	ret

	/* Should not get here. */
	return pdTRUE;
    1de8:	81 e0       	ldi	r24, 0x01	; 1
}
    1dea:	cf 91       	pop	r28
    1dec:	df 91       	pop	r29
    1dee:	08 95       	ret

00001df0 <vPortEndScheduler>:
/*-----------------------------------------------------------*/

void vPortEndScheduler( void )
{
    1df0:	df 93       	push	r29
    1df2:	cf 93       	push	r28
    1df4:	cd b7       	in	r28, 0x3d	; 61
    1df6:	de b7       	in	r29, 0x3e	; 62
	/* It is unlikely that the AVR port will get stopped.  If required simply
	disable the tick interrupt here. */
}
    1df8:	cf 91       	pop	r28
    1dfa:	df 91       	pop	r29
    1dfc:	08 95       	ret

00001dfe <vPortYield>:
 * can use a naked attribute.
 */
void vPortYield( void ) __attribute__ ( ( naked ) );
void vPortYield( void )
{
	portSAVE_CONTEXT();
    1dfe:	0f 92       	push	r0
    1e00:	0f b6       	in	r0, 0x3f	; 63
    1e02:	f8 94       	cli
    1e04:	0f 92       	push	r0
    1e06:	1f 92       	push	r1
    1e08:	11 24       	eor	r1, r1
    1e0a:	2f 92       	push	r2
    1e0c:	3f 92       	push	r3
    1e0e:	4f 92       	push	r4
    1e10:	5f 92       	push	r5
    1e12:	6f 92       	push	r6
    1e14:	7f 92       	push	r7
    1e16:	8f 92       	push	r8
    1e18:	9f 92       	push	r9
    1e1a:	af 92       	push	r10
    1e1c:	bf 92       	push	r11
    1e1e:	cf 92       	push	r12
    1e20:	df 92       	push	r13
    1e22:	ef 92       	push	r14
    1e24:	ff 92       	push	r15
    1e26:	0f 93       	push	r16
    1e28:	1f 93       	push	r17
    1e2a:	2f 93       	push	r18
    1e2c:	3f 93       	push	r19
    1e2e:	4f 93       	push	r20
    1e30:	5f 93       	push	r21
    1e32:	6f 93       	push	r22
    1e34:	7f 93       	push	r23
    1e36:	8f 93       	push	r24
    1e38:	9f 93       	push	r25
    1e3a:	af 93       	push	r26
    1e3c:	bf 93       	push	r27
    1e3e:	cf 93       	push	r28
    1e40:	df 93       	push	r29
    1e42:	ef 93       	push	r30
    1e44:	ff 93       	push	r31
    1e46:	a0 91 b4 04 	lds	r26, 0x04B4
    1e4a:	b0 91 b5 04 	lds	r27, 0x04B5
    1e4e:	0d b6       	in	r0, 0x3d	; 61
    1e50:	0d 92       	st	X+, r0
    1e52:	0e b6       	in	r0, 0x3e	; 62
    1e54:	0d 92       	st	X+, r0
	vTaskSwitchContext();
    1e56:	0e 94 6f 18 	call	0x30de	; 0x30de <vTaskSwitchContext>
	portRESTORE_CONTEXT();
    1e5a:	a0 91 b4 04 	lds	r26, 0x04B4
    1e5e:	b0 91 b5 04 	lds	r27, 0x04B5
    1e62:	cd 91       	ld	r28, X+
    1e64:	cd bf       	out	0x3d, r28	; 61
    1e66:	dd 91       	ld	r29, X+
    1e68:	de bf       	out	0x3e, r29	; 62
    1e6a:	ff 91       	pop	r31
    1e6c:	ef 91       	pop	r30
    1e6e:	df 91       	pop	r29
    1e70:	cf 91       	pop	r28
    1e72:	bf 91       	pop	r27
    1e74:	af 91       	pop	r26
    1e76:	9f 91       	pop	r25
    1e78:	8f 91       	pop	r24
    1e7a:	7f 91       	pop	r23
    1e7c:	6f 91       	pop	r22
    1e7e:	5f 91       	pop	r21
    1e80:	4f 91       	pop	r20
    1e82:	3f 91       	pop	r19
    1e84:	2f 91       	pop	r18
    1e86:	1f 91       	pop	r17
    1e88:	0f 91       	pop	r16
    1e8a:	ff 90       	pop	r15
    1e8c:	ef 90       	pop	r14
    1e8e:	df 90       	pop	r13
    1e90:	cf 90       	pop	r12
    1e92:	bf 90       	pop	r11
    1e94:	af 90       	pop	r10
    1e96:	9f 90       	pop	r9
    1e98:	8f 90       	pop	r8
    1e9a:	7f 90       	pop	r7
    1e9c:	6f 90       	pop	r6
    1e9e:	5f 90       	pop	r5
    1ea0:	4f 90       	pop	r4
    1ea2:	3f 90       	pop	r3
    1ea4:	2f 90       	pop	r2
    1ea6:	1f 90       	pop	r1
    1ea8:	0f 90       	pop	r0
    1eaa:	0f be       	out	0x3f, r0	; 63
    1eac:	0f 90       	pop	r0

	asm volatile ( "ret" );
    1eae:	08 95       	ret

00001eb0 <vPortYieldFromTick>:
 * call comes from the tick ISR.
 */
void vPortYieldFromTick( void ) __attribute__ ( ( naked ) );
void vPortYieldFromTick( void )
{
	portSAVE_CONTEXT();
    1eb0:	0f 92       	push	r0
    1eb2:	0f b6       	in	r0, 0x3f	; 63
    1eb4:	f8 94       	cli
    1eb6:	0f 92       	push	r0
    1eb8:	1f 92       	push	r1
    1eba:	11 24       	eor	r1, r1
    1ebc:	2f 92       	push	r2
    1ebe:	3f 92       	push	r3
    1ec0:	4f 92       	push	r4
    1ec2:	5f 92       	push	r5
    1ec4:	6f 92       	push	r6
    1ec6:	7f 92       	push	r7
    1ec8:	8f 92       	push	r8
    1eca:	9f 92       	push	r9
    1ecc:	af 92       	push	r10
    1ece:	bf 92       	push	r11
    1ed0:	cf 92       	push	r12
    1ed2:	df 92       	push	r13
    1ed4:	ef 92       	push	r14
    1ed6:	ff 92       	push	r15
    1ed8:	0f 93       	push	r16
    1eda:	1f 93       	push	r17
    1edc:	2f 93       	push	r18
    1ede:	3f 93       	push	r19
    1ee0:	4f 93       	push	r20
    1ee2:	5f 93       	push	r21
    1ee4:	6f 93       	push	r22
    1ee6:	7f 93       	push	r23
    1ee8:	8f 93       	push	r24
    1eea:	9f 93       	push	r25
    1eec:	af 93       	push	r26
    1eee:	bf 93       	push	r27
    1ef0:	cf 93       	push	r28
    1ef2:	df 93       	push	r29
    1ef4:	ef 93       	push	r30
    1ef6:	ff 93       	push	r31
    1ef8:	a0 91 b4 04 	lds	r26, 0x04B4
    1efc:	b0 91 b5 04 	lds	r27, 0x04B5
    1f00:	0d b6       	in	r0, 0x3d	; 61
    1f02:	0d 92       	st	X+, r0
    1f04:	0e b6       	in	r0, 0x3e	; 62
    1f06:	0d 92       	st	X+, r0
	vTaskIncrementTick();
    1f08:	0e 94 9a 17 	call	0x2f34	; 0x2f34 <vTaskIncrementTick>
	vTaskSwitchContext();
    1f0c:	0e 94 6f 18 	call	0x30de	; 0x30de <vTaskSwitchContext>
	portRESTORE_CONTEXT();
    1f10:	a0 91 b4 04 	lds	r26, 0x04B4
    1f14:	b0 91 b5 04 	lds	r27, 0x04B5
    1f18:	cd 91       	ld	r28, X+
    1f1a:	cd bf       	out	0x3d, r28	; 61
    1f1c:	dd 91       	ld	r29, X+
    1f1e:	de bf       	out	0x3e, r29	; 62
    1f20:	ff 91       	pop	r31
    1f22:	ef 91       	pop	r30
    1f24:	df 91       	pop	r29
    1f26:	cf 91       	pop	r28
    1f28:	bf 91       	pop	r27
    1f2a:	af 91       	pop	r26
    1f2c:	9f 91       	pop	r25
    1f2e:	8f 91       	pop	r24
    1f30:	7f 91       	pop	r23
    1f32:	6f 91       	pop	r22
    1f34:	5f 91       	pop	r21
    1f36:	4f 91       	pop	r20
    1f38:	3f 91       	pop	r19
    1f3a:	2f 91       	pop	r18
    1f3c:	1f 91       	pop	r17
    1f3e:	0f 91       	pop	r16
    1f40:	ff 90       	pop	r15
    1f42:	ef 90       	pop	r14
    1f44:	df 90       	pop	r13
    1f46:	cf 90       	pop	r12
    1f48:	bf 90       	pop	r11
    1f4a:	af 90       	pop	r10
    1f4c:	9f 90       	pop	r9
    1f4e:	8f 90       	pop	r8
    1f50:	7f 90       	pop	r7
    1f52:	6f 90       	pop	r6
    1f54:	5f 90       	pop	r5
    1f56:	4f 90       	pop	r4
    1f58:	3f 90       	pop	r3
    1f5a:	2f 90       	pop	r2
    1f5c:	1f 90       	pop	r1
    1f5e:	0f 90       	pop	r0
    1f60:	0f be       	out	0x3f, r0	; 63
    1f62:	0f 90       	pop	r0

	asm volatile ( "ret" );
    1f64:	08 95       	ret

00001f66 <prvSetupTimerInterrupt>:

/*
 * Setup timer 1 compare match A to generate a tick interrupt.
 */
static void prvSetupTimerInterrupt( void )
{
    1f66:	df 93       	push	r29
    1f68:	cf 93       	push	r28
    1f6a:	00 d0       	rcall	.+0      	; 0x1f6c <prvSetupTimerInterrupt+0x6>
    1f6c:	00 d0       	rcall	.+0      	; 0x1f6e <prvSetupTimerInterrupt+0x8>
    1f6e:	00 d0       	rcall	.+0      	; 0x1f70 <prvSetupTimerInterrupt+0xa>
    1f70:	cd b7       	in	r28, 0x3d	; 61
    1f72:	de b7       	in	r29, 0x3e	; 62
unsigned char ucHighByte, ucLowByte;

	/* Using 16bit timer 1 to generate the tick.  Correct fuses must be
	selected for the configCPU_CLOCK_HZ clock. */

	ulCompareMatch = configCPU_CLOCK_HZ / configTICK_RATE_HZ;
    1f74:	80 e4       	ldi	r24, 0x40	; 64
    1f76:	9f e1       	ldi	r25, 0x1F	; 31
    1f78:	a0 e0       	ldi	r26, 0x00	; 0
    1f7a:	b0 e0       	ldi	r27, 0x00	; 0
    1f7c:	8b 83       	std	Y+3, r24	; 0x03
    1f7e:	9c 83       	std	Y+4, r25	; 0x04
    1f80:	ad 83       	std	Y+5, r26	; 0x05
    1f82:	be 83       	std	Y+6, r27	; 0x06

	/* We only have 16 bits so have to scale to get our required tick rate. */
	ulCompareMatch /= portCLOCK_PRESCALER;
    1f84:	8b 81       	ldd	r24, Y+3	; 0x03
    1f86:	9c 81       	ldd	r25, Y+4	; 0x04
    1f88:	ad 81       	ldd	r26, Y+5	; 0x05
    1f8a:	be 81       	ldd	r27, Y+6	; 0x06
    1f8c:	68 94       	set
    1f8e:	15 f8       	bld	r1, 5
    1f90:	b6 95       	lsr	r27
    1f92:	a7 95       	ror	r26
    1f94:	97 95       	ror	r25
    1f96:	87 95       	ror	r24
    1f98:	16 94       	lsr	r1
    1f9a:	d1 f7       	brne	.-12     	; 0x1f90 <prvSetupTimerInterrupt+0x2a>
    1f9c:	8b 83       	std	Y+3, r24	; 0x03
    1f9e:	9c 83       	std	Y+4, r25	; 0x04
    1fa0:	ad 83       	std	Y+5, r26	; 0x05
    1fa2:	be 83       	std	Y+6, r27	; 0x06

	/* Adjust for correct value. */
	ulCompareMatch -= ( unsigned long ) 1;
    1fa4:	8b 81       	ldd	r24, Y+3	; 0x03
    1fa6:	9c 81       	ldd	r25, Y+4	; 0x04
    1fa8:	ad 81       	ldd	r26, Y+5	; 0x05
    1faa:	be 81       	ldd	r27, Y+6	; 0x06
    1fac:	01 97       	sbiw	r24, 0x01	; 1
    1fae:	a1 09       	sbc	r26, r1
    1fb0:	b1 09       	sbc	r27, r1
    1fb2:	8b 83       	std	Y+3, r24	; 0x03
    1fb4:	9c 83       	std	Y+4, r25	; 0x04
    1fb6:	ad 83       	std	Y+5, r26	; 0x05
    1fb8:	be 83       	std	Y+6, r27	; 0x06

	/* Setup compare match value for compare match A.  Interrupts are disabled 
	before this is called so we need not worry here. */
	ucLowByte = ( unsigned char ) ( ulCompareMatch & ( unsigned long ) 0xff );
    1fba:	8b 81       	ldd	r24, Y+3	; 0x03
    1fbc:	89 83       	std	Y+1, r24	; 0x01
	ulCompareMatch >>= 8;
    1fbe:	8b 81       	ldd	r24, Y+3	; 0x03
    1fc0:	9c 81       	ldd	r25, Y+4	; 0x04
    1fc2:	ad 81       	ldd	r26, Y+5	; 0x05
    1fc4:	be 81       	ldd	r27, Y+6	; 0x06
    1fc6:	89 2f       	mov	r24, r25
    1fc8:	9a 2f       	mov	r25, r26
    1fca:	ab 2f       	mov	r26, r27
    1fcc:	bb 27       	eor	r27, r27
    1fce:	8b 83       	std	Y+3, r24	; 0x03
    1fd0:	9c 83       	std	Y+4, r25	; 0x04
    1fd2:	ad 83       	std	Y+5, r26	; 0x05
    1fd4:	be 83       	std	Y+6, r27	; 0x06
	ucHighByte = ( unsigned char ) ( ulCompareMatch & ( unsigned long ) 0xff );
    1fd6:	8b 81       	ldd	r24, Y+3	; 0x03
    1fd8:	8a 83       	std	Y+2, r24	; 0x02
	OCR1AH = ucHighByte;
    1fda:	eb e4       	ldi	r30, 0x4B	; 75
    1fdc:	f0 e0       	ldi	r31, 0x00	; 0
    1fde:	8a 81       	ldd	r24, Y+2	; 0x02
    1fe0:	80 83       	st	Z, r24
	OCR1AL = ucLowByte;
    1fe2:	ea e4       	ldi	r30, 0x4A	; 74
    1fe4:	f0 e0       	ldi	r31, 0x00	; 0
    1fe6:	89 81       	ldd	r24, Y+1	; 0x01
    1fe8:	80 83       	st	Z, r24

	/* Setup clock source and compare match behaviour. */
	ucLowByte = portCLEAR_COUNTER_ON_MATCH | portPRESCALE_64;
    1fea:	8b e0       	ldi	r24, 0x0B	; 11
    1fec:	89 83       	std	Y+1, r24	; 0x01
	TCCR1B = ucLowByte;
    1fee:	ee e4       	ldi	r30, 0x4E	; 78
    1ff0:	f0 e0       	ldi	r31, 0x00	; 0
    1ff2:	89 81       	ldd	r24, Y+1	; 0x01
    1ff4:	80 83       	st	Z, r24

	/* Enable the interrupt - this is okay as interrupt are currently globally
	disabled. */
	ucLowByte = TIMSK;
    1ff6:	e9 e5       	ldi	r30, 0x59	; 89
    1ff8:	f0 e0       	ldi	r31, 0x00	; 0
    1ffa:	80 81       	ld	r24, Z
    1ffc:	89 83       	std	Y+1, r24	; 0x01
	ucLowByte |= portCOMPARE_MATCH_A_INTERRUPT_ENABLE;
    1ffe:	89 81       	ldd	r24, Y+1	; 0x01
    2000:	80 61       	ori	r24, 0x10	; 16
    2002:	89 83       	std	Y+1, r24	; 0x01
	TIMSK = ucLowByte;
    2004:	e9 e5       	ldi	r30, 0x59	; 89
    2006:	f0 e0       	ldi	r31, 0x00	; 0
    2008:	89 81       	ldd	r24, Y+1	; 0x01
    200a:	80 83       	st	Z, r24
}
    200c:	26 96       	adiw	r28, 0x06	; 6
    200e:	0f b6       	in	r0, 0x3f	; 63
    2010:	f8 94       	cli
    2012:	de bf       	out	0x3e, r29	; 62
    2014:	0f be       	out	0x3f, r0	; 63
    2016:	cd bf       	out	0x3d, r28	; 61
    2018:	cf 91       	pop	r28
    201a:	df 91       	pop	r29
    201c:	08 95       	ret

0000201e <__vector_7>:
	 * count is incremented after the context is saved.
	 */
	void SIG_OUTPUT_COMPARE1A( void ) __attribute__ ( ( signal, naked ) );
	void SIG_OUTPUT_COMPARE1A( void )
	{
		vPortYieldFromTick();
    201e:	0e 94 58 0f 	call	0x1eb0	; 0x1eb0 <vPortYieldFromTick>
		asm volatile ( "reti" );
    2022:	18 95       	reti

00002024 <xQueueCreate>:
/*-----------------------------------------------------------
 * PUBLIC QUEUE MANAGEMENT API documented in queue.h
 *----------------------------------------------------------*/

xQueueHandle xQueueCreate( unsigned portBASE_TYPE uxQueueLength, unsigned portBASE_TYPE uxItemSize )
{
    2024:	df 93       	push	r29
    2026:	cf 93       	push	r28
    2028:	cd b7       	in	r28, 0x3d	; 61
    202a:	de b7       	in	r29, 0x3e	; 62
    202c:	28 97       	sbiw	r28, 0x08	; 8
    202e:	0f b6       	in	r0, 0x3f	; 63
    2030:	f8 94       	cli
    2032:	de bf       	out	0x3e, r29	; 62
    2034:	0f be       	out	0x3f, r0	; 63
    2036:	cd bf       	out	0x3d, r28	; 61
    2038:	8f 83       	std	Y+7, r24	; 0x07
    203a:	68 87       	std	Y+8, r22	; 0x08
xQUEUE *pxNewQueue;
size_t xQueueSizeInBytes;
xQueueHandle xReturn = NULL;
    203c:	1a 82       	std	Y+2, r1	; 0x02
    203e:	19 82       	std	Y+1, r1	; 0x01

	/* Allocate the new queue structure. */
	if( uxQueueLength > ( unsigned portBASE_TYPE ) 0 )
    2040:	8f 81       	ldd	r24, Y+7	; 0x07
    2042:	88 23       	and	r24, r24
    2044:	09 f4       	brne	.+2      	; 0x2048 <xQueueCreate+0x24>
    2046:	8c c0       	rjmp	.+280    	; 0x2160 <xQueueCreate+0x13c>
	{
		pxNewQueue = ( xQUEUE * ) pvPortMalloc( sizeof( xQUEUE ) );
    2048:	8f e1       	ldi	r24, 0x1F	; 31
    204a:	90 e0       	ldi	r25, 0x00	; 0
    204c:	0e 94 f9 0a 	call	0x15f2	; 0x15f2 <pvPortMalloc>
    2050:	9e 83       	std	Y+6, r25	; 0x06
    2052:	8d 83       	std	Y+5, r24	; 0x05
		if( pxNewQueue != NULL )
    2054:	8d 81       	ldd	r24, Y+5	; 0x05
    2056:	9e 81       	ldd	r25, Y+6	; 0x06
    2058:	00 97       	sbiw	r24, 0x00	; 0
    205a:	09 f4       	brne	.+2      	; 0x205e <xQueueCreate+0x3a>
    205c:	81 c0       	rjmp	.+258    	; 0x2160 <xQueueCreate+0x13c>
		{
			/* Create the list of pointers to queue items.  The queue is one byte
			longer than asked for to make wrap checking easier/faster. */
			xQueueSizeInBytes = ( size_t ) ( uxQueueLength * uxItemSize ) + ( size_t ) 1;
    205e:	8f 81       	ldd	r24, Y+7	; 0x07
    2060:	28 2f       	mov	r18, r24
    2062:	30 e0       	ldi	r19, 0x00	; 0
    2064:	88 85       	ldd	r24, Y+8	; 0x08
    2066:	88 2f       	mov	r24, r24
    2068:	90 e0       	ldi	r25, 0x00	; 0
    206a:	ac 01       	movw	r20, r24
    206c:	24 9f       	mul	r18, r20
    206e:	c0 01       	movw	r24, r0
    2070:	25 9f       	mul	r18, r21
    2072:	90 0d       	add	r25, r0
    2074:	34 9f       	mul	r19, r20
    2076:	90 0d       	add	r25, r0
    2078:	11 24       	eor	r1, r1
    207a:	01 96       	adiw	r24, 0x01	; 1
    207c:	9c 83       	std	Y+4, r25	; 0x04
    207e:	8b 83       	std	Y+3, r24	; 0x03

			pxNewQueue->pcHead = ( signed char * ) pvPortMalloc( xQueueSizeInBytes );
    2080:	8b 81       	ldd	r24, Y+3	; 0x03
    2082:	9c 81       	ldd	r25, Y+4	; 0x04
    2084:	0e 94 f9 0a 	call	0x15f2	; 0x15f2 <pvPortMalloc>
    2088:	ed 81       	ldd	r30, Y+5	; 0x05
    208a:	fe 81       	ldd	r31, Y+6	; 0x06
    208c:	91 83       	std	Z+1, r25	; 0x01
    208e:	80 83       	st	Z, r24
			if( pxNewQueue->pcHead != NULL )
    2090:	ed 81       	ldd	r30, Y+5	; 0x05
    2092:	fe 81       	ldd	r31, Y+6	; 0x06
    2094:	80 81       	ld	r24, Z
    2096:	91 81       	ldd	r25, Z+1	; 0x01
    2098:	00 97       	sbiw	r24, 0x00	; 0
    209a:	09 f4       	brne	.+2      	; 0x209e <xQueueCreate+0x7a>
    209c:	5d c0       	rjmp	.+186    	; 0x2158 <xQueueCreate+0x134>
			{
				/* Initialise the queue members as described above where the
				queue type is defined. */
				pxNewQueue->pcTail = pxNewQueue->pcHead + ( uxQueueLength * uxItemSize );
    209e:	ed 81       	ldd	r30, Y+5	; 0x05
    20a0:	fe 81       	ldd	r31, Y+6	; 0x06
    20a2:	40 81       	ld	r20, Z
    20a4:	51 81       	ldd	r21, Z+1	; 0x01
    20a6:	8f 81       	ldd	r24, Y+7	; 0x07
    20a8:	28 2f       	mov	r18, r24
    20aa:	30 e0       	ldi	r19, 0x00	; 0
    20ac:	88 85       	ldd	r24, Y+8	; 0x08
    20ae:	88 2f       	mov	r24, r24
    20b0:	90 e0       	ldi	r25, 0x00	; 0
    20b2:	bc 01       	movw	r22, r24
    20b4:	26 9f       	mul	r18, r22
    20b6:	c0 01       	movw	r24, r0
    20b8:	27 9f       	mul	r18, r23
    20ba:	90 0d       	add	r25, r0
    20bc:	36 9f       	mul	r19, r22
    20be:	90 0d       	add	r25, r0
    20c0:	11 24       	eor	r1, r1
    20c2:	84 0f       	add	r24, r20
    20c4:	95 1f       	adc	r25, r21
    20c6:	ed 81       	ldd	r30, Y+5	; 0x05
    20c8:	fe 81       	ldd	r31, Y+6	; 0x06
    20ca:	93 83       	std	Z+3, r25	; 0x03
    20cc:	82 83       	std	Z+2, r24	; 0x02
				pxNewQueue->uxMessagesWaiting = ( unsigned portBASE_TYPE ) 0U;
    20ce:	ed 81       	ldd	r30, Y+5	; 0x05
    20d0:	fe 81       	ldd	r31, Y+6	; 0x06
    20d2:	12 8e       	std	Z+26, r1	; 0x1a
				pxNewQueue->pcWriteTo = pxNewQueue->pcHead;
    20d4:	ed 81       	ldd	r30, Y+5	; 0x05
    20d6:	fe 81       	ldd	r31, Y+6	; 0x06
    20d8:	80 81       	ld	r24, Z
    20da:	91 81       	ldd	r25, Z+1	; 0x01
    20dc:	ed 81       	ldd	r30, Y+5	; 0x05
    20de:	fe 81       	ldd	r31, Y+6	; 0x06
    20e0:	95 83       	std	Z+5, r25	; 0x05
    20e2:	84 83       	std	Z+4, r24	; 0x04
				pxNewQueue->pcReadFrom = pxNewQueue->pcHead + ( ( uxQueueLength - ( unsigned portBASE_TYPE ) 1U ) * uxItemSize );
    20e4:	ed 81       	ldd	r30, Y+5	; 0x05
    20e6:	fe 81       	ldd	r31, Y+6	; 0x06
    20e8:	40 81       	ld	r20, Z
    20ea:	51 81       	ldd	r21, Z+1	; 0x01
    20ec:	8f 81       	ldd	r24, Y+7	; 0x07
    20ee:	88 2f       	mov	r24, r24
    20f0:	90 e0       	ldi	r25, 0x00	; 0
    20f2:	9c 01       	movw	r18, r24
    20f4:	21 50       	subi	r18, 0x01	; 1
    20f6:	30 40       	sbci	r19, 0x00	; 0
    20f8:	88 85       	ldd	r24, Y+8	; 0x08
    20fa:	88 2f       	mov	r24, r24
    20fc:	90 e0       	ldi	r25, 0x00	; 0
    20fe:	bc 01       	movw	r22, r24
    2100:	26 9f       	mul	r18, r22
    2102:	c0 01       	movw	r24, r0
    2104:	27 9f       	mul	r18, r23
    2106:	90 0d       	add	r25, r0
    2108:	36 9f       	mul	r19, r22
    210a:	90 0d       	add	r25, r0
    210c:	11 24       	eor	r1, r1
    210e:	84 0f       	add	r24, r20
    2110:	95 1f       	adc	r25, r21
    2112:	ed 81       	ldd	r30, Y+5	; 0x05
    2114:	fe 81       	ldd	r31, Y+6	; 0x06
    2116:	97 83       	std	Z+7, r25	; 0x07
    2118:	86 83       	std	Z+6, r24	; 0x06
				pxNewQueue->uxLength = uxQueueLength;
    211a:	ed 81       	ldd	r30, Y+5	; 0x05
    211c:	fe 81       	ldd	r31, Y+6	; 0x06
    211e:	8f 81       	ldd	r24, Y+7	; 0x07
    2120:	83 8f       	std	Z+27, r24	; 0x1b
				pxNewQueue->uxItemSize = uxItemSize;
    2122:	ed 81       	ldd	r30, Y+5	; 0x05
    2124:	fe 81       	ldd	r31, Y+6	; 0x06
    2126:	88 85       	ldd	r24, Y+8	; 0x08
    2128:	84 8f       	std	Z+28, r24	; 0x1c
				pxNewQueue->xRxLock = queueUNLOCKED;
    212a:	ed 81       	ldd	r30, Y+5	; 0x05
    212c:	fe 81       	ldd	r31, Y+6	; 0x06
    212e:	8f ef       	ldi	r24, 0xFF	; 255
    2130:	85 8f       	std	Z+29, r24	; 0x1d
				pxNewQueue->xTxLock = queueUNLOCKED;
    2132:	ed 81       	ldd	r30, Y+5	; 0x05
    2134:	fe 81       	ldd	r31, Y+6	; 0x06
    2136:	8f ef       	ldi	r24, 0xFF	; 255
    2138:	86 8f       	std	Z+30, r24	; 0x1e

				/* Likewise ensure the event queues start with the correct state. */
				vListInitialise( &( pxNewQueue->xTasksWaitingToSend ) );
    213a:	8d 81       	ldd	r24, Y+5	; 0x05
    213c:	9e 81       	ldd	r25, Y+6	; 0x06
    213e:	08 96       	adiw	r24, 0x08	; 8
    2140:	0e 94 65 0b 	call	0x16ca	; 0x16ca <vListInitialise>
				vListInitialise( &( pxNewQueue->xTasksWaitingToReceive ) );
    2144:	8d 81       	ldd	r24, Y+5	; 0x05
    2146:	9e 81       	ldd	r25, Y+6	; 0x06
    2148:	41 96       	adiw	r24, 0x11	; 17
    214a:	0e 94 65 0b 	call	0x16ca	; 0x16ca <vListInitialise>

				traceQUEUE_CREATE( pxNewQueue );
				xReturn = pxNewQueue;
    214e:	8d 81       	ldd	r24, Y+5	; 0x05
    2150:	9e 81       	ldd	r25, Y+6	; 0x06
    2152:	9a 83       	std	Y+2, r25	; 0x02
    2154:	89 83       	std	Y+1, r24	; 0x01
    2156:	04 c0       	rjmp	.+8      	; 0x2160 <xQueueCreate+0x13c>
			}
			else
			{
				traceQUEUE_CREATE_FAILED();
				vPortFree( pxNewQueue );
    2158:	8d 81       	ldd	r24, Y+5	; 0x05
    215a:	9e 81       	ldd	r25, Y+6	; 0x06
    215c:	0e 94 3f 0b 	call	0x167e	; 0x167e <vPortFree>
		}
	}

	configASSERT( xReturn );

	return xReturn;
    2160:	89 81       	ldd	r24, Y+1	; 0x01
    2162:	9a 81       	ldd	r25, Y+2	; 0x02
}
    2164:	28 96       	adiw	r28, 0x08	; 8
    2166:	0f b6       	in	r0, 0x3f	; 63
    2168:	f8 94       	cli
    216a:	de bf       	out	0x3e, r29	; 62
    216c:	0f be       	out	0x3f, r0	; 63
    216e:	cd bf       	out	0x3d, r28	; 61
    2170:	cf 91       	pop	r28
    2172:	df 91       	pop	r29
    2174:	08 95       	ret

00002176 <xQueueGenericSend>:

#endif /* configUSE_COUNTING_SEMAPHORES */
/*-----------------------------------------------------------*/

signed portBASE_TYPE xQueueGenericSend( xQueueHandle pxQueue, const void * const pvItemToQueue, portTickType xTicksToWait, portBASE_TYPE xCopyPosition )
{
    2176:	df 93       	push	r29
    2178:	cf 93       	push	r28
    217a:	cd b7       	in	r28, 0x3d	; 61
    217c:	de b7       	in	r29, 0x3e	; 62
    217e:	2c 97       	sbiw	r28, 0x0c	; 12
    2180:	0f b6       	in	r0, 0x3f	; 63
    2182:	f8 94       	cli
    2184:	de bf       	out	0x3e, r29	; 62
    2186:	0f be       	out	0x3f, r0	; 63
    2188:	cd bf       	out	0x3d, r28	; 61
    218a:	9e 83       	std	Y+6, r25	; 0x06
    218c:	8d 83       	std	Y+5, r24	; 0x05
    218e:	78 87       	std	Y+8, r23	; 0x08
    2190:	6f 83       	std	Y+7, r22	; 0x07
    2192:	5a 87       	std	Y+10, r21	; 0x0a
    2194:	49 87       	std	Y+9, r20	; 0x09
    2196:	2b 87       	std	Y+11, r18	; 0x0b
signed portBASE_TYPE xEntryTimeSet = pdFALSE;
    2198:	19 82       	std	Y+1, r1	; 0x01
	/* This function relaxes the coding standard somewhat to allow return
	statements within the function itself.  This is done in the interest
	of execution time efficiency. */
	for( ;; )
	{
		taskENTER_CRITICAL();
    219a:	0f b6       	in	r0, 0x3f	; 63
    219c:	f8 94       	cli
    219e:	0f 92       	push	r0
		{
			/* Is there room on the queue now?  To be running we must be
			the highest priority task wanting to access the queue. */
			if( pxQueue->uxMessagesWaiting < pxQueue->uxLength )
    21a0:	ed 81       	ldd	r30, Y+5	; 0x05
    21a2:	fe 81       	ldd	r31, Y+6	; 0x06
    21a4:	92 8d       	ldd	r25, Z+26	; 0x1a
    21a6:	ed 81       	ldd	r30, Y+5	; 0x05
    21a8:	fe 81       	ldd	r31, Y+6	; 0x06
    21aa:	83 8d       	ldd	r24, Z+27	; 0x1b
    21ac:	98 17       	cp	r25, r24
    21ae:	d8 f4       	brcc	.+54     	; 0x21e6 <xQueueGenericSend+0x70>
			{
				traceQUEUE_SEND( pxQueue );
				prvCopyDataToQueue( pxQueue, pvItemToQueue, xCopyPosition );
    21b0:	8d 81       	ldd	r24, Y+5	; 0x05
    21b2:	9e 81       	ldd	r25, Y+6	; 0x06
    21b4:	2f 81       	ldd	r18, Y+7	; 0x07
    21b6:	38 85       	ldd	r19, Y+8	; 0x08
    21b8:	b9 01       	movw	r22, r18
    21ba:	4b 85       	ldd	r20, Y+11	; 0x0b
    21bc:	0e 94 f6 12 	call	0x25ec	; 0x25ec <prvCopyDataToQueue>

				/* If there was a task waiting for data to arrive on the
				queue then unblock it now. */
				if( listLIST_IS_EMPTY( &( pxQueue->xTasksWaitingToReceive ) ) == pdFALSE )
    21c0:	ed 81       	ldd	r30, Y+5	; 0x05
    21c2:	fe 81       	ldd	r31, Y+6	; 0x06
    21c4:	81 89       	ldd	r24, Z+17	; 0x11
    21c6:	88 23       	and	r24, r24
    21c8:	49 f0       	breq	.+18     	; 0x21dc <xQueueGenericSend+0x66>
				{
					if( xTaskRemoveFromEventList( &( pxQueue->xTasksWaitingToReceive ) ) == pdTRUE )
    21ca:	8d 81       	ldd	r24, Y+5	; 0x05
    21cc:	9e 81       	ldd	r25, Y+6	; 0x06
    21ce:	41 96       	adiw	r24, 0x11	; 17
    21d0:	0e 94 0b 19 	call	0x3216	; 0x3216 <xTaskRemoveFromEventList>
    21d4:	81 30       	cpi	r24, 0x01	; 1
    21d6:	11 f4       	brne	.+4      	; 0x21dc <xQueueGenericSend+0x66>
					{
						/* The unblocked task has a priority higher than
						our own so yield immediately.  Yes it is ok to do
						this from within the critical section - the kernel
						takes care of that. */
						portYIELD_WITHIN_API();
    21d8:	0e 94 ff 0e 	call	0x1dfe	; 0x1dfe <vPortYield>
					}
				}

				taskEXIT_CRITICAL();
    21dc:	0f 90       	pop	r0
    21de:	0f be       	out	0x3f, r0	; 63

				/* Return to the original privilege level before exiting the
				function. */
				return pdPASS;
    21e0:	81 e0       	ldi	r24, 0x01	; 1
    21e2:	8c 87       	std	Y+12, r24	; 0x0c
    21e4:	5c c0       	rjmp	.+184    	; 0x229e <xQueueGenericSend+0x128>
			}
			else
			{
				if( xTicksToWait == ( portTickType ) 0 )
    21e6:	89 85       	ldd	r24, Y+9	; 0x09
    21e8:	9a 85       	ldd	r25, Y+10	; 0x0a
    21ea:	00 97       	sbiw	r24, 0x00	; 0
    21ec:	21 f4       	brne	.+8      	; 0x21f6 <xQueueGenericSend+0x80>
				{
					/* The queue was full and no block time is specified (or
					the block time has expired) so leave now. */
					taskEXIT_CRITICAL();
    21ee:	0f 90       	pop	r0
    21f0:	0f be       	out	0x3f, r0	; 63

					/* Return to the original privilege level before exiting
					the function. */
					traceQUEUE_SEND_FAILED( pxQueue );
					return errQUEUE_FULL;
    21f2:	1c 86       	std	Y+12, r1	; 0x0c
    21f4:	54 c0       	rjmp	.+168    	; 0x229e <xQueueGenericSend+0x128>
				}
				else if( xEntryTimeSet == pdFALSE )
    21f6:	89 81       	ldd	r24, Y+1	; 0x01
    21f8:	88 23       	and	r24, r24
    21fa:	31 f4       	brne	.+12     	; 0x2208 <xQueueGenericSend+0x92>
				{
					/* The queue was full and a block time was specified so
					configure the timeout structure. */
					vTaskSetTimeOutState( &xTimeOut );
    21fc:	ce 01       	movw	r24, r28
    21fe:	02 96       	adiw	r24, 0x02	; 2
    2200:	0e 94 73 19 	call	0x32e6	; 0x32e6 <vTaskSetTimeOutState>
					xEntryTimeSet = pdTRUE;
    2204:	81 e0       	ldi	r24, 0x01	; 1
    2206:	89 83       	std	Y+1, r24	; 0x01
				}
			}
		}
		taskEXIT_CRITICAL();
    2208:	0f 90       	pop	r0
    220a:	0f be       	out	0x3f, r0	; 63

		/* Interrupts and other tasks can send to and receive from the queue
		now the critical section has been exited. */

		vTaskSuspendAll();
    220c:	0e 94 cf 16 	call	0x2d9e	; 0x2d9e <vTaskSuspendAll>
		prvLockQueue( pxQueue );
    2210:	0f b6       	in	r0, 0x3f	; 63
    2212:	f8 94       	cli
    2214:	0f 92       	push	r0
    2216:	ed 81       	ldd	r30, Y+5	; 0x05
    2218:	fe 81       	ldd	r31, Y+6	; 0x06
    221a:	85 8d       	ldd	r24, Z+29	; 0x1d
    221c:	8f 3f       	cpi	r24, 0xFF	; 255
    221e:	19 f4       	brne	.+6      	; 0x2226 <xQueueGenericSend+0xb0>
    2220:	ed 81       	ldd	r30, Y+5	; 0x05
    2222:	fe 81       	ldd	r31, Y+6	; 0x06
    2224:	15 8e       	std	Z+29, r1	; 0x1d
    2226:	ed 81       	ldd	r30, Y+5	; 0x05
    2228:	fe 81       	ldd	r31, Y+6	; 0x06
    222a:	86 8d       	ldd	r24, Z+30	; 0x1e
    222c:	8f 3f       	cpi	r24, 0xFF	; 255
    222e:	19 f4       	brne	.+6      	; 0x2236 <xQueueGenericSend+0xc0>
    2230:	ed 81       	ldd	r30, Y+5	; 0x05
    2232:	fe 81       	ldd	r31, Y+6	; 0x06
    2234:	16 8e       	std	Z+30, r1	; 0x1e
    2236:	0f 90       	pop	r0
    2238:	0f be       	out	0x3f, r0	; 63

		/* Update the timeout state to see if it has expired yet. */
		if( xTaskCheckForTimeOut( &xTimeOut, &xTicksToWait ) == pdFALSE )
    223a:	ce 01       	movw	r24, r28
    223c:	02 96       	adiw	r24, 0x02	; 2
    223e:	9e 01       	movw	r18, r28
    2240:	27 5f       	subi	r18, 0xF7	; 247
    2242:	3f 4f       	sbci	r19, 0xFF	; 255
    2244:	b9 01       	movw	r22, r18
    2246:	0e 94 8c 19 	call	0x3318	; 0x3318 <xTaskCheckForTimeOut>
    224a:	88 23       	and	r24, r24
    224c:	09 f5       	brne	.+66     	; 0x2290 <xQueueGenericSend+0x11a>
		{
			if( prvIsQueueFull( pxQueue ) != pdFALSE )
    224e:	8d 81       	ldd	r24, Y+5	; 0x05
    2250:	9e 81       	ldd	r25, Y+6	; 0x06
    2252:	0e 94 5a 14 	call	0x28b4	; 0x28b4 <prvIsQueueFull>
    2256:	88 23       	and	r24, r24
    2258:	a1 f0       	breq	.+40     	; 0x2282 <xQueueGenericSend+0x10c>
			{
				traceBLOCKING_ON_QUEUE_SEND( pxQueue );
				vTaskPlaceOnEventList( &( pxQueue->xTasksWaitingToSend ), xTicksToWait );
    225a:	8d 81       	ldd	r24, Y+5	; 0x05
    225c:	9e 81       	ldd	r25, Y+6	; 0x06
    225e:	08 96       	adiw	r24, 0x08	; 8
    2260:	29 85       	ldd	r18, Y+9	; 0x09
    2262:	3a 85       	ldd	r19, Y+10	; 0x0a
    2264:	b9 01       	movw	r22, r18
    2266:	0e 94 d5 18 	call	0x31aa	; 0x31aa <vTaskPlaceOnEventList>
				/* Unlocking the queue means queue events can effect the
				event list.  It is possible	that interrupts occurring now
				remove this task from the event	list again - but as the
				scheduler is suspended the task will go onto the pending
				ready last instead of the actual ready list. */
				prvUnlockQueue( pxQueue );
    226a:	8d 81       	ldd	r24, Y+5	; 0x05
    226c:	9e 81       	ldd	r25, Y+6	; 0x06
    226e:	0e 94 d3 13 	call	0x27a6	; 0x27a6 <prvUnlockQueue>
				/* Resuming the scheduler will move tasks from the pending
				ready list into the ready list - so it is feasible that this
				task is already in a ready list before it yields - in which
				case the yield will not cause a context switch unless there
				is also a higher priority task in the pending ready list. */
				if( xTaskResumeAll() == pdFALSE )
    2272:	0e 94 db 16 	call	0x2db6	; 0x2db6 <xTaskResumeAll>
    2276:	88 23       	and	r24, r24
    2278:	09 f0       	breq	.+2      	; 0x227c <xQueueGenericSend+0x106>
    227a:	8f cf       	rjmp	.-226    	; 0x219a <xQueueGenericSend+0x24>
				{
					portYIELD_WITHIN_API();
    227c:	0e 94 ff 0e 	call	0x1dfe	; 0x1dfe <vPortYield>
    2280:	8c cf       	rjmp	.-232    	; 0x219a <xQueueGenericSend+0x24>
				}
			}
			else
			{
				/* Try again. */
				prvUnlockQueue( pxQueue );
    2282:	8d 81       	ldd	r24, Y+5	; 0x05
    2284:	9e 81       	ldd	r25, Y+6	; 0x06
    2286:	0e 94 d3 13 	call	0x27a6	; 0x27a6 <prvUnlockQueue>
				( void ) xTaskResumeAll();
    228a:	0e 94 db 16 	call	0x2db6	; 0x2db6 <xTaskResumeAll>
    228e:	85 cf       	rjmp	.-246    	; 0x219a <xQueueGenericSend+0x24>
			}
		}
		else
		{
			/* The timeout has expired. */
			prvUnlockQueue( pxQueue );
    2290:	8d 81       	ldd	r24, Y+5	; 0x05
    2292:	9e 81       	ldd	r25, Y+6	; 0x06
    2294:	0e 94 d3 13 	call	0x27a6	; 0x27a6 <prvUnlockQueue>
			( void ) xTaskResumeAll();
    2298:	0e 94 db 16 	call	0x2db6	; 0x2db6 <xTaskResumeAll>

			/* Return to the original privilege level before exiting the
			function. */
			traceQUEUE_SEND_FAILED( pxQueue );
			return errQUEUE_FULL;
    229c:	1c 86       	std	Y+12, r1	; 0x0c
    229e:	8c 85       	ldd	r24, Y+12	; 0x0c
		}
	}
}
    22a0:	2c 96       	adiw	r28, 0x0c	; 12
    22a2:	0f b6       	in	r0, 0x3f	; 63
    22a4:	f8 94       	cli
    22a6:	de bf       	out	0x3e, r29	; 62
    22a8:	0f be       	out	0x3f, r0	; 63
    22aa:	cd bf       	out	0x3d, r28	; 61
    22ac:	cf 91       	pop	r28
    22ae:	df 91       	pop	r29
    22b0:	08 95       	ret

000022b2 <xQueueGenericSendFromISR>:

#endif /* configUSE_ALTERNATIVE_API */
/*-----------------------------------------------------------*/

signed portBASE_TYPE xQueueGenericSendFromISR( xQueueHandle pxQueue, const void * const pvItemToQueue, signed portBASE_TYPE *pxHigherPriorityTaskWoken, portBASE_TYPE xCopyPosition )
{
    22b2:	df 93       	push	r29
    22b4:	cf 93       	push	r28
    22b6:	cd b7       	in	r28, 0x3d	; 61
    22b8:	de b7       	in	r29, 0x3e	; 62
    22ba:	29 97       	sbiw	r28, 0x09	; 9
    22bc:	0f b6       	in	r0, 0x3f	; 63
    22be:	f8 94       	cli
    22c0:	de bf       	out	0x3e, r29	; 62
    22c2:	0f be       	out	0x3f, r0	; 63
    22c4:	cd bf       	out	0x3d, r28	; 61
    22c6:	9c 83       	std	Y+4, r25	; 0x04
    22c8:	8b 83       	std	Y+3, r24	; 0x03
    22ca:	7e 83       	std	Y+6, r23	; 0x06
    22cc:	6d 83       	std	Y+5, r22	; 0x05
    22ce:	58 87       	std	Y+8, r21	; 0x08
    22d0:	4f 83       	std	Y+7, r20	; 0x07
    22d2:	29 87       	std	Y+9, r18	; 0x09
	/* Similar to xQueueGenericSend, except we don't block if there is no room
	in the queue.  Also we don't directly wake a task that was blocked on a
	queue read, instead we return a flag to say whether a context switch is
	required or not (i.e. has a task with a higher priority than us been woken
	by this	post). */
	uxSavedInterruptStatus = portSET_INTERRUPT_MASK_FROM_ISR();
    22d4:	19 82       	std	Y+1, r1	; 0x01
	{
		if( pxQueue->uxMessagesWaiting < pxQueue->uxLength )
    22d6:	eb 81       	ldd	r30, Y+3	; 0x03
    22d8:	fc 81       	ldd	r31, Y+4	; 0x04
    22da:	92 8d       	ldd	r25, Z+26	; 0x1a
    22dc:	eb 81       	ldd	r30, Y+3	; 0x03
    22de:	fc 81       	ldd	r31, Y+4	; 0x04
    22e0:	83 8d       	ldd	r24, Z+27	; 0x1b
    22e2:	98 17       	cp	r25, r24
    22e4:	40 f5       	brcc	.+80     	; 0x2336 <xQueueGenericSendFromISR+0x84>
		{
			traceQUEUE_SEND_FROM_ISR( pxQueue );

			prvCopyDataToQueue( pxQueue, pvItemToQueue, xCopyPosition );
    22e6:	8b 81       	ldd	r24, Y+3	; 0x03
    22e8:	9c 81       	ldd	r25, Y+4	; 0x04
    22ea:	2d 81       	ldd	r18, Y+5	; 0x05
    22ec:	3e 81       	ldd	r19, Y+6	; 0x06
    22ee:	b9 01       	movw	r22, r18
    22f0:	49 85       	ldd	r20, Y+9	; 0x09
    22f2:	0e 94 f6 12 	call	0x25ec	; 0x25ec <prvCopyDataToQueue>

			/* If the queue is locked we do not alter the event list.  This will
			be done when the queue is unlocked later. */
			if( pxQueue->xTxLock == queueUNLOCKED )
    22f6:	eb 81       	ldd	r30, Y+3	; 0x03
    22f8:	fc 81       	ldd	r31, Y+4	; 0x04
    22fa:	86 8d       	ldd	r24, Z+30	; 0x1e
    22fc:	8f 3f       	cpi	r24, 0xFF	; 255
    22fe:	89 f4       	brne	.+34     	; 0x2322 <xQueueGenericSendFromISR+0x70>
			{
				if( listLIST_IS_EMPTY( &( pxQueue->xTasksWaitingToReceive ) ) == pdFALSE )
    2300:	eb 81       	ldd	r30, Y+3	; 0x03
    2302:	fc 81       	ldd	r31, Y+4	; 0x04
    2304:	81 89       	ldd	r24, Z+17	; 0x11
    2306:	88 23       	and	r24, r24
    2308:	99 f0       	breq	.+38     	; 0x2330 <xQueueGenericSendFromISR+0x7e>
				{
					if( xTaskRemoveFromEventList( &( pxQueue->xTasksWaitingToReceive ) ) != pdFALSE )
    230a:	8b 81       	ldd	r24, Y+3	; 0x03
    230c:	9c 81       	ldd	r25, Y+4	; 0x04
    230e:	41 96       	adiw	r24, 0x11	; 17
    2310:	0e 94 0b 19 	call	0x3216	; 0x3216 <xTaskRemoveFromEventList>
    2314:	88 23       	and	r24, r24
    2316:	61 f0       	breq	.+24     	; 0x2330 <xQueueGenericSendFromISR+0x7e>
					{
						/* The task waiting has a higher priority so record that a
						context	switch is required. */
						*pxHigherPriorityTaskWoken = pdTRUE;
    2318:	ef 81       	ldd	r30, Y+7	; 0x07
    231a:	f8 85       	ldd	r31, Y+8	; 0x08
    231c:	81 e0       	ldi	r24, 0x01	; 1
    231e:	80 83       	st	Z, r24
    2320:	07 c0       	rjmp	.+14     	; 0x2330 <xQueueGenericSendFromISR+0x7e>
			}
			else
			{
				/* Increment the lock count so the task that unlocks the queue
				knows that data was posted while it was locked. */
				++( pxQueue->xTxLock );
    2322:	eb 81       	ldd	r30, Y+3	; 0x03
    2324:	fc 81       	ldd	r31, Y+4	; 0x04
    2326:	86 8d       	ldd	r24, Z+30	; 0x1e
    2328:	8f 5f       	subi	r24, 0xFF	; 255
    232a:	eb 81       	ldd	r30, Y+3	; 0x03
    232c:	fc 81       	ldd	r31, Y+4	; 0x04
    232e:	86 8f       	std	Z+30, r24	; 0x1e
			}

			xReturn = pdPASS;
    2330:	81 e0       	ldi	r24, 0x01	; 1
    2332:	8a 83       	std	Y+2, r24	; 0x02
    2334:	01 c0       	rjmp	.+2      	; 0x2338 <xQueueGenericSendFromISR+0x86>
		}
		else
		{
			traceQUEUE_SEND_FROM_ISR_FAILED( pxQueue );
			xReturn = errQUEUE_FULL;
    2336:	1a 82       	std	Y+2, r1	; 0x02
		}
	}
	portCLEAR_INTERRUPT_MASK_FROM_ISR( uxSavedInterruptStatus );

	return xReturn;
    2338:	8a 81       	ldd	r24, Y+2	; 0x02
}
    233a:	29 96       	adiw	r28, 0x09	; 9
    233c:	0f b6       	in	r0, 0x3f	; 63
    233e:	f8 94       	cli
    2340:	de bf       	out	0x3e, r29	; 62
    2342:	0f be       	out	0x3f, r0	; 63
    2344:	cd bf       	out	0x3d, r28	; 61
    2346:	cf 91       	pop	r28
    2348:	df 91       	pop	r29
    234a:	08 95       	ret

0000234c <xQueueGenericReceive>:
/*-----------------------------------------------------------*/

signed portBASE_TYPE xQueueGenericReceive( xQueueHandle pxQueue, void * const pvBuffer, portTickType xTicksToWait, portBASE_TYPE xJustPeeking )
{
    234c:	df 93       	push	r29
    234e:	cf 93       	push	r28
    2350:	cd b7       	in	r28, 0x3d	; 61
    2352:	de b7       	in	r29, 0x3e	; 62
    2354:	2e 97       	sbiw	r28, 0x0e	; 14
    2356:	0f b6       	in	r0, 0x3f	; 63
    2358:	f8 94       	cli
    235a:	de bf       	out	0x3e, r29	; 62
    235c:	0f be       	out	0x3f, r0	; 63
    235e:	cd bf       	out	0x3d, r28	; 61
    2360:	98 87       	std	Y+8, r25	; 0x08
    2362:	8f 83       	std	Y+7, r24	; 0x07
    2364:	7a 87       	std	Y+10, r23	; 0x0a
    2366:	69 87       	std	Y+9, r22	; 0x09
    2368:	5c 87       	std	Y+12, r21	; 0x0c
    236a:	4b 87       	std	Y+11, r20	; 0x0b
    236c:	2d 87       	std	Y+13, r18	; 0x0d
signed portBASE_TYPE xEntryTimeSet = pdFALSE;
    236e:	1b 82       	std	Y+3, r1	; 0x03
	statements within the function itself.  This is done in the interest
	of execution time efficiency. */

	for( ;; )
	{
		taskENTER_CRITICAL();
    2370:	0f b6       	in	r0, 0x3f	; 63
    2372:	f8 94       	cli
    2374:	0f 92       	push	r0
		{
			/* Is there data in the queue now?  To be running we must be
			the highest priority task wanting to access the queue. */
			if( pxQueue->uxMessagesWaiting > ( unsigned portBASE_TYPE ) 0 )
    2376:	ef 81       	ldd	r30, Y+7	; 0x07
    2378:	f8 85       	ldd	r31, Y+8	; 0x08
    237a:	82 8d       	ldd	r24, Z+26	; 0x1a
    237c:	88 23       	and	r24, r24
    237e:	09 f4       	brne	.+2      	; 0x2382 <xQueueGenericReceive+0x36>
    2380:	3f c0       	rjmp	.+126    	; 0x2400 <xQueueGenericReceive+0xb4>
			{
				/* Remember our read position in case we are just peeking. */
				pcOriginalReadPosition = pxQueue->pcReadFrom;
    2382:	ef 81       	ldd	r30, Y+7	; 0x07
    2384:	f8 85       	ldd	r31, Y+8	; 0x08
    2386:	86 81       	ldd	r24, Z+6	; 0x06
    2388:	97 81       	ldd	r25, Z+7	; 0x07
    238a:	9a 83       	std	Y+2, r25	; 0x02
    238c:	89 83       	std	Y+1, r24	; 0x01

				prvCopyDataFromQueue( pxQueue, pvBuffer );
    238e:	8f 81       	ldd	r24, Y+7	; 0x07
    2390:	98 85       	ldd	r25, Y+8	; 0x08
    2392:	29 85       	ldd	r18, Y+9	; 0x09
    2394:	3a 85       	ldd	r19, Y+10	; 0x0a
    2396:	b9 01       	movw	r22, r18
    2398:	0e 94 8b 13 	call	0x2716	; 0x2716 <prvCopyDataFromQueue>

				if( xJustPeeking == pdFALSE )
    239c:	8d 85       	ldd	r24, Y+13	; 0x0d
    239e:	88 23       	and	r24, r24
    23a0:	b1 f4       	brne	.+44     	; 0x23ce <xQueueGenericReceive+0x82>
				{
					traceQUEUE_RECEIVE( pxQueue );

					/* We are actually removing data. */
					--( pxQueue->uxMessagesWaiting );
    23a2:	ef 81       	ldd	r30, Y+7	; 0x07
    23a4:	f8 85       	ldd	r31, Y+8	; 0x08
    23a6:	82 8d       	ldd	r24, Z+26	; 0x1a
    23a8:	81 50       	subi	r24, 0x01	; 1
    23aa:	ef 81       	ldd	r30, Y+7	; 0x07
    23ac:	f8 85       	ldd	r31, Y+8	; 0x08
    23ae:	82 8f       	std	Z+26, r24	; 0x1a
							pxQueue->pxMutexHolder = xTaskGetCurrentTaskHandle();
						}
					}
					#endif

					if( listLIST_IS_EMPTY( &( pxQueue->xTasksWaitingToSend ) ) == pdFALSE )
    23b0:	ef 81       	ldd	r30, Y+7	; 0x07
    23b2:	f8 85       	ldd	r31, Y+8	; 0x08
    23b4:	80 85       	ldd	r24, Z+8	; 0x08
    23b6:	88 23       	and	r24, r24
    23b8:	f1 f0       	breq	.+60     	; 0x23f6 <xQueueGenericReceive+0xaa>
					{
						if( xTaskRemoveFromEventList( &( pxQueue->xTasksWaitingToSend ) ) == pdTRUE )
    23ba:	8f 81       	ldd	r24, Y+7	; 0x07
    23bc:	98 85       	ldd	r25, Y+8	; 0x08
    23be:	08 96       	adiw	r24, 0x08	; 8
    23c0:	0e 94 0b 19 	call	0x3216	; 0x3216 <xTaskRemoveFromEventList>
    23c4:	81 30       	cpi	r24, 0x01	; 1
    23c6:	b9 f4       	brne	.+46     	; 0x23f6 <xQueueGenericReceive+0xaa>
						{
							portYIELD_WITHIN_API();
    23c8:	0e 94 ff 0e 	call	0x1dfe	; 0x1dfe <vPortYield>
    23cc:	14 c0       	rjmp	.+40     	; 0x23f6 <xQueueGenericReceive+0xaa>
				{
					traceQUEUE_PEEK( pxQueue );

					/* We are not removing the data, so reset our read
					pointer. */
					pxQueue->pcReadFrom = pcOriginalReadPosition;
    23ce:	ef 81       	ldd	r30, Y+7	; 0x07
    23d0:	f8 85       	ldd	r31, Y+8	; 0x08
    23d2:	89 81       	ldd	r24, Y+1	; 0x01
    23d4:	9a 81       	ldd	r25, Y+2	; 0x02
    23d6:	97 83       	std	Z+7, r25	; 0x07
    23d8:	86 83       	std	Z+6, r24	; 0x06

					/* The data is being left in the queue, so see if there are
					any other tasks waiting for the data. */
					if( listLIST_IS_EMPTY( &( pxQueue->xTasksWaitingToReceive ) ) == pdFALSE )
    23da:	ef 81       	ldd	r30, Y+7	; 0x07
    23dc:	f8 85       	ldd	r31, Y+8	; 0x08
    23de:	81 89       	ldd	r24, Z+17	; 0x11
    23e0:	88 23       	and	r24, r24
    23e2:	49 f0       	breq	.+18     	; 0x23f6 <xQueueGenericReceive+0xaa>
					{
						/* Tasks that are removed from the event list will get added to
						the pending ready list as the scheduler is still suspended. */
						if( xTaskRemoveFromEventList( &( pxQueue->xTasksWaitingToReceive ) ) != pdFALSE )
    23e4:	8f 81       	ldd	r24, Y+7	; 0x07
    23e6:	98 85       	ldd	r25, Y+8	; 0x08
    23e8:	41 96       	adiw	r24, 0x11	; 17
    23ea:	0e 94 0b 19 	call	0x3216	; 0x3216 <xTaskRemoveFromEventList>
    23ee:	88 23       	and	r24, r24
    23f0:	11 f0       	breq	.+4      	; 0x23f6 <xQueueGenericReceive+0xaa>
						{
							/* The task waiting has a higher priority than this task. */
							portYIELD_WITHIN_API();
    23f2:	0e 94 ff 0e 	call	0x1dfe	; 0x1dfe <vPortYield>
						}
					}

				}

				taskEXIT_CRITICAL();
    23f6:	0f 90       	pop	r0
    23f8:	0f be       	out	0x3f, r0	; 63
				return pdPASS;
    23fa:	81 e0       	ldi	r24, 0x01	; 1
    23fc:	8e 87       	std	Y+14, r24	; 0x0e
    23fe:	5c c0       	rjmp	.+184    	; 0x24b8 <xQueueGenericReceive+0x16c>
			}
			else
			{
				if( xTicksToWait == ( portTickType ) 0 )
    2400:	8b 85       	ldd	r24, Y+11	; 0x0b
    2402:	9c 85       	ldd	r25, Y+12	; 0x0c
    2404:	00 97       	sbiw	r24, 0x00	; 0
    2406:	21 f4       	brne	.+8      	; 0x2410 <xQueueGenericReceive+0xc4>
				{
					/* The queue was empty and no block time is specified (or
					the block time has expired) so leave now. */
					taskEXIT_CRITICAL();
    2408:	0f 90       	pop	r0
    240a:	0f be       	out	0x3f, r0	; 63
					traceQUEUE_RECEIVE_FAILED( pxQueue );
					return errQUEUE_EMPTY;
    240c:	1e 86       	std	Y+14, r1	; 0x0e
    240e:	54 c0       	rjmp	.+168    	; 0x24b8 <xQueueGenericReceive+0x16c>
				}
				else if( xEntryTimeSet == pdFALSE )
    2410:	8b 81       	ldd	r24, Y+3	; 0x03
    2412:	88 23       	and	r24, r24
    2414:	31 f4       	brne	.+12     	; 0x2422 <xQueueGenericReceive+0xd6>
				{
					/* The queue was empty and a block time was specified so
					configure the timeout structure. */
					vTaskSetTimeOutState( &xTimeOut );
    2416:	ce 01       	movw	r24, r28
    2418:	04 96       	adiw	r24, 0x04	; 4
    241a:	0e 94 73 19 	call	0x32e6	; 0x32e6 <vTaskSetTimeOutState>
					xEntryTimeSet = pdTRUE;
    241e:	81 e0       	ldi	r24, 0x01	; 1
    2420:	8b 83       	std	Y+3, r24	; 0x03
				}
			}
		}
		taskEXIT_CRITICAL();
    2422:	0f 90       	pop	r0
    2424:	0f be       	out	0x3f, r0	; 63

		/* Interrupts and other tasks can send to and receive from the queue
		now the critical section has been exited. */

		vTaskSuspendAll();
    2426:	0e 94 cf 16 	call	0x2d9e	; 0x2d9e <vTaskSuspendAll>
		prvLockQueue( pxQueue );
    242a:	0f b6       	in	r0, 0x3f	; 63
    242c:	f8 94       	cli
    242e:	0f 92       	push	r0
    2430:	ef 81       	ldd	r30, Y+7	; 0x07
    2432:	f8 85       	ldd	r31, Y+8	; 0x08
    2434:	85 8d       	ldd	r24, Z+29	; 0x1d
    2436:	8f 3f       	cpi	r24, 0xFF	; 255
    2438:	19 f4       	brne	.+6      	; 0x2440 <xQueueGenericReceive+0xf4>
    243a:	ef 81       	ldd	r30, Y+7	; 0x07
    243c:	f8 85       	ldd	r31, Y+8	; 0x08
    243e:	15 8e       	std	Z+29, r1	; 0x1d
    2440:	ef 81       	ldd	r30, Y+7	; 0x07
    2442:	f8 85       	ldd	r31, Y+8	; 0x08
    2444:	86 8d       	ldd	r24, Z+30	; 0x1e
    2446:	8f 3f       	cpi	r24, 0xFF	; 255
    2448:	19 f4       	brne	.+6      	; 0x2450 <xQueueGenericReceive+0x104>
    244a:	ef 81       	ldd	r30, Y+7	; 0x07
    244c:	f8 85       	ldd	r31, Y+8	; 0x08
    244e:	16 8e       	std	Z+30, r1	; 0x1e
    2450:	0f 90       	pop	r0
    2452:	0f be       	out	0x3f, r0	; 63

		/* Update the timeout state to see if it has expired yet. */
		if( xTaskCheckForTimeOut( &xTimeOut, &xTicksToWait ) == pdFALSE )
    2454:	ce 01       	movw	r24, r28
    2456:	04 96       	adiw	r24, 0x04	; 4
    2458:	9e 01       	movw	r18, r28
    245a:	25 5f       	subi	r18, 0xF5	; 245
    245c:	3f 4f       	sbci	r19, 0xFF	; 255
    245e:	b9 01       	movw	r22, r18
    2460:	0e 94 8c 19 	call	0x3318	; 0x3318 <xTaskCheckForTimeOut>
    2464:	88 23       	and	r24, r24
    2466:	09 f5       	brne	.+66     	; 0x24aa <xQueueGenericReceive+0x15e>
		{
			if( prvIsQueueEmpty( pxQueue ) != pdFALSE )
    2468:	8f 81       	ldd	r24, Y+7	; 0x07
    246a:	98 85       	ldd	r25, Y+8	; 0x08
    246c:	0e 94 27 14 	call	0x284e	; 0x284e <prvIsQueueEmpty>
    2470:	88 23       	and	r24, r24
    2472:	a1 f0       	breq	.+40     	; 0x249c <xQueueGenericReceive+0x150>
						portEXIT_CRITICAL();
					}
				}
				#endif

				vTaskPlaceOnEventList( &( pxQueue->xTasksWaitingToReceive ), xTicksToWait );
    2474:	8f 81       	ldd	r24, Y+7	; 0x07
    2476:	98 85       	ldd	r25, Y+8	; 0x08
    2478:	41 96       	adiw	r24, 0x11	; 17
    247a:	2b 85       	ldd	r18, Y+11	; 0x0b
    247c:	3c 85       	ldd	r19, Y+12	; 0x0c
    247e:	b9 01       	movw	r22, r18
    2480:	0e 94 d5 18 	call	0x31aa	; 0x31aa <vTaskPlaceOnEventList>
				prvUnlockQueue( pxQueue );
    2484:	8f 81       	ldd	r24, Y+7	; 0x07
    2486:	98 85       	ldd	r25, Y+8	; 0x08
    2488:	0e 94 d3 13 	call	0x27a6	; 0x27a6 <prvUnlockQueue>
				if( xTaskResumeAll() == pdFALSE )
    248c:	0e 94 db 16 	call	0x2db6	; 0x2db6 <xTaskResumeAll>
    2490:	88 23       	and	r24, r24
    2492:	09 f0       	breq	.+2      	; 0x2496 <xQueueGenericReceive+0x14a>
    2494:	6d cf       	rjmp	.-294    	; 0x2370 <xQueueGenericReceive+0x24>
				{
					portYIELD_WITHIN_API();
    2496:	0e 94 ff 0e 	call	0x1dfe	; 0x1dfe <vPortYield>
    249a:	6a cf       	rjmp	.-300    	; 0x2370 <xQueueGenericReceive+0x24>
				}
			}
			else
			{
				/* Try again. */
				prvUnlockQueue( pxQueue );
    249c:	8f 81       	ldd	r24, Y+7	; 0x07
    249e:	98 85       	ldd	r25, Y+8	; 0x08
    24a0:	0e 94 d3 13 	call	0x27a6	; 0x27a6 <prvUnlockQueue>
				( void ) xTaskResumeAll();
    24a4:	0e 94 db 16 	call	0x2db6	; 0x2db6 <xTaskResumeAll>
    24a8:	63 cf       	rjmp	.-314    	; 0x2370 <xQueueGenericReceive+0x24>
			}
		}
		else
		{
			prvUnlockQueue( pxQueue );
    24aa:	8f 81       	ldd	r24, Y+7	; 0x07
    24ac:	98 85       	ldd	r25, Y+8	; 0x08
    24ae:	0e 94 d3 13 	call	0x27a6	; 0x27a6 <prvUnlockQueue>
			( void ) xTaskResumeAll();
    24b2:	0e 94 db 16 	call	0x2db6	; 0x2db6 <xTaskResumeAll>
			traceQUEUE_RECEIVE_FAILED( pxQueue );
			return errQUEUE_EMPTY;
    24b6:	1e 86       	std	Y+14, r1	; 0x0e
    24b8:	8e 85       	ldd	r24, Y+14	; 0x0e
		}
	}
}
    24ba:	2e 96       	adiw	r28, 0x0e	; 14
    24bc:	0f b6       	in	r0, 0x3f	; 63
    24be:	f8 94       	cli
    24c0:	de bf       	out	0x3e, r29	; 62
    24c2:	0f be       	out	0x3f, r0	; 63
    24c4:	cd bf       	out	0x3d, r28	; 61
    24c6:	cf 91       	pop	r28
    24c8:	df 91       	pop	r29
    24ca:	08 95       	ret

000024cc <xQueueReceiveFromISR>:
/*-----------------------------------------------------------*/

signed portBASE_TYPE xQueueReceiveFromISR( xQueueHandle pxQueue, void * const pvBuffer, signed portBASE_TYPE *pxTaskWoken )
{
    24cc:	df 93       	push	r29
    24ce:	cf 93       	push	r28
    24d0:	cd b7       	in	r28, 0x3d	; 61
    24d2:	de b7       	in	r29, 0x3e	; 62
    24d4:	28 97       	sbiw	r28, 0x08	; 8
    24d6:	0f b6       	in	r0, 0x3f	; 63
    24d8:	f8 94       	cli
    24da:	de bf       	out	0x3e, r29	; 62
    24dc:	0f be       	out	0x3f, r0	; 63
    24de:	cd bf       	out	0x3d, r28	; 61
    24e0:	9c 83       	std	Y+4, r25	; 0x04
    24e2:	8b 83       	std	Y+3, r24	; 0x03
    24e4:	7e 83       	std	Y+6, r23	; 0x06
    24e6:	6d 83       	std	Y+5, r22	; 0x05
    24e8:	58 87       	std	Y+8, r21	; 0x08
    24ea:	4f 83       	std	Y+7, r20	; 0x07

	configASSERT( pxQueue );
	configASSERT( pxTaskWoken );
	configASSERT( !( ( pvBuffer == NULL ) && ( pxQueue->uxItemSize != ( unsigned portBASE_TYPE ) 0U ) ) );

	uxSavedInterruptStatus = portSET_INTERRUPT_MASK_FROM_ISR();
    24ec:	19 82       	std	Y+1, r1	; 0x01
	{
		/* We cannot block from an ISR, so check there is data available. */
		if( pxQueue->uxMessagesWaiting > ( unsigned portBASE_TYPE ) 0 )
    24ee:	eb 81       	ldd	r30, Y+3	; 0x03
    24f0:	fc 81       	ldd	r31, Y+4	; 0x04
    24f2:	82 8d       	ldd	r24, Z+26	; 0x1a
    24f4:	88 23       	and	r24, r24
    24f6:	71 f1       	breq	.+92     	; 0x2554 <xQueueReceiveFromISR+0x88>
		{
			traceQUEUE_RECEIVE_FROM_ISR( pxQueue );

			prvCopyDataFromQueue( pxQueue, pvBuffer );
    24f8:	8b 81       	ldd	r24, Y+3	; 0x03
    24fa:	9c 81       	ldd	r25, Y+4	; 0x04
    24fc:	2d 81       	ldd	r18, Y+5	; 0x05
    24fe:	3e 81       	ldd	r19, Y+6	; 0x06
    2500:	b9 01       	movw	r22, r18
    2502:	0e 94 8b 13 	call	0x2716	; 0x2716 <prvCopyDataFromQueue>
			--( pxQueue->uxMessagesWaiting );
    2506:	eb 81       	ldd	r30, Y+3	; 0x03
    2508:	fc 81       	ldd	r31, Y+4	; 0x04
    250a:	82 8d       	ldd	r24, Z+26	; 0x1a
    250c:	81 50       	subi	r24, 0x01	; 1
    250e:	eb 81       	ldd	r30, Y+3	; 0x03
    2510:	fc 81       	ldd	r31, Y+4	; 0x04
    2512:	82 8f       	std	Z+26, r24	; 0x1a

			/* If the queue is locked we will not modify the event list.  Instead
			we update the lock count so the task that unlocks the queue will know
			that an ISR has removed data while the queue was locked. */
			if( pxQueue->xRxLock == queueUNLOCKED )
    2514:	eb 81       	ldd	r30, Y+3	; 0x03
    2516:	fc 81       	ldd	r31, Y+4	; 0x04
    2518:	85 8d       	ldd	r24, Z+29	; 0x1d
    251a:	8f 3f       	cpi	r24, 0xFF	; 255
    251c:	89 f4       	brne	.+34     	; 0x2540 <xQueueReceiveFromISR+0x74>
			{
				if( listLIST_IS_EMPTY( &( pxQueue->xTasksWaitingToSend ) ) == pdFALSE )
    251e:	eb 81       	ldd	r30, Y+3	; 0x03
    2520:	fc 81       	ldd	r31, Y+4	; 0x04
    2522:	80 85       	ldd	r24, Z+8	; 0x08
    2524:	88 23       	and	r24, r24
    2526:	99 f0       	breq	.+38     	; 0x254e <xQueueReceiveFromISR+0x82>
				{
					if( xTaskRemoveFromEventList( &( pxQueue->xTasksWaitingToSend ) ) != pdFALSE )
    2528:	8b 81       	ldd	r24, Y+3	; 0x03
    252a:	9c 81       	ldd	r25, Y+4	; 0x04
    252c:	08 96       	adiw	r24, 0x08	; 8
    252e:	0e 94 0b 19 	call	0x3216	; 0x3216 <xTaskRemoveFromEventList>
    2532:	88 23       	and	r24, r24
    2534:	61 f0       	breq	.+24     	; 0x254e <xQueueReceiveFromISR+0x82>
					{
						/* The task waiting has a higher priority than us so
						force a context switch. */
						*pxTaskWoken = pdTRUE;
    2536:	ef 81       	ldd	r30, Y+7	; 0x07
    2538:	f8 85       	ldd	r31, Y+8	; 0x08
    253a:	81 e0       	ldi	r24, 0x01	; 1
    253c:	80 83       	st	Z, r24
    253e:	07 c0       	rjmp	.+14     	; 0x254e <xQueueReceiveFromISR+0x82>
			}
			else
			{
				/* Increment the lock count so the task that unlocks the queue
				knows that data was removed while it was locked. */
				++( pxQueue->xRxLock );
    2540:	eb 81       	ldd	r30, Y+3	; 0x03
    2542:	fc 81       	ldd	r31, Y+4	; 0x04
    2544:	85 8d       	ldd	r24, Z+29	; 0x1d
    2546:	8f 5f       	subi	r24, 0xFF	; 255
    2548:	eb 81       	ldd	r30, Y+3	; 0x03
    254a:	fc 81       	ldd	r31, Y+4	; 0x04
    254c:	85 8f       	std	Z+29, r24	; 0x1d
			}

			xReturn = pdPASS;
    254e:	81 e0       	ldi	r24, 0x01	; 1
    2550:	8a 83       	std	Y+2, r24	; 0x02
    2552:	01 c0       	rjmp	.+2      	; 0x2556 <xQueueReceiveFromISR+0x8a>
		}
		else
		{
			xReturn = pdFAIL;
    2554:	1a 82       	std	Y+2, r1	; 0x02
			traceQUEUE_RECEIVE_FROM_ISR_FAILED( pxQueue );
		}
	}
	portCLEAR_INTERRUPT_MASK_FROM_ISR( uxSavedInterruptStatus );

	return xReturn;
    2556:	8a 81       	ldd	r24, Y+2	; 0x02
}
    2558:	28 96       	adiw	r28, 0x08	; 8
    255a:	0f b6       	in	r0, 0x3f	; 63
    255c:	f8 94       	cli
    255e:	de bf       	out	0x3e, r29	; 62
    2560:	0f be       	out	0x3f, r0	; 63
    2562:	cd bf       	out	0x3d, r28	; 61
    2564:	cf 91       	pop	r28
    2566:	df 91       	pop	r29
    2568:	08 95       	ret

0000256a <uxQueueMessagesWaiting>:
/*-----------------------------------------------------------*/

unsigned portBASE_TYPE uxQueueMessagesWaiting( const xQueueHandle pxQueue )
{
    256a:	df 93       	push	r29
    256c:	cf 93       	push	r28
    256e:	00 d0       	rcall	.+0      	; 0x2570 <uxQueueMessagesWaiting+0x6>
    2570:	0f 92       	push	r0
    2572:	cd b7       	in	r28, 0x3d	; 61
    2574:	de b7       	in	r29, 0x3e	; 62
    2576:	9b 83       	std	Y+3, r25	; 0x03
    2578:	8a 83       	std	Y+2, r24	; 0x02
unsigned portBASE_TYPE uxReturn;

	configASSERT( pxQueue );

	taskENTER_CRITICAL();
    257a:	0f b6       	in	r0, 0x3f	; 63
    257c:	f8 94       	cli
    257e:	0f 92       	push	r0
		uxReturn = pxQueue->uxMessagesWaiting;
    2580:	ea 81       	ldd	r30, Y+2	; 0x02
    2582:	fb 81       	ldd	r31, Y+3	; 0x03
    2584:	82 8d       	ldd	r24, Z+26	; 0x1a
    2586:	89 83       	std	Y+1, r24	; 0x01
	taskEXIT_CRITICAL();
    2588:	0f 90       	pop	r0
    258a:	0f be       	out	0x3f, r0	; 63

	return uxReturn;
    258c:	89 81       	ldd	r24, Y+1	; 0x01
}
    258e:	0f 90       	pop	r0
    2590:	0f 90       	pop	r0
    2592:	0f 90       	pop	r0
    2594:	cf 91       	pop	r28
    2596:	df 91       	pop	r29
    2598:	08 95       	ret

0000259a <uxQueueMessagesWaitingFromISR>:
/*-----------------------------------------------------------*/

unsigned portBASE_TYPE uxQueueMessagesWaitingFromISR( const xQueueHandle pxQueue )
{
    259a:	df 93       	push	r29
    259c:	cf 93       	push	r28
    259e:	00 d0       	rcall	.+0      	; 0x25a0 <uxQueueMessagesWaitingFromISR+0x6>
    25a0:	0f 92       	push	r0
    25a2:	cd b7       	in	r28, 0x3d	; 61
    25a4:	de b7       	in	r29, 0x3e	; 62
    25a6:	9b 83       	std	Y+3, r25	; 0x03
    25a8:	8a 83       	std	Y+2, r24	; 0x02
unsigned portBASE_TYPE uxReturn;

	configASSERT( pxQueue );

	uxReturn = pxQueue->uxMessagesWaiting;
    25aa:	ea 81       	ldd	r30, Y+2	; 0x02
    25ac:	fb 81       	ldd	r31, Y+3	; 0x03
    25ae:	82 8d       	ldd	r24, Z+26	; 0x1a
    25b0:	89 83       	std	Y+1, r24	; 0x01

	return uxReturn;
    25b2:	89 81       	ldd	r24, Y+1	; 0x01
}
    25b4:	0f 90       	pop	r0
    25b6:	0f 90       	pop	r0
    25b8:	0f 90       	pop	r0
    25ba:	cf 91       	pop	r28
    25bc:	df 91       	pop	r29
    25be:	08 95       	ret

000025c0 <vQueueDelete>:
/*-----------------------------------------------------------*/

void vQueueDelete( xQueueHandle pxQueue )
{
    25c0:	df 93       	push	r29
    25c2:	cf 93       	push	r28
    25c4:	00 d0       	rcall	.+0      	; 0x25c6 <vQueueDelete+0x6>
    25c6:	cd b7       	in	r28, 0x3d	; 61
    25c8:	de b7       	in	r29, 0x3e	; 62
    25ca:	9a 83       	std	Y+2, r25	; 0x02
    25cc:	89 83       	std	Y+1, r24	; 0x01
	configASSERT( pxQueue );

	traceQUEUE_DELETE( pxQueue );
	vQueueUnregisterQueue( pxQueue );
	vPortFree( pxQueue->pcHead );
    25ce:	e9 81       	ldd	r30, Y+1	; 0x01
    25d0:	fa 81       	ldd	r31, Y+2	; 0x02
    25d2:	80 81       	ld	r24, Z
    25d4:	91 81       	ldd	r25, Z+1	; 0x01
    25d6:	0e 94 3f 0b 	call	0x167e	; 0x167e <vPortFree>
	vPortFree( pxQueue );
    25da:	89 81       	ldd	r24, Y+1	; 0x01
    25dc:	9a 81       	ldd	r25, Y+2	; 0x02
    25de:	0e 94 3f 0b 	call	0x167e	; 0x167e <vPortFree>
}
    25e2:	0f 90       	pop	r0
    25e4:	0f 90       	pop	r0
    25e6:	cf 91       	pop	r28
    25e8:	df 91       	pop	r29
    25ea:	08 95       	ret

000025ec <prvCopyDataToQueue>:
/*-----------------------------------------------------------*/

static void prvCopyDataToQueue( xQUEUE *pxQueue, const void *pvItemToQueue, portBASE_TYPE xPosition )
{
    25ec:	df 93       	push	r29
    25ee:	cf 93       	push	r28
    25f0:	00 d0       	rcall	.+0      	; 0x25f2 <prvCopyDataToQueue+0x6>
    25f2:	00 d0       	rcall	.+0      	; 0x25f4 <prvCopyDataToQueue+0x8>
    25f4:	0f 92       	push	r0
    25f6:	cd b7       	in	r28, 0x3d	; 61
    25f8:	de b7       	in	r29, 0x3e	; 62
    25fa:	9a 83       	std	Y+2, r25	; 0x02
    25fc:	89 83       	std	Y+1, r24	; 0x01
    25fe:	7c 83       	std	Y+4, r23	; 0x04
    2600:	6b 83       	std	Y+3, r22	; 0x03
    2602:	4d 83       	std	Y+5, r20	; 0x05
	if( pxQueue->uxItemSize == ( unsigned portBASE_TYPE ) 0 )
    2604:	e9 81       	ldd	r30, Y+1	; 0x01
    2606:	fa 81       	ldd	r31, Y+2	; 0x02
    2608:	84 8d       	ldd	r24, Z+28	; 0x1c
    260a:	88 23       	and	r24, r24
    260c:	09 f4       	brne	.+2      	; 0x2610 <prvCopyDataToQueue+0x24>
    260e:	74 c0       	rjmp	.+232    	; 0x26f8 <prvCopyDataToQueue+0x10c>
				pxQueue->pxMutexHolder = NULL;
			}
		}
		#endif
	}
	else if( xPosition == queueSEND_TO_BACK )
    2610:	8d 81       	ldd	r24, Y+5	; 0x05
    2612:	88 23       	and	r24, r24
    2614:	99 f5       	brne	.+102    	; 0x267c <prvCopyDataToQueue+0x90>
	{
		memcpy( ( void * ) pxQueue->pcWriteTo, pvItemToQueue, ( unsigned ) pxQueue->uxItemSize );
    2616:	e9 81       	ldd	r30, Y+1	; 0x01
    2618:	fa 81       	ldd	r31, Y+2	; 0x02
    261a:	64 81       	ldd	r22, Z+4	; 0x04
    261c:	75 81       	ldd	r23, Z+5	; 0x05
    261e:	e9 81       	ldd	r30, Y+1	; 0x01
    2620:	fa 81       	ldd	r31, Y+2	; 0x02
    2622:	84 8d       	ldd	r24, Z+28	; 0x1c
    2624:	48 2f       	mov	r20, r24
    2626:	50 e0       	ldi	r21, 0x00	; 0
    2628:	2b 81       	ldd	r18, Y+3	; 0x03
    262a:	3c 81       	ldd	r19, Y+4	; 0x04
    262c:	cb 01       	movw	r24, r22
    262e:	b9 01       	movw	r22, r18
    2630:	0e 94 7e 1b 	call	0x36fc	; 0x36fc <memcpy>
		pxQueue->pcWriteTo += pxQueue->uxItemSize;
    2634:	e9 81       	ldd	r30, Y+1	; 0x01
    2636:	fa 81       	ldd	r31, Y+2	; 0x02
    2638:	24 81       	ldd	r18, Z+4	; 0x04
    263a:	35 81       	ldd	r19, Z+5	; 0x05
    263c:	e9 81       	ldd	r30, Y+1	; 0x01
    263e:	fa 81       	ldd	r31, Y+2	; 0x02
    2640:	84 8d       	ldd	r24, Z+28	; 0x1c
    2642:	88 2f       	mov	r24, r24
    2644:	90 e0       	ldi	r25, 0x00	; 0
    2646:	82 0f       	add	r24, r18
    2648:	93 1f       	adc	r25, r19
    264a:	e9 81       	ldd	r30, Y+1	; 0x01
    264c:	fa 81       	ldd	r31, Y+2	; 0x02
    264e:	95 83       	std	Z+5, r25	; 0x05
    2650:	84 83       	std	Z+4, r24	; 0x04
		if( pxQueue->pcWriteTo >= pxQueue->pcTail )
    2652:	e9 81       	ldd	r30, Y+1	; 0x01
    2654:	fa 81       	ldd	r31, Y+2	; 0x02
    2656:	24 81       	ldd	r18, Z+4	; 0x04
    2658:	35 81       	ldd	r19, Z+5	; 0x05
    265a:	e9 81       	ldd	r30, Y+1	; 0x01
    265c:	fa 81       	ldd	r31, Y+2	; 0x02
    265e:	82 81       	ldd	r24, Z+2	; 0x02
    2660:	93 81       	ldd	r25, Z+3	; 0x03
    2662:	28 17       	cp	r18, r24
    2664:	39 07       	cpc	r19, r25
    2666:	08 f4       	brcc	.+2      	; 0x266a <prvCopyDataToQueue+0x7e>
    2668:	47 c0       	rjmp	.+142    	; 0x26f8 <prvCopyDataToQueue+0x10c>
		{
			pxQueue->pcWriteTo = pxQueue->pcHead;
    266a:	e9 81       	ldd	r30, Y+1	; 0x01
    266c:	fa 81       	ldd	r31, Y+2	; 0x02
    266e:	80 81       	ld	r24, Z
    2670:	91 81       	ldd	r25, Z+1	; 0x01
    2672:	e9 81       	ldd	r30, Y+1	; 0x01
    2674:	fa 81       	ldd	r31, Y+2	; 0x02
    2676:	95 83       	std	Z+5, r25	; 0x05
    2678:	84 83       	std	Z+4, r24	; 0x04
    267a:	3e c0       	rjmp	.+124    	; 0x26f8 <prvCopyDataToQueue+0x10c>
		}
	}
	else
	{
		memcpy( ( void * ) pxQueue->pcReadFrom, pvItemToQueue, ( unsigned ) pxQueue->uxItemSize );
    267c:	e9 81       	ldd	r30, Y+1	; 0x01
    267e:	fa 81       	ldd	r31, Y+2	; 0x02
    2680:	66 81       	ldd	r22, Z+6	; 0x06
    2682:	77 81       	ldd	r23, Z+7	; 0x07
    2684:	e9 81       	ldd	r30, Y+1	; 0x01
    2686:	fa 81       	ldd	r31, Y+2	; 0x02
    2688:	84 8d       	ldd	r24, Z+28	; 0x1c
    268a:	48 2f       	mov	r20, r24
    268c:	50 e0       	ldi	r21, 0x00	; 0
    268e:	2b 81       	ldd	r18, Y+3	; 0x03
    2690:	3c 81       	ldd	r19, Y+4	; 0x04
    2692:	cb 01       	movw	r24, r22
    2694:	b9 01       	movw	r22, r18
    2696:	0e 94 7e 1b 	call	0x36fc	; 0x36fc <memcpy>
		pxQueue->pcReadFrom -= pxQueue->uxItemSize;
    269a:	e9 81       	ldd	r30, Y+1	; 0x01
    269c:	fa 81       	ldd	r31, Y+2	; 0x02
    269e:	26 81       	ldd	r18, Z+6	; 0x06
    26a0:	37 81       	ldd	r19, Z+7	; 0x07
    26a2:	e9 81       	ldd	r30, Y+1	; 0x01
    26a4:	fa 81       	ldd	r31, Y+2	; 0x02
    26a6:	84 8d       	ldd	r24, Z+28	; 0x1c
    26a8:	88 2f       	mov	r24, r24
    26aa:	90 e0       	ldi	r25, 0x00	; 0
    26ac:	90 95       	com	r25
    26ae:	81 95       	neg	r24
    26b0:	9f 4f       	sbci	r25, 0xFF	; 255
    26b2:	82 0f       	add	r24, r18
    26b4:	93 1f       	adc	r25, r19
    26b6:	e9 81       	ldd	r30, Y+1	; 0x01
    26b8:	fa 81       	ldd	r31, Y+2	; 0x02
    26ba:	97 83       	std	Z+7, r25	; 0x07
    26bc:	86 83       	std	Z+6, r24	; 0x06
		if( pxQueue->pcReadFrom < pxQueue->pcHead )
    26be:	e9 81       	ldd	r30, Y+1	; 0x01
    26c0:	fa 81       	ldd	r31, Y+2	; 0x02
    26c2:	26 81       	ldd	r18, Z+6	; 0x06
    26c4:	37 81       	ldd	r19, Z+7	; 0x07
    26c6:	e9 81       	ldd	r30, Y+1	; 0x01
    26c8:	fa 81       	ldd	r31, Y+2	; 0x02
    26ca:	80 81       	ld	r24, Z
    26cc:	91 81       	ldd	r25, Z+1	; 0x01
    26ce:	28 17       	cp	r18, r24
    26d0:	39 07       	cpc	r19, r25
    26d2:	90 f4       	brcc	.+36     	; 0x26f8 <prvCopyDataToQueue+0x10c>
		{
			pxQueue->pcReadFrom = ( pxQueue->pcTail - pxQueue->uxItemSize );
    26d4:	e9 81       	ldd	r30, Y+1	; 0x01
    26d6:	fa 81       	ldd	r31, Y+2	; 0x02
    26d8:	22 81       	ldd	r18, Z+2	; 0x02
    26da:	33 81       	ldd	r19, Z+3	; 0x03
    26dc:	e9 81       	ldd	r30, Y+1	; 0x01
    26de:	fa 81       	ldd	r31, Y+2	; 0x02
    26e0:	84 8d       	ldd	r24, Z+28	; 0x1c
    26e2:	88 2f       	mov	r24, r24
    26e4:	90 e0       	ldi	r25, 0x00	; 0
    26e6:	90 95       	com	r25
    26e8:	81 95       	neg	r24
    26ea:	9f 4f       	sbci	r25, 0xFF	; 255
    26ec:	82 0f       	add	r24, r18
    26ee:	93 1f       	adc	r25, r19
    26f0:	e9 81       	ldd	r30, Y+1	; 0x01
    26f2:	fa 81       	ldd	r31, Y+2	; 0x02
    26f4:	97 83       	std	Z+7, r25	; 0x07
    26f6:	86 83       	std	Z+6, r24	; 0x06
		}
	}

	++( pxQueue->uxMessagesWaiting );
    26f8:	e9 81       	ldd	r30, Y+1	; 0x01
    26fa:	fa 81       	ldd	r31, Y+2	; 0x02
    26fc:	82 8d       	ldd	r24, Z+26	; 0x1a
    26fe:	8f 5f       	subi	r24, 0xFF	; 255
    2700:	e9 81       	ldd	r30, Y+1	; 0x01
    2702:	fa 81       	ldd	r31, Y+2	; 0x02
    2704:	82 8f       	std	Z+26, r24	; 0x1a
}
    2706:	0f 90       	pop	r0
    2708:	0f 90       	pop	r0
    270a:	0f 90       	pop	r0
    270c:	0f 90       	pop	r0
    270e:	0f 90       	pop	r0
    2710:	cf 91       	pop	r28
    2712:	df 91       	pop	r29
    2714:	08 95       	ret

00002716 <prvCopyDataFromQueue>:
/*-----------------------------------------------------------*/

static void prvCopyDataFromQueue( xQUEUE * const pxQueue, const void *pvBuffer )
{
    2716:	df 93       	push	r29
    2718:	cf 93       	push	r28
    271a:	00 d0       	rcall	.+0      	; 0x271c <prvCopyDataFromQueue+0x6>
    271c:	00 d0       	rcall	.+0      	; 0x271e <prvCopyDataFromQueue+0x8>
    271e:	cd b7       	in	r28, 0x3d	; 61
    2720:	de b7       	in	r29, 0x3e	; 62
    2722:	9a 83       	std	Y+2, r25	; 0x02
    2724:	89 83       	std	Y+1, r24	; 0x01
    2726:	7c 83       	std	Y+4, r23	; 0x04
    2728:	6b 83       	std	Y+3, r22	; 0x03
	if( pxQueue->uxQueueType != queueQUEUE_IS_MUTEX )
    272a:	e9 81       	ldd	r30, Y+1	; 0x01
    272c:	fa 81       	ldd	r31, Y+2	; 0x02
    272e:	80 81       	ld	r24, Z
    2730:	91 81       	ldd	r25, Z+1	; 0x01
    2732:	00 97       	sbiw	r24, 0x00	; 0
    2734:	89 f1       	breq	.+98     	; 0x2798 <prvCopyDataFromQueue+0x82>
	{
		pxQueue->pcReadFrom += pxQueue->uxItemSize;
    2736:	e9 81       	ldd	r30, Y+1	; 0x01
    2738:	fa 81       	ldd	r31, Y+2	; 0x02
    273a:	26 81       	ldd	r18, Z+6	; 0x06
    273c:	37 81       	ldd	r19, Z+7	; 0x07
    273e:	e9 81       	ldd	r30, Y+1	; 0x01
    2740:	fa 81       	ldd	r31, Y+2	; 0x02
    2742:	84 8d       	ldd	r24, Z+28	; 0x1c
    2744:	88 2f       	mov	r24, r24
    2746:	90 e0       	ldi	r25, 0x00	; 0
    2748:	82 0f       	add	r24, r18
    274a:	93 1f       	adc	r25, r19
    274c:	e9 81       	ldd	r30, Y+1	; 0x01
    274e:	fa 81       	ldd	r31, Y+2	; 0x02
    2750:	97 83       	std	Z+7, r25	; 0x07
    2752:	86 83       	std	Z+6, r24	; 0x06
		if( pxQueue->pcReadFrom >= pxQueue->pcTail )
    2754:	e9 81       	ldd	r30, Y+1	; 0x01
    2756:	fa 81       	ldd	r31, Y+2	; 0x02
    2758:	26 81       	ldd	r18, Z+6	; 0x06
    275a:	37 81       	ldd	r19, Z+7	; 0x07
    275c:	e9 81       	ldd	r30, Y+1	; 0x01
    275e:	fa 81       	ldd	r31, Y+2	; 0x02
    2760:	82 81       	ldd	r24, Z+2	; 0x02
    2762:	93 81       	ldd	r25, Z+3	; 0x03
    2764:	28 17       	cp	r18, r24
    2766:	39 07       	cpc	r19, r25
    2768:	40 f0       	brcs	.+16     	; 0x277a <prvCopyDataFromQueue+0x64>
		{
			pxQueue->pcReadFrom = pxQueue->pcHead;
    276a:	e9 81       	ldd	r30, Y+1	; 0x01
    276c:	fa 81       	ldd	r31, Y+2	; 0x02
    276e:	80 81       	ld	r24, Z
    2770:	91 81       	ldd	r25, Z+1	; 0x01
    2772:	e9 81       	ldd	r30, Y+1	; 0x01
    2774:	fa 81       	ldd	r31, Y+2	; 0x02
    2776:	97 83       	std	Z+7, r25	; 0x07
    2778:	86 83       	std	Z+6, r24	; 0x06
		}
		memcpy( ( void * ) pvBuffer, ( void * ) pxQueue->pcReadFrom, ( unsigned ) pxQueue->uxItemSize );
    277a:	e9 81       	ldd	r30, Y+1	; 0x01
    277c:	fa 81       	ldd	r31, Y+2	; 0x02
    277e:	46 81       	ldd	r20, Z+6	; 0x06
    2780:	57 81       	ldd	r21, Z+7	; 0x07
    2782:	e9 81       	ldd	r30, Y+1	; 0x01
    2784:	fa 81       	ldd	r31, Y+2	; 0x02
    2786:	84 8d       	ldd	r24, Z+28	; 0x1c
    2788:	28 2f       	mov	r18, r24
    278a:	30 e0       	ldi	r19, 0x00	; 0
    278c:	8b 81       	ldd	r24, Y+3	; 0x03
    278e:	9c 81       	ldd	r25, Y+4	; 0x04
    2790:	ba 01       	movw	r22, r20
    2792:	a9 01       	movw	r20, r18
    2794:	0e 94 7e 1b 	call	0x36fc	; 0x36fc <memcpy>
	}
}
    2798:	0f 90       	pop	r0
    279a:	0f 90       	pop	r0
    279c:	0f 90       	pop	r0
    279e:	0f 90       	pop	r0
    27a0:	cf 91       	pop	r28
    27a2:	df 91       	pop	r29
    27a4:	08 95       	ret

000027a6 <prvUnlockQueue>:
/*-----------------------------------------------------------*/

static void prvUnlockQueue( xQueueHandle pxQueue )
{
    27a6:	df 93       	push	r29
    27a8:	cf 93       	push	r28
    27aa:	00 d0       	rcall	.+0      	; 0x27ac <prvUnlockQueue+0x6>
    27ac:	cd b7       	in	r28, 0x3d	; 61
    27ae:	de b7       	in	r29, 0x3e	; 62
    27b0:	9a 83       	std	Y+2, r25	; 0x02
    27b2:	89 83       	std	Y+1, r24	; 0x01

	/* The lock counts contains the number of extra data items placed or
	removed from the queue while the queue was locked.  When a queue is
	locked items can be added or removed, but the event lists cannot be
	updated. */
	taskENTER_CRITICAL();
    27b4:	0f b6       	in	r0, 0x3f	; 63
    27b6:	f8 94       	cli
    27b8:	0f 92       	push	r0
    27ba:	15 c0       	rjmp	.+42     	; 0x27e6 <prvUnlockQueue+0x40>
		/* See if data was added to the queue while it was locked. */
		while( pxQueue->xTxLock > queueLOCKED_UNMODIFIED )
		{
			/* Data was posted while the queue was locked.  Are any tasks
			blocked waiting for data to become available? */
			if( listLIST_IS_EMPTY( &( pxQueue->xTasksWaitingToReceive ) ) == pdFALSE )
    27bc:	e9 81       	ldd	r30, Y+1	; 0x01
    27be:	fa 81       	ldd	r31, Y+2	; 0x02
    27c0:	81 89       	ldd	r24, Z+17	; 0x11
    27c2:	88 23       	and	r24, r24
    27c4:	a9 f0       	breq	.+42     	; 0x27f0 <prvUnlockQueue+0x4a>
			{
				/* Tasks that are removed from the event list will get added to
				the pending ready list as the scheduler is still suspended. */
				if( xTaskRemoveFromEventList( &( pxQueue->xTasksWaitingToReceive ) ) != pdFALSE )
    27c6:	89 81       	ldd	r24, Y+1	; 0x01
    27c8:	9a 81       	ldd	r25, Y+2	; 0x02
    27ca:	41 96       	adiw	r24, 0x11	; 17
    27cc:	0e 94 0b 19 	call	0x3216	; 0x3216 <xTaskRemoveFromEventList>
    27d0:	88 23       	and	r24, r24
    27d2:	11 f0       	breq	.+4      	; 0x27d8 <prvUnlockQueue+0x32>
				{
					/* The task waiting has a higher priority so record that a
					context	switch is required. */
					vTaskMissedYield();
    27d4:	0e 94 e9 19 	call	0x33d2	; 0x33d2 <vTaskMissedYield>
				}

				--( pxQueue->xTxLock );
    27d8:	e9 81       	ldd	r30, Y+1	; 0x01
    27da:	fa 81       	ldd	r31, Y+2	; 0x02
    27dc:	86 8d       	ldd	r24, Z+30	; 0x1e
    27de:	81 50       	subi	r24, 0x01	; 1
    27e0:	e9 81       	ldd	r30, Y+1	; 0x01
    27e2:	fa 81       	ldd	r31, Y+2	; 0x02
    27e4:	86 8f       	std	Z+30, r24	; 0x1e
	locked items can be added or removed, but the event lists cannot be
	updated. */
	taskENTER_CRITICAL();
	{
		/* See if data was added to the queue while it was locked. */
		while( pxQueue->xTxLock > queueLOCKED_UNMODIFIED )
    27e6:	e9 81       	ldd	r30, Y+1	; 0x01
    27e8:	fa 81       	ldd	r31, Y+2	; 0x02
    27ea:	86 8d       	ldd	r24, Z+30	; 0x1e
    27ec:	18 16       	cp	r1, r24
    27ee:	34 f3       	brlt	.-52     	; 0x27bc <prvUnlockQueue+0x16>
			{
				break;
			}
		}

		pxQueue->xTxLock = queueUNLOCKED;
    27f0:	e9 81       	ldd	r30, Y+1	; 0x01
    27f2:	fa 81       	ldd	r31, Y+2	; 0x02
    27f4:	8f ef       	ldi	r24, 0xFF	; 255
    27f6:	86 8f       	std	Z+30, r24	; 0x1e
	}
	taskEXIT_CRITICAL();
    27f8:	0f 90       	pop	r0
    27fa:	0f be       	out	0x3f, r0	; 63

	/* Do the same for the Rx lock. */
	taskENTER_CRITICAL();
    27fc:	0f b6       	in	r0, 0x3f	; 63
    27fe:	f8 94       	cli
    2800:	0f 92       	push	r0
    2802:	15 c0       	rjmp	.+42     	; 0x282e <prvUnlockQueue+0x88>
	{
		while( pxQueue->xRxLock > queueLOCKED_UNMODIFIED )
		{
			if( listLIST_IS_EMPTY( &( pxQueue->xTasksWaitingToSend ) ) == pdFALSE )
    2804:	e9 81       	ldd	r30, Y+1	; 0x01
    2806:	fa 81       	ldd	r31, Y+2	; 0x02
    2808:	80 85       	ldd	r24, Z+8	; 0x08
    280a:	88 23       	and	r24, r24
    280c:	a9 f0       	breq	.+42     	; 0x2838 <prvUnlockQueue+0x92>
			{
				if( xTaskRemoveFromEventList( &( pxQueue->xTasksWaitingToSend ) ) != pdFALSE )
    280e:	89 81       	ldd	r24, Y+1	; 0x01
    2810:	9a 81       	ldd	r25, Y+2	; 0x02
    2812:	08 96       	adiw	r24, 0x08	; 8
    2814:	0e 94 0b 19 	call	0x3216	; 0x3216 <xTaskRemoveFromEventList>
    2818:	88 23       	and	r24, r24
    281a:	11 f0       	breq	.+4      	; 0x2820 <prvUnlockQueue+0x7a>
				{
					vTaskMissedYield();
    281c:	0e 94 e9 19 	call	0x33d2	; 0x33d2 <vTaskMissedYield>
				}

				--( pxQueue->xRxLock );
    2820:	e9 81       	ldd	r30, Y+1	; 0x01
    2822:	fa 81       	ldd	r31, Y+2	; 0x02
    2824:	85 8d       	ldd	r24, Z+29	; 0x1d
    2826:	81 50       	subi	r24, 0x01	; 1
    2828:	e9 81       	ldd	r30, Y+1	; 0x01
    282a:	fa 81       	ldd	r31, Y+2	; 0x02
    282c:	85 8f       	std	Z+29, r24	; 0x1d
	taskEXIT_CRITICAL();

	/* Do the same for the Rx lock. */
	taskENTER_CRITICAL();
	{
		while( pxQueue->xRxLock > queueLOCKED_UNMODIFIED )
    282e:	e9 81       	ldd	r30, Y+1	; 0x01
    2830:	fa 81       	ldd	r31, Y+2	; 0x02
    2832:	85 8d       	ldd	r24, Z+29	; 0x1d
    2834:	18 16       	cp	r1, r24
    2836:	34 f3       	brlt	.-52     	; 0x2804 <prvUnlockQueue+0x5e>
			{
				break;
			}
		}

		pxQueue->xRxLock = queueUNLOCKED;
    2838:	e9 81       	ldd	r30, Y+1	; 0x01
    283a:	fa 81       	ldd	r31, Y+2	; 0x02
    283c:	8f ef       	ldi	r24, 0xFF	; 255
    283e:	85 8f       	std	Z+29, r24	; 0x1d
	}
	taskEXIT_CRITICAL();
    2840:	0f 90       	pop	r0
    2842:	0f be       	out	0x3f, r0	; 63
}
    2844:	0f 90       	pop	r0
    2846:	0f 90       	pop	r0
    2848:	cf 91       	pop	r28
    284a:	df 91       	pop	r29
    284c:	08 95       	ret

0000284e <prvIsQueueEmpty>:
/*-----------------------------------------------------------*/

static signed portBASE_TYPE prvIsQueueEmpty( const xQueueHandle pxQueue )
{
    284e:	df 93       	push	r29
    2850:	cf 93       	push	r28
    2852:	00 d0       	rcall	.+0      	; 0x2854 <prvIsQueueEmpty+0x6>
    2854:	0f 92       	push	r0
    2856:	cd b7       	in	r28, 0x3d	; 61
    2858:	de b7       	in	r29, 0x3e	; 62
    285a:	9b 83       	std	Y+3, r25	; 0x03
    285c:	8a 83       	std	Y+2, r24	; 0x02
signed portBASE_TYPE xReturn;

	taskENTER_CRITICAL();
    285e:	0f b6       	in	r0, 0x3f	; 63
    2860:	f8 94       	cli
    2862:	0f 92       	push	r0
		xReturn = ( pxQueue->uxMessagesWaiting == ( unsigned portBASE_TYPE ) 0 );
    2864:	ea 81       	ldd	r30, Y+2	; 0x02
    2866:	fb 81       	ldd	r31, Y+3	; 0x03
    2868:	82 8d       	ldd	r24, Z+26	; 0x1a
    286a:	19 82       	std	Y+1, r1	; 0x01
    286c:	88 23       	and	r24, r24
    286e:	11 f4       	brne	.+4      	; 0x2874 <prvIsQueueEmpty+0x26>
    2870:	81 e0       	ldi	r24, 0x01	; 1
    2872:	89 83       	std	Y+1, r24	; 0x01
	taskEXIT_CRITICAL();
    2874:	0f 90       	pop	r0
    2876:	0f be       	out	0x3f, r0	; 63

	return xReturn;
    2878:	89 81       	ldd	r24, Y+1	; 0x01
}
    287a:	0f 90       	pop	r0
    287c:	0f 90       	pop	r0
    287e:	0f 90       	pop	r0
    2880:	cf 91       	pop	r28
    2882:	df 91       	pop	r29
    2884:	08 95       	ret

00002886 <xQueueIsQueueEmptyFromISR>:
/*-----------------------------------------------------------*/

signed portBASE_TYPE xQueueIsQueueEmptyFromISR( const xQueueHandle pxQueue )
{
    2886:	df 93       	push	r29
    2888:	cf 93       	push	r28
    288a:	00 d0       	rcall	.+0      	; 0x288c <xQueueIsQueueEmptyFromISR+0x6>
    288c:	0f 92       	push	r0
    288e:	cd b7       	in	r28, 0x3d	; 61
    2890:	de b7       	in	r29, 0x3e	; 62
    2892:	9b 83       	std	Y+3, r25	; 0x03
    2894:	8a 83       	std	Y+2, r24	; 0x02
signed portBASE_TYPE xReturn;

	configASSERT( pxQueue );
	xReturn = ( pxQueue->uxMessagesWaiting == ( unsigned portBASE_TYPE ) 0 );
    2896:	ea 81       	ldd	r30, Y+2	; 0x02
    2898:	fb 81       	ldd	r31, Y+3	; 0x03
    289a:	82 8d       	ldd	r24, Z+26	; 0x1a
    289c:	19 82       	std	Y+1, r1	; 0x01
    289e:	88 23       	and	r24, r24
    28a0:	11 f4       	brne	.+4      	; 0x28a6 <xQueueIsQueueEmptyFromISR+0x20>
    28a2:	81 e0       	ldi	r24, 0x01	; 1
    28a4:	89 83       	std	Y+1, r24	; 0x01

	return xReturn;
    28a6:	89 81       	ldd	r24, Y+1	; 0x01
}
    28a8:	0f 90       	pop	r0
    28aa:	0f 90       	pop	r0
    28ac:	0f 90       	pop	r0
    28ae:	cf 91       	pop	r28
    28b0:	df 91       	pop	r29
    28b2:	08 95       	ret

000028b4 <prvIsQueueFull>:
/*-----------------------------------------------------------*/

static signed portBASE_TYPE prvIsQueueFull( const xQueueHandle pxQueue )
{
    28b4:	df 93       	push	r29
    28b6:	cf 93       	push	r28
    28b8:	00 d0       	rcall	.+0      	; 0x28ba <prvIsQueueFull+0x6>
    28ba:	0f 92       	push	r0
    28bc:	cd b7       	in	r28, 0x3d	; 61
    28be:	de b7       	in	r29, 0x3e	; 62
    28c0:	9b 83       	std	Y+3, r25	; 0x03
    28c2:	8a 83       	std	Y+2, r24	; 0x02
signed portBASE_TYPE xReturn;

	taskENTER_CRITICAL();
    28c4:	0f b6       	in	r0, 0x3f	; 63
    28c6:	f8 94       	cli
    28c8:	0f 92       	push	r0
		xReturn = ( pxQueue->uxMessagesWaiting == pxQueue->uxLength );
    28ca:	ea 81       	ldd	r30, Y+2	; 0x02
    28cc:	fb 81       	ldd	r31, Y+3	; 0x03
    28ce:	92 8d       	ldd	r25, Z+26	; 0x1a
    28d0:	ea 81       	ldd	r30, Y+2	; 0x02
    28d2:	fb 81       	ldd	r31, Y+3	; 0x03
    28d4:	83 8d       	ldd	r24, Z+27	; 0x1b
    28d6:	19 82       	std	Y+1, r1	; 0x01
    28d8:	98 17       	cp	r25, r24
    28da:	11 f4       	brne	.+4      	; 0x28e0 <prvIsQueueFull+0x2c>
    28dc:	81 e0       	ldi	r24, 0x01	; 1
    28de:	89 83       	std	Y+1, r24	; 0x01
	taskEXIT_CRITICAL();
    28e0:	0f 90       	pop	r0
    28e2:	0f be       	out	0x3f, r0	; 63

	return xReturn;
    28e4:	89 81       	ldd	r24, Y+1	; 0x01
}
    28e6:	0f 90       	pop	r0
    28e8:	0f 90       	pop	r0
    28ea:	0f 90       	pop	r0
    28ec:	cf 91       	pop	r28
    28ee:	df 91       	pop	r29
    28f0:	08 95       	ret

000028f2 <xQueueIsQueueFullFromISR>:
/*-----------------------------------------------------------*/

signed portBASE_TYPE xQueueIsQueueFullFromISR( const xQueueHandle pxQueue )
{
    28f2:	df 93       	push	r29
    28f4:	cf 93       	push	r28
    28f6:	00 d0       	rcall	.+0      	; 0x28f8 <xQueueIsQueueFullFromISR+0x6>
    28f8:	0f 92       	push	r0
    28fa:	cd b7       	in	r28, 0x3d	; 61
    28fc:	de b7       	in	r29, 0x3e	; 62
    28fe:	9b 83       	std	Y+3, r25	; 0x03
    2900:	8a 83       	std	Y+2, r24	; 0x02
signed portBASE_TYPE xReturn;

	configASSERT( pxQueue );
	xReturn = ( pxQueue->uxMessagesWaiting == pxQueue->uxLength );
    2902:	ea 81       	ldd	r30, Y+2	; 0x02
    2904:	fb 81       	ldd	r31, Y+3	; 0x03
    2906:	92 8d       	ldd	r25, Z+26	; 0x1a
    2908:	ea 81       	ldd	r30, Y+2	; 0x02
    290a:	fb 81       	ldd	r31, Y+3	; 0x03
    290c:	83 8d       	ldd	r24, Z+27	; 0x1b
    290e:	19 82       	std	Y+1, r1	; 0x01
    2910:	98 17       	cp	r25, r24
    2912:	11 f4       	brne	.+4      	; 0x2918 <xQueueIsQueueFullFromISR+0x26>
    2914:	81 e0       	ldi	r24, 0x01	; 1
    2916:	89 83       	std	Y+1, r24	; 0x01

	return xReturn;
    2918:	89 81       	ldd	r24, Y+1	; 0x01
}
    291a:	0f 90       	pop	r0
    291c:	0f 90       	pop	r0
    291e:	0f 90       	pop	r0
    2920:	cf 91       	pop	r28
    2922:	df 91       	pop	r29
    2924:	08 95       	ret

00002926 <xTaskGenericCreate>:
/*-----------------------------------------------------------
 * TASK CREATION API documented in task.h
 *----------------------------------------------------------*/

signed portBASE_TYPE xTaskGenericCreate( pdTASK_CODE pxTaskCode, const signed char * const pcName, unsigned short usStackDepth, void *pvParameters, unsigned portBASE_TYPE uxPriority, xTaskHandle *pxCreatedTask, portSTACK_TYPE *puxStackBuffer, const xMemoryRegion * const xRegions )
{
    2926:	af 92       	push	r10
    2928:	bf 92       	push	r11
    292a:	cf 92       	push	r12
    292c:	df 92       	push	r13
    292e:	ef 92       	push	r14
    2930:	ff 92       	push	r15
    2932:	0f 93       	push	r16
    2934:	1f 93       	push	r17
    2936:	df 93       	push	r29
    2938:	cf 93       	push	r28
    293a:	cd b7       	in	r28, 0x3d	; 61
    293c:	de b7       	in	r29, 0x3e	; 62
    293e:	64 97       	sbiw	r28, 0x14	; 20
    2940:	0f b6       	in	r0, 0x3f	; 63
    2942:	f8 94       	cli
    2944:	de bf       	out	0x3e, r29	; 62
    2946:	0f be       	out	0x3f, r0	; 63
    2948:	cd bf       	out	0x3d, r28	; 61
    294a:	9f 83       	std	Y+7, r25	; 0x07
    294c:	8e 83       	std	Y+6, r24	; 0x06
    294e:	79 87       	std	Y+9, r23	; 0x09
    2950:	68 87       	std	Y+8, r22	; 0x08
    2952:	5b 87       	std	Y+11, r21	; 0x0b
    2954:	4a 87       	std	Y+10, r20	; 0x0a
    2956:	3d 87       	std	Y+13, r19	; 0x0d
    2958:	2c 87       	std	Y+12, r18	; 0x0c
    295a:	0e 87       	std	Y+14, r16	; 0x0e
    295c:	f8 8a       	std	Y+16, r15	; 0x10
    295e:	ef 86       	std	Y+15, r14	; 0x0f
    2960:	da 8a       	std	Y+18, r13	; 0x12
    2962:	c9 8a       	std	Y+17, r12	; 0x11
    2964:	bc 8a       	std	Y+20, r11	; 0x14
    2966:	ab 8a       	std	Y+19, r10	; 0x13
	configASSERT( pxTaskCode );
	configASSERT( ( uxPriority < configMAX_PRIORITIES ) );

	/* Allocate the memory required by the TCB and stack for the new task,
	checking that the allocation was successful. */
	pxNewTCB = prvAllocateTCBAndStack( usStackDepth, puxStackBuffer );
    2968:	8a 85       	ldd	r24, Y+10	; 0x0a
    296a:	9b 85       	ldd	r25, Y+11	; 0x0b
    296c:	29 89       	ldd	r18, Y+17	; 0x11
    296e:	3a 89       	ldd	r19, Y+18	; 0x12
    2970:	b9 01       	movw	r22, r18
    2972:	0e 94 18 1b 	call	0x3630	; 0x3630 <prvAllocateTCBAndStack>
    2976:	9c 83       	std	Y+4, r25	; 0x04
    2978:	8b 83       	std	Y+3, r24	; 0x03

	if( pxNewTCB != NULL )
    297a:	8b 81       	ldd	r24, Y+3	; 0x03
    297c:	9c 81       	ldd	r25, Y+4	; 0x04
    297e:	00 97       	sbiw	r24, 0x00	; 0
    2980:	09 f4       	brne	.+2      	; 0x2984 <xTaskGenericCreate+0x5e>
    2982:	99 c0       	rjmp	.+306    	; 0x2ab6 <xTaskGenericCreate+0x190>
		stack grows from high memory to low (as per the 80x86) or visa versa.
		portSTACK_GROWTH is used to make the result positive or negative as
		required by the port. */
		#if( portSTACK_GROWTH < 0 )
		{
			pxTopOfStack = pxNewTCB->pxStack + ( usStackDepth - ( unsigned short ) 1 );
    2984:	eb 81       	ldd	r30, Y+3	; 0x03
    2986:	fc 81       	ldd	r31, Y+4	; 0x04
    2988:	27 89       	ldd	r18, Z+23	; 0x17
    298a:	30 8d       	ldd	r19, Z+24	; 0x18
    298c:	8a 85       	ldd	r24, Y+10	; 0x0a
    298e:	9b 85       	ldd	r25, Y+11	; 0x0b
    2990:	01 97       	sbiw	r24, 0x01	; 1
    2992:	82 0f       	add	r24, r18
    2994:	93 1f       	adc	r25, r19
    2996:	9a 83       	std	Y+2, r25	; 0x02
    2998:	89 83       	std	Y+1, r24	; 0x01
			pxNewTCB->pxEndOfStack = pxNewTCB->pxStack + ( usStackDepth - 1 );
		}
		#endif

		/* Setup the newly allocated TCB with the initial state of the task. */
		prvInitialiseTCBVariables( pxNewTCB, pcName, uxPriority, xRegions, usStackDepth );
    299a:	8b 81       	ldd	r24, Y+3	; 0x03
    299c:	9c 81       	ldd	r25, Y+4	; 0x04
    299e:	28 85       	ldd	r18, Y+8	; 0x08
    29a0:	39 85       	ldd	r19, Y+9	; 0x09
    29a2:	eb 89       	ldd	r30, Y+19	; 0x13
    29a4:	fc 89       	ldd	r31, Y+20	; 0x14
    29a6:	aa 85       	ldd	r26, Y+10	; 0x0a
    29a8:	bb 85       	ldd	r27, Y+11	; 0x0b
    29aa:	b9 01       	movw	r22, r18
    29ac:	4e 85       	ldd	r20, Y+14	; 0x0e
    29ae:	9f 01       	movw	r18, r30
    29b0:	8d 01       	movw	r16, r26
    29b2:	0e 94 fd 19 	call	0x33fa	; 0x33fa <prvInitialiseTCBVariables>
		{
			pxNewTCB->pxTopOfStack = pxPortInitialiseStack( pxTopOfStack, pxTaskCode, pvParameters, xRunPrivileged );
		}
		#else
		{
			pxNewTCB->pxTopOfStack = pxPortInitialiseStack( pxTopOfStack, pxTaskCode, pvParameters );
    29b6:	89 81       	ldd	r24, Y+1	; 0x01
    29b8:	9a 81       	ldd	r25, Y+2	; 0x02
    29ba:	2e 81       	ldd	r18, Y+6	; 0x06
    29bc:	3f 81       	ldd	r19, Y+7	; 0x07
    29be:	4c 85       	ldd	r20, Y+12	; 0x0c
    29c0:	5d 85       	ldd	r21, Y+13	; 0x0d
    29c2:	b9 01       	movw	r22, r18
    29c4:	0e 94 40 0d 	call	0x1a80	; 0x1a80 <pxPortInitialiseStack>
    29c8:	eb 81       	ldd	r30, Y+3	; 0x03
    29ca:	fc 81       	ldd	r31, Y+4	; 0x04
    29cc:	91 83       	std	Z+1, r25	; 0x01
    29ce:	80 83       	st	Z, r24
		#endif

		/* Check the alignment of the initialised stack. */
		configASSERT( ( ( ( unsigned long ) pxNewTCB->pxTopOfStack & ( unsigned long ) portBYTE_ALIGNMENT_MASK ) == 0UL ) );

		if( ( void * ) pxCreatedTask != NULL )
    29d0:	8f 85       	ldd	r24, Y+15	; 0x0f
    29d2:	98 89       	ldd	r25, Y+16	; 0x10
    29d4:	00 97       	sbiw	r24, 0x00	; 0
    29d6:	31 f0       	breq	.+12     	; 0x29e4 <xTaskGenericCreate+0xbe>
		{
			/* Pass the TCB out - in an anonymous way.  The calling function/
			task can use this as a handle to delete the task later if
			required.*/
			*pxCreatedTask = ( xTaskHandle ) pxNewTCB;
    29d8:	ef 85       	ldd	r30, Y+15	; 0x0f
    29da:	f8 89       	ldd	r31, Y+16	; 0x10
    29dc:	8b 81       	ldd	r24, Y+3	; 0x03
    29de:	9c 81       	ldd	r25, Y+4	; 0x04
    29e0:	91 83       	std	Z+1, r25	; 0x01
    29e2:	80 83       	st	Z, r24
		}
		
		/* We are going to manipulate the task queues to add this task to a
		ready list, so must make sure no interrupts occur. */
		taskENTER_CRITICAL();
    29e4:	0f b6       	in	r0, 0x3f	; 63
    29e6:	f8 94       	cli
    29e8:	0f 92       	push	r0
		{
			uxCurrentNumberOfTasks++;
    29ea:	80 91 b7 04 	lds	r24, 0x04B7
    29ee:	8f 5f       	subi	r24, 0xFF	; 255
    29f0:	80 93 b7 04 	sts	0x04B7, r24
			if( pxCurrentTCB == NULL )
    29f4:	80 91 b4 04 	lds	r24, 0x04B4
    29f8:	90 91 b5 04 	lds	r25, 0x04B5
    29fc:	00 97       	sbiw	r24, 0x00	; 0
    29fe:	69 f4       	brne	.+26     	; 0x2a1a <xTaskGenericCreate+0xf4>
			{
				/* There are no other tasks, or all the other tasks are in
				the suspended state - make this the current task. */
				pxCurrentTCB =  pxNewTCB;
    2a00:	8b 81       	ldd	r24, Y+3	; 0x03
    2a02:	9c 81       	ldd	r25, Y+4	; 0x04
    2a04:	90 93 b5 04 	sts	0x04B5, r25
    2a08:	80 93 b4 04 	sts	0x04B4, r24

				if( uxCurrentNumberOfTasks == ( unsigned portBASE_TYPE ) 1 )
    2a0c:	80 91 b7 04 	lds	r24, 0x04B7
    2a10:	81 30       	cpi	r24, 0x01	; 1
    2a12:	a9 f4       	brne	.+42     	; 0x2a3e <xTaskGenericCreate+0x118>
				{
					/* This is the first task to be created so do the preliminary
					initialisation required.  We will not recover if this call
					fails, but we will report the failure. */
					prvInitialiseTaskLists();
    2a14:	0e 94 54 1a 	call	0x34a8	; 0x34a8 <prvInitialiseTaskLists>
    2a18:	12 c0       	rjmp	.+36     	; 0x2a3e <xTaskGenericCreate+0x118>
			else
			{
				/* If the scheduler is not already running, make this task the
				current task if it is the highest priority task to be created
				so far. */
				if( xSchedulerRunning == pdFALSE )
    2a1a:	80 91 bc 04 	lds	r24, 0x04BC
    2a1e:	88 23       	and	r24, r24
    2a20:	71 f4       	brne	.+28     	; 0x2a3e <xTaskGenericCreate+0x118>
				{
					if( pxCurrentTCB->uxPriority <= uxPriority )
    2a22:	e0 91 b4 04 	lds	r30, 0x04B4
    2a26:	f0 91 b5 04 	lds	r31, 0x04B5
    2a2a:	96 89       	ldd	r25, Z+22	; 0x16
    2a2c:	8e 85       	ldd	r24, Y+14	; 0x0e
    2a2e:	89 17       	cp	r24, r25
    2a30:	30 f0       	brcs	.+12     	; 0x2a3e <xTaskGenericCreate+0x118>
					{
						pxCurrentTCB = pxNewTCB;
    2a32:	8b 81       	ldd	r24, Y+3	; 0x03
    2a34:	9c 81       	ldd	r25, Y+4	; 0x04
    2a36:	90 93 b5 04 	sts	0x04B5, r25
    2a3a:	80 93 b4 04 	sts	0x04B4, r24
				}
			}

			/* Remember the top priority to make context switching faster.  Use
			the priority in pxNewTCB as this has been capped to a valid value. */
			if( pxNewTCB->uxPriority > uxTopUsedPriority )
    2a3e:	eb 81       	ldd	r30, Y+3	; 0x03
    2a40:	fc 81       	ldd	r31, Y+4	; 0x04
    2a42:	96 89       	ldd	r25, Z+22	; 0x16
    2a44:	80 91 ba 04 	lds	r24, 0x04BA
    2a48:	89 17       	cp	r24, r25
    2a4a:	28 f4       	brcc	.+10     	; 0x2a56 <xTaskGenericCreate+0x130>
			{
				uxTopUsedPriority = pxNewTCB->uxPriority;
    2a4c:	eb 81       	ldd	r30, Y+3	; 0x03
    2a4e:	fc 81       	ldd	r31, Y+4	; 0x04
    2a50:	86 89       	ldd	r24, Z+22	; 0x16
    2a52:	80 93 ba 04 	sts	0x04BA, r24
			{
				/* Add a counter into the TCB for tracing only. */
				pxNewTCB->uxTCBNumber = uxTaskNumber;
			}
			#endif
			uxTaskNumber++;
    2a56:	80 91 c1 04 	lds	r24, 0x04C1
    2a5a:	8f 5f       	subi	r24, 0xFF	; 255
    2a5c:	80 93 c1 04 	sts	0x04C1, r24

			prvAddTaskToReadyQueue( pxNewTCB );
    2a60:	eb 81       	ldd	r30, Y+3	; 0x03
    2a62:	fc 81       	ldd	r31, Y+4	; 0x04
    2a64:	96 89       	ldd	r25, Z+22	; 0x16
    2a66:	80 91 bb 04 	lds	r24, 0x04BB
    2a6a:	89 17       	cp	r24, r25
    2a6c:	28 f4       	brcc	.+10     	; 0x2a78 <xTaskGenericCreate+0x152>
    2a6e:	eb 81       	ldd	r30, Y+3	; 0x03
    2a70:	fc 81       	ldd	r31, Y+4	; 0x04
    2a72:	86 89       	ldd	r24, Z+22	; 0x16
    2a74:	80 93 bb 04 	sts	0x04BB, r24
    2a78:	eb 81       	ldd	r30, Y+3	; 0x03
    2a7a:	fc 81       	ldd	r31, Y+4	; 0x04
    2a7c:	86 89       	ldd	r24, Z+22	; 0x16
    2a7e:	28 2f       	mov	r18, r24
    2a80:	30 e0       	ldi	r19, 0x00	; 0
    2a82:	c9 01       	movw	r24, r18
    2a84:	88 0f       	add	r24, r24
    2a86:	99 1f       	adc	r25, r25
    2a88:	88 0f       	add	r24, r24
    2a8a:	99 1f       	adc	r25, r25
    2a8c:	88 0f       	add	r24, r24
    2a8e:	99 1f       	adc	r25, r25
    2a90:	82 0f       	add	r24, r18
    2a92:	93 1f       	adc	r25, r19
    2a94:	ac 01       	movw	r20, r24
    2a96:	4e 53       	subi	r20, 0x3E	; 62
    2a98:	5b 4f       	sbci	r21, 0xFB	; 251
    2a9a:	8b 81       	ldd	r24, Y+3	; 0x03
    2a9c:	9c 81       	ldd	r25, Y+4	; 0x04
    2a9e:	9c 01       	movw	r18, r24
    2aa0:	2e 5f       	subi	r18, 0xFE	; 254
    2aa2:	3f 4f       	sbci	r19, 0xFF	; 255
    2aa4:	ca 01       	movw	r24, r20
    2aa6:	b9 01       	movw	r22, r18
    2aa8:	0e 94 9f 0b 	call	0x173e	; 0x173e <vListInsertEnd>

			xReturn = pdPASS;
    2aac:	81 e0       	ldi	r24, 0x01	; 1
    2aae:	8d 83       	std	Y+5, r24	; 0x05
			traceTASK_CREATE( pxNewTCB );
		}
		taskEXIT_CRITICAL();
    2ab0:	0f 90       	pop	r0
    2ab2:	0f be       	out	0x3f, r0	; 63
    2ab4:	02 c0       	rjmp	.+4      	; 0x2aba <xTaskGenericCreate+0x194>
	}
	else
	{
		xReturn = errCOULD_NOT_ALLOCATE_REQUIRED_MEMORY;
    2ab6:	8f ef       	ldi	r24, 0xFF	; 255
    2ab8:	8d 83       	std	Y+5, r24	; 0x05
		traceTASK_CREATE_FAILED();
	}

	if( xReturn == pdPASS )
    2aba:	8d 81       	ldd	r24, Y+5	; 0x05
    2abc:	81 30       	cpi	r24, 0x01	; 1
    2abe:	71 f4       	brne	.+28     	; 0x2adc <xTaskGenericCreate+0x1b6>
	{
		if( xSchedulerRunning != pdFALSE )
    2ac0:	80 91 bc 04 	lds	r24, 0x04BC
    2ac4:	88 23       	and	r24, r24
    2ac6:	51 f0       	breq	.+20     	; 0x2adc <xTaskGenericCreate+0x1b6>
		{
			/* If the created task is of a higher priority than the current task
			then it should run now. */
			if( pxCurrentTCB->uxPriority < uxPriority )
    2ac8:	e0 91 b4 04 	lds	r30, 0x04B4
    2acc:	f0 91 b5 04 	lds	r31, 0x04B5
    2ad0:	96 89       	ldd	r25, Z+22	; 0x16
    2ad2:	8e 85       	ldd	r24, Y+14	; 0x0e
    2ad4:	98 17       	cp	r25, r24
    2ad6:	10 f4       	brcc	.+4      	; 0x2adc <xTaskGenericCreate+0x1b6>
			{
				portYIELD_WITHIN_API();
    2ad8:	0e 94 ff 0e 	call	0x1dfe	; 0x1dfe <vPortYield>
			}
		}
	}

	return xReturn;
    2adc:	8d 81       	ldd	r24, Y+5	; 0x05
}
    2ade:	64 96       	adiw	r28, 0x14	; 20
    2ae0:	0f b6       	in	r0, 0x3f	; 63
    2ae2:	f8 94       	cli
    2ae4:	de bf       	out	0x3e, r29	; 62
    2ae6:	0f be       	out	0x3f, r0	; 63
    2ae8:	cd bf       	out	0x3d, r28	; 61
    2aea:	cf 91       	pop	r28
    2aec:	df 91       	pop	r29
    2aee:	1f 91       	pop	r17
    2af0:	0f 91       	pop	r16
    2af2:	ff 90       	pop	r15
    2af4:	ef 90       	pop	r14
    2af6:	df 90       	pop	r13
    2af8:	cf 90       	pop	r12
    2afa:	bf 90       	pop	r11
    2afc:	af 90       	pop	r10
    2afe:	08 95       	ret

00002b00 <vTaskDelete>:
/*-----------------------------------------------------------*/

#if ( INCLUDE_vTaskDelete == 1 )

	void vTaskDelete( xTaskHandle pxTaskToDelete )
	{
    2b00:	df 93       	push	r29
    2b02:	cf 93       	push	r28
    2b04:	00 d0       	rcall	.+0      	; 0x2b06 <vTaskDelete+0x6>
    2b06:	00 d0       	rcall	.+0      	; 0x2b08 <vTaskDelete+0x8>
    2b08:	00 d0       	rcall	.+0      	; 0x2b0a <vTaskDelete+0xa>
    2b0a:	cd b7       	in	r28, 0x3d	; 61
    2b0c:	de b7       	in	r29, 0x3e	; 62
    2b0e:	9c 83       	std	Y+4, r25	; 0x04
    2b10:	8b 83       	std	Y+3, r24	; 0x03
	tskTCB *pxTCB;

		taskENTER_CRITICAL();
    2b12:	0f b6       	in	r0, 0x3f	; 63
    2b14:	f8 94       	cli
    2b16:	0f 92       	push	r0
		{
			/* Ensure a yield is performed if the current task is being
			deleted. */
			if( pxTaskToDelete == pxCurrentTCB )
    2b18:	20 91 b4 04 	lds	r18, 0x04B4
    2b1c:	30 91 b5 04 	lds	r19, 0x04B5
    2b20:	8b 81       	ldd	r24, Y+3	; 0x03
    2b22:	9c 81       	ldd	r25, Y+4	; 0x04
    2b24:	82 17       	cp	r24, r18
    2b26:	93 07       	cpc	r25, r19
    2b28:	11 f4       	brne	.+4      	; 0x2b2e <vTaskDelete+0x2e>
			{
				pxTaskToDelete = NULL;
    2b2a:	1c 82       	std	Y+4, r1	; 0x04
    2b2c:	1b 82       	std	Y+3, r1	; 0x03
			}

			/* If null is passed in here then we are deleting ourselves. */
			pxTCB = prvGetTCBFromHandle( pxTaskToDelete );
    2b2e:	8b 81       	ldd	r24, Y+3	; 0x03
    2b30:	9c 81       	ldd	r25, Y+4	; 0x04
    2b32:	00 97       	sbiw	r24, 0x00	; 0
    2b34:	39 f4       	brne	.+14     	; 0x2b44 <vTaskDelete+0x44>
    2b36:	80 91 b4 04 	lds	r24, 0x04B4
    2b3a:	90 91 b5 04 	lds	r25, 0x04B5
    2b3e:	9e 83       	std	Y+6, r25	; 0x06
    2b40:	8d 83       	std	Y+5, r24	; 0x05
    2b42:	04 c0       	rjmp	.+8      	; 0x2b4c <vTaskDelete+0x4c>
    2b44:	8b 81       	ldd	r24, Y+3	; 0x03
    2b46:	9c 81       	ldd	r25, Y+4	; 0x04
    2b48:	9e 83       	std	Y+6, r25	; 0x06
    2b4a:	8d 83       	std	Y+5, r24	; 0x05
    2b4c:	8d 81       	ldd	r24, Y+5	; 0x05
    2b4e:	9e 81       	ldd	r25, Y+6	; 0x06
    2b50:	9a 83       	std	Y+2, r25	; 0x02
    2b52:	89 83       	std	Y+1, r24	; 0x01

			/* Remove task from the ready list and place in the	termination list.
			This will stop the task from be scheduled.  The idle task will check
			the termination list and free up any memory allocated by the
			scheduler for the TCB and stack. */
			vListRemove( &( pxTCB->xGenericListItem ) );
    2b54:	89 81       	ldd	r24, Y+1	; 0x01
    2b56:	9a 81       	ldd	r25, Y+2	; 0x02
    2b58:	02 96       	adiw	r24, 0x02	; 2
    2b5a:	0e 94 57 0c 	call	0x18ae	; 0x18ae <vListRemove>

			/* Is the task waiting on an event also? */
			if( pxTCB->xEventListItem.pvContainer != NULL )
    2b5e:	e9 81       	ldd	r30, Y+1	; 0x01
    2b60:	fa 81       	ldd	r31, Y+2	; 0x02
    2b62:	84 89       	ldd	r24, Z+20	; 0x14
    2b64:	95 89       	ldd	r25, Z+21	; 0x15
    2b66:	00 97       	sbiw	r24, 0x00	; 0
    2b68:	29 f0       	breq	.+10     	; 0x2b74 <vTaskDelete+0x74>
			{
				vListRemove( &( pxTCB->xEventListItem ) );
    2b6a:	89 81       	ldd	r24, Y+1	; 0x01
    2b6c:	9a 81       	ldd	r25, Y+2	; 0x02
    2b6e:	0c 96       	adiw	r24, 0x0c	; 12
    2b70:	0e 94 57 0c 	call	0x18ae	; 0x18ae <vListRemove>
			}

			vListInsertEnd( ( xList * ) &xTasksWaitingTermination, &( pxTCB->xGenericListItem ) );
    2b74:	89 81       	ldd	r24, Y+1	; 0x01
    2b76:	9a 81       	ldd	r25, Y+2	; 0x02
    2b78:	9c 01       	movw	r18, r24
    2b7a:	2e 5f       	subi	r18, 0xFE	; 254
    2b7c:	3f 4f       	sbci	r19, 0xFF	; 255
    2b7e:	8e e0       	ldi	r24, 0x0E	; 14
    2b80:	95 e0       	ldi	r25, 0x05	; 5
    2b82:	b9 01       	movw	r22, r18
    2b84:	0e 94 9f 0b 	call	0x173e	; 0x173e <vListInsertEnd>

			/* Increment the ucTasksDeleted variable so the idle task knows
			there is a task that has been deleted and that it should therefore
			check the xTasksWaitingTermination list. */
			++uxTasksDeleted;
    2b88:	80 91 b6 04 	lds	r24, 0x04B6
    2b8c:	8f 5f       	subi	r24, 0xFF	; 255
    2b8e:	80 93 b6 04 	sts	0x04B6, r24

			/* Increment the uxTaskNumberVariable also so kernel aware debuggers
			can detect that the task lists need re-generating. */
			uxTaskNumber++;
    2b92:	80 91 c1 04 	lds	r24, 0x04C1
    2b96:	8f 5f       	subi	r24, 0xFF	; 255
    2b98:	80 93 c1 04 	sts	0x04C1, r24

			traceTASK_DELETE( pxTCB );
		}
		taskEXIT_CRITICAL();
    2b9c:	0f 90       	pop	r0
    2b9e:	0f be       	out	0x3f, r0	; 63

		/* Force a reschedule if we have just deleted the current task. */
		if( xSchedulerRunning != pdFALSE )
    2ba0:	80 91 bc 04 	lds	r24, 0x04BC
    2ba4:	88 23       	and	r24, r24
    2ba6:	31 f0       	breq	.+12     	; 0x2bb4 <vTaskDelete+0xb4>
		{
			if( ( void * ) pxTaskToDelete == NULL )
    2ba8:	8b 81       	ldd	r24, Y+3	; 0x03
    2baa:	9c 81       	ldd	r25, Y+4	; 0x04
    2bac:	00 97       	sbiw	r24, 0x00	; 0
    2bae:	11 f4       	brne	.+4      	; 0x2bb4 <vTaskDelete+0xb4>
			{
				portYIELD_WITHIN_API();
    2bb0:	0e 94 ff 0e 	call	0x1dfe	; 0x1dfe <vPortYield>
			}
		}
	}
    2bb4:	26 96       	adiw	r28, 0x06	; 6
    2bb6:	0f b6       	in	r0, 0x3f	; 63
    2bb8:	f8 94       	cli
    2bba:	de bf       	out	0x3e, r29	; 62
    2bbc:	0f be       	out	0x3f, r0	; 63
    2bbe:	cd bf       	out	0x3d, r28	; 61
    2bc0:	cf 91       	pop	r28
    2bc2:	df 91       	pop	r29
    2bc4:	08 95       	ret

00002bc6 <vTaskDelayUntil>:
 *----------------------------------------------------------*/

#if ( INCLUDE_vTaskDelayUntil == 1 )

	void vTaskDelayUntil( portTickType * const pxPreviousWakeTime, portTickType xTimeIncrement )
	{
    2bc6:	df 93       	push	r29
    2bc8:	cf 93       	push	r28
    2bca:	cd b7       	in	r28, 0x3d	; 61
    2bcc:	de b7       	in	r29, 0x3e	; 62
    2bce:	28 97       	sbiw	r28, 0x08	; 8
    2bd0:	0f b6       	in	r0, 0x3f	; 63
    2bd2:	f8 94       	cli
    2bd4:	de bf       	out	0x3e, r29	; 62
    2bd6:	0f be       	out	0x3f, r0	; 63
    2bd8:	cd bf       	out	0x3d, r28	; 61
    2bda:	9e 83       	std	Y+6, r25	; 0x06
    2bdc:	8d 83       	std	Y+5, r24	; 0x05
    2bde:	78 87       	std	Y+8, r23	; 0x08
    2be0:	6f 83       	std	Y+7, r22	; 0x07
	portTickType xTimeToWake;
	portBASE_TYPE xAlreadyYielded, xShouldDelay = pdFALSE;
    2be2:	19 82       	std	Y+1, r1	; 0x01

		configASSERT( pxPreviousWakeTime );
		configASSERT( ( xTimeIncrement > 0U ) );

		vTaskSuspendAll();
    2be4:	0e 94 cf 16 	call	0x2d9e	; 0x2d9e <vTaskSuspendAll>
		{
			/* Generate the tick time at which the task wants to wake. */
			xTimeToWake = *pxPreviousWakeTime + xTimeIncrement;
    2be8:	ed 81       	ldd	r30, Y+5	; 0x05
    2bea:	fe 81       	ldd	r31, Y+6	; 0x06
    2bec:	20 81       	ld	r18, Z
    2bee:	31 81       	ldd	r19, Z+1	; 0x01
    2bf0:	8f 81       	ldd	r24, Y+7	; 0x07
    2bf2:	98 85       	ldd	r25, Y+8	; 0x08
    2bf4:	82 0f       	add	r24, r18
    2bf6:	93 1f       	adc	r25, r19
    2bf8:	9c 83       	std	Y+4, r25	; 0x04
    2bfa:	8b 83       	std	Y+3, r24	; 0x03

			if( xTickCount < *pxPreviousWakeTime )
    2bfc:	ed 81       	ldd	r30, Y+5	; 0x05
    2bfe:	fe 81       	ldd	r31, Y+6	; 0x06
    2c00:	20 81       	ld	r18, Z
    2c02:	31 81       	ldd	r19, Z+1	; 0x01
    2c04:	80 91 b8 04 	lds	r24, 0x04B8
    2c08:	90 91 b9 04 	lds	r25, 0x04B9
    2c0c:	82 17       	cp	r24, r18
    2c0e:	93 07       	cpc	r25, r19
    2c10:	a8 f4       	brcc	.+42     	; 0x2c3c <vTaskDelayUntil+0x76>
				/* The tick count has overflowed since this function was
				lasted called.  In this case the only time we should ever
				actually delay is if the wake time has also	overflowed,
				and the wake time is greater than the tick time.  When this
				is the case it is as if neither time had overflowed. */
				if( ( xTimeToWake < *pxPreviousWakeTime ) && ( xTimeToWake > xTickCount ) )
    2c12:	ed 81       	ldd	r30, Y+5	; 0x05
    2c14:	fe 81       	ldd	r31, Y+6	; 0x06
    2c16:	20 81       	ld	r18, Z
    2c18:	31 81       	ldd	r19, Z+1	; 0x01
    2c1a:	8b 81       	ldd	r24, Y+3	; 0x03
    2c1c:	9c 81       	ldd	r25, Y+4	; 0x04
    2c1e:	82 17       	cp	r24, r18
    2c20:	93 07       	cpc	r25, r19
    2c22:	00 f5       	brcc	.+64     	; 0x2c64 <vTaskDelayUntil+0x9e>
    2c24:	20 91 b8 04 	lds	r18, 0x04B8
    2c28:	30 91 b9 04 	lds	r19, 0x04B9
    2c2c:	8b 81       	ldd	r24, Y+3	; 0x03
    2c2e:	9c 81       	ldd	r25, Y+4	; 0x04
    2c30:	28 17       	cp	r18, r24
    2c32:	39 07       	cpc	r19, r25
    2c34:	b8 f4       	brcc	.+46     	; 0x2c64 <vTaskDelayUntil+0x9e>
				{
					xShouldDelay = pdTRUE;
    2c36:	81 e0       	ldi	r24, 0x01	; 1
    2c38:	89 83       	std	Y+1, r24	; 0x01
    2c3a:	14 c0       	rjmp	.+40     	; 0x2c64 <vTaskDelayUntil+0x9e>
			else
			{
				/* The tick time has not overflowed.  In this case we will
				delay if either the wake time has overflowed, and/or the
				tick time is less than the wake time. */
				if( ( xTimeToWake < *pxPreviousWakeTime ) || ( xTimeToWake > xTickCount ) )
    2c3c:	ed 81       	ldd	r30, Y+5	; 0x05
    2c3e:	fe 81       	ldd	r31, Y+6	; 0x06
    2c40:	20 81       	ld	r18, Z
    2c42:	31 81       	ldd	r19, Z+1	; 0x01
    2c44:	8b 81       	ldd	r24, Y+3	; 0x03
    2c46:	9c 81       	ldd	r25, Y+4	; 0x04
    2c48:	82 17       	cp	r24, r18
    2c4a:	93 07       	cpc	r25, r19
    2c4c:	48 f0       	brcs	.+18     	; 0x2c60 <vTaskDelayUntil+0x9a>
    2c4e:	20 91 b8 04 	lds	r18, 0x04B8
    2c52:	30 91 b9 04 	lds	r19, 0x04B9
    2c56:	8b 81       	ldd	r24, Y+3	; 0x03
    2c58:	9c 81       	ldd	r25, Y+4	; 0x04
    2c5a:	28 17       	cp	r18, r24
    2c5c:	39 07       	cpc	r19, r25
    2c5e:	10 f4       	brcc	.+4      	; 0x2c64 <vTaskDelayUntil+0x9e>
				{
					xShouldDelay = pdTRUE;
    2c60:	81 e0       	ldi	r24, 0x01	; 1
    2c62:	89 83       	std	Y+1, r24	; 0x01
				}
			}

			/* Update the wake time ready for the next call. */
			*pxPreviousWakeTime = xTimeToWake;
    2c64:	ed 81       	ldd	r30, Y+5	; 0x05
    2c66:	fe 81       	ldd	r31, Y+6	; 0x06
    2c68:	8b 81       	ldd	r24, Y+3	; 0x03
    2c6a:	9c 81       	ldd	r25, Y+4	; 0x04
    2c6c:	91 83       	std	Z+1, r25	; 0x01
    2c6e:	80 83       	st	Z, r24

			if( xShouldDelay != pdFALSE )
    2c70:	89 81       	ldd	r24, Y+1	; 0x01
    2c72:	88 23       	and	r24, r24
    2c74:	59 f0       	breq	.+22     	; 0x2c8c <vTaskDelayUntil+0xc6>
				traceTASK_DELAY_UNTIL();

				/* We must remove ourselves from the ready list before adding
				ourselves to the blocked list as the same list item is used for
				both lists. */
				vListRemove( ( xListItem * ) &( pxCurrentTCB->xGenericListItem ) );
    2c76:	80 91 b4 04 	lds	r24, 0x04B4
    2c7a:	90 91 b5 04 	lds	r25, 0x04B5
    2c7e:	02 96       	adiw	r24, 0x02	; 2
    2c80:	0e 94 57 0c 	call	0x18ae	; 0x18ae <vListRemove>
				prvAddCurrentTaskToDelayedList( xTimeToWake );
    2c84:	8b 81       	ldd	r24, Y+3	; 0x03
    2c86:	9c 81       	ldd	r25, Y+4	; 0x04
    2c88:	0e 94 cf 1a 	call	0x359e	; 0x359e <prvAddCurrentTaskToDelayedList>
			}
		}
		xAlreadyYielded = xTaskResumeAll();
    2c8c:	0e 94 db 16 	call	0x2db6	; 0x2db6 <xTaskResumeAll>
    2c90:	8a 83       	std	Y+2, r24	; 0x02

		/* Force a reschedule if xTaskResumeAll has not already done so, we may
		have put ourselves to sleep. */
		if( xAlreadyYielded == pdFALSE )
    2c92:	8a 81       	ldd	r24, Y+2	; 0x02
    2c94:	88 23       	and	r24, r24
    2c96:	11 f4       	brne	.+4      	; 0x2c9c <vTaskDelayUntil+0xd6>
		{
			portYIELD_WITHIN_API();
    2c98:	0e 94 ff 0e 	call	0x1dfe	; 0x1dfe <vPortYield>
		}
	}
    2c9c:	28 96       	adiw	r28, 0x08	; 8
    2c9e:	0f b6       	in	r0, 0x3f	; 63
    2ca0:	f8 94       	cli
    2ca2:	de bf       	out	0x3e, r29	; 62
    2ca4:	0f be       	out	0x3f, r0	; 63
    2ca6:	cd bf       	out	0x3d, r28	; 61
    2ca8:	cf 91       	pop	r28
    2caa:	df 91       	pop	r29
    2cac:	08 95       	ret

00002cae <vTaskDelay>:
/*-----------------------------------------------------------*/

#if ( INCLUDE_vTaskDelay == 1 )

	void vTaskDelay( portTickType xTicksToDelay )
	{
    2cae:	df 93       	push	r29
    2cb0:	cf 93       	push	r28
    2cb2:	00 d0       	rcall	.+0      	; 0x2cb4 <vTaskDelay+0x6>
    2cb4:	00 d0       	rcall	.+0      	; 0x2cb6 <vTaskDelay+0x8>
    2cb6:	0f 92       	push	r0
    2cb8:	cd b7       	in	r28, 0x3d	; 61
    2cba:	de b7       	in	r29, 0x3e	; 62
    2cbc:	9d 83       	std	Y+5, r25	; 0x05
    2cbe:	8c 83       	std	Y+4, r24	; 0x04
	portTickType xTimeToWake;
	signed portBASE_TYPE xAlreadyYielded = pdFALSE;
    2cc0:	19 82       	std	Y+1, r1	; 0x01

		/* A delay time of zero just forces a reschedule. */
		if( xTicksToDelay > ( portTickType ) 0U )
    2cc2:	8c 81       	ldd	r24, Y+4	; 0x04
    2cc4:	9d 81       	ldd	r25, Y+5	; 0x05
    2cc6:	00 97       	sbiw	r24, 0x00	; 0
    2cc8:	d1 f0       	breq	.+52     	; 0x2cfe <vTaskDelay+0x50>
		{
			vTaskSuspendAll();
    2cca:	0e 94 cf 16 	call	0x2d9e	; 0x2d9e <vTaskSuspendAll>
				This task cannot be in an event list as it is the currently
				executing task. */

				/* Calculate the time to wake - this may overflow but this is
				not a problem. */
				xTimeToWake = xTickCount + xTicksToDelay;
    2cce:	20 91 b8 04 	lds	r18, 0x04B8
    2cd2:	30 91 b9 04 	lds	r19, 0x04B9
    2cd6:	8c 81       	ldd	r24, Y+4	; 0x04
    2cd8:	9d 81       	ldd	r25, Y+5	; 0x05
    2cda:	82 0f       	add	r24, r18
    2cdc:	93 1f       	adc	r25, r19
    2cde:	9b 83       	std	Y+3, r25	; 0x03
    2ce0:	8a 83       	std	Y+2, r24	; 0x02

				/* We must remove ourselves from the ready list before adding
				ourselves to the blocked list as the same list item is used for
				both lists. */
				vListRemove( ( xListItem * ) &( pxCurrentTCB->xGenericListItem ) );
    2ce2:	80 91 b4 04 	lds	r24, 0x04B4
    2ce6:	90 91 b5 04 	lds	r25, 0x04B5
    2cea:	02 96       	adiw	r24, 0x02	; 2
    2cec:	0e 94 57 0c 	call	0x18ae	; 0x18ae <vListRemove>
				prvAddCurrentTaskToDelayedList( xTimeToWake );
    2cf0:	8a 81       	ldd	r24, Y+2	; 0x02
    2cf2:	9b 81       	ldd	r25, Y+3	; 0x03
    2cf4:	0e 94 cf 1a 	call	0x359e	; 0x359e <prvAddCurrentTaskToDelayedList>
			}
			xAlreadyYielded = xTaskResumeAll();
    2cf8:	0e 94 db 16 	call	0x2db6	; 0x2db6 <xTaskResumeAll>
    2cfc:	89 83       	std	Y+1, r24	; 0x01
		}

		/* Force a reschedule if xTaskResumeAll has not already done so, we may
		have put ourselves to sleep. */
		if( xAlreadyYielded == pdFALSE )
    2cfe:	89 81       	ldd	r24, Y+1	; 0x01
    2d00:	88 23       	and	r24, r24
    2d02:	11 f4       	brne	.+4      	; 0x2d08 <vTaskDelay+0x5a>
		{
			portYIELD_WITHIN_API();
    2d04:	0e 94 ff 0e 	call	0x1dfe	; 0x1dfe <vPortYield>
		}
	}
    2d08:	0f 90       	pop	r0
    2d0a:	0f 90       	pop	r0
    2d0c:	0f 90       	pop	r0
    2d0e:	0f 90       	pop	r0
    2d10:	0f 90       	pop	r0
    2d12:	cf 91       	pop	r28
    2d14:	df 91       	pop	r29
    2d16:	08 95       	ret

00002d18 <vTaskStartScheduler>:
 * PUBLIC SCHEDULER CONTROL documented in task.h
 *----------------------------------------------------------*/


void vTaskStartScheduler( void )
{
    2d18:	af 92       	push	r10
    2d1a:	bf 92       	push	r11
    2d1c:	cf 92       	push	r12
    2d1e:	df 92       	push	r13
    2d20:	ef 92       	push	r14
    2d22:	ff 92       	push	r15
    2d24:	0f 93       	push	r16
    2d26:	df 93       	push	r29
    2d28:	cf 93       	push	r28
    2d2a:	0f 92       	push	r0
    2d2c:	cd b7       	in	r28, 0x3d	; 61
    2d2e:	de b7       	in	r29, 0x3e	; 62
		xReturn = xTaskCreate( prvIdleTask, ( signed char * ) "IDLE", tskIDLE_STACK_SIZE, ( void * ) NULL, ( tskIDLE_PRIORITY | portPRIVILEGE_BIT ), &xIdleTaskHandle );
	}
	#else
	{
		/* Create the idle task without storing its handle. */
		xReturn = xTaskCreate( prvIdleTask, ( signed char * ) "IDLE", tskIDLE_STACK_SIZE, ( void * ) NULL, ( tskIDLE_PRIORITY | portPRIVILEGE_BIT ), NULL );
    2d30:	20 e6       	ldi	r18, 0x60	; 96
    2d32:	30 e0       	ldi	r19, 0x00	; 0
    2d34:	83 ef       	ldi	r24, 0xF3	; 243
    2d36:	99 e1       	ldi	r25, 0x19	; 25
    2d38:	b9 01       	movw	r22, r18
    2d3a:	45 e5       	ldi	r20, 0x55	; 85
    2d3c:	50 e0       	ldi	r21, 0x00	; 0
    2d3e:	20 e0       	ldi	r18, 0x00	; 0
    2d40:	30 e0       	ldi	r19, 0x00	; 0
    2d42:	00 e0       	ldi	r16, 0x00	; 0
    2d44:	ee 24       	eor	r14, r14
    2d46:	ff 24       	eor	r15, r15
    2d48:	cc 24       	eor	r12, r12
    2d4a:	dd 24       	eor	r13, r13
    2d4c:	aa 24       	eor	r10, r10
    2d4e:	bb 24       	eor	r11, r11
    2d50:	0e 94 93 14 	call	0x2926	; 0x2926 <xTaskGenericCreate>
    2d54:	89 83       	std	Y+1, r24	; 0x01
			xReturn = xTimerCreateTimerTask();
		}
	}
	#endif

	if( xReturn == pdPASS )
    2d56:	89 81       	ldd	r24, Y+1	; 0x01
    2d58:	81 30       	cpi	r24, 0x01	; 1
    2d5a:	51 f4       	brne	.+20     	; 0x2d70 <vTaskStartScheduler+0x58>
		so interrupts will automatically get re-enabled when the first task
		starts to run.

		STEPPING THROUGH HERE USING A DEBUGGER CAN CAUSE BIG PROBLEMS IF THE
		DEBUGGER ALLOWS INTERRUPTS TO BE PROCESSED. */
		portDISABLE_INTERRUPTS();
    2d5c:	f8 94       	cli

		xSchedulerRunning = pdTRUE;
    2d5e:	81 e0       	ldi	r24, 0x01	; 1
    2d60:	80 93 bc 04 	sts	0x04BC, r24
		xTickCount = ( portTickType ) 0U;
    2d64:	10 92 b9 04 	sts	0x04B9, r1
    2d68:	10 92 b8 04 	sts	0x04B8, r1
		the run time counter time base. */
		portCONFIGURE_TIMER_FOR_RUN_TIME_STATS();
		
		/* Setting up the timer tick is hardware specific and thus in the
		portable interface. */
		if( xPortStartScheduler() != pdFALSE )
    2d6c:	0e 94 c3 0e 	call	0x1d86	; 0x1d86 <xPortStartScheduler>
		}
	}

	/* This line will only be reached if the kernel could not be started. */
	configASSERT( xReturn );
}
    2d70:	0f 90       	pop	r0
    2d72:	cf 91       	pop	r28
    2d74:	df 91       	pop	r29
    2d76:	0f 91       	pop	r16
    2d78:	ff 90       	pop	r15
    2d7a:	ef 90       	pop	r14
    2d7c:	df 90       	pop	r13
    2d7e:	cf 90       	pop	r12
    2d80:	bf 90       	pop	r11
    2d82:	af 90       	pop	r10
    2d84:	08 95       	ret

00002d86 <vTaskEndScheduler>:
/*-----------------------------------------------------------*/

void vTaskEndScheduler( void )
{
    2d86:	df 93       	push	r29
    2d88:	cf 93       	push	r28
    2d8a:	cd b7       	in	r28, 0x3d	; 61
    2d8c:	de b7       	in	r29, 0x3e	; 62
	/* Stop the scheduler interrupts and call the portable scheduler end
	routine so the original ISRs can be restored if necessary.  The port
	layer must ensure interrupts enable	bit is left in the correct state. */
	portDISABLE_INTERRUPTS();
    2d8e:	f8 94       	cli
	xSchedulerRunning = pdFALSE;
    2d90:	10 92 bc 04 	sts	0x04BC, r1
	vPortEndScheduler();
    2d94:	0e 94 f8 0e 	call	0x1df0	; 0x1df0 <vPortEndScheduler>
}
    2d98:	cf 91       	pop	r28
    2d9a:	df 91       	pop	r29
    2d9c:	08 95       	ret

00002d9e <vTaskSuspendAll>:
/*----------------------------------------------------------*/

void vTaskSuspendAll( void )
{
    2d9e:	df 93       	push	r29
    2da0:	cf 93       	push	r28
    2da2:	cd b7       	in	r28, 0x3d	; 61
    2da4:	de b7       	in	r29, 0x3e	; 62
	/* A critical section is not required as the variable is of type
	portBASE_TYPE. */
	++uxSchedulerSuspended;
    2da6:	80 91 bd 04 	lds	r24, 0x04BD
    2daa:	8f 5f       	subi	r24, 0xFF	; 255
    2dac:	80 93 bd 04 	sts	0x04BD, r24
}
    2db0:	cf 91       	pop	r28
    2db2:	df 91       	pop	r29
    2db4:	08 95       	ret

00002db6 <xTaskResumeAll>:
/*----------------------------------------------------------*/

signed portBASE_TYPE xTaskResumeAll( void )
{
    2db6:	df 93       	push	r29
    2db8:	cf 93       	push	r28
    2dba:	00 d0       	rcall	.+0      	; 0x2dbc <xTaskResumeAll+0x6>
    2dbc:	00 d0       	rcall	.+0      	; 0x2dbe <xTaskResumeAll+0x8>
    2dbe:	cd b7       	in	r28, 0x3d	; 61
    2dc0:	de b7       	in	r29, 0x3e	; 62
register tskTCB *pxTCB;
signed portBASE_TYPE xAlreadyYielded = pdFALSE;
    2dc2:	1a 82       	std	Y+2, r1	; 0x02
	/* It is possible that an ISR caused a task to be removed from an event
	list while the scheduler was suspended.  If this was the case then the
	removed task will have been added to the xPendingReadyList.  Once the
	scheduler has been resumed it is safe to move all the pending ready
	tasks from this list into their appropriate ready list. */
	taskENTER_CRITICAL();
    2dc4:	0f b6       	in	r0, 0x3f	; 63
    2dc6:	f8 94       	cli
    2dc8:	0f 92       	push	r0
	{
		--uxSchedulerSuspended;
    2dca:	80 91 bd 04 	lds	r24, 0x04BD
    2dce:	81 50       	subi	r24, 0x01	; 1
    2dd0:	80 93 bd 04 	sts	0x04BD, r24

		if( uxSchedulerSuspended == ( unsigned portBASE_TYPE ) pdFALSE )
    2dd4:	80 91 bd 04 	lds	r24, 0x04BD
    2dd8:	88 23       	and	r24, r24
    2dda:	09 f0       	breq	.+2      	; 0x2dde <xTaskResumeAll+0x28>
    2ddc:	6c c0       	rjmp	.+216    	; 0x2eb6 <xTaskResumeAll+0x100>
		{
			if( uxCurrentNumberOfTasks > ( unsigned portBASE_TYPE ) 0U )
    2dde:	80 91 b7 04 	lds	r24, 0x04B7
    2de2:	88 23       	and	r24, r24
    2de4:	09 f4       	brne	.+2      	; 0x2de8 <xTaskResumeAll+0x32>
    2de6:	67 c0       	rjmp	.+206    	; 0x2eb6 <xTaskResumeAll+0x100>
			{
				portBASE_TYPE xYieldRequired = pdFALSE;
    2de8:	19 82       	std	Y+1, r1	; 0x01
    2dea:	41 c0       	rjmp	.+130    	; 0x2e6e <xTaskResumeAll+0xb8>

				/* Move any readied tasks from the pending list into the
				appropriate ready list. */
				while( listLIST_IS_EMPTY( ( xList * ) &xPendingReadyList ) == pdFALSE )
				{
					pxTCB = ( tskTCB * ) listGET_OWNER_OF_HEAD_ENTRY(  ( ( xList * ) &xPendingReadyList ) );
    2dec:	e0 91 0a 05 	lds	r30, 0x050A
    2df0:	f0 91 0b 05 	lds	r31, 0x050B
    2df4:	86 81       	ldd	r24, Z+6	; 0x06
    2df6:	97 81       	ldd	r25, Z+7	; 0x07
    2df8:	9c 83       	std	Y+4, r25	; 0x04
    2dfa:	8b 83       	std	Y+3, r24	; 0x03
					vListRemove( &( pxTCB->xEventListItem ) );
    2dfc:	8b 81       	ldd	r24, Y+3	; 0x03
    2dfe:	9c 81       	ldd	r25, Y+4	; 0x04
    2e00:	0c 96       	adiw	r24, 0x0c	; 12
    2e02:	0e 94 57 0c 	call	0x18ae	; 0x18ae <vListRemove>
					vListRemove( &( pxTCB->xGenericListItem ) );
    2e06:	8b 81       	ldd	r24, Y+3	; 0x03
    2e08:	9c 81       	ldd	r25, Y+4	; 0x04
    2e0a:	02 96       	adiw	r24, 0x02	; 2
    2e0c:	0e 94 57 0c 	call	0x18ae	; 0x18ae <vListRemove>
					prvAddTaskToReadyQueue( pxTCB );
    2e10:	eb 81       	ldd	r30, Y+3	; 0x03
    2e12:	fc 81       	ldd	r31, Y+4	; 0x04
    2e14:	96 89       	ldd	r25, Z+22	; 0x16
    2e16:	80 91 bb 04 	lds	r24, 0x04BB
    2e1a:	89 17       	cp	r24, r25
    2e1c:	28 f4       	brcc	.+10     	; 0x2e28 <xTaskResumeAll+0x72>
    2e1e:	eb 81       	ldd	r30, Y+3	; 0x03
    2e20:	fc 81       	ldd	r31, Y+4	; 0x04
    2e22:	86 89       	ldd	r24, Z+22	; 0x16
    2e24:	80 93 bb 04 	sts	0x04BB, r24
    2e28:	eb 81       	ldd	r30, Y+3	; 0x03
    2e2a:	fc 81       	ldd	r31, Y+4	; 0x04
    2e2c:	86 89       	ldd	r24, Z+22	; 0x16
    2e2e:	28 2f       	mov	r18, r24
    2e30:	30 e0       	ldi	r19, 0x00	; 0
    2e32:	c9 01       	movw	r24, r18
    2e34:	88 0f       	add	r24, r24
    2e36:	99 1f       	adc	r25, r25
    2e38:	88 0f       	add	r24, r24
    2e3a:	99 1f       	adc	r25, r25
    2e3c:	88 0f       	add	r24, r24
    2e3e:	99 1f       	adc	r25, r25
    2e40:	82 0f       	add	r24, r18
    2e42:	93 1f       	adc	r25, r19
    2e44:	8e 53       	subi	r24, 0x3E	; 62
    2e46:	9b 4f       	sbci	r25, 0xFB	; 251
    2e48:	2b 81       	ldd	r18, Y+3	; 0x03
    2e4a:	3c 81       	ldd	r19, Y+4	; 0x04
    2e4c:	2e 5f       	subi	r18, 0xFE	; 254
    2e4e:	3f 4f       	sbci	r19, 0xFF	; 255
    2e50:	b9 01       	movw	r22, r18
    2e52:	0e 94 9f 0b 	call	0x173e	; 0x173e <vListInsertEnd>

					/* If we have moved a task that has a priority higher than
					the current task then we should yield. */
					if( pxTCB->uxPriority >= pxCurrentTCB->uxPriority )
    2e56:	eb 81       	ldd	r30, Y+3	; 0x03
    2e58:	fc 81       	ldd	r31, Y+4	; 0x04
    2e5a:	96 89       	ldd	r25, Z+22	; 0x16
    2e5c:	e0 91 b4 04 	lds	r30, 0x04B4
    2e60:	f0 91 b5 04 	lds	r31, 0x04B5
    2e64:	86 89       	ldd	r24, Z+22	; 0x16
    2e66:	98 17       	cp	r25, r24
    2e68:	10 f0       	brcs	.+4      	; 0x2e6e <xTaskResumeAll+0xb8>
					{
						xYieldRequired = pdTRUE;
    2e6a:	81 e0       	ldi	r24, 0x01	; 1
    2e6c:	89 83       	std	Y+1, r24	; 0x01
			{
				portBASE_TYPE xYieldRequired = pdFALSE;

				/* Move any readied tasks from the pending list into the
				appropriate ready list. */
				while( listLIST_IS_EMPTY( ( xList * ) &xPendingReadyList ) == pdFALSE )
    2e6e:	80 91 05 05 	lds	r24, 0x0505
    2e72:	88 23       	and	r24, r24
    2e74:	09 f0       	breq	.+2      	; 0x2e78 <xTaskResumeAll+0xc2>
    2e76:	ba cf       	rjmp	.-140    	; 0x2dec <xTaskResumeAll+0x36>
				}

				/* If any ticks occurred while the scheduler was suspended then
				they should be processed now.  This ensures the tick count does not
				slip, and that any delayed tasks are resumed at the correct time. */
				if( uxMissedTicks > ( unsigned portBASE_TYPE ) 0U )
    2e78:	80 91 be 04 	lds	r24, 0x04BE
    2e7c:	88 23       	and	r24, r24
    2e7e:	71 f0       	breq	.+28     	; 0x2e9c <xTaskResumeAll+0xe6>
    2e80:	07 c0       	rjmp	.+14     	; 0x2e90 <xTaskResumeAll+0xda>
				{
					while( uxMissedTicks > ( unsigned portBASE_TYPE ) 0U )
					{
						vTaskIncrementTick();
    2e82:	0e 94 9a 17 	call	0x2f34	; 0x2f34 <vTaskIncrementTick>
						--uxMissedTicks;
    2e86:	80 91 be 04 	lds	r24, 0x04BE
    2e8a:	81 50       	subi	r24, 0x01	; 1
    2e8c:	80 93 be 04 	sts	0x04BE, r24
				/* If any ticks occurred while the scheduler was suspended then
				they should be processed now.  This ensures the tick count does not
				slip, and that any delayed tasks are resumed at the correct time. */
				if( uxMissedTicks > ( unsigned portBASE_TYPE ) 0U )
				{
					while( uxMissedTicks > ( unsigned portBASE_TYPE ) 0U )
    2e90:	80 91 be 04 	lds	r24, 0x04BE
    2e94:	88 23       	and	r24, r24
    2e96:	a9 f7       	brne	.-22     	; 0x2e82 <xTaskResumeAll+0xcc>
					/* As we have processed some ticks it is appropriate to yield
					to ensure the highest priority task that is ready to run is
					the task actually running. */
					#if configUSE_PREEMPTION == 1
					{
						xYieldRequired = pdTRUE;
    2e98:	81 e0       	ldi	r24, 0x01	; 1
    2e9a:	89 83       	std	Y+1, r24	; 0x01
					}
					#endif
				}

				if( ( xYieldRequired == pdTRUE ) || ( xMissedYield == pdTRUE ) )
    2e9c:	89 81       	ldd	r24, Y+1	; 0x01
    2e9e:	81 30       	cpi	r24, 0x01	; 1
    2ea0:	21 f0       	breq	.+8      	; 0x2eaa <xTaskResumeAll+0xf4>
    2ea2:	80 91 bf 04 	lds	r24, 0x04BF
    2ea6:	81 30       	cpi	r24, 0x01	; 1
    2ea8:	31 f4       	brne	.+12     	; 0x2eb6 <xTaskResumeAll+0x100>
				{
					xAlreadyYielded = pdTRUE;
    2eaa:	81 e0       	ldi	r24, 0x01	; 1
    2eac:	8a 83       	std	Y+2, r24	; 0x02
					xMissedYield = pdFALSE;
    2eae:	10 92 bf 04 	sts	0x04BF, r1
					portYIELD_WITHIN_API();
    2eb2:	0e 94 ff 0e 	call	0x1dfe	; 0x1dfe <vPortYield>
				}
			}
		}
	}
	taskEXIT_CRITICAL();
    2eb6:	0f 90       	pop	r0
    2eb8:	0f be       	out	0x3f, r0	; 63

	return xAlreadyYielded;
    2eba:	8a 81       	ldd	r24, Y+2	; 0x02
}
    2ebc:	0f 90       	pop	r0
    2ebe:	0f 90       	pop	r0
    2ec0:	0f 90       	pop	r0
    2ec2:	0f 90       	pop	r0
    2ec4:	cf 91       	pop	r28
    2ec6:	df 91       	pop	r29
    2ec8:	08 95       	ret

00002eca <xTaskGetTickCount>:
 *----------------------------------------------------------*/



portTickType xTaskGetTickCount( void )
{
    2eca:	df 93       	push	r29
    2ecc:	cf 93       	push	r28
    2ece:	00 d0       	rcall	.+0      	; 0x2ed0 <xTaskGetTickCount+0x6>
    2ed0:	cd b7       	in	r28, 0x3d	; 61
    2ed2:	de b7       	in	r29, 0x3e	; 62
portTickType xTicks;

	/* Critical section required if running on a 16 bit processor. */
	taskENTER_CRITICAL();
    2ed4:	0f b6       	in	r0, 0x3f	; 63
    2ed6:	f8 94       	cli
    2ed8:	0f 92       	push	r0
	{
		xTicks = xTickCount;
    2eda:	80 91 b8 04 	lds	r24, 0x04B8
    2ede:	90 91 b9 04 	lds	r25, 0x04B9
    2ee2:	9a 83       	std	Y+2, r25	; 0x02
    2ee4:	89 83       	std	Y+1, r24	; 0x01
	}
	taskEXIT_CRITICAL();
    2ee6:	0f 90       	pop	r0
    2ee8:	0f be       	out	0x3f, r0	; 63

	return xTicks;
    2eea:	89 81       	ldd	r24, Y+1	; 0x01
    2eec:	9a 81       	ldd	r25, Y+2	; 0x02
}
    2eee:	0f 90       	pop	r0
    2ef0:	0f 90       	pop	r0
    2ef2:	cf 91       	pop	r28
    2ef4:	df 91       	pop	r29
    2ef6:	08 95       	ret

00002ef8 <xTaskGetTickCountFromISR>:
/*-----------------------------------------------------------*/

portTickType xTaskGetTickCountFromISR( void )
{
    2ef8:	df 93       	push	r29
    2efa:	cf 93       	push	r28
    2efc:	00 d0       	rcall	.+0      	; 0x2efe <xTaskGetTickCountFromISR+0x6>
    2efe:	0f 92       	push	r0
    2f00:	cd b7       	in	r28, 0x3d	; 61
    2f02:	de b7       	in	r29, 0x3e	; 62
portTickType xReturn;
unsigned portBASE_TYPE uxSavedInterruptStatus;

	uxSavedInterruptStatus = portSET_INTERRUPT_MASK_FROM_ISR();
    2f04:	19 82       	std	Y+1, r1	; 0x01
	xReturn = xTickCount;
    2f06:	80 91 b8 04 	lds	r24, 0x04B8
    2f0a:	90 91 b9 04 	lds	r25, 0x04B9
    2f0e:	9b 83       	std	Y+3, r25	; 0x03
    2f10:	8a 83       	std	Y+2, r24	; 0x02
	portCLEAR_INTERRUPT_MASK_FROM_ISR( uxSavedInterruptStatus );

	return xReturn;
    2f12:	8a 81       	ldd	r24, Y+2	; 0x02
    2f14:	9b 81       	ldd	r25, Y+3	; 0x03
}
    2f16:	0f 90       	pop	r0
    2f18:	0f 90       	pop	r0
    2f1a:	0f 90       	pop	r0
    2f1c:	cf 91       	pop	r28
    2f1e:	df 91       	pop	r29
    2f20:	08 95       	ret

00002f22 <uxTaskGetNumberOfTasks>:
/*-----------------------------------------------------------*/

unsigned portBASE_TYPE uxTaskGetNumberOfTasks( void )
{
    2f22:	df 93       	push	r29
    2f24:	cf 93       	push	r28
    2f26:	cd b7       	in	r28, 0x3d	; 61
    2f28:	de b7       	in	r29, 0x3e	; 62
	/* A critical section is not required because the variables are of type
	portBASE_TYPE. */
	return uxCurrentNumberOfTasks;
    2f2a:	80 91 b7 04 	lds	r24, 0x04B7
}
    2f2e:	cf 91       	pop	r28
    2f30:	df 91       	pop	r29
    2f32:	08 95       	ret

00002f34 <vTaskIncrementTick>:
 * SCHEDULER INTERNALS AVAILABLE FOR PORTING PURPOSES
 * documented in task.h
 *----------------------------------------------------------*/

void vTaskIncrementTick( void )
{
    2f34:	df 93       	push	r29
    2f36:	cf 93       	push	r28
    2f38:	00 d0       	rcall	.+0      	; 0x2f3a <vTaskIncrementTick+0x6>
    2f3a:	00 d0       	rcall	.+0      	; 0x2f3c <vTaskIncrementTick+0x8>
    2f3c:	00 d0       	rcall	.+0      	; 0x2f3e <vTaskIncrementTick+0xa>
    2f3e:	cd b7       	in	r28, 0x3d	; 61
    2f40:	de b7       	in	r29, 0x3e	; 62
tskTCB * pxTCB;

	/* Called by the portable layer each time a tick interrupt occurs.
	Increments the tick then checks to see if the new tick value will cause any
	tasks to be unblocked. */
	if( uxSchedulerSuspended == ( unsigned portBASE_TYPE ) pdFALSE )
    2f42:	80 91 bd 04 	lds	r24, 0x04BD
    2f46:	88 23       	and	r24, r24
    2f48:	09 f0       	breq	.+2      	; 0x2f4c <vTaskIncrementTick+0x18>
    2f4a:	bb c0       	rjmp	.+374    	; 0x30c2 <vTaskIncrementTick+0x18e>
	{
		++xTickCount;
    2f4c:	80 91 b8 04 	lds	r24, 0x04B8
    2f50:	90 91 b9 04 	lds	r25, 0x04B9
    2f54:	01 96       	adiw	r24, 0x01	; 1
    2f56:	90 93 b9 04 	sts	0x04B9, r25
    2f5a:	80 93 b8 04 	sts	0x04B8, r24
		if( xTickCount == ( portTickType ) 0U )
    2f5e:	80 91 b8 04 	lds	r24, 0x04B8
    2f62:	90 91 b9 04 	lds	r25, 0x04B9
    2f66:	00 97       	sbiw	r24, 0x00	; 0
    2f68:	d1 f5       	brne	.+116    	; 0x2fde <vTaskIncrementTick+0xaa>
			/* Tick count has overflowed so we need to swap the delay lists.
			If there are any items in pxDelayedTaskList here then there is
			an error! */
			configASSERT( ( listLIST_IS_EMPTY( pxDelayedTaskList ) ) );
			
			pxTemp = pxDelayedTaskList;
    2f6a:	80 91 01 05 	lds	r24, 0x0501
    2f6e:	90 91 02 05 	lds	r25, 0x0502
    2f72:	9c 83       	std	Y+4, r25	; 0x04
    2f74:	8b 83       	std	Y+3, r24	; 0x03
			pxDelayedTaskList = pxOverflowDelayedTaskList;
    2f76:	80 91 03 05 	lds	r24, 0x0503
    2f7a:	90 91 04 05 	lds	r25, 0x0504
    2f7e:	90 93 02 05 	sts	0x0502, r25
    2f82:	80 93 01 05 	sts	0x0501, r24
			pxOverflowDelayedTaskList = pxTemp;
    2f86:	8b 81       	ldd	r24, Y+3	; 0x03
    2f88:	9c 81       	ldd	r25, Y+4	; 0x04
    2f8a:	90 93 04 05 	sts	0x0504, r25
    2f8e:	80 93 03 05 	sts	0x0503, r24
			xNumOfOverflows++;
    2f92:	80 91 c0 04 	lds	r24, 0x04C0
    2f96:	8f 5f       	subi	r24, 0xFF	; 255
    2f98:	80 93 c0 04 	sts	0x04C0, r24
	
			if( listLIST_IS_EMPTY( pxDelayedTaskList ) != pdFALSE )
    2f9c:	e0 91 01 05 	lds	r30, 0x0501
    2fa0:	f0 91 02 05 	lds	r31, 0x0502
    2fa4:	80 81       	ld	r24, Z
    2fa6:	88 23       	and	r24, r24
    2fa8:	39 f4       	brne	.+14     	; 0x2fb8 <vTaskIncrementTick+0x84>
				/* The new current delayed list is empty.  Set
				xNextTaskUnblockTime to the maximum possible value so it is
				extremely unlikely that the	
				if( xTickCount >= xNextTaskUnblockTime ) test will pass until
				there is an item in the delayed list. */
				xNextTaskUnblockTime = portMAX_DELAY;
    2faa:	8f ef       	ldi	r24, 0xFF	; 255
    2fac:	9f ef       	ldi	r25, 0xFF	; 255
    2fae:	90 93 6f 00 	sts	0x006F, r25
    2fb2:	80 93 6e 00 	sts	0x006E, r24
    2fb6:	13 c0       	rjmp	.+38     	; 0x2fde <vTaskIncrementTick+0xaa>
			{
				/* The new current delayed list is not empty, get the value of
				the item at the head of the delayed list.  This is the time at
				which the task at the head of the delayed list should be removed
				from the Blocked state. */
				pxTCB = ( tskTCB * ) listGET_OWNER_OF_HEAD_ENTRY( pxDelayedTaskList );
    2fb8:	e0 91 01 05 	lds	r30, 0x0501
    2fbc:	f0 91 02 05 	lds	r31, 0x0502
    2fc0:	05 80       	ldd	r0, Z+5	; 0x05
    2fc2:	f6 81       	ldd	r31, Z+6	; 0x06
    2fc4:	e0 2d       	mov	r30, r0
    2fc6:	86 81       	ldd	r24, Z+6	; 0x06
    2fc8:	97 81       	ldd	r25, Z+7	; 0x07
    2fca:	9e 83       	std	Y+6, r25	; 0x06
    2fcc:	8d 83       	std	Y+5, r24	; 0x05
				xNextTaskUnblockTime = listGET_LIST_ITEM_VALUE( &( pxTCB->xGenericListItem ) );
    2fce:	ed 81       	ldd	r30, Y+5	; 0x05
    2fd0:	fe 81       	ldd	r31, Y+6	; 0x06
    2fd2:	82 81       	ldd	r24, Z+2	; 0x02
    2fd4:	93 81       	ldd	r25, Z+3	; 0x03
    2fd6:	90 93 6f 00 	sts	0x006F, r25
    2fda:	80 93 6e 00 	sts	0x006E, r24
			}
		}

		/* See if this tick has made a timeout expire. */
		prvCheckDelayedTasks();
    2fde:	20 91 b8 04 	lds	r18, 0x04B8
    2fe2:	30 91 b9 04 	lds	r19, 0x04B9
    2fe6:	80 91 6e 00 	lds	r24, 0x006E
    2fea:	90 91 6f 00 	lds	r25, 0x006F
    2fee:	28 17       	cp	r18, r24
    2ff0:	39 07       	cpc	r19, r25
    2ff2:	08 f4       	brcc	.+2      	; 0x2ff6 <vTaskIncrementTick+0xc2>
    2ff4:	6b c0       	rjmp	.+214    	; 0x30cc <vTaskIncrementTick+0x198>
    2ff6:	e0 91 01 05 	lds	r30, 0x0501
    2ffa:	f0 91 02 05 	lds	r31, 0x0502
    2ffe:	80 81       	ld	r24, Z
    3000:	88 23       	and	r24, r24
    3002:	39 f4       	brne	.+14     	; 0x3012 <vTaskIncrementTick+0xde>
    3004:	8f ef       	ldi	r24, 0xFF	; 255
    3006:	9f ef       	ldi	r25, 0xFF	; 255
    3008:	90 93 6f 00 	sts	0x006F, r25
    300c:	80 93 6e 00 	sts	0x006E, r24
    3010:	5d c0       	rjmp	.+186    	; 0x30cc <vTaskIncrementTick+0x198>
    3012:	e0 91 01 05 	lds	r30, 0x0501
    3016:	f0 91 02 05 	lds	r31, 0x0502
    301a:	05 80       	ldd	r0, Z+5	; 0x05
    301c:	f6 81       	ldd	r31, Z+6	; 0x06
    301e:	e0 2d       	mov	r30, r0
    3020:	86 81       	ldd	r24, Z+6	; 0x06
    3022:	97 81       	ldd	r25, Z+7	; 0x07
    3024:	9e 83       	std	Y+6, r25	; 0x06
    3026:	8d 83       	std	Y+5, r24	; 0x05
    3028:	ed 81       	ldd	r30, Y+5	; 0x05
    302a:	fe 81       	ldd	r31, Y+6	; 0x06
    302c:	82 81       	ldd	r24, Z+2	; 0x02
    302e:	93 81       	ldd	r25, Z+3	; 0x03
    3030:	9a 83       	std	Y+2, r25	; 0x02
    3032:	89 83       	std	Y+1, r24	; 0x01
    3034:	20 91 b8 04 	lds	r18, 0x04B8
    3038:	30 91 b9 04 	lds	r19, 0x04B9
    303c:	89 81       	ldd	r24, Y+1	; 0x01
    303e:	9a 81       	ldd	r25, Y+2	; 0x02
    3040:	28 17       	cp	r18, r24
    3042:	39 07       	cpc	r19, r25
    3044:	38 f4       	brcc	.+14     	; 0x3054 <vTaskIncrementTick+0x120>
    3046:	89 81       	ldd	r24, Y+1	; 0x01
    3048:	9a 81       	ldd	r25, Y+2	; 0x02
    304a:	90 93 6f 00 	sts	0x006F, r25
    304e:	80 93 6e 00 	sts	0x006E, r24
    3052:	3c c0       	rjmp	.+120    	; 0x30cc <vTaskIncrementTick+0x198>
    3054:	8d 81       	ldd	r24, Y+5	; 0x05
    3056:	9e 81       	ldd	r25, Y+6	; 0x06
    3058:	02 96       	adiw	r24, 0x02	; 2
    305a:	0e 94 57 0c 	call	0x18ae	; 0x18ae <vListRemove>
    305e:	ed 81       	ldd	r30, Y+5	; 0x05
    3060:	fe 81       	ldd	r31, Y+6	; 0x06
    3062:	84 89       	ldd	r24, Z+20	; 0x14
    3064:	95 89       	ldd	r25, Z+21	; 0x15
    3066:	00 97       	sbiw	r24, 0x00	; 0
    3068:	29 f0       	breq	.+10     	; 0x3074 <vTaskIncrementTick+0x140>
    306a:	8d 81       	ldd	r24, Y+5	; 0x05
    306c:	9e 81       	ldd	r25, Y+6	; 0x06
    306e:	0c 96       	adiw	r24, 0x0c	; 12
    3070:	0e 94 57 0c 	call	0x18ae	; 0x18ae <vListRemove>
    3074:	ed 81       	ldd	r30, Y+5	; 0x05
    3076:	fe 81       	ldd	r31, Y+6	; 0x06
    3078:	96 89       	ldd	r25, Z+22	; 0x16
    307a:	80 91 bb 04 	lds	r24, 0x04BB
    307e:	89 17       	cp	r24, r25
    3080:	28 f4       	brcc	.+10     	; 0x308c <vTaskIncrementTick+0x158>
    3082:	ed 81       	ldd	r30, Y+5	; 0x05
    3084:	fe 81       	ldd	r31, Y+6	; 0x06
    3086:	86 89       	ldd	r24, Z+22	; 0x16
    3088:	80 93 bb 04 	sts	0x04BB, r24
    308c:	ed 81       	ldd	r30, Y+5	; 0x05
    308e:	fe 81       	ldd	r31, Y+6	; 0x06
    3090:	86 89       	ldd	r24, Z+22	; 0x16
    3092:	28 2f       	mov	r18, r24
    3094:	30 e0       	ldi	r19, 0x00	; 0
    3096:	c9 01       	movw	r24, r18
    3098:	88 0f       	add	r24, r24
    309a:	99 1f       	adc	r25, r25
    309c:	88 0f       	add	r24, r24
    309e:	99 1f       	adc	r25, r25
    30a0:	88 0f       	add	r24, r24
    30a2:	99 1f       	adc	r25, r25
    30a4:	82 0f       	add	r24, r18
    30a6:	93 1f       	adc	r25, r19
    30a8:	ac 01       	movw	r20, r24
    30aa:	4e 53       	subi	r20, 0x3E	; 62
    30ac:	5b 4f       	sbci	r21, 0xFB	; 251
    30ae:	8d 81       	ldd	r24, Y+5	; 0x05
    30b0:	9e 81       	ldd	r25, Y+6	; 0x06
    30b2:	9c 01       	movw	r18, r24
    30b4:	2e 5f       	subi	r18, 0xFE	; 254
    30b6:	3f 4f       	sbci	r19, 0xFF	; 255
    30b8:	ca 01       	movw	r24, r20
    30ba:	b9 01       	movw	r22, r18
    30bc:	0e 94 9f 0b 	call	0x173e	; 0x173e <vListInsertEnd>
    30c0:	9a cf       	rjmp	.-204    	; 0x2ff6 <vTaskIncrementTick+0xc2>
	}
	else
	{
		++uxMissedTicks;
    30c2:	80 91 be 04 	lds	r24, 0x04BE
    30c6:	8f 5f       	subi	r24, 0xFF	; 255
    30c8:	80 93 be 04 	sts	0x04BE, r24
		}
	}
	#endif

	traceTASK_INCREMENT_TICK( xTickCount );
}
    30cc:	26 96       	adiw	r28, 0x06	; 6
    30ce:	0f b6       	in	r0, 0x3f	; 63
    30d0:	f8 94       	cli
    30d2:	de bf       	out	0x3e, r29	; 62
    30d4:	0f be       	out	0x3f, r0	; 63
    30d6:	cd bf       	out	0x3d, r28	; 61
    30d8:	cf 91       	pop	r28
    30da:	df 91       	pop	r29
    30dc:	08 95       	ret

000030de <vTaskSwitchContext>:

#endif
/*-----------------------------------------------------------*/

void vTaskSwitchContext( void )
{
    30de:	df 93       	push	r29
    30e0:	cf 93       	push	r28
    30e2:	00 d0       	rcall	.+0      	; 0x30e4 <vTaskSwitchContext+0x6>
    30e4:	cd b7       	in	r28, 0x3d	; 61
    30e6:	de b7       	in	r29, 0x3e	; 62
	if( uxSchedulerSuspended != ( unsigned portBASE_TYPE ) pdFALSE )
    30e8:	80 91 bd 04 	lds	r24, 0x04BD
    30ec:	88 23       	and	r24, r24
    30ee:	49 f0       	breq	.+18     	; 0x3102 <vTaskSwitchContext+0x24>
	{
		/* The scheduler is currently suspended - do not allow a context
		switch. */
		xMissedYield = pdTRUE;
    30f0:	81 e0       	ldi	r24, 0x01	; 1
    30f2:	80 93 bf 04 	sts	0x04BF, r24
    30f6:	54 c0       	rjmp	.+168    	; 0x31a0 <vTaskSwitchContext+0xc2>
	
		/* Find the highest priority queue that contains ready tasks. */
		while( listLIST_IS_EMPTY( &( pxReadyTasksLists[ uxTopReadyPriority ] ) ) )
		{
			configASSERT( uxTopReadyPriority );
			--uxTopReadyPriority;
    30f8:	80 91 bb 04 	lds	r24, 0x04BB
    30fc:	81 50       	subi	r24, 0x01	; 1
    30fe:	80 93 bb 04 	sts	0x04BB, r24
	
		taskFIRST_CHECK_FOR_STACK_OVERFLOW();
		taskSECOND_CHECK_FOR_STACK_OVERFLOW();
	
		/* Find the highest priority queue that contains ready tasks. */
		while( listLIST_IS_EMPTY( &( pxReadyTasksLists[ uxTopReadyPriority ] ) ) )
    3102:	80 91 bb 04 	lds	r24, 0x04BB
    3106:	28 2f       	mov	r18, r24
    3108:	30 e0       	ldi	r19, 0x00	; 0
    310a:	c9 01       	movw	r24, r18
    310c:	88 0f       	add	r24, r24
    310e:	99 1f       	adc	r25, r25
    3110:	88 0f       	add	r24, r24
    3112:	99 1f       	adc	r25, r25
    3114:	88 0f       	add	r24, r24
    3116:	99 1f       	adc	r25, r25
    3118:	82 0f       	add	r24, r18
    311a:	93 1f       	adc	r25, r19
    311c:	fc 01       	movw	r30, r24
    311e:	ee 53       	subi	r30, 0x3E	; 62
    3120:	fb 4f       	sbci	r31, 0xFB	; 251
    3122:	80 81       	ld	r24, Z
    3124:	88 23       	and	r24, r24
    3126:	41 f3       	breq	.-48     	; 0x30f8 <vTaskSwitchContext+0x1a>
			--uxTopReadyPriority;
		}
	
		/* listGET_OWNER_OF_NEXT_ENTRY walks through the list, so the tasks of the
		same priority get an equal share of the processor time. */
		listGET_OWNER_OF_NEXT_ENTRY( pxCurrentTCB, &( pxReadyTasksLists[ uxTopReadyPriority ] ) );
    3128:	80 91 bb 04 	lds	r24, 0x04BB
    312c:	28 2f       	mov	r18, r24
    312e:	30 e0       	ldi	r19, 0x00	; 0
    3130:	c9 01       	movw	r24, r18
    3132:	88 0f       	add	r24, r24
    3134:	99 1f       	adc	r25, r25
    3136:	88 0f       	add	r24, r24
    3138:	99 1f       	adc	r25, r25
    313a:	88 0f       	add	r24, r24
    313c:	99 1f       	adc	r25, r25
    313e:	82 0f       	add	r24, r18
    3140:	93 1f       	adc	r25, r19
    3142:	8e 53       	subi	r24, 0x3E	; 62
    3144:	9b 4f       	sbci	r25, 0xFB	; 251
    3146:	9a 83       	std	Y+2, r25	; 0x02
    3148:	89 83       	std	Y+1, r24	; 0x01
    314a:	e9 81       	ldd	r30, Y+1	; 0x01
    314c:	fa 81       	ldd	r31, Y+2	; 0x02
    314e:	01 80       	ldd	r0, Z+1	; 0x01
    3150:	f2 81       	ldd	r31, Z+2	; 0x02
    3152:	e0 2d       	mov	r30, r0
    3154:	82 81       	ldd	r24, Z+2	; 0x02
    3156:	93 81       	ldd	r25, Z+3	; 0x03
    3158:	e9 81       	ldd	r30, Y+1	; 0x01
    315a:	fa 81       	ldd	r31, Y+2	; 0x02
    315c:	92 83       	std	Z+2, r25	; 0x02
    315e:	81 83       	std	Z+1, r24	; 0x01
    3160:	e9 81       	ldd	r30, Y+1	; 0x01
    3162:	fa 81       	ldd	r31, Y+2	; 0x02
    3164:	21 81       	ldd	r18, Z+1	; 0x01
    3166:	32 81       	ldd	r19, Z+2	; 0x02
    3168:	89 81       	ldd	r24, Y+1	; 0x01
    316a:	9a 81       	ldd	r25, Y+2	; 0x02
    316c:	03 96       	adiw	r24, 0x03	; 3
    316e:	28 17       	cp	r18, r24
    3170:	39 07       	cpc	r19, r25
    3172:	59 f4       	brne	.+22     	; 0x318a <vTaskSwitchContext+0xac>
    3174:	e9 81       	ldd	r30, Y+1	; 0x01
    3176:	fa 81       	ldd	r31, Y+2	; 0x02
    3178:	01 80       	ldd	r0, Z+1	; 0x01
    317a:	f2 81       	ldd	r31, Z+2	; 0x02
    317c:	e0 2d       	mov	r30, r0
    317e:	82 81       	ldd	r24, Z+2	; 0x02
    3180:	93 81       	ldd	r25, Z+3	; 0x03
    3182:	e9 81       	ldd	r30, Y+1	; 0x01
    3184:	fa 81       	ldd	r31, Y+2	; 0x02
    3186:	92 83       	std	Z+2, r25	; 0x02
    3188:	81 83       	std	Z+1, r24	; 0x01
    318a:	e9 81       	ldd	r30, Y+1	; 0x01
    318c:	fa 81       	ldd	r31, Y+2	; 0x02
    318e:	01 80       	ldd	r0, Z+1	; 0x01
    3190:	f2 81       	ldd	r31, Z+2	; 0x02
    3192:	e0 2d       	mov	r30, r0
    3194:	86 81       	ldd	r24, Z+6	; 0x06
    3196:	97 81       	ldd	r25, Z+7	; 0x07
    3198:	90 93 b5 04 	sts	0x04B5, r25
    319c:	80 93 b4 04 	sts	0x04B4, r24
	
		traceTASK_SWITCHED_IN();
		vWriteTraceToBuffer();
	}
}
    31a0:	0f 90       	pop	r0
    31a2:	0f 90       	pop	r0
    31a4:	cf 91       	pop	r28
    31a6:	df 91       	pop	r29
    31a8:	08 95       	ret

000031aa <vTaskPlaceOnEventList>:
/*-----------------------------------------------------------*/

void vTaskPlaceOnEventList( const xList * const pxEventList, portTickType xTicksToWait )
{
    31aa:	df 93       	push	r29
    31ac:	cf 93       	push	r28
    31ae:	00 d0       	rcall	.+0      	; 0x31b0 <vTaskPlaceOnEventList+0x6>
    31b0:	00 d0       	rcall	.+0      	; 0x31b2 <vTaskPlaceOnEventList+0x8>
    31b2:	00 d0       	rcall	.+0      	; 0x31b4 <vTaskPlaceOnEventList+0xa>
    31b4:	cd b7       	in	r28, 0x3d	; 61
    31b6:	de b7       	in	r29, 0x3e	; 62
    31b8:	9c 83       	std	Y+4, r25	; 0x04
    31ba:	8b 83       	std	Y+3, r24	; 0x03
    31bc:	7e 83       	std	Y+6, r23	; 0x06
    31be:	6d 83       	std	Y+5, r22	; 0x05
	SCHEDULER SUSPENDED. */

	/* Place the event list item of the TCB in the appropriate event list.
	This is placed in the list in priority order so the highest priority task
	is the first to be woken by the event. */
	vListInsert( ( xList * ) pxEventList, ( xListItem * ) &( pxCurrentTCB->xEventListItem ) );
    31c0:	4b 81       	ldd	r20, Y+3	; 0x03
    31c2:	5c 81       	ldd	r21, Y+4	; 0x04
    31c4:	80 91 b4 04 	lds	r24, 0x04B4
    31c8:	90 91 b5 04 	lds	r25, 0x04B5
    31cc:	9c 01       	movw	r18, r24
    31ce:	24 5f       	subi	r18, 0xF4	; 244
    31d0:	3f 4f       	sbci	r19, 0xFF	; 255
    31d2:	ca 01       	movw	r24, r20
    31d4:	b9 01       	movw	r22, r18
    31d6:	0e 94 eb 0b 	call	0x17d6	; 0x17d6 <vListInsert>

	/* We must remove ourselves from the ready list before adding ourselves
	to the blocked list as the same list item is used for both lists.  We have
	exclusive access to the ready lists as the scheduler is locked. */
	vListRemove( ( xListItem * ) &( pxCurrentTCB->xGenericListItem ) );
    31da:	80 91 b4 04 	lds	r24, 0x04B4
    31de:	90 91 b5 04 	lds	r25, 0x04B5
    31e2:	02 96       	adiw	r24, 0x02	; 2
    31e4:	0e 94 57 0c 	call	0x18ae	; 0x18ae <vListRemove>
	}
	#else
	{
			/* Calculate the time at which the task should be woken if the event does
			not occur.  This may overflow but this doesn't matter. */
			xTimeToWake = xTickCount + xTicksToWait;
    31e8:	20 91 b8 04 	lds	r18, 0x04B8
    31ec:	30 91 b9 04 	lds	r19, 0x04B9
    31f0:	8d 81       	ldd	r24, Y+5	; 0x05
    31f2:	9e 81       	ldd	r25, Y+6	; 0x06
    31f4:	82 0f       	add	r24, r18
    31f6:	93 1f       	adc	r25, r19
    31f8:	9a 83       	std	Y+2, r25	; 0x02
    31fa:	89 83       	std	Y+1, r24	; 0x01
			prvAddCurrentTaskToDelayedList( xTimeToWake );
    31fc:	89 81       	ldd	r24, Y+1	; 0x01
    31fe:	9a 81       	ldd	r25, Y+2	; 0x02
    3200:	0e 94 cf 1a 	call	0x359e	; 0x359e <prvAddCurrentTaskToDelayedList>
	}
	#endif
}
    3204:	26 96       	adiw	r28, 0x06	; 6
    3206:	0f b6       	in	r0, 0x3f	; 63
    3208:	f8 94       	cli
    320a:	de bf       	out	0x3e, r29	; 62
    320c:	0f be       	out	0x3f, r0	; 63
    320e:	cd bf       	out	0x3d, r28	; 61
    3210:	cf 91       	pop	r28
    3212:	df 91       	pop	r29
    3214:	08 95       	ret

00003216 <xTaskRemoveFromEventList>:
	
#endif /* configUSE_TIMERS */
/*-----------------------------------------------------------*/

signed portBASE_TYPE xTaskRemoveFromEventList( const xList * const pxEventList )
{
    3216:	df 93       	push	r29
    3218:	cf 93       	push	r28
    321a:	00 d0       	rcall	.+0      	; 0x321c <xTaskRemoveFromEventList+0x6>
    321c:	00 d0       	rcall	.+0      	; 0x321e <xTaskRemoveFromEventList+0x8>
    321e:	0f 92       	push	r0
    3220:	cd b7       	in	r28, 0x3d	; 61
    3222:	de b7       	in	r29, 0x3e	; 62
    3224:	9d 83       	std	Y+5, r25	; 0x05
    3226:	8c 83       	std	Y+4, r24	; 0x04
	get called - the lock count on the queue will get modified instead.  This
	means we can always expect exclusive access to the event list here.
	
	This function assumes that a check has already been made to ensure that
	pxEventList is not empty. */
	pxUnblockedTCB = ( tskTCB * ) listGET_OWNER_OF_HEAD_ENTRY( pxEventList );
    3228:	ec 81       	ldd	r30, Y+4	; 0x04
    322a:	fd 81       	ldd	r31, Y+5	; 0x05
    322c:	05 80       	ldd	r0, Z+5	; 0x05
    322e:	f6 81       	ldd	r31, Z+6	; 0x06
    3230:	e0 2d       	mov	r30, r0
    3232:	86 81       	ldd	r24, Z+6	; 0x06
    3234:	97 81       	ldd	r25, Z+7	; 0x07
    3236:	9b 83       	std	Y+3, r25	; 0x03
    3238:	8a 83       	std	Y+2, r24	; 0x02
	configASSERT( pxUnblockedTCB );
	vListRemove( &( pxUnblockedTCB->xEventListItem ) );
    323a:	8a 81       	ldd	r24, Y+2	; 0x02
    323c:	9b 81       	ldd	r25, Y+3	; 0x03
    323e:	0c 96       	adiw	r24, 0x0c	; 12
    3240:	0e 94 57 0c 	call	0x18ae	; 0x18ae <vListRemove>

	if( uxSchedulerSuspended == ( unsigned portBASE_TYPE ) pdFALSE )
    3244:	80 91 bd 04 	lds	r24, 0x04BD
    3248:	88 23       	and	r24, r24
    324a:	61 f5       	brne	.+88     	; 0x32a4 <xTaskRemoveFromEventList+0x8e>
	{
		vListRemove( &( pxUnblockedTCB->xGenericListItem ) );
    324c:	8a 81       	ldd	r24, Y+2	; 0x02
    324e:	9b 81       	ldd	r25, Y+3	; 0x03
    3250:	02 96       	adiw	r24, 0x02	; 2
    3252:	0e 94 57 0c 	call	0x18ae	; 0x18ae <vListRemove>
		prvAddTaskToReadyQueue( pxUnblockedTCB );
    3256:	ea 81       	ldd	r30, Y+2	; 0x02
    3258:	fb 81       	ldd	r31, Y+3	; 0x03
    325a:	96 89       	ldd	r25, Z+22	; 0x16
    325c:	80 91 bb 04 	lds	r24, 0x04BB
    3260:	89 17       	cp	r24, r25
    3262:	28 f4       	brcc	.+10     	; 0x326e <xTaskRemoveFromEventList+0x58>
    3264:	ea 81       	ldd	r30, Y+2	; 0x02
    3266:	fb 81       	ldd	r31, Y+3	; 0x03
    3268:	86 89       	ldd	r24, Z+22	; 0x16
    326a:	80 93 bb 04 	sts	0x04BB, r24
    326e:	ea 81       	ldd	r30, Y+2	; 0x02
    3270:	fb 81       	ldd	r31, Y+3	; 0x03
    3272:	86 89       	ldd	r24, Z+22	; 0x16
    3274:	28 2f       	mov	r18, r24
    3276:	30 e0       	ldi	r19, 0x00	; 0
    3278:	c9 01       	movw	r24, r18
    327a:	88 0f       	add	r24, r24
    327c:	99 1f       	adc	r25, r25
    327e:	88 0f       	add	r24, r24
    3280:	99 1f       	adc	r25, r25
    3282:	88 0f       	add	r24, r24
    3284:	99 1f       	adc	r25, r25
    3286:	82 0f       	add	r24, r18
    3288:	93 1f       	adc	r25, r19
    328a:	ac 01       	movw	r20, r24
    328c:	4e 53       	subi	r20, 0x3E	; 62
    328e:	5b 4f       	sbci	r21, 0xFB	; 251
    3290:	8a 81       	ldd	r24, Y+2	; 0x02
    3292:	9b 81       	ldd	r25, Y+3	; 0x03
    3294:	9c 01       	movw	r18, r24
    3296:	2e 5f       	subi	r18, 0xFE	; 254
    3298:	3f 4f       	sbci	r19, 0xFF	; 255
    329a:	ca 01       	movw	r24, r20
    329c:	b9 01       	movw	r22, r18
    329e:	0e 94 9f 0b 	call	0x173e	; 0x173e <vListInsertEnd>
    32a2:	0a c0       	rjmp	.+20     	; 0x32b8 <xTaskRemoveFromEventList+0xa2>
	}
	else
	{
		/* We cannot access the delayed or ready lists, so will hold this
		task pending until the scheduler is resumed. */
		vListInsertEnd( ( xList * ) &( xPendingReadyList ), &( pxUnblockedTCB->xEventListItem ) );
    32a4:	8a 81       	ldd	r24, Y+2	; 0x02
    32a6:	9b 81       	ldd	r25, Y+3	; 0x03
    32a8:	9c 01       	movw	r18, r24
    32aa:	24 5f       	subi	r18, 0xF4	; 244
    32ac:	3f 4f       	sbci	r19, 0xFF	; 255
    32ae:	85 e0       	ldi	r24, 0x05	; 5
    32b0:	95 e0       	ldi	r25, 0x05	; 5
    32b2:	b9 01       	movw	r22, r18
    32b4:	0e 94 9f 0b 	call	0x173e	; 0x173e <vListInsertEnd>
	}

	if( pxUnblockedTCB->uxPriority >= pxCurrentTCB->uxPriority )
    32b8:	ea 81       	ldd	r30, Y+2	; 0x02
    32ba:	fb 81       	ldd	r31, Y+3	; 0x03
    32bc:	96 89       	ldd	r25, Z+22	; 0x16
    32be:	e0 91 b4 04 	lds	r30, 0x04B4
    32c2:	f0 91 b5 04 	lds	r31, 0x04B5
    32c6:	86 89       	ldd	r24, Z+22	; 0x16
    32c8:	98 17       	cp	r25, r24
    32ca:	18 f0       	brcs	.+6      	; 0x32d2 <xTaskRemoveFromEventList+0xbc>
	{
		/* Return true if the task removed from the event list has
		a higher priority than the calling task.  This allows
		the calling task to know if it should force a context
		switch now. */
		xReturn = pdTRUE;
    32cc:	81 e0       	ldi	r24, 0x01	; 1
    32ce:	89 83       	std	Y+1, r24	; 0x01
    32d0:	01 c0       	rjmp	.+2      	; 0x32d4 <xTaskRemoveFromEventList+0xbe>
	}
	else
	{
		xReturn = pdFALSE;
    32d2:	19 82       	std	Y+1, r1	; 0x01
	}

	return xReturn;
    32d4:	89 81       	ldd	r24, Y+1	; 0x01
}
    32d6:	0f 90       	pop	r0
    32d8:	0f 90       	pop	r0
    32da:	0f 90       	pop	r0
    32dc:	0f 90       	pop	r0
    32de:	0f 90       	pop	r0
    32e0:	cf 91       	pop	r28
    32e2:	df 91       	pop	r29
    32e4:	08 95       	ret

000032e6 <vTaskSetTimeOutState>:
/*-----------------------------------------------------------*/

void vTaskSetTimeOutState( xTimeOutType * const pxTimeOut )
{
    32e6:	df 93       	push	r29
    32e8:	cf 93       	push	r28
    32ea:	00 d0       	rcall	.+0      	; 0x32ec <vTaskSetTimeOutState+0x6>
    32ec:	cd b7       	in	r28, 0x3d	; 61
    32ee:	de b7       	in	r29, 0x3e	; 62
    32f0:	9a 83       	std	Y+2, r25	; 0x02
    32f2:	89 83       	std	Y+1, r24	; 0x01
	configASSERT( pxTimeOut );
	pxTimeOut->xOverflowCount = xNumOfOverflows;
    32f4:	80 91 c0 04 	lds	r24, 0x04C0
    32f8:	e9 81       	ldd	r30, Y+1	; 0x01
    32fa:	fa 81       	ldd	r31, Y+2	; 0x02
    32fc:	80 83       	st	Z, r24
	pxTimeOut->xTimeOnEntering = xTickCount;
    32fe:	80 91 b8 04 	lds	r24, 0x04B8
    3302:	90 91 b9 04 	lds	r25, 0x04B9
    3306:	e9 81       	ldd	r30, Y+1	; 0x01
    3308:	fa 81       	ldd	r31, Y+2	; 0x02
    330a:	92 83       	std	Z+2, r25	; 0x02
    330c:	81 83       	std	Z+1, r24	; 0x01
}
    330e:	0f 90       	pop	r0
    3310:	0f 90       	pop	r0
    3312:	cf 91       	pop	r28
    3314:	df 91       	pop	r29
    3316:	08 95       	ret

00003318 <xTaskCheckForTimeOut>:
/*-----------------------------------------------------------*/

portBASE_TYPE xTaskCheckForTimeOut( xTimeOutType * const pxTimeOut, portTickType * const pxTicksToWait )
{
    3318:	df 93       	push	r29
    331a:	cf 93       	push	r28
    331c:	00 d0       	rcall	.+0      	; 0x331e <xTaskCheckForTimeOut+0x6>
    331e:	00 d0       	rcall	.+0      	; 0x3320 <xTaskCheckForTimeOut+0x8>
    3320:	0f 92       	push	r0
    3322:	cd b7       	in	r28, 0x3d	; 61
    3324:	de b7       	in	r29, 0x3e	; 62
    3326:	9b 83       	std	Y+3, r25	; 0x03
    3328:	8a 83       	std	Y+2, r24	; 0x02
    332a:	7d 83       	std	Y+5, r23	; 0x05
    332c:	6c 83       	std	Y+4, r22	; 0x04
portBASE_TYPE xReturn;

	configASSERT( pxTimeOut );
	configASSERT( pxTicksToWait );

	taskENTER_CRITICAL();
    332e:	0f b6       	in	r0, 0x3f	; 63
    3330:	f8 94       	cli
    3332:	0f 92       	push	r0
				xReturn = pdFALSE;
			}
			else /* We are not blocking indefinitely, perform the checks below. */
		#endif

		if( ( xNumOfOverflows != pxTimeOut->xOverflowCount ) && ( ( portTickType ) xTickCount >= ( portTickType ) pxTimeOut->xTimeOnEntering ) )
    3334:	ea 81       	ldd	r30, Y+2	; 0x02
    3336:	fb 81       	ldd	r31, Y+3	; 0x03
    3338:	90 81       	ld	r25, Z
    333a:	80 91 c0 04 	lds	r24, 0x04C0
    333e:	98 17       	cp	r25, r24
    3340:	71 f0       	breq	.+28     	; 0x335e <xTaskCheckForTimeOut+0x46>
    3342:	ea 81       	ldd	r30, Y+2	; 0x02
    3344:	fb 81       	ldd	r31, Y+3	; 0x03
    3346:	21 81       	ldd	r18, Z+1	; 0x01
    3348:	32 81       	ldd	r19, Z+2	; 0x02
    334a:	80 91 b8 04 	lds	r24, 0x04B8
    334e:	90 91 b9 04 	lds	r25, 0x04B9
    3352:	82 17       	cp	r24, r18
    3354:	93 07       	cpc	r25, r19
    3356:	18 f0       	brcs	.+6      	; 0x335e <xTaskCheckForTimeOut+0x46>
		{
			/* The tick count is greater than the time at which vTaskSetTimeout()
			was called, but has also overflowed since vTaskSetTimeOut() was called.
			It must have wrapped all the way around and gone past us again. This
			passed since vTaskSetTimeout() was called. */
			xReturn = pdTRUE;
    3358:	81 e0       	ldi	r24, 0x01	; 1
    335a:	89 83       	std	Y+1, r24	; 0x01
    335c:	2f c0       	rjmp	.+94     	; 0x33bc <xTaskCheckForTimeOut+0xa4>
		}
		else if( ( ( portTickType ) ( ( portTickType ) xTickCount - ( portTickType ) pxTimeOut->xTimeOnEntering ) ) < ( portTickType ) *pxTicksToWait )
    335e:	20 91 b8 04 	lds	r18, 0x04B8
    3362:	30 91 b9 04 	lds	r19, 0x04B9
    3366:	ea 81       	ldd	r30, Y+2	; 0x02
    3368:	fb 81       	ldd	r31, Y+3	; 0x03
    336a:	81 81       	ldd	r24, Z+1	; 0x01
    336c:	92 81       	ldd	r25, Z+2	; 0x02
    336e:	28 1b       	sub	r18, r24
    3370:	39 0b       	sbc	r19, r25
    3372:	ec 81       	ldd	r30, Y+4	; 0x04
    3374:	fd 81       	ldd	r31, Y+5	; 0x05
    3376:	80 81       	ld	r24, Z
    3378:	91 81       	ldd	r25, Z+1	; 0x01
    337a:	28 17       	cp	r18, r24
    337c:	39 07       	cpc	r19, r25
    337e:	e0 f4       	brcc	.+56     	; 0x33b8 <xTaskCheckForTimeOut+0xa0>
		{
			/* Not a genuine timeout. Adjust parameters for time remaining. */
			*pxTicksToWait -= ( ( portTickType ) xTickCount - ( portTickType ) pxTimeOut->xTimeOnEntering );
    3380:	ec 81       	ldd	r30, Y+4	; 0x04
    3382:	fd 81       	ldd	r31, Y+5	; 0x05
    3384:	40 81       	ld	r20, Z
    3386:	51 81       	ldd	r21, Z+1	; 0x01
    3388:	ea 81       	ldd	r30, Y+2	; 0x02
    338a:	fb 81       	ldd	r31, Y+3	; 0x03
    338c:	21 81       	ldd	r18, Z+1	; 0x01
    338e:	32 81       	ldd	r19, Z+2	; 0x02
    3390:	80 91 b8 04 	lds	r24, 0x04B8
    3394:	90 91 b9 04 	lds	r25, 0x04B9
    3398:	b9 01       	movw	r22, r18
    339a:	68 1b       	sub	r22, r24
    339c:	79 0b       	sbc	r23, r25
    339e:	cb 01       	movw	r24, r22
    33a0:	84 0f       	add	r24, r20
    33a2:	95 1f       	adc	r25, r21
    33a4:	ec 81       	ldd	r30, Y+4	; 0x04
    33a6:	fd 81       	ldd	r31, Y+5	; 0x05
    33a8:	91 83       	std	Z+1, r25	; 0x01
    33aa:	80 83       	st	Z, r24
			vTaskSetTimeOutState( pxTimeOut );
    33ac:	8a 81       	ldd	r24, Y+2	; 0x02
    33ae:	9b 81       	ldd	r25, Y+3	; 0x03
    33b0:	0e 94 73 19 	call	0x32e6	; 0x32e6 <vTaskSetTimeOutState>
			xReturn = pdFALSE;
    33b4:	19 82       	std	Y+1, r1	; 0x01
    33b6:	02 c0       	rjmp	.+4      	; 0x33bc <xTaskCheckForTimeOut+0xa4>
		}
		else
		{
			xReturn = pdTRUE;
    33b8:	81 e0       	ldi	r24, 0x01	; 1
    33ba:	89 83       	std	Y+1, r24	; 0x01
		}
	}
	taskEXIT_CRITICAL();
    33bc:	0f 90       	pop	r0
    33be:	0f be       	out	0x3f, r0	; 63

	return xReturn;
    33c0:	89 81       	ldd	r24, Y+1	; 0x01
}
    33c2:	0f 90       	pop	r0
    33c4:	0f 90       	pop	r0
    33c6:	0f 90       	pop	r0
    33c8:	0f 90       	pop	r0
    33ca:	0f 90       	pop	r0
    33cc:	cf 91       	pop	r28
    33ce:	df 91       	pop	r29
    33d0:	08 95       	ret

000033d2 <vTaskMissedYield>:
/*-----------------------------------------------------------*/

void vTaskMissedYield( void )
{
    33d2:	df 93       	push	r29
    33d4:	cf 93       	push	r28
    33d6:	cd b7       	in	r28, 0x3d	; 61
    33d8:	de b7       	in	r29, 0x3e	; 62
	xMissedYield = pdTRUE;
    33da:	81 e0       	ldi	r24, 0x01	; 1
    33dc:	80 93 bf 04 	sts	0x04BF, r24
}
    33e0:	cf 91       	pop	r28
    33e2:	df 91       	pop	r29
    33e4:	08 95       	ret

000033e6 <prvIdleTask>:
 *
 * void prvIdleTask( void *pvParameters );
 *
 */
static portTASK_FUNCTION( prvIdleTask, pvParameters )
{
    33e6:	df 93       	push	r29
    33e8:	cf 93       	push	r28
    33ea:	00 d0       	rcall	.+0      	; 0x33ec <prvIdleTask+0x6>
    33ec:	cd b7       	in	r28, 0x3d	; 61
    33ee:	de b7       	in	r29, 0x3e	; 62
    33f0:	9a 83       	std	Y+2, r25	; 0x02
    33f2:	89 83       	std	Y+1, r24	; 0x01
	( void ) pvParameters;

	for( ;; )
	{
		/* See if any tasks have been deleted. */
		prvCheckTasksWaitingTermination();
    33f4:	0e 94 91 1a 	call	0x3522	; 0x3522 <prvCheckTasksWaitingTermination>
    33f8:	fd cf       	rjmp	.-6      	; 0x33f4 <prvIdleTask+0xe>

000033fa <prvInitialiseTCBVariables>:
 *----------------------------------------------------------*/



static void prvInitialiseTCBVariables( tskTCB *pxTCB, const signed char * const pcName, unsigned portBASE_TYPE uxPriority, const xMemoryRegion * const xRegions, unsigned short usStackDepth )
{
    33fa:	0f 93       	push	r16
    33fc:	1f 93       	push	r17
    33fe:	df 93       	push	r29
    3400:	cf 93       	push	r28
    3402:	cd b7       	in	r28, 0x3d	; 61
    3404:	de b7       	in	r29, 0x3e	; 62
    3406:	29 97       	sbiw	r28, 0x09	; 9
    3408:	0f b6       	in	r0, 0x3f	; 63
    340a:	f8 94       	cli
    340c:	de bf       	out	0x3e, r29	; 62
    340e:	0f be       	out	0x3f, r0	; 63
    3410:	cd bf       	out	0x3d, r28	; 61
    3412:	9a 83       	std	Y+2, r25	; 0x02
    3414:	89 83       	std	Y+1, r24	; 0x01
    3416:	7c 83       	std	Y+4, r23	; 0x04
    3418:	6b 83       	std	Y+3, r22	; 0x03
    341a:	4d 83       	std	Y+5, r20	; 0x05
    341c:	3f 83       	std	Y+7, r19	; 0x07
    341e:	2e 83       	std	Y+6, r18	; 0x06
    3420:	19 87       	std	Y+9, r17	; 0x09
    3422:	08 87       	std	Y+8, r16	; 0x08
	/* Store the function name in the TCB. */
	#if configMAX_TASK_NAME_LEN > 1
	{
		/* Don't bring strncpy into the build unnecessarily. */
		strncpy( ( char * ) pxTCB->pcTaskName, ( const char * ) pcName, ( unsigned short ) configMAX_TASK_NAME_LEN );
    3424:	89 81       	ldd	r24, Y+1	; 0x01
    3426:	9a 81       	ldd	r25, Y+2	; 0x02
    3428:	49 96       	adiw	r24, 0x19	; 25
    342a:	2b 81       	ldd	r18, Y+3	; 0x03
    342c:	3c 81       	ldd	r19, Y+4	; 0x04
    342e:	b9 01       	movw	r22, r18
    3430:	48 e0       	ldi	r20, 0x08	; 8
    3432:	50 e0       	ldi	r21, 0x00	; 0
    3434:	0e 94 8e 1b 	call	0x371c	; 0x371c <strncpy>
	}
	#endif
	pxTCB->pcTaskName[ ( unsigned short ) configMAX_TASK_NAME_LEN - ( unsigned short ) 1 ] = ( signed char ) '\0';
    3438:	e9 81       	ldd	r30, Y+1	; 0x01
    343a:	fa 81       	ldd	r31, Y+2	; 0x02
    343c:	10 a2       	std	Z+32, r1	; 0x20

	/* This is used as an array index so must ensure it's not too large.  First
	remove the privilege bit if one is present. */
	if( uxPriority >= configMAX_PRIORITIES )
    343e:	8d 81       	ldd	r24, Y+5	; 0x05
    3440:	85 30       	cpi	r24, 0x05	; 5
    3442:	10 f0       	brcs	.+4      	; 0x3448 <prvInitialiseTCBVariables+0x4e>
	{
		uxPriority = configMAX_PRIORITIES - ( unsigned portBASE_TYPE ) 1U;
    3444:	84 e0       	ldi	r24, 0x04	; 4
    3446:	8d 83       	std	Y+5, r24	; 0x05
	}

	pxTCB->uxPriority = uxPriority;
    3448:	e9 81       	ldd	r30, Y+1	; 0x01
    344a:	fa 81       	ldd	r31, Y+2	; 0x02
    344c:	8d 81       	ldd	r24, Y+5	; 0x05
    344e:	86 8b       	std	Z+22, r24	; 0x16
	{
		pxTCB->uxBasePriority = uxPriority;
	}
	#endif

	vListInitialiseItem( &( pxTCB->xGenericListItem ) );
    3450:	89 81       	ldd	r24, Y+1	; 0x01
    3452:	9a 81       	ldd	r25, Y+2	; 0x02
    3454:	02 96       	adiw	r24, 0x02	; 2
    3456:	0e 94 8f 0b 	call	0x171e	; 0x171e <vListInitialiseItem>
	vListInitialiseItem( &( pxTCB->xEventListItem ) );
    345a:	89 81       	ldd	r24, Y+1	; 0x01
    345c:	9a 81       	ldd	r25, Y+2	; 0x02
    345e:	0c 96       	adiw	r24, 0x0c	; 12
    3460:	0e 94 8f 0b 	call	0x171e	; 0x171e <vListInitialiseItem>

	/* Set the pxTCB as a link back from the xListItem.  This is so we can get
	back to	the containing TCB from a generic item in a list. */
	listSET_LIST_ITEM_OWNER( &( pxTCB->xGenericListItem ), pxTCB );
    3464:	e9 81       	ldd	r30, Y+1	; 0x01
    3466:	fa 81       	ldd	r31, Y+2	; 0x02
    3468:	89 81       	ldd	r24, Y+1	; 0x01
    346a:	9a 81       	ldd	r25, Y+2	; 0x02
    346c:	91 87       	std	Z+9, r25	; 0x09
    346e:	80 87       	std	Z+8, r24	; 0x08

	/* Event lists are always in priority order. */
	listSET_LIST_ITEM_VALUE( &( pxTCB->xEventListItem ), configMAX_PRIORITIES - ( portTickType ) uxPriority );
    3470:	8d 81       	ldd	r24, Y+5	; 0x05
    3472:	28 2f       	mov	r18, r24
    3474:	30 e0       	ldi	r19, 0x00	; 0
    3476:	85 e0       	ldi	r24, 0x05	; 5
    3478:	90 e0       	ldi	r25, 0x00	; 0
    347a:	82 1b       	sub	r24, r18
    347c:	93 0b       	sbc	r25, r19
    347e:	e9 81       	ldd	r30, Y+1	; 0x01
    3480:	fa 81       	ldd	r31, Y+2	; 0x02
    3482:	95 87       	std	Z+13, r25	; 0x0d
    3484:	84 87       	std	Z+12, r24	; 0x0c
	listSET_LIST_ITEM_OWNER( &( pxTCB->xEventListItem ), pxTCB );
    3486:	e9 81       	ldd	r30, Y+1	; 0x01
    3488:	fa 81       	ldd	r31, Y+2	; 0x02
    348a:	89 81       	ldd	r24, Y+1	; 0x01
    348c:	9a 81       	ldd	r25, Y+2	; 0x02
    348e:	93 8b       	std	Z+19, r25	; 0x13
    3490:	82 8b       	std	Z+18, r24	; 0x12
	{
		( void ) xRegions;
		( void ) usStackDepth;
	}
	#endif
}
    3492:	29 96       	adiw	r28, 0x09	; 9
    3494:	0f b6       	in	r0, 0x3f	; 63
    3496:	f8 94       	cli
    3498:	de bf       	out	0x3e, r29	; 62
    349a:	0f be       	out	0x3f, r0	; 63
    349c:	cd bf       	out	0x3d, r28	; 61
    349e:	cf 91       	pop	r28
    34a0:	df 91       	pop	r29
    34a2:	1f 91       	pop	r17
    34a4:	0f 91       	pop	r16
    34a6:	08 95       	ret

000034a8 <prvInitialiseTaskLists>:
	}
	/*-----------------------------------------------------------*/
#endif

static void prvInitialiseTaskLists( void )
{
    34a8:	df 93       	push	r29
    34aa:	cf 93       	push	r28
    34ac:	0f 92       	push	r0
    34ae:	cd b7       	in	r28, 0x3d	; 61
    34b0:	de b7       	in	r29, 0x3e	; 62
unsigned portBASE_TYPE uxPriority;

	for( uxPriority = ( unsigned portBASE_TYPE ) 0U; uxPriority < configMAX_PRIORITIES; uxPriority++ )
    34b2:	19 82       	std	Y+1, r1	; 0x01
    34b4:	13 c0       	rjmp	.+38     	; 0x34dc <prvInitialiseTaskLists+0x34>
	{
		vListInitialise( ( xList * ) &( pxReadyTasksLists[ uxPriority ] ) );
    34b6:	89 81       	ldd	r24, Y+1	; 0x01
    34b8:	28 2f       	mov	r18, r24
    34ba:	30 e0       	ldi	r19, 0x00	; 0
    34bc:	c9 01       	movw	r24, r18
    34be:	88 0f       	add	r24, r24
    34c0:	99 1f       	adc	r25, r25
    34c2:	88 0f       	add	r24, r24
    34c4:	99 1f       	adc	r25, r25
    34c6:	88 0f       	add	r24, r24
    34c8:	99 1f       	adc	r25, r25
    34ca:	82 0f       	add	r24, r18
    34cc:	93 1f       	adc	r25, r19
    34ce:	8e 53       	subi	r24, 0x3E	; 62
    34d0:	9b 4f       	sbci	r25, 0xFB	; 251
    34d2:	0e 94 65 0b 	call	0x16ca	; 0x16ca <vListInitialise>

static void prvInitialiseTaskLists( void )
{
unsigned portBASE_TYPE uxPriority;

	for( uxPriority = ( unsigned portBASE_TYPE ) 0U; uxPriority < configMAX_PRIORITIES; uxPriority++ )
    34d6:	89 81       	ldd	r24, Y+1	; 0x01
    34d8:	8f 5f       	subi	r24, 0xFF	; 255
    34da:	89 83       	std	Y+1, r24	; 0x01
    34dc:	89 81       	ldd	r24, Y+1	; 0x01
    34de:	85 30       	cpi	r24, 0x05	; 5
    34e0:	50 f3       	brcs	.-44     	; 0x34b6 <prvInitialiseTaskLists+0xe>
	{
		vListInitialise( ( xList * ) &( pxReadyTasksLists[ uxPriority ] ) );
	}

	vListInitialise( ( xList * ) &xDelayedTaskList1 );
    34e2:	8f ee       	ldi	r24, 0xEF	; 239
    34e4:	94 e0       	ldi	r25, 0x04	; 4
    34e6:	0e 94 65 0b 	call	0x16ca	; 0x16ca <vListInitialise>
	vListInitialise( ( xList * ) &xDelayedTaskList2 );
    34ea:	88 ef       	ldi	r24, 0xF8	; 248
    34ec:	94 e0       	ldi	r25, 0x04	; 4
    34ee:	0e 94 65 0b 	call	0x16ca	; 0x16ca <vListInitialise>
	vListInitialise( ( xList * ) &xPendingReadyList );
    34f2:	85 e0       	ldi	r24, 0x05	; 5
    34f4:	95 e0       	ldi	r25, 0x05	; 5
    34f6:	0e 94 65 0b 	call	0x16ca	; 0x16ca <vListInitialise>

	#if ( INCLUDE_vTaskDelete == 1 )
	{
		vListInitialise( ( xList * ) &xTasksWaitingTermination );
    34fa:	8e e0       	ldi	r24, 0x0E	; 14
    34fc:	95 e0       	ldi	r25, 0x05	; 5
    34fe:	0e 94 65 0b 	call	0x16ca	; 0x16ca <vListInitialise>
	}
	#endif

	/* Start with pxDelayedTaskList using list1 and the pxOverflowDelayedTaskList
	using list2. */
	pxDelayedTaskList = &xDelayedTaskList1;
    3502:	8f ee       	ldi	r24, 0xEF	; 239
    3504:	94 e0       	ldi	r25, 0x04	; 4
    3506:	90 93 02 05 	sts	0x0502, r25
    350a:	80 93 01 05 	sts	0x0501, r24
	pxOverflowDelayedTaskList = &xDelayedTaskList2;
    350e:	88 ef       	ldi	r24, 0xF8	; 248
    3510:	94 e0       	ldi	r25, 0x04	; 4
    3512:	90 93 04 05 	sts	0x0504, r25
    3516:	80 93 03 05 	sts	0x0503, r24
}
    351a:	0f 90       	pop	r0
    351c:	cf 91       	pop	r28
    351e:	df 91       	pop	r29
    3520:	08 95       	ret

00003522 <prvCheckTasksWaitingTermination>:
/*-----------------------------------------------------------*/

static void prvCheckTasksWaitingTermination( void )
{
    3522:	df 93       	push	r29
    3524:	cf 93       	push	r28
    3526:	00 d0       	rcall	.+0      	; 0x3528 <prvCheckTasksWaitingTermination+0x6>
    3528:	0f 92       	push	r0
    352a:	cd b7       	in	r28, 0x3d	; 61
    352c:	de b7       	in	r29, 0x3e	; 62
	{
		portBASE_TYPE xListIsEmpty;

		/* ucTasksDeleted is used to prevent vTaskSuspendAll() being called
		too often in the idle task. */
		if( uxTasksDeleted > ( unsigned portBASE_TYPE ) 0U )
    352e:	80 91 b6 04 	lds	r24, 0x04B6
    3532:	88 23       	and	r24, r24
    3534:	71 f1       	breq	.+92     	; 0x3592 <prvCheckTasksWaitingTermination+0x70>
		{
			vTaskSuspendAll();
    3536:	0e 94 cf 16 	call	0x2d9e	; 0x2d9e <vTaskSuspendAll>
				xListIsEmpty = listLIST_IS_EMPTY( &xTasksWaitingTermination );
    353a:	80 91 0e 05 	lds	r24, 0x050E
    353e:	1b 82       	std	Y+3, r1	; 0x03
    3540:	88 23       	and	r24, r24
    3542:	11 f4       	brne	.+4      	; 0x3548 <prvCheckTasksWaitingTermination+0x26>
    3544:	81 e0       	ldi	r24, 0x01	; 1
    3546:	8b 83       	std	Y+3, r24	; 0x03
			xTaskResumeAll();
    3548:	0e 94 db 16 	call	0x2db6	; 0x2db6 <xTaskResumeAll>

			if( xListIsEmpty == pdFALSE )
    354c:	8b 81       	ldd	r24, Y+3	; 0x03
    354e:	88 23       	and	r24, r24
    3550:	01 f5       	brne	.+64     	; 0x3592 <prvCheckTasksWaitingTermination+0x70>
			{
				tskTCB *pxTCB;

				taskENTER_CRITICAL();
    3552:	0f b6       	in	r0, 0x3f	; 63
    3554:	f8 94       	cli
    3556:	0f 92       	push	r0
				{
					pxTCB = ( tskTCB * ) listGET_OWNER_OF_HEAD_ENTRY( ( ( xList * ) &xTasksWaitingTermination ) );
    3558:	e0 91 13 05 	lds	r30, 0x0513
    355c:	f0 91 14 05 	lds	r31, 0x0514
    3560:	86 81       	ldd	r24, Z+6	; 0x06
    3562:	97 81       	ldd	r25, Z+7	; 0x07
    3564:	9a 83       	std	Y+2, r25	; 0x02
    3566:	89 83       	std	Y+1, r24	; 0x01
					vListRemove( &( pxTCB->xGenericListItem ) );
    3568:	89 81       	ldd	r24, Y+1	; 0x01
    356a:	9a 81       	ldd	r25, Y+2	; 0x02
    356c:	02 96       	adiw	r24, 0x02	; 2
    356e:	0e 94 57 0c 	call	0x18ae	; 0x18ae <vListRemove>
					--uxCurrentNumberOfTasks;
    3572:	80 91 b7 04 	lds	r24, 0x04B7
    3576:	81 50       	subi	r24, 0x01	; 1
    3578:	80 93 b7 04 	sts	0x04B7, r24
					--uxTasksDeleted;
    357c:	80 91 b6 04 	lds	r24, 0x04B6
    3580:	81 50       	subi	r24, 0x01	; 1
    3582:	80 93 b6 04 	sts	0x04B6, r24
				}
				taskEXIT_CRITICAL();
    3586:	0f 90       	pop	r0
    3588:	0f be       	out	0x3f, r0	; 63

				prvDeleteTCB( pxTCB );
    358a:	89 81       	ldd	r24, Y+1	; 0x01
    358c:	9a 81       	ldd	r25, Y+2	; 0x02
    358e:	0e 94 68 1b 	call	0x36d0	; 0x36d0 <prvDeleteTCB>
			}
		}
	}
	#endif
}
    3592:	0f 90       	pop	r0
    3594:	0f 90       	pop	r0
    3596:	0f 90       	pop	r0
    3598:	cf 91       	pop	r28
    359a:	df 91       	pop	r29
    359c:	08 95       	ret

0000359e <prvAddCurrentTaskToDelayedList>:
/*-----------------------------------------------------------*/

static void prvAddCurrentTaskToDelayedList( portTickType xTimeToWake )
{
    359e:	df 93       	push	r29
    35a0:	cf 93       	push	r28
    35a2:	00 d0       	rcall	.+0      	; 0x35a4 <prvAddCurrentTaskToDelayedList+0x6>
    35a4:	cd b7       	in	r28, 0x3d	; 61
    35a6:	de b7       	in	r29, 0x3e	; 62
    35a8:	9a 83       	std	Y+2, r25	; 0x02
    35aa:	89 83       	std	Y+1, r24	; 0x01
	/* The list item will be inserted in wake time order. */
	listSET_LIST_ITEM_VALUE( &( pxCurrentTCB->xGenericListItem ), xTimeToWake );
    35ac:	e0 91 b4 04 	lds	r30, 0x04B4
    35b0:	f0 91 b5 04 	lds	r31, 0x04B5
    35b4:	89 81       	ldd	r24, Y+1	; 0x01
    35b6:	9a 81       	ldd	r25, Y+2	; 0x02
    35b8:	93 83       	std	Z+3, r25	; 0x03
    35ba:	82 83       	std	Z+2, r24	; 0x02

	if( xTimeToWake < xTickCount )
    35bc:	20 91 b8 04 	lds	r18, 0x04B8
    35c0:	30 91 b9 04 	lds	r19, 0x04B9
    35c4:	89 81       	ldd	r24, Y+1	; 0x01
    35c6:	9a 81       	ldd	r25, Y+2	; 0x02
    35c8:	82 17       	cp	r24, r18
    35ca:	93 07       	cpc	r25, r19
    35cc:	70 f4       	brcc	.+28     	; 0x35ea <prvAddCurrentTaskToDelayedList+0x4c>
	{
		/* Wake time has overflowed.  Place this item in the overflow list. */
		vListInsert( ( xList * ) pxOverflowDelayedTaskList, ( xListItem * ) &( pxCurrentTCB->xGenericListItem ) );
    35ce:	80 91 03 05 	lds	r24, 0x0503
    35d2:	90 91 04 05 	lds	r25, 0x0504
    35d6:	20 91 b4 04 	lds	r18, 0x04B4
    35da:	30 91 b5 04 	lds	r19, 0x04B5
    35de:	2e 5f       	subi	r18, 0xFE	; 254
    35e0:	3f 4f       	sbci	r19, 0xFF	; 255
    35e2:	b9 01       	movw	r22, r18
    35e4:	0e 94 eb 0b 	call	0x17d6	; 0x17d6 <vListInsert>
    35e8:	1e c0       	rjmp	.+60     	; 0x3626 <prvAddCurrentTaskToDelayedList+0x88>
	}
	else
	{
		/* The wake time has not overflowed, so we can use the current block list. */
		vListInsert( ( xList * ) pxDelayedTaskList, ( xListItem * ) &( pxCurrentTCB->xGenericListItem ) );
    35ea:	40 91 01 05 	lds	r20, 0x0501
    35ee:	50 91 02 05 	lds	r21, 0x0502
    35f2:	80 91 b4 04 	lds	r24, 0x04B4
    35f6:	90 91 b5 04 	lds	r25, 0x04B5
    35fa:	9c 01       	movw	r18, r24
    35fc:	2e 5f       	subi	r18, 0xFE	; 254
    35fe:	3f 4f       	sbci	r19, 0xFF	; 255
    3600:	ca 01       	movw	r24, r20
    3602:	b9 01       	movw	r22, r18
    3604:	0e 94 eb 0b 	call	0x17d6	; 0x17d6 <vListInsert>

		/* If the task entering the blocked state was placed at the head of the
		list of blocked tasks then xNextTaskUnblockTime needs to be updated
		too. */
		if( xTimeToWake < xNextTaskUnblockTime )
    3608:	20 91 6e 00 	lds	r18, 0x006E
    360c:	30 91 6f 00 	lds	r19, 0x006F
    3610:	89 81       	ldd	r24, Y+1	; 0x01
    3612:	9a 81       	ldd	r25, Y+2	; 0x02
    3614:	82 17       	cp	r24, r18
    3616:	93 07       	cpc	r25, r19
    3618:	30 f4       	brcc	.+12     	; 0x3626 <prvAddCurrentTaskToDelayedList+0x88>
		{
			xNextTaskUnblockTime = xTimeToWake;
    361a:	89 81       	ldd	r24, Y+1	; 0x01
    361c:	9a 81       	ldd	r25, Y+2	; 0x02
    361e:	90 93 6f 00 	sts	0x006F, r25
    3622:	80 93 6e 00 	sts	0x006E, r24
		}
	}
}
    3626:	0f 90       	pop	r0
    3628:	0f 90       	pop	r0
    362a:	cf 91       	pop	r28
    362c:	df 91       	pop	r29
    362e:	08 95       	ret

00003630 <prvAllocateTCBAndStack>:
/*-----------------------------------------------------------*/

static tskTCB *prvAllocateTCBAndStack( unsigned short usStackDepth, portSTACK_TYPE *puxStackBuffer )
{
    3630:	df 93       	push	r29
    3632:	cf 93       	push	r28
    3634:	cd b7       	in	r28, 0x3d	; 61
    3636:	de b7       	in	r29, 0x3e	; 62
    3638:	28 97       	sbiw	r28, 0x08	; 8
    363a:	0f b6       	in	r0, 0x3f	; 63
    363c:	f8 94       	cli
    363e:	de bf       	out	0x3e, r29	; 62
    3640:	0f be       	out	0x3f, r0	; 63
    3642:	cd bf       	out	0x3d, r28	; 61
    3644:	9c 83       	std	Y+4, r25	; 0x04
    3646:	8b 83       	std	Y+3, r24	; 0x03
    3648:	7e 83       	std	Y+6, r23	; 0x06
    364a:	6d 83       	std	Y+5, r22	; 0x05
tskTCB *pxNewTCB;

	/* Allocate space for the TCB.  Where the memory comes from depends on
	the implementation of the port malloc function. */
	pxNewTCB = ( tskTCB * ) pvPortMalloc( sizeof( tskTCB ) );
    364c:	81 e2       	ldi	r24, 0x21	; 33
    364e:	90 e0       	ldi	r25, 0x00	; 0
    3650:	0e 94 f9 0a 	call	0x15f2	; 0x15f2 <pvPortMalloc>
    3654:	9a 83       	std	Y+2, r25	; 0x02
    3656:	89 83       	std	Y+1, r24	; 0x01

	if( pxNewTCB != NULL )
    3658:	89 81       	ldd	r24, Y+1	; 0x01
    365a:	9a 81       	ldd	r25, Y+2	; 0x02
    365c:	00 97       	sbiw	r24, 0x00	; 0
    365e:	69 f1       	breq	.+90     	; 0x36ba <prvAllocateTCBAndStack+0x8a>
	{
		/* Allocate space for the stack used by the task being created.
		The base of the stack memory stored in the TCB so the task can
		be deleted later if required. */
		pxNewTCB->pxStack = ( portSTACK_TYPE * ) pvPortMallocAligned( ( ( ( size_t )usStackDepth ) * sizeof( portSTACK_TYPE ) ), puxStackBuffer );
    3660:	8d 81       	ldd	r24, Y+5	; 0x05
    3662:	9e 81       	ldd	r25, Y+6	; 0x06
    3664:	00 97       	sbiw	r24, 0x00	; 0
    3666:	39 f4       	brne	.+14     	; 0x3676 <prvAllocateTCBAndStack+0x46>
    3668:	8b 81       	ldd	r24, Y+3	; 0x03
    366a:	9c 81       	ldd	r25, Y+4	; 0x04
    366c:	0e 94 f9 0a 	call	0x15f2	; 0x15f2 <pvPortMalloc>
    3670:	98 87       	std	Y+8, r25	; 0x08
    3672:	8f 83       	std	Y+7, r24	; 0x07
    3674:	04 c0       	rjmp	.+8      	; 0x367e <prvAllocateTCBAndStack+0x4e>
    3676:	8d 81       	ldd	r24, Y+5	; 0x05
    3678:	9e 81       	ldd	r25, Y+6	; 0x06
    367a:	98 87       	std	Y+8, r25	; 0x08
    367c:	8f 83       	std	Y+7, r24	; 0x07
    367e:	e9 81       	ldd	r30, Y+1	; 0x01
    3680:	fa 81       	ldd	r31, Y+2	; 0x02
    3682:	8f 81       	ldd	r24, Y+7	; 0x07
    3684:	98 85       	ldd	r25, Y+8	; 0x08
    3686:	90 8f       	std	Z+24, r25	; 0x18
    3688:	87 8b       	std	Z+23, r24	; 0x17

		if( pxNewTCB->pxStack == NULL )
    368a:	e9 81       	ldd	r30, Y+1	; 0x01
    368c:	fa 81       	ldd	r31, Y+2	; 0x02
    368e:	87 89       	ldd	r24, Z+23	; 0x17
    3690:	90 8d       	ldd	r25, Z+24	; 0x18
    3692:	00 97       	sbiw	r24, 0x00	; 0
    3694:	39 f4       	brne	.+14     	; 0x36a4 <prvAllocateTCBAndStack+0x74>
		{
			/* Could not allocate the stack.  Delete the allocated TCB. */
			vPortFree( pxNewTCB );
    3696:	89 81       	ldd	r24, Y+1	; 0x01
    3698:	9a 81       	ldd	r25, Y+2	; 0x02
    369a:	0e 94 3f 0b 	call	0x167e	; 0x167e <vPortFree>
			pxNewTCB = NULL;
    369e:	1a 82       	std	Y+2, r1	; 0x02
    36a0:	19 82       	std	Y+1, r1	; 0x01
    36a2:	0b c0       	rjmp	.+22     	; 0x36ba <prvAllocateTCBAndStack+0x8a>
		}
		else
		{
			/* Just to help debugging. */
			memset( pxNewTCB->pxStack, ( int ) tskSTACK_FILL_BYTE, ( size_t ) usStackDepth * sizeof( portSTACK_TYPE ) );
    36a4:	e9 81       	ldd	r30, Y+1	; 0x01
    36a6:	fa 81       	ldd	r31, Y+2	; 0x02
    36a8:	87 89       	ldd	r24, Z+23	; 0x17
    36aa:	90 8d       	ldd	r25, Z+24	; 0x18
    36ac:	2b 81       	ldd	r18, Y+3	; 0x03
    36ae:	3c 81       	ldd	r19, Y+4	; 0x04
    36b0:	65 ea       	ldi	r22, 0xA5	; 165
    36b2:	70 e0       	ldi	r23, 0x00	; 0
    36b4:	a9 01       	movw	r20, r18
    36b6:	0e 94 87 1b 	call	0x370e	; 0x370e <memset>
		}
	}

	return pxNewTCB;
    36ba:	89 81       	ldd	r24, Y+1	; 0x01
    36bc:	9a 81       	ldd	r25, Y+2	; 0x02
}
    36be:	28 96       	adiw	r28, 0x08	; 8
    36c0:	0f b6       	in	r0, 0x3f	; 63
    36c2:	f8 94       	cli
    36c4:	de bf       	out	0x3e, r29	; 62
    36c6:	0f be       	out	0x3f, r0	; 63
    36c8:	cd bf       	out	0x3d, r28	; 61
    36ca:	cf 91       	pop	r28
    36cc:	df 91       	pop	r29
    36ce:	08 95       	ret

000036d0 <prvDeleteTCB>:
/*-----------------------------------------------------------*/

#if ( INCLUDE_vTaskDelete == 1 )

	static void prvDeleteTCB( tskTCB *pxTCB )
	{
    36d0:	df 93       	push	r29
    36d2:	cf 93       	push	r28
    36d4:	00 d0       	rcall	.+0      	; 0x36d6 <prvDeleteTCB+0x6>
    36d6:	cd b7       	in	r28, 0x3d	; 61
    36d8:	de b7       	in	r29, 0x3e	; 62
    36da:	9a 83       	std	Y+2, r25	; 0x02
    36dc:	89 83       	std	Y+1, r24	; 0x01
		/* Free up the memory allocated by the scheduler for the task.  It is up to
		the task to free any memory allocated at the application level. */
		vPortFreeAligned( pxTCB->pxStack );
    36de:	e9 81       	ldd	r30, Y+1	; 0x01
    36e0:	fa 81       	ldd	r31, Y+2	; 0x02
    36e2:	87 89       	ldd	r24, Z+23	; 0x17
    36e4:	90 8d       	ldd	r25, Z+24	; 0x18
    36e6:	0e 94 3f 0b 	call	0x167e	; 0x167e <vPortFree>
		vPortFree( pxTCB );
    36ea:	89 81       	ldd	r24, Y+1	; 0x01
    36ec:	9a 81       	ldd	r25, Y+2	; 0x02
    36ee:	0e 94 3f 0b 	call	0x167e	; 0x167e <vPortFree>
	}
    36f2:	0f 90       	pop	r0
    36f4:	0f 90       	pop	r0
    36f6:	cf 91       	pop	r28
    36f8:	df 91       	pop	r29
    36fa:	08 95       	ret

000036fc <memcpy>:
    36fc:	fb 01       	movw	r30, r22
    36fe:	dc 01       	movw	r26, r24
    3700:	02 c0       	rjmp	.+4      	; 0x3706 <memcpy+0xa>
    3702:	01 90       	ld	r0, Z+
    3704:	0d 92       	st	X+, r0
    3706:	41 50       	subi	r20, 0x01	; 1
    3708:	50 40       	sbci	r21, 0x00	; 0
    370a:	d8 f7       	brcc	.-10     	; 0x3702 <memcpy+0x6>
    370c:	08 95       	ret

0000370e <memset>:
    370e:	dc 01       	movw	r26, r24
    3710:	01 c0       	rjmp	.+2      	; 0x3714 <memset+0x6>
    3712:	6d 93       	st	X+, r22
    3714:	41 50       	subi	r20, 0x01	; 1
    3716:	50 40       	sbci	r21, 0x00	; 0
    3718:	e0 f7       	brcc	.-8      	; 0x3712 <memset+0x4>
    371a:	08 95       	ret

0000371c <strncpy>:
    371c:	fb 01       	movw	r30, r22
    371e:	dc 01       	movw	r26, r24
    3720:	41 50       	subi	r20, 0x01	; 1
    3722:	50 40       	sbci	r21, 0x00	; 0
    3724:	48 f0       	brcs	.+18     	; 0x3738 <strncpy+0x1c>
    3726:	01 90       	ld	r0, Z+
    3728:	0d 92       	st	X+, r0
    372a:	00 20       	and	r0, r0
    372c:	c9 f7       	brne	.-14     	; 0x3720 <strncpy+0x4>
    372e:	01 c0       	rjmp	.+2      	; 0x3732 <strncpy+0x16>
    3730:	1d 92       	st	X+, r1
    3732:	41 50       	subi	r20, 0x01	; 1
    3734:	50 40       	sbci	r21, 0x00	; 0
    3736:	e0 f7       	brcc	.-8      	; 0x3730 <strncpy+0x14>
    3738:	08 95       	ret

0000373a <_exit>:
    373a:	f8 94       	cli

0000373c <__stop_program>:
    373c:	ff cf       	rjmp	.-2      	; 0x373c <__stop_program>
